ISO-10303-21;
HEADER;
FILE_DESCRIPTION(('FreeCAD Model'),'2;1');
FILE_NAME('Open CASCADE Shape Model','2026-08-16T07:03:08',('FreeCAD'),(
    'FreeCAD'),'Open CASCADE STEP processor 7.9','FreeCAD','Unknown');
FILE_SCHEMA(('AUTOMOTIVE_DESIGN { 1 0 10303 214 1 1 1 1 }'));
ENDSEC;
DATA;
#1 = APPLICATION_PROTOCOL_DEFINITION('international standard',
  'automotive_design',2000,#2);
#2 = APPLICATION_CONTEXT(
  'core data for automotive mechanical design processes');
#3 = SHAPE_DEFINITION_REPRESENTATION(#4,#10);
#4 = PRODUCT_DEFINITION_SHAPE('','',#5);
#5 = PRODUCT_DEFINITION('design','',#6,#9);
#6 = PRODUCT_DEFINITION_FORMATION('','',#7);
#7 = PRODUCT('Open CASCADE STEP translator 7.9 4',
  'Open CASCADE STEP translator 7.9 4','',(#8));
#8 = PRODUCT_CONTEXT('',#2,'mechanical');
#9 = PRODUCT_DEFINITION_CONTEXT('part definition',#2,'design');
#10 = SHAPE_REPRESENTATION('',(#11,#15,#68,#121,#271,#324,#377,#527,#580
    ,#633,#783,#836,#874,#1024,#1174,#1324,#1416,#1508,#1600,#1694,#1786
    ,#1880,#1972,#2064,#2158,#2250,#2344,#2436,#2528,#2622,#2714,#2808,
    #2900,#2992,#3086,#3178,#3272,#3364,#3456,#3550,#3642,#3736,#3828,
    #3920,#4014,#4106,#4200,#4292,#4384,#4478,#4570,#4662,#4756,#4848,
    #4942,#5034,#5126,#5220,#5312,#5406),#5498);
#11 = AXIS2_PLACEMENT_3D('',#12,#13,#14);
#12 = CARTESIAN_POINT('',(0.,0.,0.));
#13 = DIRECTION('',(0.,0.,1.));
#14 = DIRECTION('',(1.,0.,-0.));
#15 = MANIFOLD_SOLID_BREP('',#16);
#16 = CLOSED_SHELL('',(#17,#50,#59));
#17 = ADVANCED_FACE('',(#18),#45,.T.);
#18 = FACE_BOUND('',#19,.F.);
#19 = EDGE_LOOP('',(#20,#30,#37,#38));
#20 = ORIENTED_EDGE('',*,*,#21,.T.);
#21 = EDGE_CURVE('',#22,#24,#26,.T.);
#22 = VERTEX_POINT('',#23);
#23 = CARTESIAN_POINT('',(1.E+03,3.E+03,150.));
#24 = VERTEX_POINT('',#25);
#25 = CARTESIAN_POINT('',(1.3E+03,3.E+03,150.));
#26 = LINE('',#27,#28);
#27 = CARTESIAN_POINT('',(1.E+03,3.E+03,150.));
#28 = VECTOR('',#29,1.);
#29 = DIRECTION('',(1.,0.,2.22044604925E-16));
#30 = ORIENTED_EDGE('',*,*,#31,.T.);
#31 = EDGE_CURVE('',#24,#24,#32,.T.);
#32 = CIRCLE('',#33,250.);
#33 = AXIS2_PLACEMENT_3D('',#34,#35,#36);
#34 = CARTESIAN_POINT('',(1.3E+03,3.E+03,400.));
#35 = DIRECTION('',(1.,-0.,2.22044604925E-16));
#36 = DIRECTION('',(2.22044604925E-16,0.,-1.));
#37 = ORIENTED_EDGE('',*,*,#21,.F.);
#38 = ORIENTED_EDGE('',*,*,#39,.F.);
#39 = EDGE_CURVE('',#22,#22,#40,.T.);
#40 = CIRCLE('',#41,250.);
#41 = AXIS2_PLACEMENT_3D('',#42,#43,#44);
#42 = CARTESIAN_POINT('',(1.E+03,3.E+03,400.));
#43 = DIRECTION('',(1.,-0.,2.22044604925E-16));
#44 = DIRECTION('',(2.22044604925E-16,0.,-1.));
#45 = CYLINDRICAL_SURFACE('',#46,250.);
#46 = AXIS2_PLACEMENT_3D('',#47,#48,#49);
#47 = CARTESIAN_POINT('',(1.E+03,3.E+03,400.));
#48 = DIRECTION('',(-1.,-0.,-2.22044604925E-16));
#49 = DIRECTION('',(2.22044604925E-16,0.,-1.));
#50 = ADVANCED_FACE('',(#51),#54,.F.);
#51 = FACE_BOUND('',#52,.T.);
#52 = EDGE_LOOP('',(#53));
#53 = ORIENTED_EDGE('',*,*,#39,.F.);
#54 = PLANE('',#55);
#55 = AXIS2_PLACEMENT_3D('',#56,#57,#58);
#56 = CARTESIAN_POINT('',(1.E+03,3.E+03,400.));
#57 = DIRECTION('',(1.,0.,2.22044604925E-16));
#58 = DIRECTION('',(2.22044604925E-16,0.,-1.));
#59 = ADVANCED_FACE('',(#60),#63,.T.);
#60 = FACE_BOUND('',#61,.F.);
#61 = EDGE_LOOP('',(#62));
#62 = ORIENTED_EDGE('',*,*,#31,.F.);
#63 = PLANE('',#64);
#64 = AXIS2_PLACEMENT_3D('',#65,#66,#67);
#65 = CARTESIAN_POINT('',(1.3E+03,3.E+03,400.));
#66 = DIRECTION('',(1.,0.,2.22044604925E-16));
#67 = DIRECTION('',(2.22044604925E-16,0.,-1.));
#68 = MANIFOLD_SOLID_BREP('',#69);
#69 = CLOSED_SHELL('',(#70,#103,#112));
#70 = ADVANCED_FACE('',(#71),#98,.T.);
#71 = FACE_BOUND('',#72,.F.);
#72 = EDGE_LOOP('',(#73,#83,#90,#91));
#73 = ORIENTED_EDGE('',*,*,#74,.T.);
#74 = EDGE_CURVE('',#75,#77,#79,.T.);
#75 = VERTEX_POINT('',#76);
#76 = CARTESIAN_POINT('',(1.3E+03,3.E+03,250.));
#77 = VERTEX_POINT('',#78);
#78 = CARTESIAN_POINT('',(1.8E+03,3.E+03,250.));
#79 = LINE('',#80,#81);
#80 = CARTESIAN_POINT('',(1.3E+03,3.E+03,250.));
#81 = VECTOR('',#82,1.);
#82 = DIRECTION('',(1.,0.,2.22044604925E-16));
#83 = ORIENTED_EDGE('',*,*,#84,.T.);
#84 = EDGE_CURVE('',#77,#77,#85,.T.);
#85 = CIRCLE('',#86,150.);
#86 = AXIS2_PLACEMENT_3D('',#87,#88,#89);
#87 = CARTESIAN_POINT('',(1.8E+03,3.E+03,400.));
#88 = DIRECTION('',(1.,-0.,2.22044604925E-16));
#89 = DIRECTION('',(2.22044604925E-16,0.,-1.));
#90 = ORIENTED_EDGE('',*,*,#74,.F.);
#91 = ORIENTED_EDGE('',*,*,#92,.F.);
#92 = EDGE_CURVE('',#75,#75,#93,.T.);
#93 = CIRCLE('',#94,150.);
#94 = AXIS2_PLACEMENT_3D('',#95,#96,#97);
#95 = CARTESIAN_POINT('',(1.3E+03,3.E+03,400.));
#96 = DIRECTION('',(1.,-0.,2.22044604925E-16));
#97 = DIRECTION('',(2.22044604925E-16,0.,-1.));
#98 = CYLINDRICAL_SURFACE('',#99,150.);
#99 = AXIS2_PLACEMENT_3D('',#100,#101,#102);
#100 = CARTESIAN_POINT('',(1.3E+03,3.E+03,400.));
#101 = DIRECTION('',(-1.,-0.,-2.22044604925E-16));
#102 = DIRECTION('',(2.22044604925E-16,0.,-1.));
#103 = ADVANCED_FACE('',(#104),#107,.F.);
#104 = FACE_BOUND('',#105,.T.);
#105 = EDGE_LOOP('',(#106));
#106 = ORIENTED_EDGE('',*,*,#92,.F.);
#107 = PLANE('',#108);
#108 = AXIS2_PLACEMENT_3D('',#109,#110,#111);
#109 = CARTESIAN_POINT('',(1.3E+03,3.E+03,400.));
#110 = DIRECTION('',(1.,0.,2.22044604925E-16));
#111 = DIRECTION('',(2.22044604925E-16,0.,-1.));
#112 = ADVANCED_FACE('',(#113),#116,.T.);
#113 = FACE_BOUND('',#114,.F.);
#114 = EDGE_LOOP('',(#115));
#115 = ORIENTED_EDGE('',*,*,#84,.F.);
#116 = PLANE('',#117);
#117 = AXIS2_PLACEMENT_3D('',#118,#119,#120);
#118 = CARTESIAN_POINT('',(1.8E+03,3.E+03,400.));
#119 = DIRECTION('',(1.,0.,2.22044604925E-16));
#120 = DIRECTION('',(2.22044604925E-16,0.,-1.));
#121 = MANIFOLD_SOLID_BREP('',#122);
#122 = CLOSED_SHELL('',(#123,#163,#203,#225,#247,#259));
#123 = ADVANCED_FACE('',(#124),#158,.F.);
#124 = FACE_BOUND('',#125,.F.);
#125 = EDGE_LOOP('',(#126,#136,#144,#152));
#126 = ORIENTED_EDGE('',*,*,#127,.F.);
#127 = EDGE_CURVE('',#128,#130,#132,.T.);
#128 = VERTEX_POINT('',#129);
#129 = CARTESIAN_POINT('',(750.,2.75E+03,0.));
#130 = VERTEX_POINT('',#131);
#131 = CARTESIAN_POINT('',(750.,2.75E+03,100.));
#132 = LINE('',#133,#134);
#133 = CARTESIAN_POINT('',(750.,2.75E+03,0.));
#134 = VECTOR('',#135,1.);
#135 = DIRECTION('',(0.,0.,1.));
#136 = ORIENTED_EDGE('',*,*,#137,.T.);
#137 = EDGE_CURVE('',#128,#138,#140,.T.);
#138 = VERTEX_POINT('',#139);
#139 = CARTESIAN_POINT('',(750.,3.25E+03,0.));
#140 = LINE('',#141,#142);
#141 = CARTESIAN_POINT('',(750.,2.75E+03,0.));
#142 = VECTOR('',#143,1.);
#143 = DIRECTION('',(0.,1.,0.));
#144 = ORIENTED_EDGE('',*,*,#145,.T.);
#145 = EDGE_CURVE('',#138,#146,#148,.T.);
#146 = VERTEX_POINT('',#147);
#147 = CARTESIAN_POINT('',(750.,3.25E+03,100.));
#148 = LINE('',#149,#150);
#149 = CARTESIAN_POINT('',(750.,3.25E+03,0.));
#150 = VECTOR('',#151,1.);
#151 = DIRECTION('',(0.,0.,1.));
#152 = ORIENTED_EDGE('',*,*,#153,.F.);
#153 = EDGE_CURVE('',#130,#146,#154,.T.);
#154 = LINE('',#155,#156);
#155 = CARTESIAN_POINT('',(750.,2.75E+03,100.));
#156 = VECTOR('',#157,1.);
#157 = DIRECTION('',(0.,1.,0.));
#158 = PLANE('',#159);
#159 = AXIS2_PLACEMENT_3D('',#160,#161,#162);
#160 = CARTESIAN_POINT('',(750.,2.75E+03,0.));
#161 = DIRECTION('',(1.,0.,0.));
#162 = DIRECTION('',(0.,0.,1.));
#163 = ADVANCED_FACE('',(#164),#198,.T.);
#164 = FACE_BOUND('',#165,.T.);
#165 = EDGE_LOOP('',(#166,#176,#184,#192));
#166 = ORIENTED_EDGE('',*,*,#167,.F.);
#167 = EDGE_CURVE('',#168,#170,#172,.T.);
#168 = VERTEX_POINT('',#169);
#169 = CARTESIAN_POINT('',(1.65E+03,2.75E+03,0.));
#170 = VERTEX_POINT('',#171);
#171 = CARTESIAN_POINT('',(1.65E+03,2.75E+03,100.));
#172 = LINE('',#173,#174);
#173 = CARTESIAN_POINT('',(1.65E+03,2.75E+03,0.));
#174 = VECTOR('',#175,1.);
#175 = DIRECTION('',(0.,0.,1.));
#176 = ORIENTED_EDGE('',*,*,#177,.T.);
#177 = EDGE_CURVE('',#168,#178,#180,.T.);
#178 = VERTEX_POINT('',#179);
#179 = CARTESIAN_POINT('',(1.65E+03,3.25E+03,0.));
#180 = LINE('',#181,#182);
#181 = CARTESIAN_POINT('',(1.65E+03,2.75E+03,0.));
#182 = VECTOR('',#183,1.);
#183 = DIRECTION('',(0.,1.,0.));
#184 = ORIENTED_EDGE('',*,*,#185,.T.);
#185 = EDGE_CURVE('',#178,#186,#188,.T.);
#186 = VERTEX_POINT('',#187);
#187 = CARTESIAN_POINT('',(1.65E+03,3.25E+03,100.));
#188 = LINE('',#189,#190);
#189 = CARTESIAN_POINT('',(1.65E+03,3.25E+03,0.));
#190 = VECTOR('',#191,1.);
#191 = DIRECTION('',(0.,0.,1.));
#192 = ORIENTED_EDGE('',*,*,#193,.F.);
#193 = EDGE_CURVE('',#170,#186,#194,.T.);
#194 = LINE('',#195,#196);
#195 = CARTESIAN_POINT('',(1.65E+03,2.75E+03,100.));
#196 = VECTOR('',#197,1.);
#197 = DIRECTION('',(0.,1.,0.));
#198 = PLANE('',#199);
#199 = AXIS2_PLACEMENT_3D('',#200,#201,#202);
#200 = CARTESIAN_POINT('',(1.65E+03,2.75E+03,0.));
#201 = DIRECTION('',(1.,0.,0.));
#202 = DIRECTION('',(0.,0.,1.));
#203 = ADVANCED_FACE('',(#204),#220,.F.);
#204 = FACE_BOUND('',#205,.F.);
#205 = EDGE_LOOP('',(#206,#212,#213,#219));
#206 = ORIENTED_EDGE('',*,*,#207,.F.);
#207 = EDGE_CURVE('',#128,#168,#208,.T.);
#208 = LINE('',#209,#210);
#209 = CARTESIAN_POINT('',(750.,2.75E+03,0.));
#210 = VECTOR('',#211,1.);
#211 = DIRECTION('',(1.,0.,0.));
#212 = ORIENTED_EDGE('',*,*,#127,.T.);
#213 = ORIENTED_EDGE('',*,*,#214,.T.);
#214 = EDGE_CURVE('',#130,#170,#215,.T.);
#215 = LINE('',#216,#217);
#216 = CARTESIAN_POINT('',(750.,2.75E+03,100.));
#217 = VECTOR('',#218,1.);
#218 = DIRECTION('',(1.,0.,0.));
#219 = ORIENTED_EDGE('',*,*,#167,.F.);
#220 = PLANE('',#221);
#221 = AXIS2_PLACEMENT_3D('',#222,#223,#224);
#222 = CARTESIAN_POINT('',(750.,2.75E+03,0.));
#223 = DIRECTION('',(0.,1.,0.));
#224 = DIRECTION('',(0.,0.,1.));
#225 = ADVANCED_FACE('',(#226),#242,.T.);
#226 = FACE_BOUND('',#227,.T.);
#227 = EDGE_LOOP('',(#228,#234,#235,#241));
#228 = ORIENTED_EDGE('',*,*,#229,.F.);
#229 = EDGE_CURVE('',#138,#178,#230,.T.);
#230 = LINE('',#231,#232);
#231 = CARTESIAN_POINT('',(750.,3.25E+03,0.));
#232 = VECTOR('',#233,1.);
#233 = DIRECTION('',(1.,0.,0.));
#234 = ORIENTED_EDGE('',*,*,#145,.T.);
#235 = ORIENTED_EDGE('',*,*,#236,.T.);
#236 = EDGE_CURVE('',#146,#186,#237,.T.);
#237 = LINE('',#238,#239);
#238 = CARTESIAN_POINT('',(750.,3.25E+03,100.));
#239 = VECTOR('',#240,1.);
#240 = DIRECTION('',(1.,0.,0.));
#241 = ORIENTED_EDGE('',*,*,#185,.F.);
#242 = PLANE('',#243);
#243 = AXIS2_PLACEMENT_3D('',#244,#245,#246);
#244 = CARTESIAN_POINT('',(750.,3.25E+03,0.));
#245 = DIRECTION('',(0.,1.,0.));
#246 = DIRECTION('',(0.,0.,1.));
#247 = ADVANCED_FACE('',(#248),#254,.F.);
#248 = FACE_BOUND('',#249,.F.);
#249 = EDGE_LOOP('',(#250,#251,#252,#253));
#250 = ORIENTED_EDGE('',*,*,#137,.F.);
#251 = ORIENTED_EDGE('',*,*,#207,.T.);
#252 = ORIENTED_EDGE('',*,*,#177,.T.);
#253 = ORIENTED_EDGE('',*,*,#229,.F.);
#254 = PLANE('',#255);
#255 = AXIS2_PLACEMENT_3D('',#256,#257,#258);
#256 = CARTESIAN_POINT('',(750.,2.75E+03,0.));
#257 = DIRECTION('',(0.,0.,1.));
#258 = DIRECTION('',(1.,0.,0.));
#259 = ADVANCED_FACE('',(#260),#266,.T.);
#260 = FACE_BOUND('',#261,.T.);
#261 = EDGE_LOOP('',(#262,#263,#264,#265));
#262 = ORIENTED_EDGE('',*,*,#153,.F.);
#263 = ORIENTED_EDGE('',*,*,#214,.T.);
#264 = ORIENTED_EDGE('',*,*,#193,.T.);
#265 = ORIENTED_EDGE('',*,*,#236,.F.);
#266 = PLANE('',#267);
#267 = AXIS2_PLACEMENT_3D('',#268,#269,#270);
#268 = CARTESIAN_POINT('',(750.,2.75E+03,100.));
#269 = DIRECTION('',(0.,0.,1.));
#270 = DIRECTION('',(1.,0.,0.));
#271 = MANIFOLD_SOLID_BREP('',#272);
#272 = CLOSED_SHELL('',(#273,#306,#315));
#273 = ADVANCED_FACE('',(#274),#301,.T.);
#274 = FACE_BOUND('',#275,.F.);
#275 = EDGE_LOOP('',(#276,#286,#293,#294));
#276 = ORIENTED_EDGE('',*,*,#277,.T.);
#277 = EDGE_CURVE('',#278,#280,#282,.T.);
#278 = VERTEX_POINT('',#279);
#279 = CARTESIAN_POINT('',(2.2E+03,3.E+03,150.));
#280 = VERTEX_POINT('',#281);
#281 = CARTESIAN_POINT('',(2.5E+03,3.E+03,150.));
#282 = LINE('',#283,#284);
#283 = CARTESIAN_POINT('',(2.2E+03,3.E+03,150.));
#284 = VECTOR('',#285,1.);
#285 = DIRECTION('',(1.,0.,2.22044604925E-16));
#286 = ORIENTED_EDGE('',*,*,#287,.T.);
#287 = EDGE_CURVE('',#280,#280,#288,.T.);
#288 = CIRCLE('',#289,250.);
#289 = AXIS2_PLACEMENT_3D('',#290,#291,#292);
#290 = CARTESIAN_POINT('',(2.5E+03,3.E+03,400.));
#291 = DIRECTION('',(1.,-0.,2.22044604925E-16));
#292 = DIRECTION('',(2.22044604925E-16,0.,-1.));
#293 = ORIENTED_EDGE('',*,*,#277,.F.);
#294 = ORIENTED_EDGE('',*,*,#295,.F.);
#295 = EDGE_CURVE('',#278,#278,#296,.T.);
#296 = CIRCLE('',#297,250.);
#297 = AXIS2_PLACEMENT_3D('',#298,#299,#300);
#298 = CARTESIAN_POINT('',(2.2E+03,3.E+03,400.));
#299 = DIRECTION('',(1.,-0.,2.22044604925E-16));
#300 = DIRECTION('',(2.22044604925E-16,0.,-1.));
#301 = CYLINDRICAL_SURFACE('',#302,250.);
#302 = AXIS2_PLACEMENT_3D('',#303,#304,#305);
#303 = CARTESIAN_POINT('',(2.2E+03,3.E+03,400.));
#304 = DIRECTION('',(-1.,-0.,-2.22044604925E-16));
#305 = DIRECTION('',(2.22044604925E-16,0.,-1.));
#306 = ADVANCED_FACE('',(#307),#310,.F.);
#307 = FACE_BOUND('',#308,.T.);
#308 = EDGE_LOOP('',(#309));
#309 = ORIENTED_EDGE('',*,*,#295,.F.);
#310 = PLANE('',#311);
#311 = AXIS2_PLACEMENT_3D('',#312,#313,#314);
#312 = CARTESIAN_POINT('',(2.2E+03,3.E+03,400.));
#313 = DIRECTION('',(1.,0.,2.22044604925E-16));
#314 = DIRECTION('',(2.22044604925E-16,0.,-1.));
#315 = ADVANCED_FACE('',(#316),#319,.T.);
#316 = FACE_BOUND('',#317,.F.);
#317 = EDGE_LOOP('',(#318));
#318 = ORIENTED_EDGE('',*,*,#287,.F.);
#319 = PLANE('',#320);
#320 = AXIS2_PLACEMENT_3D('',#321,#322,#323);
#321 = CARTESIAN_POINT('',(2.5E+03,3.E+03,400.));
#322 = DIRECTION('',(1.,0.,2.22044604925E-16));
#323 = DIRECTION('',(2.22044604925E-16,0.,-1.));
#324 = MANIFOLD_SOLID_BREP('',#325);
#325 = CLOSED_SHELL('',(#326,#359,#368));
#326 = ADVANCED_FACE('',(#327),#354,.T.);
#327 = FACE_BOUND('',#328,.F.);
#328 = EDGE_LOOP('',(#329,#339,#346,#347));
#329 = ORIENTED_EDGE('',*,*,#330,.T.);
#330 = EDGE_CURVE('',#331,#333,#335,.T.);
#331 = VERTEX_POINT('',#332);
#332 = CARTESIAN_POINT('',(2.5E+03,3.E+03,250.));
#333 = VERTEX_POINT('',#334);
#334 = CARTESIAN_POINT('',(3.E+03,3.E+03,250.));
#335 = LINE('',#336,#337);
#336 = CARTESIAN_POINT('',(2.5E+03,3.E+03,250.));
#337 = VECTOR('',#338,1.);
#338 = DIRECTION('',(1.,0.,2.22044604925E-16));
#339 = ORIENTED_EDGE('',*,*,#340,.T.);
#340 = EDGE_CURVE('',#333,#333,#341,.T.);
#341 = CIRCLE('',#342,150.);
#342 = AXIS2_PLACEMENT_3D('',#343,#344,#345);
#343 = CARTESIAN_POINT('',(3.E+03,3.E+03,400.));
#344 = DIRECTION('',(1.,-0.,2.22044604925E-16));
#345 = DIRECTION('',(2.22044604925E-16,0.,-1.));
#346 = ORIENTED_EDGE('',*,*,#330,.F.);
#347 = ORIENTED_EDGE('',*,*,#348,.F.);
#348 = EDGE_CURVE('',#331,#331,#349,.T.);
#349 = CIRCLE('',#350,150.);
#350 = AXIS2_PLACEMENT_3D('',#351,#352,#353);
#351 = CARTESIAN_POINT('',(2.5E+03,3.E+03,400.));
#352 = DIRECTION('',(1.,-0.,2.22044604925E-16));
#353 = DIRECTION('',(2.22044604925E-16,0.,-1.));
#354 = CYLINDRICAL_SURFACE('',#355,150.);
#355 = AXIS2_PLACEMENT_3D('',#356,#357,#358);
#356 = CARTESIAN_POINT('',(2.5E+03,3.E+03,400.));
#357 = DIRECTION('',(-1.,-0.,-2.22044604925E-16));
#358 = DIRECTION('',(2.22044604925E-16,0.,-1.));
#359 = ADVANCED_FACE('',(#360),#363,.F.);
#360 = FACE_BOUND('',#361,.T.);
#361 = EDGE_LOOP('',(#362));
#362 = ORIENTED_EDGE('',*,*,#348,.F.);
#363 = PLANE('',#364);
#364 = AXIS2_PLACEMENT_3D('',#365,#366,#367);
#365 = CARTESIAN_POINT('',(2.5E+03,3.E+03,400.));
#366 = DIRECTION('',(1.,0.,2.22044604925E-16));
#367 = DIRECTION('',(2.22044604925E-16,0.,-1.));
#368 = ADVANCED_FACE('',(#369),#372,.T.);
#369 = FACE_BOUND('',#370,.F.);
#370 = EDGE_LOOP('',(#371));
#371 = ORIENTED_EDGE('',*,*,#340,.F.);
#372 = PLANE('',#373);
#373 = AXIS2_PLACEMENT_3D('',#374,#375,#376);
#374 = CARTESIAN_POINT('',(3.E+03,3.E+03,400.));
#375 = DIRECTION('',(1.,0.,2.22044604925E-16));
#376 = DIRECTION('',(2.22044604925E-16,0.,-1.));
#377 = MANIFOLD_SOLID_BREP('',#378);
#378 = CLOSED_SHELL('',(#379,#419,#459,#481,#503,#515));
#379 = ADVANCED_FACE('',(#380),#414,.F.);
#380 = FACE_BOUND('',#381,.F.);
#381 = EDGE_LOOP('',(#382,#392,#400,#408));
#382 = ORIENTED_EDGE('',*,*,#383,.F.);
#383 = EDGE_CURVE('',#384,#386,#388,.T.);
#384 = VERTEX_POINT('',#385);
#385 = CARTESIAN_POINT('',(1.95E+03,2.75E+03,0.));
#386 = VERTEX_POINT('',#387);
#387 = CARTESIAN_POINT('',(1.95E+03,2.75E+03,100.));
#388 = LINE('',#389,#390);
#389 = CARTESIAN_POINT('',(1.95E+03,2.75E+03,0.));
#390 = VECTOR('',#391,1.);
#391 = DIRECTION('',(0.,0.,1.));
#392 = ORIENTED_EDGE('',*,*,#393,.T.);
#393 = EDGE_CURVE('',#384,#394,#396,.T.);
#394 = VERTEX_POINT('',#395);
#395 = CARTESIAN_POINT('',(1.95E+03,3.25E+03,0.));
#396 = LINE('',#397,#398);
#397 = CARTESIAN_POINT('',(1.95E+03,2.75E+03,0.));
#398 = VECTOR('',#399,1.);
#399 = DIRECTION('',(0.,1.,0.));
#400 = ORIENTED_EDGE('',*,*,#401,.T.);
#401 = EDGE_CURVE('',#394,#402,#404,.T.);
#402 = VERTEX_POINT('',#403);
#403 = CARTESIAN_POINT('',(1.95E+03,3.25E+03,100.));
#404 = LINE('',#405,#406);
#405 = CARTESIAN_POINT('',(1.95E+03,3.25E+03,0.));
#406 = VECTOR('',#407,1.);
#407 = DIRECTION('',(0.,0.,1.));
#408 = ORIENTED_EDGE('',*,*,#409,.F.);
#409 = EDGE_CURVE('',#386,#402,#410,.T.);
#410 = LINE('',#411,#412);
#411 = CARTESIAN_POINT('',(1.95E+03,2.75E+03,100.));
#412 = VECTOR('',#413,1.);
#413 = DIRECTION('',(0.,1.,0.));
#414 = PLANE('',#415);
#415 = AXIS2_PLACEMENT_3D('',#416,#417,#418);
#416 = CARTESIAN_POINT('',(1.95E+03,2.75E+03,0.));
#417 = DIRECTION('',(1.,0.,0.));
#418 = DIRECTION('',(0.,0.,1.));
#419 = ADVANCED_FACE('',(#420),#454,.T.);
#420 = FACE_BOUND('',#421,.T.);
#421 = EDGE_LOOP('',(#422,#432,#440,#448));
#422 = ORIENTED_EDGE('',*,*,#423,.F.);
#423 = EDGE_CURVE('',#424,#426,#428,.T.);
#424 = VERTEX_POINT('',#425);
#425 = CARTESIAN_POINT('',(2.85E+03,2.75E+03,0.));
#426 = VERTEX_POINT('',#427);
#427 = CARTESIAN_POINT('',(2.85E+03,2.75E+03,100.));
#428 = LINE('',#429,#430);
#429 = CARTESIAN_POINT('',(2.85E+03,2.75E+03,0.));
#430 = VECTOR('',#431,1.);
#431 = DIRECTION('',(0.,0.,1.));
#432 = ORIENTED_EDGE('',*,*,#433,.T.);
#433 = EDGE_CURVE('',#424,#434,#436,.T.);
#434 = VERTEX_POINT('',#435);
#435 = CARTESIAN_POINT('',(2.85E+03,3.25E+03,0.));
#436 = LINE('',#437,#438);
#437 = CARTESIAN_POINT('',(2.85E+03,2.75E+03,0.));
#438 = VECTOR('',#439,1.);
#439 = DIRECTION('',(0.,1.,0.));
#440 = ORIENTED_EDGE('',*,*,#441,.T.);
#441 = EDGE_CURVE('',#434,#442,#444,.T.);
#442 = VERTEX_POINT('',#443);
#443 = CARTESIAN_POINT('',(2.85E+03,3.25E+03,100.));
#444 = LINE('',#445,#446);
#445 = CARTESIAN_POINT('',(2.85E+03,3.25E+03,0.));
#446 = VECTOR('',#447,1.);
#447 = DIRECTION('',(0.,0.,1.));
#448 = ORIENTED_EDGE('',*,*,#449,.F.);
#449 = EDGE_CURVE('',#426,#442,#450,.T.);
#450 = LINE('',#451,#452);
#451 = CARTESIAN_POINT('',(2.85E+03,2.75E+03,100.));
#452 = VECTOR('',#453,1.);
#453 = DIRECTION('',(0.,1.,0.));
#454 = PLANE('',#455);
#455 = AXIS2_PLACEMENT_3D('',#456,#457,#458);
#456 = CARTESIAN_POINT('',(2.85E+03,2.75E+03,0.));
#457 = DIRECTION('',(1.,0.,0.));
#458 = DIRECTION('',(0.,0.,1.));
#459 = ADVANCED_FACE('',(#460),#476,.F.);
#460 = FACE_BOUND('',#461,.F.);
#461 = EDGE_LOOP('',(#462,#468,#469,#475));
#462 = ORIENTED_EDGE('',*,*,#463,.F.);
#463 = EDGE_CURVE('',#384,#424,#464,.T.);
#464 = LINE('',#465,#466);
#465 = CARTESIAN_POINT('',(1.95E+03,2.75E+03,0.));
#466 = VECTOR('',#467,1.);
#467 = DIRECTION('',(1.,0.,0.));
#468 = ORIENTED_EDGE('',*,*,#383,.T.);
#469 = ORIENTED_EDGE('',*,*,#470,.T.);
#470 = EDGE_CURVE('',#386,#426,#471,.T.);
#471 = LINE('',#472,#473);
#472 = CARTESIAN_POINT('',(1.95E+03,2.75E+03,100.));
#473 = VECTOR('',#474,1.);
#474 = DIRECTION('',(1.,0.,0.));
#475 = ORIENTED_EDGE('',*,*,#423,.F.);
#476 = PLANE('',#477);
#477 = AXIS2_PLACEMENT_3D('',#478,#479,#480);
#478 = CARTESIAN_POINT('',(1.95E+03,2.75E+03,0.));
#479 = DIRECTION('',(0.,1.,0.));
#480 = DIRECTION('',(0.,0.,1.));
#481 = ADVANCED_FACE('',(#482),#498,.T.);
#482 = FACE_BOUND('',#483,.T.);
#483 = EDGE_LOOP('',(#484,#490,#491,#497));
#484 = ORIENTED_EDGE('',*,*,#485,.F.);
#485 = EDGE_CURVE('',#394,#434,#486,.T.);
#486 = LINE('',#487,#488);
#487 = CARTESIAN_POINT('',(1.95E+03,3.25E+03,0.));
#488 = VECTOR('',#489,1.);
#489 = DIRECTION('',(1.,0.,0.));
#490 = ORIENTED_EDGE('',*,*,#401,.T.);
#491 = ORIENTED_EDGE('',*,*,#492,.T.);
#492 = EDGE_CURVE('',#402,#442,#493,.T.);
#493 = LINE('',#494,#495);
#494 = CARTESIAN_POINT('',(1.95E+03,3.25E+03,100.));
#495 = VECTOR('',#496,1.);
#496 = DIRECTION('',(1.,0.,0.));
#497 = ORIENTED_EDGE('',*,*,#441,.F.);
#498 = PLANE('',#499);
#499 = AXIS2_PLACEMENT_3D('',#500,#501,#502);
#500 = CARTESIAN_POINT('',(1.95E+03,3.25E+03,0.));
#501 = DIRECTION('',(0.,1.,0.));
#502 = DIRECTION('',(0.,0.,1.));
#503 = ADVANCED_FACE('',(#504),#510,.F.);
#504 = FACE_BOUND('',#505,.F.);
#505 = EDGE_LOOP('',(#506,#507,#508,#509));
#506 = ORIENTED_EDGE('',*,*,#393,.F.);
#507 = ORIENTED_EDGE('',*,*,#463,.T.);
#508 = ORIENTED_EDGE('',*,*,#433,.T.);
#509 = ORIENTED_EDGE('',*,*,#485,.F.);
#510 = PLANE('',#511);
#511 = AXIS2_PLACEMENT_3D('',#512,#513,#514);
#512 = CARTESIAN_POINT('',(1.95E+03,2.75E+03,0.));
#513 = DIRECTION('',(0.,0.,1.));
#514 = DIRECTION('',(1.,0.,0.));
#515 = ADVANCED_FACE('',(#516),#522,.T.);
#516 = FACE_BOUND('',#517,.T.);
#517 = EDGE_LOOP('',(#518,#519,#520,#521));
#518 = ORIENTED_EDGE('',*,*,#409,.F.);
#519 = ORIENTED_EDGE('',*,*,#470,.T.);
#520 = ORIENTED_EDGE('',*,*,#449,.T.);
#521 = ORIENTED_EDGE('',*,*,#492,.F.);
#522 = PLANE('',#523);
#523 = AXIS2_PLACEMENT_3D('',#524,#525,#526);
#524 = CARTESIAN_POINT('',(1.95E+03,2.75E+03,100.));
#525 = DIRECTION('',(0.,0.,1.));
#526 = DIRECTION('',(1.,0.,0.));
#527 = MANIFOLD_SOLID_BREP('',#528);
#528 = CLOSED_SHELL('',(#529,#562,#571));
#529 = ADVANCED_FACE('',(#530),#557,.T.);
#530 = FACE_BOUND('',#531,.F.);
#531 = EDGE_LOOP('',(#532,#542,#549,#550));
#532 = ORIENTED_EDGE('',*,*,#533,.T.);
#533 = EDGE_CURVE('',#534,#536,#538,.T.);
#534 = VERTEX_POINT('',#535);
#535 = CARTESIAN_POINT('',(3.4E+03,3.E+03,150.));
#536 = VERTEX_POINT('',#537);
#537 = CARTESIAN_POINT('',(3.7E+03,3.E+03,150.));
#538 = LINE('',#539,#540);
#539 = CARTESIAN_POINT('',(3.4E+03,3.E+03,150.));
#540 = VECTOR('',#541,1.);
#541 = DIRECTION('',(1.,0.,2.22044604925E-16));
#542 = ORIENTED_EDGE('',*,*,#543,.T.);
#543 = EDGE_CURVE('',#536,#536,#544,.T.);
#544 = CIRCLE('',#545,250.);
#545 = AXIS2_PLACEMENT_3D('',#546,#547,#548);
#546 = CARTESIAN_POINT('',(3.7E+03,3.E+03,400.));
#547 = DIRECTION('',(1.,-0.,2.22044604925E-16));
#548 = DIRECTION('',(2.22044604925E-16,0.,-1.));
#549 = ORIENTED_EDGE('',*,*,#533,.F.);
#550 = ORIENTED_EDGE('',*,*,#551,.F.);
#551 = EDGE_CURVE('',#534,#534,#552,.T.);
#552 = CIRCLE('',#553,250.);
#553 = AXIS2_PLACEMENT_3D('',#554,#555,#556);
#554 = CARTESIAN_POINT('',(3.4E+03,3.E+03,400.));
#555 = DIRECTION('',(1.,-0.,2.22044604925E-16));
#556 = DIRECTION('',(2.22044604925E-16,0.,-1.));
#557 = CYLINDRICAL_SURFACE('',#558,250.);
#558 = AXIS2_PLACEMENT_3D('',#559,#560,#561);
#559 = CARTESIAN_POINT('',(3.4E+03,3.E+03,400.));
#560 = DIRECTION('',(-1.,-0.,-2.22044604925E-16));
#561 = DIRECTION('',(2.22044604925E-16,0.,-1.));
#562 = ADVANCED_FACE('',(#563),#566,.F.);
#563 = FACE_BOUND('',#564,.T.);
#564 = EDGE_LOOP('',(#565));
#565 = ORIENTED_EDGE('',*,*,#551,.F.);
#566 = PLANE('',#567);
#567 = AXIS2_PLACEMENT_3D('',#568,#569,#570);
#568 = CARTESIAN_POINT('',(3.4E+03,3.E+03,400.));
#569 = DIRECTION('',(1.,0.,2.22044604925E-16));
#570 = DIRECTION('',(2.22044604925E-16,0.,-1.));
#571 = ADVANCED_FACE('',(#572),#575,.T.);
#572 = FACE_BOUND('',#573,.F.);
#573 = EDGE_LOOP('',(#574));
#574 = ORIENTED_EDGE('',*,*,#543,.F.);
#575 = PLANE('',#576);
#576 = AXIS2_PLACEMENT_3D('',#577,#578,#579);
#577 = CARTESIAN_POINT('',(3.7E+03,3.E+03,400.));
#578 = DIRECTION('',(1.,0.,2.22044604925E-16));
#579 = DIRECTION('',(2.22044604925E-16,0.,-1.));
#580 = MANIFOLD_SOLID_BREP('',#581);
#581 = CLOSED_SHELL('',(#582,#615,#624));
#582 = ADVANCED_FACE('',(#583),#610,.T.);
#583 = FACE_BOUND('',#584,.F.);
#584 = EDGE_LOOP('',(#585,#595,#602,#603));
#585 = ORIENTED_EDGE('',*,*,#586,.T.);
#586 = EDGE_CURVE('',#587,#589,#591,.T.);
#587 = VERTEX_POINT('',#588);
#588 = CARTESIAN_POINT('',(3.7E+03,3.E+03,250.));
#589 = VERTEX_POINT('',#590);
#590 = CARTESIAN_POINT('',(4.2E+03,3.E+03,250.));
#591 = LINE('',#592,#593);
#592 = CARTESIAN_POINT('',(3.7E+03,3.E+03,250.));
#593 = VECTOR('',#594,1.);
#594 = DIRECTION('',(1.,0.,2.22044604925E-16));
#595 = ORIENTED_EDGE('',*,*,#596,.T.);
#596 = EDGE_CURVE('',#589,#589,#597,.T.);
#597 = CIRCLE('',#598,150.);
#598 = AXIS2_PLACEMENT_3D('',#599,#600,#601);
#599 = CARTESIAN_POINT('',(4.2E+03,3.E+03,400.));
#600 = DIRECTION('',(1.,-0.,2.22044604925E-16));
#601 = DIRECTION('',(2.22044604925E-16,0.,-1.));
#602 = ORIENTED_EDGE('',*,*,#586,.F.);
#603 = ORIENTED_EDGE('',*,*,#604,.F.);
#604 = EDGE_CURVE('',#587,#587,#605,.T.);
#605 = CIRCLE('',#606,150.);
#606 = AXIS2_PLACEMENT_3D('',#607,#608,#609);
#607 = CARTESIAN_POINT('',(3.7E+03,3.E+03,400.));
#608 = DIRECTION('',(1.,-0.,2.22044604925E-16));
#609 = DIRECTION('',(2.22044604925E-16,0.,-1.));
#610 = CYLINDRICAL_SURFACE('',#611,150.);
#611 = AXIS2_PLACEMENT_3D('',#612,#613,#614);
#612 = CARTESIAN_POINT('',(3.7E+03,3.E+03,400.));
#613 = DIRECTION('',(-1.,-0.,-2.22044604925E-16));
#614 = DIRECTION('',(2.22044604925E-16,0.,-1.));
#615 = ADVANCED_FACE('',(#616),#619,.F.);
#616 = FACE_BOUND('',#617,.T.);
#617 = EDGE_LOOP('',(#618));
#618 = ORIENTED_EDGE('',*,*,#604,.F.);
#619 = PLANE('',#620);
#620 = AXIS2_PLACEMENT_3D('',#621,#622,#623);
#621 = CARTESIAN_POINT('',(3.7E+03,3.E+03,400.));
#622 = DIRECTION('',(1.,0.,2.22044604925E-16));
#623 = DIRECTION('',(2.22044604925E-16,0.,-1.));
#624 = ADVANCED_FACE('',(#625),#628,.T.);
#625 = FACE_BOUND('',#626,.F.);
#626 = EDGE_LOOP('',(#627));
#627 = ORIENTED_EDGE('',*,*,#596,.F.);
#628 = PLANE('',#629);
#629 = AXIS2_PLACEMENT_3D('',#630,#631,#632);
#630 = CARTESIAN_POINT('',(4.2E+03,3.E+03,400.));
#631 = DIRECTION('',(1.,0.,2.22044604925E-16));
#632 = DIRECTION('',(2.22044604925E-16,0.,-1.));
#633 = MANIFOLD_SOLID_BREP('',#634);
#634 = CLOSED_SHELL('',(#635,#675,#715,#737,#759,#771));
#635 = ADVANCED_FACE('',(#636),#670,.F.);
#636 = FACE_BOUND('',#637,.F.);
#637 = EDGE_LOOP('',(#638,#648,#656,#664));
#638 = ORIENTED_EDGE('',*,*,#639,.F.);
#639 = EDGE_CURVE('',#640,#642,#644,.T.);
#640 = VERTEX_POINT('',#641);
#641 = CARTESIAN_POINT('',(3.15E+03,2.75E+03,0.));
#642 = VERTEX_POINT('',#643);
#643 = CARTESIAN_POINT('',(3.15E+03,2.75E+03,100.));
#644 = LINE('',#645,#646);
#645 = CARTESIAN_POINT('',(3.15E+03,2.75E+03,0.));
#646 = VECTOR('',#647,1.);
#647 = DIRECTION('',(0.,0.,1.));
#648 = ORIENTED_EDGE('',*,*,#649,.T.);
#649 = EDGE_CURVE('',#640,#650,#652,.T.);
#650 = VERTEX_POINT('',#651);
#651 = CARTESIAN_POINT('',(3.15E+03,3.25E+03,0.));
#652 = LINE('',#653,#654);
#653 = CARTESIAN_POINT('',(3.15E+03,2.75E+03,0.));
#654 = VECTOR('',#655,1.);
#655 = DIRECTION('',(0.,1.,0.));
#656 = ORIENTED_EDGE('',*,*,#657,.T.);
#657 = EDGE_CURVE('',#650,#658,#660,.T.);
#658 = VERTEX_POINT('',#659);
#659 = CARTESIAN_POINT('',(3.15E+03,3.25E+03,100.));
#660 = LINE('',#661,#662);
#661 = CARTESIAN_POINT('',(3.15E+03,3.25E+03,0.));
#662 = VECTOR('',#663,1.);
#663 = DIRECTION('',(0.,0.,1.));
#664 = ORIENTED_EDGE('',*,*,#665,.F.);
#665 = EDGE_CURVE('',#642,#658,#666,.T.);
#666 = LINE('',#667,#668);
#667 = CARTESIAN_POINT('',(3.15E+03,2.75E+03,100.));
#668 = VECTOR('',#669,1.);
#669 = DIRECTION('',(0.,1.,0.));
#670 = PLANE('',#671);
#671 = AXIS2_PLACEMENT_3D('',#672,#673,#674);
#672 = CARTESIAN_POINT('',(3.15E+03,2.75E+03,0.));
#673 = DIRECTION('',(1.,0.,0.));
#674 = DIRECTION('',(0.,0.,1.));
#675 = ADVANCED_FACE('',(#676),#710,.T.);
#676 = FACE_BOUND('',#677,.T.);
#677 = EDGE_LOOP('',(#678,#688,#696,#704));
#678 = ORIENTED_EDGE('',*,*,#679,.F.);
#679 = EDGE_CURVE('',#680,#682,#684,.T.);
#680 = VERTEX_POINT('',#681);
#681 = CARTESIAN_POINT('',(4.05E+03,2.75E+03,0.));
#682 = VERTEX_POINT('',#683);
#683 = CARTESIAN_POINT('',(4.05E+03,2.75E+03,100.));
#684 = LINE('',#685,#686);
#685 = CARTESIAN_POINT('',(4.05E+03,2.75E+03,0.));
#686 = VECTOR('',#687,1.);
#687 = DIRECTION('',(0.,0.,1.));
#688 = ORIENTED_EDGE('',*,*,#689,.T.);
#689 = EDGE_CURVE('',#680,#690,#692,.T.);
#690 = VERTEX_POINT('',#691);
#691 = CARTESIAN_POINT('',(4.05E+03,3.25E+03,0.));
#692 = LINE('',#693,#694);
#693 = CARTESIAN_POINT('',(4.05E+03,2.75E+03,0.));
#694 = VECTOR('',#695,1.);
#695 = DIRECTION('',(0.,1.,0.));
#696 = ORIENTED_EDGE('',*,*,#697,.T.);
#697 = EDGE_CURVE('',#690,#698,#700,.T.);
#698 = VERTEX_POINT('',#699);
#699 = CARTESIAN_POINT('',(4.05E+03,3.25E+03,100.));
#700 = LINE('',#701,#702);
#701 = CARTESIAN_POINT('',(4.05E+03,3.25E+03,0.));
#702 = VECTOR('',#703,1.);
#703 = DIRECTION('',(0.,0.,1.));
#704 = ORIENTED_EDGE('',*,*,#705,.F.);
#705 = EDGE_CURVE('',#682,#698,#706,.T.);
#706 = LINE('',#707,#708);
#707 = CARTESIAN_POINT('',(4.05E+03,2.75E+03,100.));
#708 = VECTOR('',#709,1.);
#709 = DIRECTION('',(0.,1.,0.));
#710 = PLANE('',#711);
#711 = AXIS2_PLACEMENT_3D('',#712,#713,#714);
#712 = CARTESIAN_POINT('',(4.05E+03,2.75E+03,0.));
#713 = DIRECTION('',(1.,0.,0.));
#714 = DIRECTION('',(0.,0.,1.));
#715 = ADVANCED_FACE('',(#716),#732,.F.);
#716 = FACE_BOUND('',#717,.F.);
#717 = EDGE_LOOP('',(#718,#724,#725,#731));
#718 = ORIENTED_EDGE('',*,*,#719,.F.);
#719 = EDGE_CURVE('',#640,#680,#720,.T.);
#720 = LINE('',#721,#722);
#721 = CARTESIAN_POINT('',(3.15E+03,2.75E+03,0.));
#722 = VECTOR('',#723,1.);
#723 = DIRECTION('',(1.,0.,0.));
#724 = ORIENTED_EDGE('',*,*,#639,.T.);
#725 = ORIENTED_EDGE('',*,*,#726,.T.);
#726 = EDGE_CURVE('',#642,#682,#727,.T.);
#727 = LINE('',#728,#729);
#728 = CARTESIAN_POINT('',(3.15E+03,2.75E+03,100.));
#729 = VECTOR('',#730,1.);
#730 = DIRECTION('',(1.,0.,0.));
#731 = ORIENTED_EDGE('',*,*,#679,.F.);
#732 = PLANE('',#733);
#733 = AXIS2_PLACEMENT_3D('',#734,#735,#736);
#734 = CARTESIAN_POINT('',(3.15E+03,2.75E+03,0.));
#735 = DIRECTION('',(0.,1.,0.));
#736 = DIRECTION('',(0.,0.,1.));
#737 = ADVANCED_FACE('',(#738),#754,.T.);
#738 = FACE_BOUND('',#739,.T.);
#739 = EDGE_LOOP('',(#740,#746,#747,#753));
#740 = ORIENTED_EDGE('',*,*,#741,.F.);
#741 = EDGE_CURVE('',#650,#690,#742,.T.);
#742 = LINE('',#743,#744);
#743 = CARTESIAN_POINT('',(3.15E+03,3.25E+03,0.));
#744 = VECTOR('',#745,1.);
#745 = DIRECTION('',(1.,0.,0.));
#746 = ORIENTED_EDGE('',*,*,#657,.T.);
#747 = ORIENTED_EDGE('',*,*,#748,.T.);
#748 = EDGE_CURVE('',#658,#698,#749,.T.);
#749 = LINE('',#750,#751);
#750 = CARTESIAN_POINT('',(3.15E+03,3.25E+03,100.));
#751 = VECTOR('',#752,1.);
#752 = DIRECTION('',(1.,0.,0.));
#753 = ORIENTED_EDGE('',*,*,#697,.F.);
#754 = PLANE('',#755);
#755 = AXIS2_PLACEMENT_3D('',#756,#757,#758);
#756 = CARTESIAN_POINT('',(3.15E+03,3.25E+03,0.));
#757 = DIRECTION('',(0.,1.,0.));
#758 = DIRECTION('',(0.,0.,1.));
#759 = ADVANCED_FACE('',(#760),#766,.F.);
#760 = FACE_BOUND('',#761,.F.);
#761 = EDGE_LOOP('',(#762,#763,#764,#765));
#762 = ORIENTED_EDGE('',*,*,#649,.F.);
#763 = ORIENTED_EDGE('',*,*,#719,.T.);
#764 = ORIENTED_EDGE('',*,*,#689,.T.);
#765 = ORIENTED_EDGE('',*,*,#741,.F.);
#766 = PLANE('',#767);
#767 = AXIS2_PLACEMENT_3D('',#768,#769,#770);
#768 = CARTESIAN_POINT('',(3.15E+03,2.75E+03,0.));
#769 = DIRECTION('',(0.,0.,1.));
#770 = DIRECTION('',(1.,0.,0.));
#771 = ADVANCED_FACE('',(#772),#778,.T.);
#772 = FACE_BOUND('',#773,.T.);
#773 = EDGE_LOOP('',(#774,#775,#776,#777));
#774 = ORIENTED_EDGE('',*,*,#665,.F.);
#775 = ORIENTED_EDGE('',*,*,#726,.T.);
#776 = ORIENTED_EDGE('',*,*,#705,.T.);
#777 = ORIENTED_EDGE('',*,*,#748,.F.);
#778 = PLANE('',#779);
#779 = AXIS2_PLACEMENT_3D('',#780,#781,#782);
#780 = CARTESIAN_POINT('',(3.15E+03,2.75E+03,100.));
#781 = DIRECTION('',(0.,0.,1.));
#782 = DIRECTION('',(1.,0.,0.));
#783 = MANIFOLD_SOLID_BREP('',#784);
#784 = CLOSED_SHELL('',(#785,#818,#827));
#785 = ADVANCED_FACE('',(#786),#813,.T.);
#786 = FACE_BOUND('',#787,.F.);
#787 = EDGE_LOOP('',(#788,#798,#805,#806));
#788 = ORIENTED_EDGE('',*,*,#789,.T.);
#789 = EDGE_CURVE('',#790,#792,#794,.T.);
#790 = VERTEX_POINT('',#791);
#791 = CARTESIAN_POINT('',(5.9E+03,3.E+03,200.));
#792 = VERTEX_POINT('',#793);
#793 = CARTESIAN_POINT('',(5.9E+03,3.E+03,2.E+03));
#794 = LINE('',#795,#796);
#795 = CARTESIAN_POINT('',(5.9E+03,3.E+03,200.));
#796 = VECTOR('',#797,1.);
#797 = DIRECTION('',(0.,0.,1.));
#798 = ORIENTED_EDGE('',*,*,#799,.T.);
#799 = EDGE_CURVE('',#792,#792,#800,.T.);
#800 = CIRCLE('',#801,400.);
#801 = AXIS2_PLACEMENT_3D('',#802,#803,#804);
#802 = CARTESIAN_POINT('',(5.5E+03,3.E+03,2.E+03));
#803 = DIRECTION('',(0.,0.,1.));
#804 = DIRECTION('',(1.,0.,0.));
#805 = ORIENTED_EDGE('',*,*,#789,.F.);
#806 = ORIENTED_EDGE('',*,*,#807,.F.);
#807 = EDGE_CURVE('',#790,#790,#808,.T.);
#808 = CIRCLE('',#809,400.);
#809 = AXIS2_PLACEMENT_3D('',#810,#811,#812);
#810 = CARTESIAN_POINT('',(5.5E+03,3.E+03,200.));
#811 = DIRECTION('',(0.,0.,1.));
#812 = DIRECTION('',(1.,0.,0.));
#813 = CYLINDRICAL_SURFACE('',#814,400.);
#814 = AXIS2_PLACEMENT_3D('',#815,#816,#817);
#815 = CARTESIAN_POINT('',(5.5E+03,3.E+03,200.));
#816 = DIRECTION('',(-0.,-0.,-1.));
#817 = DIRECTION('',(1.,0.,0.));
#818 = ADVANCED_FACE('',(#819),#822,.F.);
#819 = FACE_BOUND('',#820,.T.);
#820 = EDGE_LOOP('',(#821));
#821 = ORIENTED_EDGE('',*,*,#807,.F.);
#822 = PLANE('',#823);
#823 = AXIS2_PLACEMENT_3D('',#824,#825,#826);
#824 = CARTESIAN_POINT('',(5.5E+03,3.E+03,200.));
#825 = DIRECTION('',(0.,0.,1.));
#826 = DIRECTION('',(1.,0.,0.));
#827 = ADVANCED_FACE('',(#828),#831,.T.);
#828 = FACE_BOUND('',#829,.F.);
#829 = EDGE_LOOP('',(#830));
#830 = ORIENTED_EDGE('',*,*,#799,.F.);
#831 = PLANE('',#832);
#832 = AXIS2_PLACEMENT_3D('',#833,#834,#835);
#833 = CARTESIAN_POINT('',(5.5E+03,3.E+03,2.E+03));
#834 = DIRECTION('',(0.,0.,1.));
#835 = DIRECTION('',(1.,0.,0.));
#836 = MANIFOLD_SOLID_BREP('',#837);
#837 = CLOSED_SHELL('',(#838,#865));
#838 = ADVANCED_FACE('',(#839),#860,.T.);
#839 = FACE_BOUND('',#840,.T.);
#840 = EDGE_LOOP('',(#841,#852,#859));
#841 = ORIENTED_EDGE('',*,*,#842,.F.);
#842 = EDGE_CURVE('',#843,#845,#847,.T.);
#843 = VERTEX_POINT('',#844);
#844 = CARTESIAN_POINT('',(5.9E+03,3.E+03,2.E+03));
#845 = VERTEX_POINT('',#846);
#846 = CARTESIAN_POINT('',(5.5E+03,3.E+03,2.4E+03));
#847 = CIRCLE('',#848,400.);
#848 = AXIS2_PLACEMENT_3D('',#849,#850,#851);
#849 = CARTESIAN_POINT('',(5.5E+03,3.E+03,2.E+03));
#850 = DIRECTION('',(-2.449293598295E-16,-1.,0.));
#851 = DIRECTION('',(1.,-2.449293598295E-16,0.));
#852 = ORIENTED_EDGE('',*,*,#853,.T.);
#853 = EDGE_CURVE('',#843,#843,#854,.T.);
#854 = CIRCLE('',#855,400.);
#855 = AXIS2_PLACEMENT_3D('',#856,#857,#858);
#856 = CARTESIAN_POINT('',(5.5E+03,3.E+03,2.E+03));
#857 = DIRECTION('',(0.,0.,1.));
#858 = DIRECTION('',(1.,0.,0.));
#859 = ORIENTED_EDGE('',*,*,#842,.T.);
#860 = SPHERICAL_SURFACE('',#861,400.);
#861 = AXIS2_PLACEMENT_3D('',#862,#863,#864);
#862 = CARTESIAN_POINT('',(5.5E+03,3.E+03,2.E+03));
#863 = DIRECTION('',(0.,0.,1.));
#864 = DIRECTION('',(1.,0.,0.));
#865 = ADVANCED_FACE('',(#866),#869,.F.);
#866 = FACE_BOUND('',#867,.T.);
#867 = EDGE_LOOP('',(#868));
#868 = ORIENTED_EDGE('',*,*,#853,.F.);
#869 = PLANE('',#870);
#870 = AXIS2_PLACEMENT_3D('',#871,#872,#873);
#871 = CARTESIAN_POINT('',(5.5E+03,3.E+03,2.E+03));
#872 = DIRECTION('',(0.,0.,1.));
#873 = DIRECTION('',(1.,0.,0.));
#874 = MANIFOLD_SOLID_BREP('',#875);
#875 = CLOSED_SHELL('',(#876,#916,#956,#978,#1000,#1012));
#876 = ADVANCED_FACE('',(#877),#911,.F.);
#877 = FACE_BOUND('',#878,.F.);
#878 = EDGE_LOOP('',(#879,#889,#897,#905));
#879 = ORIENTED_EDGE('',*,*,#880,.F.);
#880 = EDGE_CURVE('',#881,#883,#885,.T.);
#881 = VERTEX_POINT('',#882);
#882 = CARTESIAN_POINT('',(7.5E+03,2.E+03,200.));
#883 = VERTEX_POINT('',#884);
#884 = CARTESIAN_POINT('',(7.5E+03,2.E+03,1.4E+03));
#885 = LINE('',#886,#887);
#886 = CARTESIAN_POINT('',(7.5E+03,2.E+03,200.));
#887 = VECTOR('',#888,1.);
#888 = DIRECTION('',(0.,0.,1.));
#889 = ORIENTED_EDGE('',*,*,#890,.T.);
#890 = EDGE_CURVE('',#881,#891,#893,.T.);
#891 = VERTEX_POINT('',#892);
#892 = CARTESIAN_POINT('',(7.5E+03,2.8E+03,200.));
#893 = LINE('',#894,#895);
#894 = CARTESIAN_POINT('',(7.5E+03,2.E+03,200.));
#895 = VECTOR('',#896,1.);
#896 = DIRECTION('',(0.,1.,0.));
#897 = ORIENTED_EDGE('',*,*,#898,.T.);
#898 = EDGE_CURVE('',#891,#899,#901,.T.);
#899 = VERTEX_POINT('',#900);
#900 = CARTESIAN_POINT('',(7.5E+03,2.8E+03,1.4E+03));
#901 = LINE('',#902,#903);
#902 = CARTESIAN_POINT('',(7.5E+03,2.8E+03,200.));
#903 = VECTOR('',#904,1.);
#904 = DIRECTION('',(0.,0.,1.));
#905 = ORIENTED_EDGE('',*,*,#906,.F.);
#906 = EDGE_CURVE('',#883,#899,#907,.T.);
#907 = LINE('',#908,#909);
#908 = CARTESIAN_POINT('',(7.5E+03,2.E+03,1.4E+03));
#909 = VECTOR('',#910,1.);
#910 = DIRECTION('',(0.,1.,0.));
#911 = PLANE('',#912);
#912 = AXIS2_PLACEMENT_3D('',#913,#914,#915);
#913 = CARTESIAN_POINT('',(7.5E+03,2.E+03,200.));
#914 = DIRECTION('',(1.,0.,0.));
#915 = DIRECTION('',(0.,0.,1.));
#916 = ADVANCED_FACE('',(#917),#951,.T.);
#917 = FACE_BOUND('',#918,.T.);
#918 = EDGE_LOOP('',(#919,#929,#937,#945));
#919 = ORIENTED_EDGE('',*,*,#920,.F.);
#920 = EDGE_CURVE('',#921,#923,#925,.T.);
#921 = VERTEX_POINT('',#922);
#922 = CARTESIAN_POINT('',(7.9E+03,2.E+03,200.));
#923 = VERTEX_POINT('',#924);
#924 = CARTESIAN_POINT('',(7.9E+03,2.E+03,1.4E+03));
#925 = LINE('',#926,#927);
#926 = CARTESIAN_POINT('',(7.9E+03,2.E+03,200.));
#927 = VECTOR('',#928,1.);
#928 = DIRECTION('',(0.,0.,1.));
#929 = ORIENTED_EDGE('',*,*,#930,.T.);
#930 = EDGE_CURVE('',#921,#931,#933,.T.);
#931 = VERTEX_POINT('',#932);
#932 = CARTESIAN_POINT('',(7.9E+03,2.8E+03,200.));
#933 = LINE('',#934,#935);
#934 = CARTESIAN_POINT('',(7.9E+03,2.E+03,200.));
#935 = VECTOR('',#936,1.);
#936 = DIRECTION('',(0.,1.,0.));
#937 = ORIENTED_EDGE('',*,*,#938,.T.);
#938 = EDGE_CURVE('',#931,#939,#941,.T.);
#939 = VERTEX_POINT('',#940);
#940 = CARTESIAN_POINT('',(7.9E+03,2.8E+03,1.4E+03));
#941 = LINE('',#942,#943);
#942 = CARTESIAN_POINT('',(7.9E+03,2.8E+03,200.));
#943 = VECTOR('',#944,1.);
#944 = DIRECTION('',(0.,0.,1.));
#945 = ORIENTED_EDGE('',*,*,#946,.F.);
#946 = EDGE_CURVE('',#923,#939,#947,.T.);
#947 = LINE('',#948,#949);
#948 = CARTESIAN_POINT('',(7.9E+03,2.E+03,1.4E+03));
#949 = VECTOR('',#950,1.);
#950 = DIRECTION('',(0.,1.,0.));
#951 = PLANE('',#952);
#952 = AXIS2_PLACEMENT_3D('',#953,#954,#955);
#953 = CARTESIAN_POINT('',(7.9E+03,2.E+03,200.));
#954 = DIRECTION('',(1.,0.,0.));
#955 = DIRECTION('',(0.,0.,1.));
#956 = ADVANCED_FACE('',(#957),#973,.F.);
#957 = FACE_BOUND('',#958,.F.);
#958 = EDGE_LOOP('',(#959,#965,#966,#972));
#959 = ORIENTED_EDGE('',*,*,#960,.F.);
#960 = EDGE_CURVE('',#881,#921,#961,.T.);
#961 = LINE('',#962,#963);
#962 = CARTESIAN_POINT('',(7.5E+03,2.E+03,200.));
#963 = VECTOR('',#964,1.);
#964 = DIRECTION('',(1.,0.,0.));
#965 = ORIENTED_EDGE('',*,*,#880,.T.);
#966 = ORIENTED_EDGE('',*,*,#967,.T.);
#967 = EDGE_CURVE('',#883,#923,#968,.T.);
#968 = LINE('',#969,#970);
#969 = CARTESIAN_POINT('',(7.5E+03,2.E+03,1.4E+03));
#970 = VECTOR('',#971,1.);
#971 = DIRECTION('',(1.,0.,0.));
#972 = ORIENTED_EDGE('',*,*,#920,.F.);
#973 = PLANE('',#974);
#974 = AXIS2_PLACEMENT_3D('',#975,#976,#977);
#975 = CARTESIAN_POINT('',(7.5E+03,2.E+03,200.));
#976 = DIRECTION('',(0.,1.,0.));
#977 = DIRECTION('',(0.,0.,1.));
#978 = ADVANCED_FACE('',(#979),#995,.T.);
#979 = FACE_BOUND('',#980,.T.);
#980 = EDGE_LOOP('',(#981,#987,#988,#994));
#981 = ORIENTED_EDGE('',*,*,#982,.F.);
#982 = EDGE_CURVE('',#891,#931,#983,.T.);
#983 = LINE('',#984,#985);
#984 = CARTESIAN_POINT('',(7.5E+03,2.8E+03,200.));
#985 = VECTOR('',#986,1.);
#986 = DIRECTION('',(1.,0.,0.));
#987 = ORIENTED_EDGE('',*,*,#898,.T.);
#988 = ORIENTED_EDGE('',*,*,#989,.T.);
#989 = EDGE_CURVE('',#899,#939,#990,.T.);
#990 = LINE('',#991,#992);
#991 = CARTESIAN_POINT('',(7.5E+03,2.8E+03,1.4E+03));
#992 = VECTOR('',#993,1.);
#993 = DIRECTION('',(1.,0.,0.));
#994 = ORIENTED_EDGE('',*,*,#938,.F.);
#995 = PLANE('',#996);
#996 = AXIS2_PLACEMENT_3D('',#997,#998,#999);
#997 = CARTESIAN_POINT('',(7.5E+03,2.8E+03,200.));
#998 = DIRECTION('',(0.,1.,0.));
#999 = DIRECTION('',(0.,0.,1.));
#1000 = ADVANCED_FACE('',(#1001),#1007,.F.);
#1001 = FACE_BOUND('',#1002,.F.);
#1002 = EDGE_LOOP('',(#1003,#1004,#1005,#1006));
#1003 = ORIENTED_EDGE('',*,*,#890,.F.);
#1004 = ORIENTED_EDGE('',*,*,#960,.T.);
#1005 = ORIENTED_EDGE('',*,*,#930,.T.);
#1006 = ORIENTED_EDGE('',*,*,#982,.F.);
#1007 = PLANE('',#1008);
#1008 = AXIS2_PLACEMENT_3D('',#1009,#1010,#1011);
#1009 = CARTESIAN_POINT('',(7.5E+03,2.E+03,200.));
#1010 = DIRECTION('',(0.,0.,1.));
#1011 = DIRECTION('',(1.,0.,0.));
#1012 = ADVANCED_FACE('',(#1013),#1019,.T.);
#1013 = FACE_BOUND('',#1014,.T.);
#1014 = EDGE_LOOP('',(#1015,#1016,#1017,#1018));
#1015 = ORIENTED_EDGE('',*,*,#906,.F.);
#1016 = ORIENTED_EDGE('',*,*,#967,.T.);
#1017 = ORIENTED_EDGE('',*,*,#946,.T.);
#1018 = ORIENTED_EDGE('',*,*,#989,.F.);
#1019 = PLANE('',#1020);
#1020 = AXIS2_PLACEMENT_3D('',#1021,#1022,#1023);
#1021 = CARTESIAN_POINT('',(7.5E+03,2.E+03,1.4E+03));
#1022 = DIRECTION('',(0.,0.,1.));
#1023 = DIRECTION('',(1.,0.,0.));
#1024 = MANIFOLD_SOLID_BREP('',#1025);
#1025 = CLOSED_SHELL('',(#1026,#1066,#1106,#1128,#1150,#1162));
#1026 = ADVANCED_FACE('',(#1027),#1061,.F.);
#1027 = FACE_BOUND('',#1028,.F.);
#1028 = EDGE_LOOP('',(#1029,#1039,#1047,#1055));
#1029 = ORIENTED_EDGE('',*,*,#1030,.F.);
#1030 = EDGE_CURVE('',#1031,#1033,#1035,.T.);
#1031 = VERTEX_POINT('',#1032);
#1032 = CARTESIAN_POINT('',(7.5E+03,4.E+03,200.));
#1033 = VERTEX_POINT('',#1034);
#1034 = CARTESIAN_POINT('',(7.5E+03,4.E+03,1.4E+03));
#1035 = LINE('',#1036,#1037);
#1036 = CARTESIAN_POINT('',(7.5E+03,4.E+03,200.));
#1037 = VECTOR('',#1038,1.);
#1038 = DIRECTION('',(0.,0.,1.));
#1039 = ORIENTED_EDGE('',*,*,#1040,.T.);
#1040 = EDGE_CURVE('',#1031,#1041,#1043,.T.);
#1041 = VERTEX_POINT('',#1042);
#1042 = CARTESIAN_POINT('',(7.5E+03,4.8E+03,200.));
#1043 = LINE('',#1044,#1045);
#1044 = CARTESIAN_POINT('',(7.5E+03,4.E+03,200.));
#1045 = VECTOR('',#1046,1.);
#1046 = DIRECTION('',(0.,1.,0.));
#1047 = ORIENTED_EDGE('',*,*,#1048,.T.);
#1048 = EDGE_CURVE('',#1041,#1049,#1051,.T.);
#1049 = VERTEX_POINT('',#1050);
#1050 = CARTESIAN_POINT('',(7.5E+03,4.8E+03,1.4E+03));
#1051 = LINE('',#1052,#1053);
#1052 = CARTESIAN_POINT('',(7.5E+03,4.8E+03,200.));
#1053 = VECTOR('',#1054,1.);
#1054 = DIRECTION('',(0.,0.,1.));
#1055 = ORIENTED_EDGE('',*,*,#1056,.F.);
#1056 = EDGE_CURVE('',#1033,#1049,#1057,.T.);
#1057 = LINE('',#1058,#1059);
#1058 = CARTESIAN_POINT('',(7.5E+03,4.E+03,1.4E+03));
#1059 = VECTOR('',#1060,1.);
#1060 = DIRECTION('',(0.,1.,0.));
#1061 = PLANE('',#1062);
#1062 = AXIS2_PLACEMENT_3D('',#1063,#1064,#1065);
#1063 = CARTESIAN_POINT('',(7.5E+03,4.E+03,200.));
#1064 = DIRECTION('',(1.,0.,0.));
#1065 = DIRECTION('',(0.,0.,1.));
#1066 = ADVANCED_FACE('',(#1067),#1101,.T.);
#1067 = FACE_BOUND('',#1068,.T.);
#1068 = EDGE_LOOP('',(#1069,#1079,#1087,#1095));
#1069 = ORIENTED_EDGE('',*,*,#1070,.F.);
#1070 = EDGE_CURVE('',#1071,#1073,#1075,.T.);
#1071 = VERTEX_POINT('',#1072);
#1072 = CARTESIAN_POINT('',(7.9E+03,4.E+03,200.));
#1073 = VERTEX_POINT('',#1074);
#1074 = CARTESIAN_POINT('',(7.9E+03,4.E+03,1.4E+03));
#1075 = LINE('',#1076,#1077);
#1076 = CARTESIAN_POINT('',(7.9E+03,4.E+03,200.));
#1077 = VECTOR('',#1078,1.);
#1078 = DIRECTION('',(0.,0.,1.));
#1079 = ORIENTED_EDGE('',*,*,#1080,.T.);
#1080 = EDGE_CURVE('',#1071,#1081,#1083,.T.);
#1081 = VERTEX_POINT('',#1082);
#1082 = CARTESIAN_POINT('',(7.9E+03,4.8E+03,200.));
#1083 = LINE('',#1084,#1085);
#1084 = CARTESIAN_POINT('',(7.9E+03,4.E+03,200.));
#1085 = VECTOR('',#1086,1.);
#1086 = DIRECTION('',(0.,1.,0.));
#1087 = ORIENTED_EDGE('',*,*,#1088,.T.);
#1088 = EDGE_CURVE('',#1081,#1089,#1091,.T.);
#1089 = VERTEX_POINT('',#1090);
#1090 = CARTESIAN_POINT('',(7.9E+03,4.8E+03,1.4E+03));
#1091 = LINE('',#1092,#1093);
#1092 = CARTESIAN_POINT('',(7.9E+03,4.8E+03,200.));
#1093 = VECTOR('',#1094,1.);
#1094 = DIRECTION('',(0.,0.,1.));
#1095 = ORIENTED_EDGE('',*,*,#1096,.F.);
#1096 = EDGE_CURVE('',#1073,#1089,#1097,.T.);
#1097 = LINE('',#1098,#1099);
#1098 = CARTESIAN_POINT('',(7.9E+03,4.E+03,1.4E+03));
#1099 = VECTOR('',#1100,1.);
#1100 = DIRECTION('',(0.,1.,0.));
#1101 = PLANE('',#1102);
#1102 = AXIS2_PLACEMENT_3D('',#1103,#1104,#1105);
#1103 = CARTESIAN_POINT('',(7.9E+03,4.E+03,200.));
#1104 = DIRECTION('',(1.,0.,0.));
#1105 = DIRECTION('',(0.,0.,1.));
#1106 = ADVANCED_FACE('',(#1107),#1123,.F.);
#1107 = FACE_BOUND('',#1108,.F.);
#1108 = EDGE_LOOP('',(#1109,#1115,#1116,#1122));
#1109 = ORIENTED_EDGE('',*,*,#1110,.F.);
#1110 = EDGE_CURVE('',#1031,#1071,#1111,.T.);
#1111 = LINE('',#1112,#1113);
#1112 = CARTESIAN_POINT('',(7.5E+03,4.E+03,200.));
#1113 = VECTOR('',#1114,1.);
#1114 = DIRECTION('',(1.,0.,0.));
#1115 = ORIENTED_EDGE('',*,*,#1030,.T.);
#1116 = ORIENTED_EDGE('',*,*,#1117,.T.);
#1117 = EDGE_CURVE('',#1033,#1073,#1118,.T.);
#1118 = LINE('',#1119,#1120);
#1119 = CARTESIAN_POINT('',(7.5E+03,4.E+03,1.4E+03));
#1120 = VECTOR('',#1121,1.);
#1121 = DIRECTION('',(1.,0.,0.));
#1122 = ORIENTED_EDGE('',*,*,#1070,.F.);
#1123 = PLANE('',#1124);
#1124 = AXIS2_PLACEMENT_3D('',#1125,#1126,#1127);
#1125 = CARTESIAN_POINT('',(7.5E+03,4.E+03,200.));
#1126 = DIRECTION('',(0.,1.,0.));
#1127 = DIRECTION('',(0.,0.,1.));
#1128 = ADVANCED_FACE('',(#1129),#1145,.T.);
#1129 = FACE_BOUND('',#1130,.T.);
#1130 = EDGE_LOOP('',(#1131,#1137,#1138,#1144));
#1131 = ORIENTED_EDGE('',*,*,#1132,.F.);
#1132 = EDGE_CURVE('',#1041,#1081,#1133,.T.);
#1133 = LINE('',#1134,#1135);
#1134 = CARTESIAN_POINT('',(7.5E+03,4.8E+03,200.));
#1135 = VECTOR('',#1136,1.);
#1136 = DIRECTION('',(1.,0.,0.));
#1137 = ORIENTED_EDGE('',*,*,#1048,.T.);
#1138 = ORIENTED_EDGE('',*,*,#1139,.T.);
#1139 = EDGE_CURVE('',#1049,#1089,#1140,.T.);
#1140 = LINE('',#1141,#1142);
#1141 = CARTESIAN_POINT('',(7.5E+03,4.8E+03,1.4E+03));
#1142 = VECTOR('',#1143,1.);
#1143 = DIRECTION('',(1.,0.,0.));
#1144 = ORIENTED_EDGE('',*,*,#1088,.F.);
#1145 = PLANE('',#1146);
#1146 = AXIS2_PLACEMENT_3D('',#1147,#1148,#1149);
#1147 = CARTESIAN_POINT('',(7.5E+03,4.8E+03,200.));
#1148 = DIRECTION('',(0.,1.,0.));
#1149 = DIRECTION('',(0.,0.,1.));
#1150 = ADVANCED_FACE('',(#1151),#1157,.F.);
#1151 = FACE_BOUND('',#1152,.F.);
#1152 = EDGE_LOOP('',(#1153,#1154,#1155,#1156));
#1153 = ORIENTED_EDGE('',*,*,#1040,.F.);
#1154 = ORIENTED_EDGE('',*,*,#1110,.T.);
#1155 = ORIENTED_EDGE('',*,*,#1080,.T.);
#1156 = ORIENTED_EDGE('',*,*,#1132,.F.);
#1157 = PLANE('',#1158);
#1158 = AXIS2_PLACEMENT_3D('',#1159,#1160,#1161);
#1159 = CARTESIAN_POINT('',(7.5E+03,4.E+03,200.));
#1160 = DIRECTION('',(0.,0.,1.));
#1161 = DIRECTION('',(1.,0.,0.));
#1162 = ADVANCED_FACE('',(#1163),#1169,.T.);
#1163 = FACE_BOUND('',#1164,.T.);
#1164 = EDGE_LOOP('',(#1165,#1166,#1167,#1168));
#1165 = ORIENTED_EDGE('',*,*,#1056,.F.);
#1166 = ORIENTED_EDGE('',*,*,#1117,.T.);
#1167 = ORIENTED_EDGE('',*,*,#1096,.T.);
#1168 = ORIENTED_EDGE('',*,*,#1139,.F.);
#1169 = PLANE('',#1170);
#1170 = AXIS2_PLACEMENT_3D('',#1171,#1172,#1173);
#1171 = CARTESIAN_POINT('',(7.5E+03,4.E+03,1.4E+03));
#1172 = DIRECTION('',(0.,0.,1.));
#1173 = DIRECTION('',(1.,0.,0.));
#1174 = MANIFOLD_SOLID_BREP('',#1175);
#1175 = CLOSED_SHELL('',(#1176,#1216,#1256,#1278,#1300,#1312));
#1176 = ADVANCED_FACE('',(#1177),#1211,.F.);
#1177 = FACE_BOUND('',#1178,.F.);
#1178 = EDGE_LOOP('',(#1179,#1189,#1197,#1205));
#1179 = ORIENTED_EDGE('',*,*,#1180,.F.);
#1180 = EDGE_CURVE('',#1181,#1183,#1185,.T.);
#1181 = VERTEX_POINT('',#1182);
#1182 = CARTESIAN_POINT('',(-500.,-500.,-150.));
#1183 = VERTEX_POINT('',#1184);
#1184 = CARTESIAN_POINT('',(-500.,-500.,0.));
#1185 = LINE('',#1186,#1187);
#1186 = CARTESIAN_POINT('',(-500.,-500.,-150.));
#1187 = VECTOR('',#1188,1.);
#1188 = DIRECTION('',(0.,0.,1.));
#1189 = ORIENTED_EDGE('',*,*,#1190,.T.);
#1190 = EDGE_CURVE('',#1181,#1191,#1193,.T.);
#1191 = VERTEX_POINT('',#1192);
#1192 = CARTESIAN_POINT('',(-500.,6.5E+03,-150.));
#1193 = LINE('',#1194,#1195);
#1194 = CARTESIAN_POINT('',(-500.,-500.,-150.));
#1195 = VECTOR('',#1196,1.);
#1196 = DIRECTION('',(0.,1.,0.));
#1197 = ORIENTED_EDGE('',*,*,#1198,.T.);
#1198 = EDGE_CURVE('',#1191,#1199,#1201,.T.);
#1199 = VERTEX_POINT('',#1200);
#1200 = CARTESIAN_POINT('',(-500.,6.5E+03,0.));
#1201 = LINE('',#1202,#1203);
#1202 = CARTESIAN_POINT('',(-500.,6.5E+03,-150.));
#1203 = VECTOR('',#1204,1.);
#1204 = DIRECTION('',(0.,0.,1.));
#1205 = ORIENTED_EDGE('',*,*,#1206,.F.);
#1206 = EDGE_CURVE('',#1183,#1199,#1207,.T.);
#1207 = LINE('',#1208,#1209);
#1208 = CARTESIAN_POINT('',(-500.,-500.,0.));
#1209 = VECTOR('',#1210,1.);
#1210 = DIRECTION('',(0.,1.,0.));
#1211 = PLANE('',#1212);
#1212 = AXIS2_PLACEMENT_3D('',#1213,#1214,#1215);
#1213 = CARTESIAN_POINT('',(-500.,-500.,-150.));
#1214 = DIRECTION('',(1.,0.,0.));
#1215 = DIRECTION('',(0.,0.,1.));
#1216 = ADVANCED_FACE('',(#1217),#1251,.T.);
#1217 = FACE_BOUND('',#1218,.T.);
#1218 = EDGE_LOOP('',(#1219,#1229,#1237,#1245));
#1219 = ORIENTED_EDGE('',*,*,#1220,.F.);
#1220 = EDGE_CURVE('',#1221,#1223,#1225,.T.);
#1221 = VERTEX_POINT('',#1222);
#1222 = CARTESIAN_POINT('',(9.5E+03,-500.,-150.));
#1223 = VERTEX_POINT('',#1224);
#1224 = CARTESIAN_POINT('',(9.5E+03,-500.,0.));
#1225 = LINE('',#1226,#1227);
#1226 = CARTESIAN_POINT('',(9.5E+03,-500.,-150.));
#1227 = VECTOR('',#1228,1.);
#1228 = DIRECTION('',(0.,0.,1.));
#1229 = ORIENTED_EDGE('',*,*,#1230,.T.);
#1230 = EDGE_CURVE('',#1221,#1231,#1233,.T.);
#1231 = VERTEX_POINT('',#1232);
#1232 = CARTESIAN_POINT('',(9.5E+03,6.5E+03,-150.));
#1233 = LINE('',#1234,#1235);
#1234 = CARTESIAN_POINT('',(9.5E+03,-500.,-150.));
#1235 = VECTOR('',#1236,1.);
#1236 = DIRECTION('',(0.,1.,0.));
#1237 = ORIENTED_EDGE('',*,*,#1238,.T.);
#1238 = EDGE_CURVE('',#1231,#1239,#1241,.T.);
#1239 = VERTEX_POINT('',#1240);
#1240 = CARTESIAN_POINT('',(9.5E+03,6.5E+03,0.));
#1241 = LINE('',#1242,#1243);
#1242 = CARTESIAN_POINT('',(9.5E+03,6.5E+03,-150.));
#1243 = VECTOR('',#1244,1.);
#1244 = DIRECTION('',(0.,0.,1.));
#1245 = ORIENTED_EDGE('',*,*,#1246,.F.);
#1246 = EDGE_CURVE('',#1223,#1239,#1247,.T.);
#1247 = LINE('',#1248,#1249);
#1248 = CARTESIAN_POINT('',(9.5E+03,-500.,0.));
#1249 = VECTOR('',#1250,1.);
#1250 = DIRECTION('',(0.,1.,0.));
#1251 = PLANE('',#1252);
#1252 = AXIS2_PLACEMENT_3D('',#1253,#1254,#1255);
#1253 = CARTESIAN_POINT('',(9.5E+03,-500.,-150.));
#1254 = DIRECTION('',(1.,0.,0.));
#1255 = DIRECTION('',(0.,0.,1.));
#1256 = ADVANCED_FACE('',(#1257),#1273,.F.);
#1257 = FACE_BOUND('',#1258,.F.);
#1258 = EDGE_LOOP('',(#1259,#1265,#1266,#1272));
#1259 = ORIENTED_EDGE('',*,*,#1260,.F.);
#1260 = EDGE_CURVE('',#1181,#1221,#1261,.T.);
#1261 = LINE('',#1262,#1263);
#1262 = CARTESIAN_POINT('',(-500.,-500.,-150.));
#1263 = VECTOR('',#1264,1.);
#1264 = DIRECTION('',(1.,0.,0.));
#1265 = ORIENTED_EDGE('',*,*,#1180,.T.);
#1266 = ORIENTED_EDGE('',*,*,#1267,.T.);
#1267 = EDGE_CURVE('',#1183,#1223,#1268,.T.);
#1268 = LINE('',#1269,#1270);
#1269 = CARTESIAN_POINT('',(-500.,-500.,0.));
#1270 = VECTOR('',#1271,1.);
#1271 = DIRECTION('',(1.,0.,0.));
#1272 = ORIENTED_EDGE('',*,*,#1220,.F.);
#1273 = PLANE('',#1274);
#1274 = AXIS2_PLACEMENT_3D('',#1275,#1276,#1277);
#1275 = CARTESIAN_POINT('',(-500.,-500.,-150.));
#1276 = DIRECTION('',(0.,1.,0.));
#1277 = DIRECTION('',(0.,0.,1.));
#1278 = ADVANCED_FACE('',(#1279),#1295,.T.);
#1279 = FACE_BOUND('',#1280,.T.);
#1280 = EDGE_LOOP('',(#1281,#1287,#1288,#1294));
#1281 = ORIENTED_EDGE('',*,*,#1282,.F.);
#1282 = EDGE_CURVE('',#1191,#1231,#1283,.T.);
#1283 = LINE('',#1284,#1285);
#1284 = CARTESIAN_POINT('',(-500.,6.5E+03,-150.));
#1285 = VECTOR('',#1286,1.);
#1286 = DIRECTION('',(1.,0.,0.));
#1287 = ORIENTED_EDGE('',*,*,#1198,.T.);
#1288 = ORIENTED_EDGE('',*,*,#1289,.T.);
#1289 = EDGE_CURVE('',#1199,#1239,#1290,.T.);
#1290 = LINE('',#1291,#1292);
#1291 = CARTESIAN_POINT('',(-500.,6.5E+03,0.));
#1292 = VECTOR('',#1293,1.);
#1293 = DIRECTION('',(1.,0.,0.));
#1294 = ORIENTED_EDGE('',*,*,#1238,.F.);
#1295 = PLANE('',#1296);
#1296 = AXIS2_PLACEMENT_3D('',#1297,#1298,#1299);
#1297 = CARTESIAN_POINT('',(-500.,6.5E+03,-150.));
#1298 = DIRECTION('',(0.,1.,0.));
#1299 = DIRECTION('',(0.,0.,1.));
#1300 = ADVANCED_FACE('',(#1301),#1307,.F.);
#1301 = FACE_BOUND('',#1302,.F.);
#1302 = EDGE_LOOP('',(#1303,#1304,#1305,#1306));
#1303 = ORIENTED_EDGE('',*,*,#1190,.F.);
#1304 = ORIENTED_EDGE('',*,*,#1260,.T.);
#1305 = ORIENTED_EDGE('',*,*,#1230,.T.);
#1306 = ORIENTED_EDGE('',*,*,#1282,.F.);
#1307 = PLANE('',#1308);
#1308 = AXIS2_PLACEMENT_3D('',#1309,#1310,#1311);
#1309 = CARTESIAN_POINT('',(-500.,-500.,-150.));
#1310 = DIRECTION('',(0.,0.,1.));
#1311 = DIRECTION('',(1.,0.,0.));
#1312 = ADVANCED_FACE('',(#1313),#1319,.T.);
#1313 = FACE_BOUND('',#1314,.T.);
#1314 = EDGE_LOOP('',(#1315,#1316,#1317,#1318));
#1315 = ORIENTED_EDGE('',*,*,#1206,.F.);
#1316 = ORIENTED_EDGE('',*,*,#1267,.T.);
#1317 = ORIENTED_EDGE('',*,*,#1246,.T.);
#1318 = ORIENTED_EDGE('',*,*,#1289,.F.);
#1319 = PLANE('',#1320);
#1320 = AXIS2_PLACEMENT_3D('',#1321,#1322,#1323);
#1321 = CARTESIAN_POINT('',(-500.,-500.,0.));
#1322 = DIRECTION('',(0.,0.,1.));
#1323 = DIRECTION('',(1.,0.,0.));
#1324 = MANIFOLD_SOLID_BREP('',#1325);
#1325 = CLOSED_SHELL('',(#1326,#1359,#1379,#1399));
#1326 = ADVANCED_FACE('',(#1327),#1354,.T.);
#1327 = FACE_BOUND('',#1328,.T.);
#1328 = EDGE_LOOP('',(#1329,#1338,#1346,#1353));
#1329 = ORIENTED_EDGE('',*,*,#1330,.F.);
#1330 = EDGE_CURVE('',#1331,#1331,#1333,.T.);
#1331 = VERTEX_POINT('',#1332);
#1332 = CARTESIAN_POINT('',(9.E+03,1.5E+03,2.60955E+03));
#1333 = CIRCLE('',#1334,109.55);
#1334 = AXIS2_PLACEMENT_3D('',#1335,#1336,#1337);
#1335 = CARTESIAN_POINT('',(9.E+03,1.5E+03,2.5E+03));
#1336 = DIRECTION('',(1.,0.,-0.));
#1337 = DIRECTION('',(0.,0.,1.));
#1338 = ORIENTED_EDGE('',*,*,#1339,.F.);
#1339 = EDGE_CURVE('',#1340,#1331,#1342,.T.);
#1340 = VERTEX_POINT('',#1341);
#1341 = CARTESIAN_POINT('',(0.,1.5E+03,2.60955E+03));
#1342 = LINE('',#1343,#1344);
#1343 = CARTESIAN_POINT('',(0.,1.5E+03,2.60955E+03));
#1344 = VECTOR('',#1345,1.);
#1345 = DIRECTION('',(1.,0.,0.));
#1346 = ORIENTED_EDGE('',*,*,#1347,.T.);
#1347 = EDGE_CURVE('',#1340,#1340,#1348,.T.);
#1348 = CIRCLE('',#1349,109.55);
#1349 = AXIS2_PLACEMENT_3D('',#1350,#1351,#1352);
#1350 = CARTESIAN_POINT('',(0.,1.5E+03,2.5E+03));
#1351 = DIRECTION('',(1.,0.,-0.));
#1352 = DIRECTION('',(0.,0.,1.));
#1353 = ORIENTED_EDGE('',*,*,#1339,.T.);
#1354 = CYLINDRICAL_SURFACE('',#1355,109.55);
#1355 = AXIS2_PLACEMENT_3D('',#1356,#1357,#1358);
#1356 = CARTESIAN_POINT('',(0.,1.5E+03,2.5E+03));
#1357 = DIRECTION('',(1.,0.,0.));
#1358 = DIRECTION('',(0.,0.,1.));
#1359 = ADVANCED_FACE('',(#1360,#1363),#1374,.T.);
#1360 = FACE_BOUND('',#1361,.T.);
#1361 = EDGE_LOOP('',(#1362));
#1362 = ORIENTED_EDGE('',*,*,#1330,.T.);
#1363 = FACE_BOUND('',#1364,.T.);
#1364 = EDGE_LOOP('',(#1365));
#1365 = ORIENTED_EDGE('',*,*,#1366,.F.);
#1366 = EDGE_CURVE('',#1367,#1367,#1369,.T.);
#1367 = VERTEX_POINT('',#1368);
#1368 = CARTESIAN_POINT('',(9.E+03,1.5E+03,2.60579E+03));
#1369 = CIRCLE('',#1370,105.79);
#1370 = AXIS2_PLACEMENT_3D('',#1371,#1372,#1373);
#1371 = CARTESIAN_POINT('',(9.E+03,1.5E+03,2.5E+03));
#1372 = DIRECTION('',(1.,0.,-0.));
#1373 = DIRECTION('',(0.,0.,1.));
#1374 = PLANE('',#1375);
#1375 = AXIS2_PLACEMENT_3D('',#1376,#1377,#1378);
#1376 = CARTESIAN_POINT('',(9.E+03,1.5E+03,2.5E+03));
#1377 = DIRECTION('',(1.,0.,0.));
#1378 = DIRECTION('',(0.,0.,1.));
#1379 = ADVANCED_FACE('',(#1380,#1383),#1394,.F.);
#1380 = FACE_BOUND('',#1381,.F.);
#1381 = EDGE_LOOP('',(#1382));
#1382 = ORIENTED_EDGE('',*,*,#1347,.T.);
#1383 = FACE_BOUND('',#1384,.F.);
#1384 = EDGE_LOOP('',(#1385));
#1385 = ORIENTED_EDGE('',*,*,#1386,.F.);
#1386 = EDGE_CURVE('',#1387,#1387,#1389,.T.);
#1387 = VERTEX_POINT('',#1388);
#1388 = CARTESIAN_POINT('',(0.,1.5E+03,2.60579E+03));
#1389 = CIRCLE('',#1390,105.79);
#1390 = AXIS2_PLACEMENT_3D('',#1391,#1392,#1393);
#1391 = CARTESIAN_POINT('',(0.,1.5E+03,2.5E+03));
#1392 = DIRECTION('',(1.,0.,-0.));
#1393 = DIRECTION('',(0.,0.,1.));
#1394 = PLANE('',#1395);
#1395 = AXIS2_PLACEMENT_3D('',#1396,#1397,#1398);
#1396 = CARTESIAN_POINT('',(0.,1.5E+03,2.5E+03));
#1397 = DIRECTION('',(1.,0.,0.));
#1398 = DIRECTION('',(0.,0.,1.));
#1399 = ADVANCED_FACE('',(#1400),#1411,.F.);
#1400 = FACE_BOUND('',#1401,.F.);
#1401 = EDGE_LOOP('',(#1402,#1403,#1409,#1410));
#1402 = ORIENTED_EDGE('',*,*,#1366,.F.);
#1403 = ORIENTED_EDGE('',*,*,#1404,.F.);
#1404 = EDGE_CURVE('',#1387,#1367,#1405,.T.);
#1405 = LINE('',#1406,#1407);
#1406 = CARTESIAN_POINT('',(0.,1.5E+03,2.60579E+03));
#1407 = VECTOR('',#1408,1.);
#1408 = DIRECTION('',(1.,0.,0.));
#1409 = ORIENTED_EDGE('',*,*,#1386,.T.);
#1410 = ORIENTED_EDGE('',*,*,#1404,.T.);
#1411 = CYLINDRICAL_SURFACE('',#1412,105.79);
#1412 = AXIS2_PLACEMENT_3D('',#1413,#1414,#1415);
#1413 = CARTESIAN_POINT('',(0.,1.5E+03,2.5E+03));
#1414 = DIRECTION('',(1.,0.,0.));
#1415 = DIRECTION('',(0.,0.,1.));
#1416 = MANIFOLD_SOLID_BREP('',#1417);
#1417 = CLOSED_SHELL('',(#1418,#1451,#1471,#1491));
#1418 = ADVANCED_FACE('',(#1419),#1446,.T.);
#1419 = FACE_BOUND('',#1420,.T.);
#1420 = EDGE_LOOP('',(#1421,#1430,#1438,#1445));
#1421 = ORIENTED_EDGE('',*,*,#1422,.F.);
#1422 = EDGE_CURVE('',#1423,#1423,#1425,.T.);
#1423 = VERTEX_POINT('',#1424);
#1424 = CARTESIAN_POINT('',(0.,4.5E+03,2.39045E+03));
#1425 = CIRCLE('',#1426,109.55);
#1426 = AXIS2_PLACEMENT_3D('',#1427,#1428,#1429);
#1427 = CARTESIAN_POINT('',(0.,4.5E+03,2.5E+03));
#1428 = DIRECTION('',(-1.,0.,0.));
#1429 = DIRECTION('',(0.,0.,-1.));
#1430 = ORIENTED_EDGE('',*,*,#1431,.F.);
#1431 = EDGE_CURVE('',#1432,#1423,#1434,.T.);
#1432 = VERTEX_POINT('',#1433);
#1433 = CARTESIAN_POINT('',(9.E+03,4.5E+03,2.39045E+03));
#1434 = LINE('',#1435,#1436);
#1435 = CARTESIAN_POINT('',(9.E+03,4.5E+03,2.39045E+03));
#1436 = VECTOR('',#1437,1.);
#1437 = DIRECTION('',(-1.,0.,0.));
#1438 = ORIENTED_EDGE('',*,*,#1439,.T.);
#1439 = EDGE_CURVE('',#1432,#1432,#1440,.T.);
#1440 = CIRCLE('',#1441,109.55);
#1441 = AXIS2_PLACEMENT_3D('',#1442,#1443,#1444);
#1442 = CARTESIAN_POINT('',(9.E+03,4.5E+03,2.5E+03));
#1443 = DIRECTION('',(-1.,0.,0.));
#1444 = DIRECTION('',(0.,0.,-1.));
#1445 = ORIENTED_EDGE('',*,*,#1431,.T.);
#1446 = CYLINDRICAL_SURFACE('',#1447,109.55);
#1447 = AXIS2_PLACEMENT_3D('',#1448,#1449,#1450);
#1448 = CARTESIAN_POINT('',(9.E+03,4.5E+03,2.5E+03));
#1449 = DIRECTION('',(-1.,0.,0.));
#1450 = DIRECTION('',(0.,0.,-1.));
#1451 = ADVANCED_FACE('',(#1452,#1455),#1466,.T.);
#1452 = FACE_BOUND('',#1453,.T.);
#1453 = EDGE_LOOP('',(#1454));
#1454 = ORIENTED_EDGE('',*,*,#1422,.T.);
#1455 = FACE_BOUND('',#1456,.T.);
#1456 = EDGE_LOOP('',(#1457));
#1457 = ORIENTED_EDGE('',*,*,#1458,.F.);
#1458 = EDGE_CURVE('',#1459,#1459,#1461,.T.);
#1459 = VERTEX_POINT('',#1460);
#1460 = CARTESIAN_POINT('',(0.,4.5E+03,2.39421E+03));
#1461 = CIRCLE('',#1462,105.79);
#1462 = AXIS2_PLACEMENT_3D('',#1463,#1464,#1465);
#1463 = CARTESIAN_POINT('',(0.,4.5E+03,2.5E+03));
#1464 = DIRECTION('',(-1.,0.,0.));
#1465 = DIRECTION('',(0.,0.,-1.));
#1466 = PLANE('',#1467);
#1467 = AXIS2_PLACEMENT_3D('',#1468,#1469,#1470);
#1468 = CARTESIAN_POINT('',(0.,4.5E+03,2.5E+03));
#1469 = DIRECTION('',(-1.,0.,0.));
#1470 = DIRECTION('',(0.,0.,-1.));
#1471 = ADVANCED_FACE('',(#1472,#1475),#1486,.F.);
#1472 = FACE_BOUND('',#1473,.F.);
#1473 = EDGE_LOOP('',(#1474));
#1474 = ORIENTED_EDGE('',*,*,#1439,.T.);
#1475 = FACE_BOUND('',#1476,.F.);
#1476 = EDGE_LOOP('',(#1477));
#1477 = ORIENTED_EDGE('',*,*,#1478,.F.);
#1478 = EDGE_CURVE('',#1479,#1479,#1481,.T.);
#1479 = VERTEX_POINT('',#1480);
#1480 = CARTESIAN_POINT('',(9.E+03,4.5E+03,2.39421E+03));
#1481 = CIRCLE('',#1482,105.79);
#1482 = AXIS2_PLACEMENT_3D('',#1483,#1484,#1485);
#1483 = CARTESIAN_POINT('',(9.E+03,4.5E+03,2.5E+03));
#1484 = DIRECTION('',(-1.,0.,0.));
#1485 = DIRECTION('',(0.,0.,-1.));
#1486 = PLANE('',#1487);
#1487 = AXIS2_PLACEMENT_3D('',#1488,#1489,#1490);
#1488 = CARTESIAN_POINT('',(9.E+03,4.5E+03,2.5E+03));
#1489 = DIRECTION('',(-1.,0.,0.));
#1490 = DIRECTION('',(0.,0.,-1.));
#1491 = ADVANCED_FACE('',(#1492),#1503,.F.);
#1492 = FACE_BOUND('',#1493,.F.);
#1493 = EDGE_LOOP('',(#1494,#1495,#1501,#1502));
#1494 = ORIENTED_EDGE('',*,*,#1458,.F.);
#1495 = ORIENTED_EDGE('',*,*,#1496,.F.);
#1496 = EDGE_CURVE('',#1479,#1459,#1497,.T.);
#1497 = LINE('',#1498,#1499);
#1498 = CARTESIAN_POINT('',(9.E+03,4.5E+03,2.39421E+03));
#1499 = VECTOR('',#1500,1.);
#1500 = DIRECTION('',(-1.,0.,0.));
#1501 = ORIENTED_EDGE('',*,*,#1478,.T.);
#1502 = ORIENTED_EDGE('',*,*,#1496,.T.);
#1503 = CYLINDRICAL_SURFACE('',#1504,105.79);
#1504 = AXIS2_PLACEMENT_3D('',#1505,#1506,#1507);
#1505 = CARTESIAN_POINT('',(9.E+03,4.5E+03,2.5E+03));
#1506 = DIRECTION('',(-1.,0.,0.));
#1507 = DIRECTION('',(0.,0.,-1.));
#1508 = MANIFOLD_SOLID_BREP('',#1509);
#1509 = CLOSED_SHELL('',(#1510,#1543,#1563,#1583));
#1510 = ADVANCED_FACE('',(#1511),#1538,.T.);
#1511 = FACE_BOUND('',#1512,.T.);
#1512 = EDGE_LOOP('',(#1513,#1522,#1530,#1537));
#1513 = ORIENTED_EDGE('',*,*,#1514,.F.);
#1514 = EDGE_CURVE('',#1515,#1515,#1517,.T.);
#1515 = VERTEX_POINT('',#1516);
#1516 = CARTESIAN_POINT('',(915.85,1.5E+03,1.5E+03));
#1517 = CIRCLE('',#1518,84.15);
#1518 = AXIS2_PLACEMENT_3D('',#1519,#1520,#1521);
#1519 = CARTESIAN_POINT('',(1.E+03,1.5E+03,1.5E+03));
#1520 = DIRECTION('',(0.,0.,-1.));
#1521 = DIRECTION('',(-1.,0.,0.));
#1522 = ORIENTED_EDGE('',*,*,#1523,.F.);
#1523 = EDGE_CURVE('',#1524,#1515,#1526,.T.);
#1524 = VERTEX_POINT('',#1525);
#1525 = CARTESIAN_POINT('',(915.85,1.5E+03,2.5E+03));
#1526 = LINE('',#1527,#1528);
#1527 = CARTESIAN_POINT('',(915.85,1.5E+03,2.5E+03));
#1528 = VECTOR('',#1529,1.);
#1529 = DIRECTION('',(0.,0.,-1.));
#1530 = ORIENTED_EDGE('',*,*,#1531,.T.);
#1531 = EDGE_CURVE('',#1524,#1524,#1532,.T.);
#1532 = CIRCLE('',#1533,84.15);
#1533 = AXIS2_PLACEMENT_3D('',#1534,#1535,#1536);
#1534 = CARTESIAN_POINT('',(1.E+03,1.5E+03,2.5E+03));
#1535 = DIRECTION('',(0.,0.,-1.));
#1536 = DIRECTION('',(-1.,0.,0.));
#1537 = ORIENTED_EDGE('',*,*,#1523,.T.);
#1538 = CYLINDRICAL_SURFACE('',#1539,84.15);
#1539 = AXIS2_PLACEMENT_3D('',#1540,#1541,#1542);
#1540 = CARTESIAN_POINT('',(1.E+03,1.5E+03,2.5E+03));
#1541 = DIRECTION('',(0.,0.,-1.));
#1542 = DIRECTION('',(-1.,0.,0.));
#1543 = ADVANCED_FACE('',(#1544,#1547),#1558,.T.);
#1544 = FACE_BOUND('',#1545,.T.);
#1545 = EDGE_LOOP('',(#1546));
#1546 = ORIENTED_EDGE('',*,*,#1514,.T.);
#1547 = FACE_BOUND('',#1548,.T.);
#1548 = EDGE_LOOP('',(#1549));
#1549 = ORIENTED_EDGE('',*,*,#1550,.F.);
#1550 = EDGE_CURVE('',#1551,#1551,#1553,.T.);
#1551 = VERTEX_POINT('',#1552);
#1552 = CARTESIAN_POINT('',(919.25,1.5E+03,1.5E+03));
#1553 = CIRCLE('',#1554,80.75);
#1554 = AXIS2_PLACEMENT_3D('',#1555,#1556,#1557);
#1555 = CARTESIAN_POINT('',(1.E+03,1.5E+03,1.5E+03));
#1556 = DIRECTION('',(0.,0.,-1.));
#1557 = DIRECTION('',(-1.,0.,0.));
#1558 = PLANE('',#1559);
#1559 = AXIS2_PLACEMENT_3D('',#1560,#1561,#1562);
#1560 = CARTESIAN_POINT('',(1.E+03,1.5E+03,1.5E+03));
#1561 = DIRECTION('',(0.,0.,-1.));
#1562 = DIRECTION('',(-1.,0.,0.));
#1563 = ADVANCED_FACE('',(#1564,#1567),#1578,.F.);
#1564 = FACE_BOUND('',#1565,.F.);
#1565 = EDGE_LOOP('',(#1566));
#1566 = ORIENTED_EDGE('',*,*,#1531,.T.);
#1567 = FACE_BOUND('',#1568,.F.);
#1568 = EDGE_LOOP('',(#1569));
#1569 = ORIENTED_EDGE('',*,*,#1570,.F.);
#1570 = EDGE_CURVE('',#1571,#1571,#1573,.T.);
#1571 = VERTEX_POINT('',#1572);
#1572 = CARTESIAN_POINT('',(919.25,1.5E+03,2.5E+03));
#1573 = CIRCLE('',#1574,80.75);
#1574 = AXIS2_PLACEMENT_3D('',#1575,#1576,#1577);
#1575 = CARTESIAN_POINT('',(1.E+03,1.5E+03,2.5E+03));
#1576 = DIRECTION('',(0.,0.,-1.));
#1577 = DIRECTION('',(-1.,0.,0.));
#1578 = PLANE('',#1579);
#1579 = AXIS2_PLACEMENT_3D('',#1580,#1581,#1582);
#1580 = CARTESIAN_POINT('',(1.E+03,1.5E+03,2.5E+03));
#1581 = DIRECTION('',(0.,0.,-1.));
#1582 = DIRECTION('',(-1.,0.,0.));
#1583 = ADVANCED_FACE('',(#1584),#1595,.F.);
#1584 = FACE_BOUND('',#1585,.F.);
#1585 = EDGE_LOOP('',(#1586,#1587,#1593,#1594));
#1586 = ORIENTED_EDGE('',*,*,#1550,.F.);
#1587 = ORIENTED_EDGE('',*,*,#1588,.F.);
#1588 = EDGE_CURVE('',#1571,#1551,#1589,.T.);
#1589 = LINE('',#1590,#1591);
#1590 = CARTESIAN_POINT('',(919.25,1.5E+03,2.5E+03));
#1591 = VECTOR('',#1592,1.);
#1592 = DIRECTION('',(0.,0.,-1.));
#1593 = ORIENTED_EDGE('',*,*,#1570,.T.);
#1594 = ORIENTED_EDGE('',*,*,#1588,.T.);
#1595 = CYLINDRICAL_SURFACE('',#1596,80.75);
#1596 = AXIS2_PLACEMENT_3D('',#1597,#1598,#1599);
#1597 = CARTESIAN_POINT('',(1.E+03,1.5E+03,2.5E+03));
#1598 = DIRECTION('',(0.,0.,-1.));
#1599 = DIRECTION('',(-1.,0.,0.));
#1600 = MANIFOLD_SOLID_BREP('',#1601);
#1601 = CLOSED_SHELL('',(#1602,#1636,#1656,#1676));
#1602 = ADVANCED_FACE('',(#1603),#1631,.T.);
#1603 = FACE_BOUND('',#1604,.T.);
#1604 = EDGE_LOOP('',(#1605,#1616,#1623,#1624));
#1605 = ORIENTED_EDGE('',*,*,#1606,.T.);
#1606 = EDGE_CURVE('',#1607,#1609,#1611,.T.);
#1607 = VERTEX_POINT('',#1608);
#1608 = CARTESIAN_POINT('',(1.08415E+03,1.5E+03,1.5E+03));
#1609 = VERTEX_POINT('',#1610);
#1610 = CARTESIAN_POINT('',(1.08415E+03,1.75245E+03,1.24755E+03));
#1611 = CIRCLE('',#1612,252.45);
#1612 = AXIS2_PLACEMENT_3D('',#1613,#1614,#1615);
#1613 = CARTESIAN_POINT('',(1.08415E+03,1.75245E+03,1.5E+03));
#1614 = DIRECTION('',(1.,0.,0.));
#1615 = DIRECTION('',(0.,-1.,0.));
#1616 = ORIENTED_EDGE('',*,*,#1617,.T.);
#1617 = EDGE_CURVE('',#1609,#1609,#1618,.T.);
#1618 = CIRCLE('',#1619,84.15);
#1619 = AXIS2_PLACEMENT_3D('',#1620,#1621,#1622);
#1620 = CARTESIAN_POINT('',(1.E+03,1.75245E+03,1.24755E+03));
#1621 = DIRECTION('',(0.,-1.,-8.269460797428E-16));
#1622 = DIRECTION('',(0.,8.269460797428E-16,-1.));
#1623 = ORIENTED_EDGE('',*,*,#1606,.F.);
#1624 = ORIENTED_EDGE('',*,*,#1625,.F.);
#1625 = EDGE_CURVE('',#1607,#1607,#1626,.T.);
#1626 = CIRCLE('',#1627,84.15);
#1627 = AXIS2_PLACEMENT_3D('',#1628,#1629,#1630);
#1628 = CARTESIAN_POINT('',(1.E+03,1.5E+03,1.5E+03));
#1629 = DIRECTION('',(-0.,0.,1.));
#1630 = DIRECTION('',(0.,-1.,0.));
#1631 = TOROIDAL_SURFACE('',#1632,252.45,84.15);
#1632 = AXIS2_PLACEMENT_3D('',#1633,#1634,#1635);
#1633 = CARTESIAN_POINT('',(1.E+03,1.75245E+03,1.5E+03));
#1634 = DIRECTION('',(1.,0.,0.));
#1635 = DIRECTION('',(0.,-1.,0.));
#1636 = ADVANCED_FACE('',(#1637,#1640),#1651,.F.);
#1637 = FACE_BOUND('',#1638,.F.);
#1638 = EDGE_LOOP('',(#1639));
#1639 = ORIENTED_EDGE('',*,*,#1625,.F.);
#1640 = FACE_BOUND('',#1641,.F.);
#1641 = EDGE_LOOP('',(#1642));
#1642 = ORIENTED_EDGE('',*,*,#1643,.T.);
#1643 = EDGE_CURVE('',#1644,#1644,#1646,.T.);
#1644 = VERTEX_POINT('',#1645);
#1645 = CARTESIAN_POINT('',(1.08075E+03,1.5E+03,1.5E+03));
#1646 = CIRCLE('',#1647,80.75);
#1647 = AXIS2_PLACEMENT_3D('',#1648,#1649,#1650);
#1648 = CARTESIAN_POINT('',(1.E+03,1.5E+03,1.5E+03));
#1649 = DIRECTION('',(-0.,0.,1.));
#1650 = DIRECTION('',(0.,-1.,0.));
#1651 = PLANE('',#1652);
#1652 = AXIS2_PLACEMENT_3D('',#1653,#1654,#1655);
#1653 = CARTESIAN_POINT('',(1.E+03,1.5E+03,1.5E+03));
#1654 = DIRECTION('',(-0.,-0.,-1.));
#1655 = DIRECTION('',(-1.,0.,0.));
#1656 = ADVANCED_FACE('',(#1657,#1660),#1671,.T.);
#1657 = FACE_BOUND('',#1658,.T.);
#1658 = EDGE_LOOP('',(#1659));
#1659 = ORIENTED_EDGE('',*,*,#1617,.F.);
#1660 = FACE_BOUND('',#1661,.T.);
#1661 = EDGE_LOOP('',(#1662));
#1662 = ORIENTED_EDGE('',*,*,#1663,.T.);
#1663 = EDGE_CURVE('',#1664,#1664,#1666,.T.);
#1664 = VERTEX_POINT('',#1665);
#1665 = CARTESIAN_POINT('',(1.08075E+03,1.75245E+03,1.24755E+03));
#1666 = CIRCLE('',#1667,80.75);
#1667 = AXIS2_PLACEMENT_3D('',#1668,#1669,#1670);
#1668 = CARTESIAN_POINT('',(1.E+03,1.75245E+03,1.24755E+03));
#1669 = DIRECTION('',(0.,-1.,-8.269460797428E-16));
#1670 = DIRECTION('',(0.,8.269460797428E-16,-1.));
#1671 = PLANE('',#1672);
#1672 = AXIS2_PLACEMENT_3D('',#1673,#1674,#1675);
#1673 = CARTESIAN_POINT('',(1.E+03,1.75245E+03,1.24755E+03));
#1674 = DIRECTION('',(0.,1.,0.));
#1675 = DIRECTION('',(0.,0.,1.));
#1676 = ADVANCED_FACE('',(#1677),#1689,.F.);
#1677 = FACE_BOUND('',#1678,.F.);
#1678 = EDGE_LOOP('',(#1679,#1686,#1687,#1688));
#1679 = ORIENTED_EDGE('',*,*,#1680,.T.);
#1680 = EDGE_CURVE('',#1644,#1664,#1681,.T.);
#1681 = CIRCLE('',#1682,252.45);
#1682 = AXIS2_PLACEMENT_3D('',#1683,#1684,#1685);
#1683 = CARTESIAN_POINT('',(1.08075E+03,1.75245E+03,1.5E+03));
#1684 = DIRECTION('',(1.,0.,0.));
#1685 = DIRECTION('',(0.,-1.,0.));
#1686 = ORIENTED_EDGE('',*,*,#1663,.T.);
#1687 = ORIENTED_EDGE('',*,*,#1680,.F.);
#1688 = ORIENTED_EDGE('',*,*,#1643,.F.);
#1689 = TOROIDAL_SURFACE('',#1690,252.45,80.75);
#1690 = AXIS2_PLACEMENT_3D('',#1691,#1692,#1693);
#1691 = CARTESIAN_POINT('',(1.E+03,1.75245E+03,1.5E+03));
#1692 = DIRECTION('',(1.,0.,0.));
#1693 = DIRECTION('',(0.,-1.,0.));
#1694 = MANIFOLD_SOLID_BREP('',#1695);
#1695 = CLOSED_SHELL('',(#1696,#1729,#1749,#1769));
#1696 = ADVANCED_FACE('',(#1697),#1724,.T.);
#1697 = FACE_BOUND('',#1698,.T.);
#1698 = EDGE_LOOP('',(#1699,#1708,#1716,#1723));
#1699 = ORIENTED_EDGE('',*,*,#1700,.F.);
#1700 = EDGE_CURVE('',#1701,#1701,#1703,.T.);
#1701 = VERTEX_POINT('',#1702);
#1702 = CARTESIAN_POINT('',(1.E+03,2.95245E+03,1.3317E+03));
#1703 = CIRCLE('',#1704,84.15);
#1704 = AXIS2_PLACEMENT_3D('',#1705,#1706,#1707);
#1705 = CARTESIAN_POINT('',(1.E+03,2.95245E+03,1.24755E+03));
#1706 = DIRECTION('',(0.,1.,0.));
#1707 = DIRECTION('',(0.,0.,1.));
#1708 = ORIENTED_EDGE('',*,*,#1709,.F.);
#1709 = EDGE_CURVE('',#1710,#1701,#1712,.T.);
#1710 = VERTEX_POINT('',#1711);
#1711 = CARTESIAN_POINT('',(1.E+03,1.75245E+03,1.3317E+03));
#1712 = LINE('',#1713,#1714);
#1713 = CARTESIAN_POINT('',(1.E+03,1.75245E+03,1.3317E+03));
#1714 = VECTOR('',#1715,1.);
#1715 = DIRECTION('',(0.,1.,0.));
#1716 = ORIENTED_EDGE('',*,*,#1717,.T.);
#1717 = EDGE_CURVE('',#1710,#1710,#1718,.T.);
#1718 = CIRCLE('',#1719,84.15);
#1719 = AXIS2_PLACEMENT_3D('',#1720,#1721,#1722);
#1720 = CARTESIAN_POINT('',(1.E+03,1.75245E+03,1.24755E+03));
#1721 = DIRECTION('',(0.,1.,0.));
#1722 = DIRECTION('',(0.,0.,1.));
#1723 = ORIENTED_EDGE('',*,*,#1709,.T.);
#1724 = CYLINDRICAL_SURFACE('',#1725,84.15);
#1725 = AXIS2_PLACEMENT_3D('',#1726,#1727,#1728);
#1726 = CARTESIAN_POINT('',(1.E+03,1.75245E+03,1.24755E+03));
#1727 = DIRECTION('',(0.,1.,0.));
#1728 = DIRECTION('',(0.,0.,1.));
#1729 = ADVANCED_FACE('',(#1730,#1733),#1744,.T.);
#1730 = FACE_BOUND('',#1731,.T.);
#1731 = EDGE_LOOP('',(#1732));
#1732 = ORIENTED_EDGE('',*,*,#1700,.T.);
#1733 = FACE_BOUND('',#1734,.T.);
#1734 = EDGE_LOOP('',(#1735));
#1735 = ORIENTED_EDGE('',*,*,#1736,.F.);
#1736 = EDGE_CURVE('',#1737,#1737,#1739,.T.);
#1737 = VERTEX_POINT('',#1738);
#1738 = CARTESIAN_POINT('',(1.E+03,2.95245E+03,1.3283E+03));
#1739 = CIRCLE('',#1740,80.75);
#1740 = AXIS2_PLACEMENT_3D('',#1741,#1742,#1743);
#1741 = CARTESIAN_POINT('',(1.E+03,2.95245E+03,1.24755E+03));
#1742 = DIRECTION('',(0.,1.,0.));
#1743 = DIRECTION('',(0.,0.,1.));
#1744 = PLANE('',#1745);
#1745 = AXIS2_PLACEMENT_3D('',#1746,#1747,#1748);
#1746 = CARTESIAN_POINT('',(1.E+03,2.95245E+03,1.24755E+03));
#1747 = DIRECTION('',(0.,1.,0.));
#1748 = DIRECTION('',(0.,0.,1.));
#1749 = ADVANCED_FACE('',(#1750,#1753),#1764,.F.);
#1750 = FACE_BOUND('',#1751,.F.);
#1751 = EDGE_LOOP('',(#1752));
#1752 = ORIENTED_EDGE('',*,*,#1717,.T.);
#1753 = FACE_BOUND('',#1754,.F.);
#1754 = EDGE_LOOP('',(#1755));
#1755 = ORIENTED_EDGE('',*,*,#1756,.F.);
#1756 = EDGE_CURVE('',#1757,#1757,#1759,.T.);
#1757 = VERTEX_POINT('',#1758);
#1758 = CARTESIAN_POINT('',(1.E+03,1.75245E+03,1.3283E+03));
#1759 = CIRCLE('',#1760,80.75);
#1760 = AXIS2_PLACEMENT_3D('',#1761,#1762,#1763);
#1761 = CARTESIAN_POINT('',(1.E+03,1.75245E+03,1.24755E+03));
#1762 = DIRECTION('',(0.,1.,0.));
#1763 = DIRECTION('',(0.,0.,1.));
#1764 = PLANE('',#1765);
#1765 = AXIS2_PLACEMENT_3D('',#1766,#1767,#1768);
#1766 = CARTESIAN_POINT('',(1.E+03,1.75245E+03,1.24755E+03));
#1767 = DIRECTION('',(0.,1.,0.));
#1768 = DIRECTION('',(0.,0.,1.));
#1769 = ADVANCED_FACE('',(#1770),#1781,.F.);
#1770 = FACE_BOUND('',#1771,.F.);
#1771 = EDGE_LOOP('',(#1772,#1773,#1779,#1780));
#1772 = ORIENTED_EDGE('',*,*,#1736,.F.);
#1773 = ORIENTED_EDGE('',*,*,#1774,.F.);
#1774 = EDGE_CURVE('',#1757,#1737,#1775,.T.);
#1775 = LINE('',#1776,#1777);
#1776 = CARTESIAN_POINT('',(1.E+03,1.75245E+03,1.3283E+03));
#1777 = VECTOR('',#1778,1.);
#1778 = DIRECTION('',(0.,1.,0.));
#1779 = ORIENTED_EDGE('',*,*,#1756,.T.);
#1780 = ORIENTED_EDGE('',*,*,#1774,.T.);
#1781 = CYLINDRICAL_SURFACE('',#1782,80.75);
#1782 = AXIS2_PLACEMENT_3D('',#1783,#1784,#1785);
#1783 = CARTESIAN_POINT('',(1.E+03,1.75245E+03,1.24755E+03));
#1784 = DIRECTION('',(0.,1.,0.));
#1785 = DIRECTION('',(0.,0.,1.));
#1786 = MANIFOLD_SOLID_BREP('',#1787);
#1787 = CLOSED_SHELL('',(#1788,#1822,#1842,#1862));
#1788 = ADVANCED_FACE('',(#1789),#1817,.T.);
#1789 = FACE_BOUND('',#1790,.T.);
#1790 = EDGE_LOOP('',(#1791,#1802,#1809,#1810));
#1791 = ORIENTED_EDGE('',*,*,#1792,.T.);
#1792 = EDGE_CURVE('',#1793,#1795,#1797,.T.);
#1793 = VERTEX_POINT('',#1794);
#1794 = CARTESIAN_POINT('',(1.08415E+03,2.95245E+03,1.24755E+03));
#1795 = VERTEX_POINT('',#1796);
#1796 = CARTESIAN_POINT('',(1.08415E+03,3.2049E+03,995.1));
#1797 = CIRCLE('',#1798,252.45);
#1798 = AXIS2_PLACEMENT_3D('',#1799,#1800,#1801);
#1799 = CARTESIAN_POINT('',(1.08415E+03,2.95245E+03,995.1));
#1800 = DIRECTION('',(-1.,0.,0.));
#1801 = DIRECTION('',(0.,0.,1.));
#1802 = ORIENTED_EDGE('',*,*,#1803,.T.);
#1803 = EDGE_CURVE('',#1795,#1795,#1804,.T.);
#1804 = CIRCLE('',#1805,84.15);
#1805 = AXIS2_PLACEMENT_3D('',#1806,#1807,#1808);
#1806 = CARTESIAN_POINT('',(1.E+03,3.2049E+03,995.1));
#1807 = DIRECTION('',(0.,-6.123233995737E-17,1.));
#1808 = DIRECTION('',(0.,1.,6.123233995737E-17));
#1809 = ORIENTED_EDGE('',*,*,#1792,.F.);
#1810 = ORIENTED_EDGE('',*,*,#1811,.F.);
#1811 = EDGE_CURVE('',#1793,#1793,#1812,.T.);
#1812 = CIRCLE('',#1813,84.15);
#1813 = AXIS2_PLACEMENT_3D('',#1814,#1815,#1816);
#1814 = CARTESIAN_POINT('',(1.E+03,2.95245E+03,1.24755E+03));
#1815 = DIRECTION('',(0.,-1.,0.));
#1816 = DIRECTION('',(0.,0.,1.));
#1817 = TOROIDAL_SURFACE('',#1818,252.45,84.15);
#1818 = AXIS2_PLACEMENT_3D('',#1819,#1820,#1821);
#1819 = CARTESIAN_POINT('',(1.E+03,2.95245E+03,995.1));
#1820 = DIRECTION('',(-1.,0.,0.));
#1821 = DIRECTION('',(0.,0.,1.));
#1822 = ADVANCED_FACE('',(#1823,#1826),#1837,.F.);
#1823 = FACE_BOUND('',#1824,.F.);
#1824 = EDGE_LOOP('',(#1825));
#1825 = ORIENTED_EDGE('',*,*,#1811,.F.);
#1826 = FACE_BOUND('',#1827,.F.);
#1827 = EDGE_LOOP('',(#1828));
#1828 = ORIENTED_EDGE('',*,*,#1829,.T.);
#1829 = EDGE_CURVE('',#1830,#1830,#1832,.T.);
#1830 = VERTEX_POINT('',#1831);
#1831 = CARTESIAN_POINT('',(1.08075E+03,2.95245E+03,1.24755E+03));
#1832 = CIRCLE('',#1833,80.75);
#1833 = AXIS2_PLACEMENT_3D('',#1834,#1835,#1836);
#1834 = CARTESIAN_POINT('',(1.E+03,2.95245E+03,1.24755E+03));
#1835 = DIRECTION('',(0.,-1.,0.));
#1836 = DIRECTION('',(0.,0.,1.));
#1837 = PLANE('',#1838);
#1838 = AXIS2_PLACEMENT_3D('',#1839,#1840,#1841);
#1839 = CARTESIAN_POINT('',(1.E+03,2.95245E+03,1.24755E+03));
#1840 = DIRECTION('',(0.,1.,0.));
#1841 = DIRECTION('',(0.,0.,1.));
#1842 = ADVANCED_FACE('',(#1843,#1846),#1857,.T.);
#1843 = FACE_BOUND('',#1844,.T.);
#1844 = EDGE_LOOP('',(#1845));
#1845 = ORIENTED_EDGE('',*,*,#1803,.F.);
#1846 = FACE_BOUND('',#1847,.T.);
#1847 = EDGE_LOOP('',(#1848));
#1848 = ORIENTED_EDGE('',*,*,#1849,.T.);
#1849 = EDGE_CURVE('',#1850,#1850,#1852,.T.);
#1850 = VERTEX_POINT('',#1851);
#1851 = CARTESIAN_POINT('',(1.08075E+03,3.2049E+03,995.1));
#1852 = CIRCLE('',#1853,80.75);
#1853 = AXIS2_PLACEMENT_3D('',#1854,#1855,#1856);
#1854 = CARTESIAN_POINT('',(1.E+03,3.2049E+03,995.1));
#1855 = DIRECTION('',(0.,-6.123233995737E-17,1.));
#1856 = DIRECTION('',(0.,1.,6.123233995737E-17));
#1857 = PLANE('',#1858);
#1858 = AXIS2_PLACEMENT_3D('',#1859,#1860,#1861);
#1859 = CARTESIAN_POINT('',(1.E+03,3.2049E+03,995.1));
#1860 = DIRECTION('',(-0.,-0.,-1.));
#1861 = DIRECTION('',(-1.,0.,0.));
#1862 = ADVANCED_FACE('',(#1863),#1875,.F.);
#1863 = FACE_BOUND('',#1864,.F.);
#1864 = EDGE_LOOP('',(#1865,#1872,#1873,#1874));
#1865 = ORIENTED_EDGE('',*,*,#1866,.T.);
#1866 = EDGE_CURVE('',#1830,#1850,#1867,.T.);
#1867 = CIRCLE('',#1868,252.45);
#1868 = AXIS2_PLACEMENT_3D('',#1869,#1870,#1871);
#1869 = CARTESIAN_POINT('',(1.08075E+03,2.95245E+03,995.1));
#1870 = DIRECTION('',(-1.,0.,0.));
#1871 = DIRECTION('',(0.,0.,1.));
#1872 = ORIENTED_EDGE('',*,*,#1849,.T.);
#1873 = ORIENTED_EDGE('',*,*,#1866,.F.);
#1874 = ORIENTED_EDGE('',*,*,#1829,.F.);
#1875 = TOROIDAL_SURFACE('',#1876,252.45,80.75);
#1876 = AXIS2_PLACEMENT_3D('',#1877,#1878,#1879);
#1877 = CARTESIAN_POINT('',(1.E+03,2.95245E+03,995.1));
#1878 = DIRECTION('',(-1.,0.,0.));
#1879 = DIRECTION('',(0.,0.,1.));
#1880 = MANIFOLD_SOLID_BREP('',#1881);
#1881 = CLOSED_SHELL('',(#1882,#1915,#1935,#1955));
#1882 = ADVANCED_FACE('',(#1883),#1910,.T.);
#1883 = FACE_BOUND('',#1884,.T.);
#1884 = EDGE_LOOP('',(#1885,#1894,#1902,#1909));
#1885 = ORIENTED_EDGE('',*,*,#1886,.F.);
#1886 = EDGE_CURVE('',#1887,#1887,#1889,.T.);
#1887 = VERTEX_POINT('',#1888);
#1888 = CARTESIAN_POINT('',(915.85,3.2049E+03,345.1));
#1889 = CIRCLE('',#1890,84.15);
#1890 = AXIS2_PLACEMENT_3D('',#1891,#1892,#1893);
#1891 = CARTESIAN_POINT('',(1.E+03,3.2049E+03,345.1));
#1892 = DIRECTION('',(0.,0.,-1.));
#1893 = DIRECTION('',(-1.,0.,0.));
#1894 = ORIENTED_EDGE('',*,*,#1895,.F.);
#1895 = EDGE_CURVE('',#1896,#1887,#1898,.T.);
#1896 = VERTEX_POINT('',#1897);
#1897 = CARTESIAN_POINT('',(915.85,3.2049E+03,995.1));
#1898 = LINE('',#1899,#1900);
#1899 = CARTESIAN_POINT('',(915.85,3.2049E+03,995.1));
#1900 = VECTOR('',#1901,1.);
#1901 = DIRECTION('',(0.,0.,-1.));
#1902 = ORIENTED_EDGE('',*,*,#1903,.T.);
#1903 = EDGE_CURVE('',#1896,#1896,#1904,.T.);
#1904 = CIRCLE('',#1905,84.15);
#1905 = AXIS2_PLACEMENT_3D('',#1906,#1907,#1908);
#1906 = CARTESIAN_POINT('',(1.E+03,3.2049E+03,995.1));
#1907 = DIRECTION('',(0.,0.,-1.));
#1908 = DIRECTION('',(-1.,0.,0.));
#1909 = ORIENTED_EDGE('',*,*,#1895,.T.);
#1910 = CYLINDRICAL_SURFACE('',#1911,84.15);
#1911 = AXIS2_PLACEMENT_3D('',#1912,#1913,#1914);
#1912 = CARTESIAN_POINT('',(1.E+03,3.2049E+03,995.1));
#1913 = DIRECTION('',(0.,0.,-1.));
#1914 = DIRECTION('',(-1.,0.,0.));
#1915 = ADVANCED_FACE('',(#1916,#1919),#1930,.T.);
#1916 = FACE_BOUND('',#1917,.T.);
#1917 = EDGE_LOOP('',(#1918));
#1918 = ORIENTED_EDGE('',*,*,#1886,.T.);
#1919 = FACE_BOUND('',#1920,.T.);
#1920 = EDGE_LOOP('',(#1921));
#1921 = ORIENTED_EDGE('',*,*,#1922,.F.);
#1922 = EDGE_CURVE('',#1923,#1923,#1925,.T.);
#1923 = VERTEX_POINT('',#1924);
#1924 = CARTESIAN_POINT('',(919.25,3.2049E+03,345.1));
#1925 = CIRCLE('',#1926,80.75);
#1926 = AXIS2_PLACEMENT_3D('',#1927,#1928,#1929);
#1927 = CARTESIAN_POINT('',(1.E+03,3.2049E+03,345.1));
#1928 = DIRECTION('',(0.,0.,-1.));
#1929 = DIRECTION('',(-1.,0.,0.));
#1930 = PLANE('',#1931);
#1931 = AXIS2_PLACEMENT_3D('',#1932,#1933,#1934);
#1932 = CARTESIAN_POINT('',(1.E+03,3.2049E+03,345.1));
#1933 = DIRECTION('',(0.,0.,-1.));
#1934 = DIRECTION('',(-1.,0.,0.));
#1935 = ADVANCED_FACE('',(#1936,#1939),#1950,.F.);
#1936 = FACE_BOUND('',#1937,.F.);
#1937 = EDGE_LOOP('',(#1938));
#1938 = ORIENTED_EDGE('',*,*,#1903,.T.);
#1939 = FACE_BOUND('',#1940,.F.);
#1940 = EDGE_LOOP('',(#1941));
#1941 = ORIENTED_EDGE('',*,*,#1942,.F.);
#1942 = EDGE_CURVE('',#1943,#1943,#1945,.T.);
#1943 = VERTEX_POINT('',#1944);
#1944 = CARTESIAN_POINT('',(919.25,3.2049E+03,995.1));
#1945 = CIRCLE('',#1946,80.75);
#1946 = AXIS2_PLACEMENT_3D('',#1947,#1948,#1949);
#1947 = CARTESIAN_POINT('',(1.E+03,3.2049E+03,995.1));
#1948 = DIRECTION('',(0.,0.,-1.));
#1949 = DIRECTION('',(-1.,0.,0.));
#1950 = PLANE('',#1951);
#1951 = AXIS2_PLACEMENT_3D('',#1952,#1953,#1954);
#1952 = CARTESIAN_POINT('',(1.E+03,3.2049E+03,995.1));
#1953 = DIRECTION('',(0.,0.,-1.));
#1954 = DIRECTION('',(-1.,0.,0.));
#1955 = ADVANCED_FACE('',(#1956),#1967,.F.);
#1956 = FACE_BOUND('',#1957,.F.);
#1957 = EDGE_LOOP('',(#1958,#1959,#1965,#1966));
#1958 = ORIENTED_EDGE('',*,*,#1922,.F.);
#1959 = ORIENTED_EDGE('',*,*,#1960,.F.);
#1960 = EDGE_CURVE('',#1943,#1923,#1961,.T.);
#1961 = LINE('',#1962,#1963);
#1962 = CARTESIAN_POINT('',(919.25,3.2049E+03,995.1));
#1963 = VECTOR('',#1964,1.);
#1964 = DIRECTION('',(0.,0.,-1.));
#1965 = ORIENTED_EDGE('',*,*,#1942,.T.);
#1966 = ORIENTED_EDGE('',*,*,#1960,.T.);
#1967 = CYLINDRICAL_SURFACE('',#1968,80.75);
#1968 = AXIS2_PLACEMENT_3D('',#1969,#1970,#1971);
#1969 = CARTESIAN_POINT('',(1.E+03,3.2049E+03,995.1));
#1970 = DIRECTION('',(0.,0.,-1.));
#1971 = DIRECTION('',(-1.,0.,0.));
#1972 = MANIFOLD_SOLID_BREP('',#1973);
#1973 = CLOSED_SHELL('',(#1974,#2007,#2027,#2047));
#1974 = ADVANCED_FACE('',(#1975),#2002,.T.);
#1975 = FACE_BOUND('',#1976,.T.);
#1976 = EDGE_LOOP('',(#1977,#1986,#1994,#2001));
#1977 = ORIENTED_EDGE('',*,*,#1978,.F.);
#1978 = EDGE_CURVE('',#1979,#1979,#1981,.T.);
#1979 = VERTEX_POINT('',#1980);
#1980 = CARTESIAN_POINT('',(2.11585E+03,1.5E+03,1.5E+03));
#1981 = CIRCLE('',#1982,84.15);
#1982 = AXIS2_PLACEMENT_3D('',#1983,#1984,#1985);
#1983 = CARTESIAN_POINT('',(2.2E+03,1.5E+03,1.5E+03));
#1984 = DIRECTION('',(0.,0.,-1.));
#1985 = DIRECTION('',(-1.,0.,0.));
#1986 = ORIENTED_EDGE('',*,*,#1987,.F.);
#1987 = EDGE_CURVE('',#1988,#1979,#1990,.T.);
#1988 = VERTEX_POINT('',#1989);
#1989 = CARTESIAN_POINT('',(2.11585E+03,1.5E+03,2.5E+03));
#1990 = LINE('',#1991,#1992);
#1991 = CARTESIAN_POINT('',(2.11585E+03,1.5E+03,2.5E+03));
#1992 = VECTOR('',#1993,1.);
#1993 = DIRECTION('',(0.,0.,-1.));
#1994 = ORIENTED_EDGE('',*,*,#1995,.T.);
#1995 = EDGE_CURVE('',#1988,#1988,#1996,.T.);
#1996 = CIRCLE('',#1997,84.15);
#1997 = AXIS2_PLACEMENT_3D('',#1998,#1999,#2000);
#1998 = CARTESIAN_POINT('',(2.2E+03,1.5E+03,2.5E+03));
#1999 = DIRECTION('',(0.,0.,-1.));
#2000 = DIRECTION('',(-1.,0.,0.));
#2001 = ORIENTED_EDGE('',*,*,#1987,.T.);
#2002 = CYLINDRICAL_SURFACE('',#2003,84.15);
#2003 = AXIS2_PLACEMENT_3D('',#2004,#2005,#2006);
#2004 = CARTESIAN_POINT('',(2.2E+03,1.5E+03,2.5E+03));
#2005 = DIRECTION('',(0.,0.,-1.));
#2006 = DIRECTION('',(-1.,0.,0.));
#2007 = ADVANCED_FACE('',(#2008,#2011),#2022,.T.);
#2008 = FACE_BOUND('',#2009,.T.);
#2009 = EDGE_LOOP('',(#2010));
#2010 = ORIENTED_EDGE('',*,*,#1978,.T.);
#2011 = FACE_BOUND('',#2012,.T.);
#2012 = EDGE_LOOP('',(#2013));
#2013 = ORIENTED_EDGE('',*,*,#2014,.F.);
#2014 = EDGE_CURVE('',#2015,#2015,#2017,.T.);
#2015 = VERTEX_POINT('',#2016);
#2016 = CARTESIAN_POINT('',(2.11925E+03,1.5E+03,1.5E+03));
#2017 = CIRCLE('',#2018,80.75);
#2018 = AXIS2_PLACEMENT_3D('',#2019,#2020,#2021);
#2019 = CARTESIAN_POINT('',(2.2E+03,1.5E+03,1.5E+03));
#2020 = DIRECTION('',(0.,0.,-1.));
#2021 = DIRECTION('',(-1.,0.,0.));
#2022 = PLANE('',#2023);
#2023 = AXIS2_PLACEMENT_3D('',#2024,#2025,#2026);
#2024 = CARTESIAN_POINT('',(2.2E+03,1.5E+03,1.5E+03));
#2025 = DIRECTION('',(0.,0.,-1.));
#2026 = DIRECTION('',(-1.,0.,0.));
#2027 = ADVANCED_FACE('',(#2028,#2031),#2042,.F.);
#2028 = FACE_BOUND('',#2029,.F.);
#2029 = EDGE_LOOP('',(#2030));
#2030 = ORIENTED_EDGE('',*,*,#1995,.T.);
#2031 = FACE_BOUND('',#2032,.F.);
#2032 = EDGE_LOOP('',(#2033));
#2033 = ORIENTED_EDGE('',*,*,#2034,.F.);
#2034 = EDGE_CURVE('',#2035,#2035,#2037,.T.);
#2035 = VERTEX_POINT('',#2036);
#2036 = CARTESIAN_POINT('',(2.11925E+03,1.5E+03,2.5E+03));
#2037 = CIRCLE('',#2038,80.75);
#2038 = AXIS2_PLACEMENT_3D('',#2039,#2040,#2041);
#2039 = CARTESIAN_POINT('',(2.2E+03,1.5E+03,2.5E+03));
#2040 = DIRECTION('',(0.,0.,-1.));
#2041 = DIRECTION('',(-1.,0.,0.));
#2042 = PLANE('',#2043);
#2043 = AXIS2_PLACEMENT_3D('',#2044,#2045,#2046);
#2044 = CARTESIAN_POINT('',(2.2E+03,1.5E+03,2.5E+03));
#2045 = DIRECTION('',(0.,0.,-1.));
#2046 = DIRECTION('',(-1.,0.,0.));
#2047 = ADVANCED_FACE('',(#2048),#2059,.F.);
#2048 = FACE_BOUND('',#2049,.F.);
#2049 = EDGE_LOOP('',(#2050,#2051,#2057,#2058));
#2050 = ORIENTED_EDGE('',*,*,#2014,.F.);
#2051 = ORIENTED_EDGE('',*,*,#2052,.F.);
#2052 = EDGE_CURVE('',#2035,#2015,#2053,.T.);
#2053 = LINE('',#2054,#2055);
#2054 = CARTESIAN_POINT('',(2.11925E+03,1.5E+03,2.5E+03));
#2055 = VECTOR('',#2056,1.);
#2056 = DIRECTION('',(0.,0.,-1.));
#2057 = ORIENTED_EDGE('',*,*,#2034,.T.);
#2058 = ORIENTED_EDGE('',*,*,#2052,.T.);
#2059 = CYLINDRICAL_SURFACE('',#2060,80.75);
#2060 = AXIS2_PLACEMENT_3D('',#2061,#2062,#2063);
#2061 = CARTESIAN_POINT('',(2.2E+03,1.5E+03,2.5E+03));
#2062 = DIRECTION('',(0.,0.,-1.));
#2063 = DIRECTION('',(-1.,0.,0.));
#2064 = MANIFOLD_SOLID_BREP('',#2065);
#2065 = CLOSED_SHELL('',(#2066,#2100,#2120,#2140));
#2066 = ADVANCED_FACE('',(#2067),#2095,.T.);
#2067 = FACE_BOUND('',#2068,.T.);
#2068 = EDGE_LOOP('',(#2069,#2080,#2087,#2088));
#2069 = ORIENTED_EDGE('',*,*,#2070,.T.);
#2070 = EDGE_CURVE('',#2071,#2073,#2075,.T.);
#2071 = VERTEX_POINT('',#2072);
#2072 = CARTESIAN_POINT('',(2.28415E+03,1.5E+03,1.5E+03));
#2073 = VERTEX_POINT('',#2074);
#2074 = CARTESIAN_POINT('',(2.28415E+03,1.75245E+03,1.24755E+03));
#2075 = CIRCLE('',#2076,252.45);
#2076 = AXIS2_PLACEMENT_3D('',#2077,#2078,#2079);
#2077 = CARTESIAN_POINT('',(2.28415E+03,1.75245E+03,1.5E+03));
#2078 = DIRECTION('',(1.,0.,0.));
#2079 = DIRECTION('',(0.,-1.,0.));
#2080 = ORIENTED_EDGE('',*,*,#2081,.T.);
#2081 = EDGE_CURVE('',#2073,#2073,#2082,.T.);
#2082 = CIRCLE('',#2083,84.15);
#2083 = AXIS2_PLACEMENT_3D('',#2084,#2085,#2086);
#2084 = CARTESIAN_POINT('',(2.2E+03,1.75245E+03,1.24755E+03));
#2085 = DIRECTION('',(0.,-1.,-8.269460797428E-16));
#2086 = DIRECTION('',(0.,8.269460797428E-16,-1.));
#2087 = ORIENTED_EDGE('',*,*,#2070,.F.);
#2088 = ORIENTED_EDGE('',*,*,#2089,.F.);
#2089 = EDGE_CURVE('',#2071,#2071,#2090,.T.);
#2090 = CIRCLE('',#2091,84.15);
#2091 = AXIS2_PLACEMENT_3D('',#2092,#2093,#2094);
#2092 = CARTESIAN_POINT('',(2.2E+03,1.5E+03,1.5E+03));
#2093 = DIRECTION('',(-0.,0.,1.));
#2094 = DIRECTION('',(0.,-1.,0.));
#2095 = TOROIDAL_SURFACE('',#2096,252.45,84.15);
#2096 = AXIS2_PLACEMENT_3D('',#2097,#2098,#2099);
#2097 = CARTESIAN_POINT('',(2.2E+03,1.75245E+03,1.5E+03));
#2098 = DIRECTION('',(1.,0.,0.));
#2099 = DIRECTION('',(0.,-1.,0.));
#2100 = ADVANCED_FACE('',(#2101,#2104),#2115,.F.);
#2101 = FACE_BOUND('',#2102,.F.);
#2102 = EDGE_LOOP('',(#2103));
#2103 = ORIENTED_EDGE('',*,*,#2089,.F.);
#2104 = FACE_BOUND('',#2105,.F.);
#2105 = EDGE_LOOP('',(#2106));
#2106 = ORIENTED_EDGE('',*,*,#2107,.T.);
#2107 = EDGE_CURVE('',#2108,#2108,#2110,.T.);
#2108 = VERTEX_POINT('',#2109);
#2109 = CARTESIAN_POINT('',(2.28075E+03,1.5E+03,1.5E+03));
#2110 = CIRCLE('',#2111,80.75);
#2111 = AXIS2_PLACEMENT_3D('',#2112,#2113,#2114);
#2112 = CARTESIAN_POINT('',(2.2E+03,1.5E+03,1.5E+03));
#2113 = DIRECTION('',(-0.,0.,1.));
#2114 = DIRECTION('',(0.,-1.,0.));
#2115 = PLANE('',#2116);
#2116 = AXIS2_PLACEMENT_3D('',#2117,#2118,#2119);
#2117 = CARTESIAN_POINT('',(2.2E+03,1.5E+03,1.5E+03));
#2118 = DIRECTION('',(-0.,-0.,-1.));
#2119 = DIRECTION('',(-1.,0.,0.));
#2120 = ADVANCED_FACE('',(#2121,#2124),#2135,.T.);
#2121 = FACE_BOUND('',#2122,.T.);
#2122 = EDGE_LOOP('',(#2123));
#2123 = ORIENTED_EDGE('',*,*,#2081,.F.);
#2124 = FACE_BOUND('',#2125,.T.);
#2125 = EDGE_LOOP('',(#2126));
#2126 = ORIENTED_EDGE('',*,*,#2127,.T.);
#2127 = EDGE_CURVE('',#2128,#2128,#2130,.T.);
#2128 = VERTEX_POINT('',#2129);
#2129 = CARTESIAN_POINT('',(2.28075E+03,1.75245E+03,1.24755E+03));
#2130 = CIRCLE('',#2131,80.75);
#2131 = AXIS2_PLACEMENT_3D('',#2132,#2133,#2134);
#2132 = CARTESIAN_POINT('',(2.2E+03,1.75245E+03,1.24755E+03));
#2133 = DIRECTION('',(0.,-1.,-8.269460797428E-16));
#2134 = DIRECTION('',(0.,8.269460797428E-16,-1.));
#2135 = PLANE('',#2136);
#2136 = AXIS2_PLACEMENT_3D('',#2137,#2138,#2139);
#2137 = CARTESIAN_POINT('',(2.2E+03,1.75245E+03,1.24755E+03));
#2138 = DIRECTION('',(0.,1.,0.));
#2139 = DIRECTION('',(0.,0.,1.));
#2140 = ADVANCED_FACE('',(#2141),#2153,.F.);
#2141 = FACE_BOUND('',#2142,.F.);
#2142 = EDGE_LOOP('',(#2143,#2150,#2151,#2152));
#2143 = ORIENTED_EDGE('',*,*,#2144,.T.);
#2144 = EDGE_CURVE('',#2108,#2128,#2145,.T.);
#2145 = CIRCLE('',#2146,252.45);
#2146 = AXIS2_PLACEMENT_3D('',#2147,#2148,#2149);
#2147 = CARTESIAN_POINT('',(2.28075E+03,1.75245E+03,1.5E+03));
#2148 = DIRECTION('',(1.,0.,0.));
#2149 = DIRECTION('',(0.,-1.,0.));
#2150 = ORIENTED_EDGE('',*,*,#2127,.T.);
#2151 = ORIENTED_EDGE('',*,*,#2144,.F.);
#2152 = ORIENTED_EDGE('',*,*,#2107,.F.);
#2153 = TOROIDAL_SURFACE('',#2154,252.45,80.75);
#2154 = AXIS2_PLACEMENT_3D('',#2155,#2156,#2157);
#2155 = CARTESIAN_POINT('',(2.2E+03,1.75245E+03,1.5E+03));
#2156 = DIRECTION('',(1.,0.,0.));
#2157 = DIRECTION('',(0.,-1.,0.));
#2158 = MANIFOLD_SOLID_BREP('',#2159);
#2159 = CLOSED_SHELL('',(#2160,#2193,#2213,#2233));
#2160 = ADVANCED_FACE('',(#2161),#2188,.T.);
#2161 = FACE_BOUND('',#2162,.T.);
#2162 = EDGE_LOOP('',(#2163,#2172,#2180,#2187));
#2163 = ORIENTED_EDGE('',*,*,#2164,.F.);
#2164 = EDGE_CURVE('',#2165,#2165,#2167,.T.);
#2165 = VERTEX_POINT('',#2166);
#2166 = CARTESIAN_POINT('',(2.2E+03,2.95245E+03,1.3317E+03));
#2167 = CIRCLE('',#2168,84.15);
#2168 = AXIS2_PLACEMENT_3D('',#2169,#2170,#2171);
#2169 = CARTESIAN_POINT('',(2.2E+03,2.95245E+03,1.24755E+03));
#2170 = DIRECTION('',(0.,1.,0.));
#2171 = DIRECTION('',(0.,0.,1.));
#2172 = ORIENTED_EDGE('',*,*,#2173,.F.);
#2173 = EDGE_CURVE('',#2174,#2165,#2176,.T.);
#2174 = VERTEX_POINT('',#2175);
#2175 = CARTESIAN_POINT('',(2.2E+03,1.75245E+03,1.3317E+03));
#2176 = LINE('',#2177,#2178);
#2177 = CARTESIAN_POINT('',(2.2E+03,1.75245E+03,1.3317E+03));
#2178 = VECTOR('',#2179,1.);
#2179 = DIRECTION('',(0.,1.,0.));
#2180 = ORIENTED_EDGE('',*,*,#2181,.T.);
#2181 = EDGE_CURVE('',#2174,#2174,#2182,.T.);
#2182 = CIRCLE('',#2183,84.15);
#2183 = AXIS2_PLACEMENT_3D('',#2184,#2185,#2186);
#2184 = CARTESIAN_POINT('',(2.2E+03,1.75245E+03,1.24755E+03));
#2185 = DIRECTION('',(0.,1.,0.));
#2186 = DIRECTION('',(0.,0.,1.));
#2187 = ORIENTED_EDGE('',*,*,#2173,.T.);
#2188 = CYLINDRICAL_SURFACE('',#2189,84.15);
#2189 = AXIS2_PLACEMENT_3D('',#2190,#2191,#2192);
#2190 = CARTESIAN_POINT('',(2.2E+03,1.75245E+03,1.24755E+03));
#2191 = DIRECTION('',(0.,1.,0.));
#2192 = DIRECTION('',(0.,0.,1.));
#2193 = ADVANCED_FACE('',(#2194,#2197),#2208,.T.);
#2194 = FACE_BOUND('',#2195,.T.);
#2195 = EDGE_LOOP('',(#2196));
#2196 = ORIENTED_EDGE('',*,*,#2164,.T.);
#2197 = FACE_BOUND('',#2198,.T.);
#2198 = EDGE_LOOP('',(#2199));
#2199 = ORIENTED_EDGE('',*,*,#2200,.F.);
#2200 = EDGE_CURVE('',#2201,#2201,#2203,.T.);
#2201 = VERTEX_POINT('',#2202);
#2202 = CARTESIAN_POINT('',(2.2E+03,2.95245E+03,1.3283E+03));
#2203 = CIRCLE('',#2204,80.75);
#2204 = AXIS2_PLACEMENT_3D('',#2205,#2206,#2207);
#2205 = CARTESIAN_POINT('',(2.2E+03,2.95245E+03,1.24755E+03));
#2206 = DIRECTION('',(0.,1.,0.));
#2207 = DIRECTION('',(0.,0.,1.));
#2208 = PLANE('',#2209);
#2209 = AXIS2_PLACEMENT_3D('',#2210,#2211,#2212);
#2210 = CARTESIAN_POINT('',(2.2E+03,2.95245E+03,1.24755E+03));
#2211 = DIRECTION('',(0.,1.,0.));
#2212 = DIRECTION('',(0.,0.,1.));
#2213 = ADVANCED_FACE('',(#2214,#2217),#2228,.F.);
#2214 = FACE_BOUND('',#2215,.F.);
#2215 = EDGE_LOOP('',(#2216));
#2216 = ORIENTED_EDGE('',*,*,#2181,.T.);
#2217 = FACE_BOUND('',#2218,.F.);
#2218 = EDGE_LOOP('',(#2219));
#2219 = ORIENTED_EDGE('',*,*,#2220,.F.);
#2220 = EDGE_CURVE('',#2221,#2221,#2223,.T.);
#2221 = VERTEX_POINT('',#2222);
#2222 = CARTESIAN_POINT('',(2.2E+03,1.75245E+03,1.3283E+03));
#2223 = CIRCLE('',#2224,80.75);
#2224 = AXIS2_PLACEMENT_3D('',#2225,#2226,#2227);
#2225 = CARTESIAN_POINT('',(2.2E+03,1.75245E+03,1.24755E+03));
#2226 = DIRECTION('',(0.,1.,0.));
#2227 = DIRECTION('',(0.,0.,1.));
#2228 = PLANE('',#2229);
#2229 = AXIS2_PLACEMENT_3D('',#2230,#2231,#2232);
#2230 = CARTESIAN_POINT('',(2.2E+03,1.75245E+03,1.24755E+03));
#2231 = DIRECTION('',(0.,1.,0.));
#2232 = DIRECTION('',(0.,0.,1.));
#2233 = ADVANCED_FACE('',(#2234),#2245,.F.);
#2234 = FACE_BOUND('',#2235,.F.);
#2235 = EDGE_LOOP('',(#2236,#2237,#2243,#2244));
#2236 = ORIENTED_EDGE('',*,*,#2200,.F.);
#2237 = ORIENTED_EDGE('',*,*,#2238,.F.);
#2238 = EDGE_CURVE('',#2221,#2201,#2239,.T.);
#2239 = LINE('',#2240,#2241);
#2240 = CARTESIAN_POINT('',(2.2E+03,1.75245E+03,1.3283E+03));
#2241 = VECTOR('',#2242,1.);
#2242 = DIRECTION('',(0.,1.,0.));
#2243 = ORIENTED_EDGE('',*,*,#2220,.T.);
#2244 = ORIENTED_EDGE('',*,*,#2238,.T.);
#2245 = CYLINDRICAL_SURFACE('',#2246,80.75);
#2246 = AXIS2_PLACEMENT_3D('',#2247,#2248,#2249);
#2247 = CARTESIAN_POINT('',(2.2E+03,1.75245E+03,1.24755E+03));
#2248 = DIRECTION('',(0.,1.,0.));
#2249 = DIRECTION('',(0.,0.,1.));
#2250 = MANIFOLD_SOLID_BREP('',#2251);
#2251 = CLOSED_SHELL('',(#2252,#2286,#2306,#2326));
#2252 = ADVANCED_FACE('',(#2253),#2281,.T.);
#2253 = FACE_BOUND('',#2254,.T.);
#2254 = EDGE_LOOP('',(#2255,#2266,#2273,#2274));
#2255 = ORIENTED_EDGE('',*,*,#2256,.T.);
#2256 = EDGE_CURVE('',#2257,#2259,#2261,.T.);
#2257 = VERTEX_POINT('',#2258);
#2258 = CARTESIAN_POINT('',(2.28415E+03,2.95245E+03,1.24755E+03));
#2259 = VERTEX_POINT('',#2260);
#2260 = CARTESIAN_POINT('',(2.28415E+03,3.2049E+03,995.1));
#2261 = CIRCLE('',#2262,252.45);
#2262 = AXIS2_PLACEMENT_3D('',#2263,#2264,#2265);
#2263 = CARTESIAN_POINT('',(2.28415E+03,2.95245E+03,995.1));
#2264 = DIRECTION('',(-1.,0.,0.));
#2265 = DIRECTION('',(0.,0.,1.));
#2266 = ORIENTED_EDGE('',*,*,#2267,.T.);
#2267 = EDGE_CURVE('',#2259,#2259,#2268,.T.);
#2268 = CIRCLE('',#2269,84.15);
#2269 = AXIS2_PLACEMENT_3D('',#2270,#2271,#2272);
#2270 = CARTESIAN_POINT('',(2.2E+03,3.2049E+03,995.1));
#2271 = DIRECTION('',(0.,-6.123233995737E-17,1.));
#2272 = DIRECTION('',(0.,1.,6.123233995737E-17));
#2273 = ORIENTED_EDGE('',*,*,#2256,.F.);
#2274 = ORIENTED_EDGE('',*,*,#2275,.F.);
#2275 = EDGE_CURVE('',#2257,#2257,#2276,.T.);
#2276 = CIRCLE('',#2277,84.15);
#2277 = AXIS2_PLACEMENT_3D('',#2278,#2279,#2280);
#2278 = CARTESIAN_POINT('',(2.2E+03,2.95245E+03,1.24755E+03));
#2279 = DIRECTION('',(0.,-1.,0.));
#2280 = DIRECTION('',(0.,0.,1.));
#2281 = TOROIDAL_SURFACE('',#2282,252.45,84.15);
#2282 = AXIS2_PLACEMENT_3D('',#2283,#2284,#2285);
#2283 = CARTESIAN_POINT('',(2.2E+03,2.95245E+03,995.1));
#2284 = DIRECTION('',(-1.,0.,0.));
#2285 = DIRECTION('',(0.,0.,1.));
#2286 = ADVANCED_FACE('',(#2287,#2290),#2301,.F.);
#2287 = FACE_BOUND('',#2288,.F.);
#2288 = EDGE_LOOP('',(#2289));
#2289 = ORIENTED_EDGE('',*,*,#2275,.F.);
#2290 = FACE_BOUND('',#2291,.F.);
#2291 = EDGE_LOOP('',(#2292));
#2292 = ORIENTED_EDGE('',*,*,#2293,.T.);
#2293 = EDGE_CURVE('',#2294,#2294,#2296,.T.);
#2294 = VERTEX_POINT('',#2295);
#2295 = CARTESIAN_POINT('',(2.28075E+03,2.95245E+03,1.24755E+03));
#2296 = CIRCLE('',#2297,80.75);
#2297 = AXIS2_PLACEMENT_3D('',#2298,#2299,#2300);
#2298 = CARTESIAN_POINT('',(2.2E+03,2.95245E+03,1.24755E+03));
#2299 = DIRECTION('',(0.,-1.,0.));
#2300 = DIRECTION('',(0.,0.,1.));
#2301 = PLANE('',#2302);
#2302 = AXIS2_PLACEMENT_3D('',#2303,#2304,#2305);
#2303 = CARTESIAN_POINT('',(2.2E+03,2.95245E+03,1.24755E+03));
#2304 = DIRECTION('',(0.,1.,0.));
#2305 = DIRECTION('',(0.,0.,1.));
#2306 = ADVANCED_FACE('',(#2307,#2310),#2321,.T.);
#2307 = FACE_BOUND('',#2308,.T.);
#2308 = EDGE_LOOP('',(#2309));
#2309 = ORIENTED_EDGE('',*,*,#2267,.F.);
#2310 = FACE_BOUND('',#2311,.T.);
#2311 = EDGE_LOOP('',(#2312));
#2312 = ORIENTED_EDGE('',*,*,#2313,.T.);
#2313 = EDGE_CURVE('',#2314,#2314,#2316,.T.);
#2314 = VERTEX_POINT('',#2315);
#2315 = CARTESIAN_POINT('',(2.28075E+03,3.2049E+03,995.1));
#2316 = CIRCLE('',#2317,80.75);
#2317 = AXIS2_PLACEMENT_3D('',#2318,#2319,#2320);
#2318 = CARTESIAN_POINT('',(2.2E+03,3.2049E+03,995.1));
#2319 = DIRECTION('',(0.,-6.123233995737E-17,1.));
#2320 = DIRECTION('',(0.,1.,6.123233995737E-17));
#2321 = PLANE('',#2322);
#2322 = AXIS2_PLACEMENT_3D('',#2323,#2324,#2325);
#2323 = CARTESIAN_POINT('',(2.2E+03,3.2049E+03,995.1));
#2324 = DIRECTION('',(-0.,-0.,-1.));
#2325 = DIRECTION('',(-1.,0.,0.));
#2326 = ADVANCED_FACE('',(#2327),#2339,.F.);
#2327 = FACE_BOUND('',#2328,.F.);
#2328 = EDGE_LOOP('',(#2329,#2336,#2337,#2338));
#2329 = ORIENTED_EDGE('',*,*,#2330,.T.);
#2330 = EDGE_CURVE('',#2294,#2314,#2331,.T.);
#2331 = CIRCLE('',#2332,252.45);
#2332 = AXIS2_PLACEMENT_3D('',#2333,#2334,#2335);
#2333 = CARTESIAN_POINT('',(2.28075E+03,2.95245E+03,995.1));
#2334 = DIRECTION('',(-1.,0.,0.));
#2335 = DIRECTION('',(0.,0.,1.));
#2336 = ORIENTED_EDGE('',*,*,#2313,.T.);
#2337 = ORIENTED_EDGE('',*,*,#2330,.F.);
#2338 = ORIENTED_EDGE('',*,*,#2293,.F.);
#2339 = TOROIDAL_SURFACE('',#2340,252.45,80.75);
#2340 = AXIS2_PLACEMENT_3D('',#2341,#2342,#2343);
#2341 = CARTESIAN_POINT('',(2.2E+03,2.95245E+03,995.1));
#2342 = DIRECTION('',(-1.,0.,0.));
#2343 = DIRECTION('',(0.,0.,1.));
#2344 = MANIFOLD_SOLID_BREP('',#2345);
#2345 = CLOSED_SHELL('',(#2346,#2379,#2399,#2419));
#2346 = ADVANCED_FACE('',(#2347),#2374,.T.);
#2347 = FACE_BOUND('',#2348,.T.);
#2348 = EDGE_LOOP('',(#2349,#2358,#2366,#2373));
#2349 = ORIENTED_EDGE('',*,*,#2350,.F.);
#2350 = EDGE_CURVE('',#2351,#2351,#2353,.T.);
#2351 = VERTEX_POINT('',#2352);
#2352 = CARTESIAN_POINT('',(2.11585E+03,3.2049E+03,345.1));
#2353 = CIRCLE('',#2354,84.15);
#2354 = AXIS2_PLACEMENT_3D('',#2355,#2356,#2357);
#2355 = CARTESIAN_POINT('',(2.2E+03,3.2049E+03,345.1));
#2356 = DIRECTION('',(0.,0.,-1.));
#2357 = DIRECTION('',(-1.,0.,0.));
#2358 = ORIENTED_EDGE('',*,*,#2359,.F.);
#2359 = EDGE_CURVE('',#2360,#2351,#2362,.T.);
#2360 = VERTEX_POINT('',#2361);
#2361 = CARTESIAN_POINT('',(2.11585E+03,3.2049E+03,995.1));
#2362 = LINE('',#2363,#2364);
#2363 = CARTESIAN_POINT('',(2.11585E+03,3.2049E+03,995.1));
#2364 = VECTOR('',#2365,1.);
#2365 = DIRECTION('',(0.,0.,-1.));
#2366 = ORIENTED_EDGE('',*,*,#2367,.T.);
#2367 = EDGE_CURVE('',#2360,#2360,#2368,.T.);
#2368 = CIRCLE('',#2369,84.15);
#2369 = AXIS2_PLACEMENT_3D('',#2370,#2371,#2372);
#2370 = CARTESIAN_POINT('',(2.2E+03,3.2049E+03,995.1));
#2371 = DIRECTION('',(0.,0.,-1.));
#2372 = DIRECTION('',(-1.,0.,0.));
#2373 = ORIENTED_EDGE('',*,*,#2359,.T.);
#2374 = CYLINDRICAL_SURFACE('',#2375,84.15);
#2375 = AXIS2_PLACEMENT_3D('',#2376,#2377,#2378);
#2376 = CARTESIAN_POINT('',(2.2E+03,3.2049E+03,995.1));
#2377 = DIRECTION('',(0.,0.,-1.));
#2378 = DIRECTION('',(-1.,0.,0.));
#2379 = ADVANCED_FACE('',(#2380,#2383),#2394,.T.);
#2380 = FACE_BOUND('',#2381,.T.);
#2381 = EDGE_LOOP('',(#2382));
#2382 = ORIENTED_EDGE('',*,*,#2350,.T.);
#2383 = FACE_BOUND('',#2384,.T.);
#2384 = EDGE_LOOP('',(#2385));
#2385 = ORIENTED_EDGE('',*,*,#2386,.F.);
#2386 = EDGE_CURVE('',#2387,#2387,#2389,.T.);
#2387 = VERTEX_POINT('',#2388);
#2388 = CARTESIAN_POINT('',(2.11925E+03,3.2049E+03,345.1));
#2389 = CIRCLE('',#2390,80.75);
#2390 = AXIS2_PLACEMENT_3D('',#2391,#2392,#2393);
#2391 = CARTESIAN_POINT('',(2.2E+03,3.2049E+03,345.1));
#2392 = DIRECTION('',(0.,0.,-1.));
#2393 = DIRECTION('',(-1.,0.,0.));
#2394 = PLANE('',#2395);
#2395 = AXIS2_PLACEMENT_3D('',#2396,#2397,#2398);
#2396 = CARTESIAN_POINT('',(2.2E+03,3.2049E+03,345.1));
#2397 = DIRECTION('',(0.,0.,-1.));
#2398 = DIRECTION('',(-1.,0.,0.));
#2399 = ADVANCED_FACE('',(#2400,#2403),#2414,.F.);
#2400 = FACE_BOUND('',#2401,.F.);
#2401 = EDGE_LOOP('',(#2402));
#2402 = ORIENTED_EDGE('',*,*,#2367,.T.);
#2403 = FACE_BOUND('',#2404,.F.);
#2404 = EDGE_LOOP('',(#2405));
#2405 = ORIENTED_EDGE('',*,*,#2406,.F.);
#2406 = EDGE_CURVE('',#2407,#2407,#2409,.T.);
#2407 = VERTEX_POINT('',#2408);
#2408 = CARTESIAN_POINT('',(2.11925E+03,3.2049E+03,995.1));
#2409 = CIRCLE('',#2410,80.75);
#2410 = AXIS2_PLACEMENT_3D('',#2411,#2412,#2413);
#2411 = CARTESIAN_POINT('',(2.2E+03,3.2049E+03,995.1));
#2412 = DIRECTION('',(0.,0.,-1.));
#2413 = DIRECTION('',(-1.,0.,0.));
#2414 = PLANE('',#2415);
#2415 = AXIS2_PLACEMENT_3D('',#2416,#2417,#2418);
#2416 = CARTESIAN_POINT('',(2.2E+03,3.2049E+03,995.1));
#2417 = DIRECTION('',(0.,0.,-1.));
#2418 = DIRECTION('',(-1.,0.,0.));
#2419 = ADVANCED_FACE('',(#2420),#2431,.F.);
#2420 = FACE_BOUND('',#2421,.F.);
#2421 = EDGE_LOOP('',(#2422,#2423,#2429,#2430));
#2422 = ORIENTED_EDGE('',*,*,#2386,.F.);
#2423 = ORIENTED_EDGE('',*,*,#2424,.F.);
#2424 = EDGE_CURVE('',#2407,#2387,#2425,.T.);
#2425 = LINE('',#2426,#2427);
#2426 = CARTESIAN_POINT('',(2.11925E+03,3.2049E+03,995.1));
#2427 = VECTOR('',#2428,1.);
#2428 = DIRECTION('',(0.,0.,-1.));
#2429 = ORIENTED_EDGE('',*,*,#2406,.T.);
#2430 = ORIENTED_EDGE('',*,*,#2424,.T.);
#2431 = CYLINDRICAL_SURFACE('',#2432,80.75);
#2432 = AXIS2_PLACEMENT_3D('',#2433,#2434,#2435);
#2433 = CARTESIAN_POINT('',(2.2E+03,3.2049E+03,995.1));
#2434 = DIRECTION('',(0.,0.,-1.));
#2435 = DIRECTION('',(-1.,0.,0.));
#2436 = MANIFOLD_SOLID_BREP('',#2437);
#2437 = CLOSED_SHELL('',(#2438,#2471,#2491,#2511));
#2438 = ADVANCED_FACE('',(#2439),#2466,.T.);
#2439 = FACE_BOUND('',#2440,.T.);
#2440 = EDGE_LOOP('',(#2441,#2450,#2458,#2465));
#2441 = ORIENTED_EDGE('',*,*,#2442,.F.);
#2442 = EDGE_CURVE('',#2443,#2443,#2445,.T.);
#2443 = VERTEX_POINT('',#2444);
#2444 = CARTESIAN_POINT('',(3.31585E+03,1.5E+03,1.5E+03));
#2445 = CIRCLE('',#2446,84.15);
#2446 = AXIS2_PLACEMENT_3D('',#2447,#2448,#2449);
#2447 = CARTESIAN_POINT('',(3.4E+03,1.5E+03,1.5E+03));
#2448 = DIRECTION('',(0.,0.,-1.));
#2449 = DIRECTION('',(-1.,0.,0.));
#2450 = ORIENTED_EDGE('',*,*,#2451,.F.);
#2451 = EDGE_CURVE('',#2452,#2443,#2454,.T.);
#2452 = VERTEX_POINT('',#2453);
#2453 = CARTESIAN_POINT('',(3.31585E+03,1.5E+03,2.5E+03));
#2454 = LINE('',#2455,#2456);
#2455 = CARTESIAN_POINT('',(3.31585E+03,1.5E+03,2.5E+03));
#2456 = VECTOR('',#2457,1.);
#2457 = DIRECTION('',(0.,0.,-1.));
#2458 = ORIENTED_EDGE('',*,*,#2459,.T.);
#2459 = EDGE_CURVE('',#2452,#2452,#2460,.T.);
#2460 = CIRCLE('',#2461,84.15);
#2461 = AXIS2_PLACEMENT_3D('',#2462,#2463,#2464);
#2462 = CARTESIAN_POINT('',(3.4E+03,1.5E+03,2.5E+03));
#2463 = DIRECTION('',(0.,0.,-1.));
#2464 = DIRECTION('',(-1.,0.,0.));
#2465 = ORIENTED_EDGE('',*,*,#2451,.T.);
#2466 = CYLINDRICAL_SURFACE('',#2467,84.15);
#2467 = AXIS2_PLACEMENT_3D('',#2468,#2469,#2470);
#2468 = CARTESIAN_POINT('',(3.4E+03,1.5E+03,2.5E+03));
#2469 = DIRECTION('',(0.,0.,-1.));
#2470 = DIRECTION('',(-1.,0.,0.));
#2471 = ADVANCED_FACE('',(#2472,#2475),#2486,.T.);
#2472 = FACE_BOUND('',#2473,.T.);
#2473 = EDGE_LOOP('',(#2474));
#2474 = ORIENTED_EDGE('',*,*,#2442,.T.);
#2475 = FACE_BOUND('',#2476,.T.);
#2476 = EDGE_LOOP('',(#2477));
#2477 = ORIENTED_EDGE('',*,*,#2478,.F.);
#2478 = EDGE_CURVE('',#2479,#2479,#2481,.T.);
#2479 = VERTEX_POINT('',#2480);
#2480 = CARTESIAN_POINT('',(3.31925E+03,1.5E+03,1.5E+03));
#2481 = CIRCLE('',#2482,80.75);
#2482 = AXIS2_PLACEMENT_3D('',#2483,#2484,#2485);
#2483 = CARTESIAN_POINT('',(3.4E+03,1.5E+03,1.5E+03));
#2484 = DIRECTION('',(0.,0.,-1.));
#2485 = DIRECTION('',(-1.,0.,0.));
#2486 = PLANE('',#2487);
#2487 = AXIS2_PLACEMENT_3D('',#2488,#2489,#2490);
#2488 = CARTESIAN_POINT('',(3.4E+03,1.5E+03,1.5E+03));
#2489 = DIRECTION('',(0.,0.,-1.));
#2490 = DIRECTION('',(-1.,0.,0.));
#2491 = ADVANCED_FACE('',(#2492,#2495),#2506,.F.);
#2492 = FACE_BOUND('',#2493,.F.);
#2493 = EDGE_LOOP('',(#2494));
#2494 = ORIENTED_EDGE('',*,*,#2459,.T.);
#2495 = FACE_BOUND('',#2496,.F.);
#2496 = EDGE_LOOP('',(#2497));
#2497 = ORIENTED_EDGE('',*,*,#2498,.F.);
#2498 = EDGE_CURVE('',#2499,#2499,#2501,.T.);
#2499 = VERTEX_POINT('',#2500);
#2500 = CARTESIAN_POINT('',(3.31925E+03,1.5E+03,2.5E+03));
#2501 = CIRCLE('',#2502,80.75);
#2502 = AXIS2_PLACEMENT_3D('',#2503,#2504,#2505);
#2503 = CARTESIAN_POINT('',(3.4E+03,1.5E+03,2.5E+03));
#2504 = DIRECTION('',(0.,0.,-1.));
#2505 = DIRECTION('',(-1.,0.,0.));
#2506 = PLANE('',#2507);
#2507 = AXIS2_PLACEMENT_3D('',#2508,#2509,#2510);
#2508 = CARTESIAN_POINT('',(3.4E+03,1.5E+03,2.5E+03));
#2509 = DIRECTION('',(0.,0.,-1.));
#2510 = DIRECTION('',(-1.,0.,0.));
#2511 = ADVANCED_FACE('',(#2512),#2523,.F.);
#2512 = FACE_BOUND('',#2513,.F.);
#2513 = EDGE_LOOP('',(#2514,#2515,#2521,#2522));
#2514 = ORIENTED_EDGE('',*,*,#2478,.F.);
#2515 = ORIENTED_EDGE('',*,*,#2516,.F.);
#2516 = EDGE_CURVE('',#2499,#2479,#2517,.T.);
#2517 = LINE('',#2518,#2519);
#2518 = CARTESIAN_POINT('',(3.31925E+03,1.5E+03,2.5E+03));
#2519 = VECTOR('',#2520,1.);
#2520 = DIRECTION('',(0.,0.,-1.));
#2521 = ORIENTED_EDGE('',*,*,#2498,.T.);
#2522 = ORIENTED_EDGE('',*,*,#2516,.T.);
#2523 = CYLINDRICAL_SURFACE('',#2524,80.75);
#2524 = AXIS2_PLACEMENT_3D('',#2525,#2526,#2527);
#2525 = CARTESIAN_POINT('',(3.4E+03,1.5E+03,2.5E+03));
#2526 = DIRECTION('',(0.,0.,-1.));
#2527 = DIRECTION('',(-1.,0.,0.));
#2528 = MANIFOLD_SOLID_BREP('',#2529);
#2529 = CLOSED_SHELL('',(#2530,#2564,#2584,#2604));
#2530 = ADVANCED_FACE('',(#2531),#2559,.T.);
#2531 = FACE_BOUND('',#2532,.T.);
#2532 = EDGE_LOOP('',(#2533,#2544,#2551,#2552));
#2533 = ORIENTED_EDGE('',*,*,#2534,.T.);
#2534 = EDGE_CURVE('',#2535,#2537,#2539,.T.);
#2535 = VERTEX_POINT('',#2536);
#2536 = CARTESIAN_POINT('',(3.48415E+03,1.5E+03,1.5E+03));
#2537 = VERTEX_POINT('',#2538);
#2538 = CARTESIAN_POINT('',(3.48415E+03,1.75245E+03,1.24755E+03));
#2539 = CIRCLE('',#2540,252.45);
#2540 = AXIS2_PLACEMENT_3D('',#2541,#2542,#2543);
#2541 = CARTESIAN_POINT('',(3.48415E+03,1.75245E+03,1.5E+03));
#2542 = DIRECTION('',(1.,0.,0.));
#2543 = DIRECTION('',(0.,-1.,0.));
#2544 = ORIENTED_EDGE('',*,*,#2545,.T.);
#2545 = EDGE_CURVE('',#2537,#2537,#2546,.T.);
#2546 = CIRCLE('',#2547,84.15);
#2547 = AXIS2_PLACEMENT_3D('',#2548,#2549,#2550);
#2548 = CARTESIAN_POINT('',(3.4E+03,1.75245E+03,1.24755E+03));
#2549 = DIRECTION('',(0.,-1.,-8.269460797428E-16));
#2550 = DIRECTION('',(0.,8.269460797428E-16,-1.));
#2551 = ORIENTED_EDGE('',*,*,#2534,.F.);
#2552 = ORIENTED_EDGE('',*,*,#2553,.F.);
#2553 = EDGE_CURVE('',#2535,#2535,#2554,.T.);
#2554 = CIRCLE('',#2555,84.15);
#2555 = AXIS2_PLACEMENT_3D('',#2556,#2557,#2558);
#2556 = CARTESIAN_POINT('',(3.4E+03,1.5E+03,1.5E+03));
#2557 = DIRECTION('',(-0.,0.,1.));
#2558 = DIRECTION('',(0.,-1.,0.));
#2559 = TOROIDAL_SURFACE('',#2560,252.45,84.15);
#2560 = AXIS2_PLACEMENT_3D('',#2561,#2562,#2563);
#2561 = CARTESIAN_POINT('',(3.4E+03,1.75245E+03,1.5E+03));
#2562 = DIRECTION('',(1.,0.,0.));
#2563 = DIRECTION('',(0.,-1.,0.));
#2564 = ADVANCED_FACE('',(#2565,#2568),#2579,.F.);
#2565 = FACE_BOUND('',#2566,.F.);
#2566 = EDGE_LOOP('',(#2567));
#2567 = ORIENTED_EDGE('',*,*,#2553,.F.);
#2568 = FACE_BOUND('',#2569,.F.);
#2569 = EDGE_LOOP('',(#2570));
#2570 = ORIENTED_EDGE('',*,*,#2571,.T.);
#2571 = EDGE_CURVE('',#2572,#2572,#2574,.T.);
#2572 = VERTEX_POINT('',#2573);
#2573 = CARTESIAN_POINT('',(3.48075E+03,1.5E+03,1.5E+03));
#2574 = CIRCLE('',#2575,80.75);
#2575 = AXIS2_PLACEMENT_3D('',#2576,#2577,#2578);
#2576 = CARTESIAN_POINT('',(3.4E+03,1.5E+03,1.5E+03));
#2577 = DIRECTION('',(-0.,0.,1.));
#2578 = DIRECTION('',(0.,-1.,0.));
#2579 = PLANE('',#2580);
#2580 = AXIS2_PLACEMENT_3D('',#2581,#2582,#2583);
#2581 = CARTESIAN_POINT('',(3.4E+03,1.5E+03,1.5E+03));
#2582 = DIRECTION('',(-0.,-0.,-1.));
#2583 = DIRECTION('',(-1.,0.,0.));
#2584 = ADVANCED_FACE('',(#2585,#2588),#2599,.T.);
#2585 = FACE_BOUND('',#2586,.T.);
#2586 = EDGE_LOOP('',(#2587));
#2587 = ORIENTED_EDGE('',*,*,#2545,.F.);
#2588 = FACE_BOUND('',#2589,.T.);
#2589 = EDGE_LOOP('',(#2590));
#2590 = ORIENTED_EDGE('',*,*,#2591,.T.);
#2591 = EDGE_CURVE('',#2592,#2592,#2594,.T.);
#2592 = VERTEX_POINT('',#2593);
#2593 = CARTESIAN_POINT('',(3.48075E+03,1.75245E+03,1.24755E+03));
#2594 = CIRCLE('',#2595,80.75);
#2595 = AXIS2_PLACEMENT_3D('',#2596,#2597,#2598);
#2596 = CARTESIAN_POINT('',(3.4E+03,1.75245E+03,1.24755E+03));
#2597 = DIRECTION('',(0.,-1.,-8.269460797428E-16));
#2598 = DIRECTION('',(0.,8.269460797428E-16,-1.));
#2599 = PLANE('',#2600);
#2600 = AXIS2_PLACEMENT_3D('',#2601,#2602,#2603);
#2601 = CARTESIAN_POINT('',(3.4E+03,1.75245E+03,1.24755E+03));
#2602 = DIRECTION('',(0.,1.,0.));
#2603 = DIRECTION('',(0.,0.,1.));
#2604 = ADVANCED_FACE('',(#2605),#2617,.F.);
#2605 = FACE_BOUND('',#2606,.F.);
#2606 = EDGE_LOOP('',(#2607,#2614,#2615,#2616));
#2607 = ORIENTED_EDGE('',*,*,#2608,.T.);
#2608 = EDGE_CURVE('',#2572,#2592,#2609,.T.);
#2609 = CIRCLE('',#2610,252.45);
#2610 = AXIS2_PLACEMENT_3D('',#2611,#2612,#2613);
#2611 = CARTESIAN_POINT('',(3.48075E+03,1.75245E+03,1.5E+03));
#2612 = DIRECTION('',(1.,0.,0.));
#2613 = DIRECTION('',(0.,-1.,0.));
#2614 = ORIENTED_EDGE('',*,*,#2591,.T.);
#2615 = ORIENTED_EDGE('',*,*,#2608,.F.);
#2616 = ORIENTED_EDGE('',*,*,#2571,.F.);
#2617 = TOROIDAL_SURFACE('',#2618,252.45,80.75);
#2618 = AXIS2_PLACEMENT_3D('',#2619,#2620,#2621);
#2619 = CARTESIAN_POINT('',(3.4E+03,1.75245E+03,1.5E+03));
#2620 = DIRECTION('',(1.,0.,0.));
#2621 = DIRECTION('',(0.,-1.,0.));
#2622 = MANIFOLD_SOLID_BREP('',#2623);
#2623 = CLOSED_SHELL('',(#2624,#2657,#2677,#2697));
#2624 = ADVANCED_FACE('',(#2625),#2652,.T.);
#2625 = FACE_BOUND('',#2626,.T.);
#2626 = EDGE_LOOP('',(#2627,#2636,#2644,#2651));
#2627 = ORIENTED_EDGE('',*,*,#2628,.F.);
#2628 = EDGE_CURVE('',#2629,#2629,#2631,.T.);
#2629 = VERTEX_POINT('',#2630);
#2630 = CARTESIAN_POINT('',(3.4E+03,2.95245E+03,1.3317E+03));
#2631 = CIRCLE('',#2632,84.15);
#2632 = AXIS2_PLACEMENT_3D('',#2633,#2634,#2635);
#2633 = CARTESIAN_POINT('',(3.4E+03,2.95245E+03,1.24755E+03));
#2634 = DIRECTION('',(0.,1.,0.));
#2635 = DIRECTION('',(0.,0.,1.));
#2636 = ORIENTED_EDGE('',*,*,#2637,.F.);
#2637 = EDGE_CURVE('',#2638,#2629,#2640,.T.);
#2638 = VERTEX_POINT('',#2639);
#2639 = CARTESIAN_POINT('',(3.4E+03,1.75245E+03,1.3317E+03));
#2640 = LINE('',#2641,#2642);
#2641 = CARTESIAN_POINT('',(3.4E+03,1.75245E+03,1.3317E+03));
#2642 = VECTOR('',#2643,1.);
#2643 = DIRECTION('',(0.,1.,0.));
#2644 = ORIENTED_EDGE('',*,*,#2645,.T.);
#2645 = EDGE_CURVE('',#2638,#2638,#2646,.T.);
#2646 = CIRCLE('',#2647,84.15);
#2647 = AXIS2_PLACEMENT_3D('',#2648,#2649,#2650);
#2648 = CARTESIAN_POINT('',(3.4E+03,1.75245E+03,1.24755E+03));
#2649 = DIRECTION('',(0.,1.,0.));
#2650 = DIRECTION('',(0.,0.,1.));
#2651 = ORIENTED_EDGE('',*,*,#2637,.T.);
#2652 = CYLINDRICAL_SURFACE('',#2653,84.15);
#2653 = AXIS2_PLACEMENT_3D('',#2654,#2655,#2656);
#2654 = CARTESIAN_POINT('',(3.4E+03,1.75245E+03,1.24755E+03));
#2655 = DIRECTION('',(0.,1.,0.));
#2656 = DIRECTION('',(0.,0.,1.));
#2657 = ADVANCED_FACE('',(#2658,#2661),#2672,.T.);
#2658 = FACE_BOUND('',#2659,.T.);
#2659 = EDGE_LOOP('',(#2660));
#2660 = ORIENTED_EDGE('',*,*,#2628,.T.);
#2661 = FACE_BOUND('',#2662,.T.);
#2662 = EDGE_LOOP('',(#2663));
#2663 = ORIENTED_EDGE('',*,*,#2664,.F.);
#2664 = EDGE_CURVE('',#2665,#2665,#2667,.T.);
#2665 = VERTEX_POINT('',#2666);
#2666 = CARTESIAN_POINT('',(3.4E+03,2.95245E+03,1.3283E+03));
#2667 = CIRCLE('',#2668,80.75);
#2668 = AXIS2_PLACEMENT_3D('',#2669,#2670,#2671);
#2669 = CARTESIAN_POINT('',(3.4E+03,2.95245E+03,1.24755E+03));
#2670 = DIRECTION('',(0.,1.,0.));
#2671 = DIRECTION('',(0.,0.,1.));
#2672 = PLANE('',#2673);
#2673 = AXIS2_PLACEMENT_3D('',#2674,#2675,#2676);
#2674 = CARTESIAN_POINT('',(3.4E+03,2.95245E+03,1.24755E+03));
#2675 = DIRECTION('',(0.,1.,0.));
#2676 = DIRECTION('',(0.,0.,1.));
#2677 = ADVANCED_FACE('',(#2678,#2681),#2692,.F.);
#2678 = FACE_BOUND('',#2679,.F.);
#2679 = EDGE_LOOP('',(#2680));
#2680 = ORIENTED_EDGE('',*,*,#2645,.T.);
#2681 = FACE_BOUND('',#2682,.F.);
#2682 = EDGE_LOOP('',(#2683));
#2683 = ORIENTED_EDGE('',*,*,#2684,.F.);
#2684 = EDGE_CURVE('',#2685,#2685,#2687,.T.);
#2685 = VERTEX_POINT('',#2686);
#2686 = CARTESIAN_POINT('',(3.4E+03,1.75245E+03,1.3283E+03));
#2687 = CIRCLE('',#2688,80.75);
#2688 = AXIS2_PLACEMENT_3D('',#2689,#2690,#2691);
#2689 = CARTESIAN_POINT('',(3.4E+03,1.75245E+03,1.24755E+03));
#2690 = DIRECTION('',(0.,1.,0.));
#2691 = DIRECTION('',(0.,0.,1.));
#2692 = PLANE('',#2693);
#2693 = AXIS2_PLACEMENT_3D('',#2694,#2695,#2696);
#2694 = CARTESIAN_POINT('',(3.4E+03,1.75245E+03,1.24755E+03));
#2695 = DIRECTION('',(0.,1.,0.));
#2696 = DIRECTION('',(0.,0.,1.));
#2697 = ADVANCED_FACE('',(#2698),#2709,.F.);
#2698 = FACE_BOUND('',#2699,.F.);
#2699 = EDGE_LOOP('',(#2700,#2701,#2707,#2708));
#2700 = ORIENTED_EDGE('',*,*,#2664,.F.);
#2701 = ORIENTED_EDGE('',*,*,#2702,.F.);
#2702 = EDGE_CURVE('',#2685,#2665,#2703,.T.);
#2703 = LINE('',#2704,#2705);
#2704 = CARTESIAN_POINT('',(3.4E+03,1.75245E+03,1.3283E+03));
#2705 = VECTOR('',#2706,1.);
#2706 = DIRECTION('',(0.,1.,0.));
#2707 = ORIENTED_EDGE('',*,*,#2684,.T.);
#2708 = ORIENTED_EDGE('',*,*,#2702,.T.);
#2709 = CYLINDRICAL_SURFACE('',#2710,80.75);
#2710 = AXIS2_PLACEMENT_3D('',#2711,#2712,#2713);
#2711 = CARTESIAN_POINT('',(3.4E+03,1.75245E+03,1.24755E+03));
#2712 = DIRECTION('',(0.,1.,0.));
#2713 = DIRECTION('',(0.,0.,1.));
#2714 = MANIFOLD_SOLID_BREP('',#2715);
#2715 = CLOSED_SHELL('',(#2716,#2750,#2770,#2790));
#2716 = ADVANCED_FACE('',(#2717),#2745,.T.);
#2717 = FACE_BOUND('',#2718,.T.);
#2718 = EDGE_LOOP('',(#2719,#2730,#2737,#2738));
#2719 = ORIENTED_EDGE('',*,*,#2720,.T.);
#2720 = EDGE_CURVE('',#2721,#2723,#2725,.T.);
#2721 = VERTEX_POINT('',#2722);
#2722 = CARTESIAN_POINT('',(3.48415E+03,2.95245E+03,1.24755E+03));
#2723 = VERTEX_POINT('',#2724);
#2724 = CARTESIAN_POINT('',(3.48415E+03,3.2049E+03,995.1));
#2725 = CIRCLE('',#2726,252.45);
#2726 = AXIS2_PLACEMENT_3D('',#2727,#2728,#2729);
#2727 = CARTESIAN_POINT('',(3.48415E+03,2.95245E+03,995.1));
#2728 = DIRECTION('',(-1.,0.,0.));
#2729 = DIRECTION('',(0.,0.,1.));
#2730 = ORIENTED_EDGE('',*,*,#2731,.T.);
#2731 = EDGE_CURVE('',#2723,#2723,#2732,.T.);
#2732 = CIRCLE('',#2733,84.15);
#2733 = AXIS2_PLACEMENT_3D('',#2734,#2735,#2736);
#2734 = CARTESIAN_POINT('',(3.4E+03,3.2049E+03,995.1));
#2735 = DIRECTION('',(0.,-6.123233995737E-17,1.));
#2736 = DIRECTION('',(0.,1.,6.123233995737E-17));
#2737 = ORIENTED_EDGE('',*,*,#2720,.F.);
#2738 = ORIENTED_EDGE('',*,*,#2739,.F.);
#2739 = EDGE_CURVE('',#2721,#2721,#2740,.T.);
#2740 = CIRCLE('',#2741,84.15);
#2741 = AXIS2_PLACEMENT_3D('',#2742,#2743,#2744);
#2742 = CARTESIAN_POINT('',(3.4E+03,2.95245E+03,1.24755E+03));
#2743 = DIRECTION('',(0.,-1.,0.));
#2744 = DIRECTION('',(0.,0.,1.));
#2745 = TOROIDAL_SURFACE('',#2746,252.45,84.15);
#2746 = AXIS2_PLACEMENT_3D('',#2747,#2748,#2749);
#2747 = CARTESIAN_POINT('',(3.4E+03,2.95245E+03,995.1));
#2748 = DIRECTION('',(-1.,0.,0.));
#2749 = DIRECTION('',(0.,0.,1.));
#2750 = ADVANCED_FACE('',(#2751,#2754),#2765,.F.);
#2751 = FACE_BOUND('',#2752,.F.);
#2752 = EDGE_LOOP('',(#2753));
#2753 = ORIENTED_EDGE('',*,*,#2739,.F.);
#2754 = FACE_BOUND('',#2755,.F.);
#2755 = EDGE_LOOP('',(#2756));
#2756 = ORIENTED_EDGE('',*,*,#2757,.T.);
#2757 = EDGE_CURVE('',#2758,#2758,#2760,.T.);
#2758 = VERTEX_POINT('',#2759);
#2759 = CARTESIAN_POINT('',(3.48075E+03,2.95245E+03,1.24755E+03));
#2760 = CIRCLE('',#2761,80.75);
#2761 = AXIS2_PLACEMENT_3D('',#2762,#2763,#2764);
#2762 = CARTESIAN_POINT('',(3.4E+03,2.95245E+03,1.24755E+03));
#2763 = DIRECTION('',(0.,-1.,0.));
#2764 = DIRECTION('',(0.,0.,1.));
#2765 = PLANE('',#2766);
#2766 = AXIS2_PLACEMENT_3D('',#2767,#2768,#2769);
#2767 = CARTESIAN_POINT('',(3.4E+03,2.95245E+03,1.24755E+03));
#2768 = DIRECTION('',(0.,1.,0.));
#2769 = DIRECTION('',(0.,0.,1.));
#2770 = ADVANCED_FACE('',(#2771,#2774),#2785,.T.);
#2771 = FACE_BOUND('',#2772,.T.);
#2772 = EDGE_LOOP('',(#2773));
#2773 = ORIENTED_EDGE('',*,*,#2731,.F.);
#2774 = FACE_BOUND('',#2775,.T.);
#2775 = EDGE_LOOP('',(#2776));
#2776 = ORIENTED_EDGE('',*,*,#2777,.T.);
#2777 = EDGE_CURVE('',#2778,#2778,#2780,.T.);
#2778 = VERTEX_POINT('',#2779);
#2779 = CARTESIAN_POINT('',(3.48075E+03,3.2049E+03,995.1));
#2780 = CIRCLE('',#2781,80.75);
#2781 = AXIS2_PLACEMENT_3D('',#2782,#2783,#2784);
#2782 = CARTESIAN_POINT('',(3.4E+03,3.2049E+03,995.1));
#2783 = DIRECTION('',(0.,-6.123233995737E-17,1.));
#2784 = DIRECTION('',(0.,1.,6.123233995737E-17));
#2785 = PLANE('',#2786);
#2786 = AXIS2_PLACEMENT_3D('',#2787,#2788,#2789);
#2787 = CARTESIAN_POINT('',(3.4E+03,3.2049E+03,995.1));
#2788 = DIRECTION('',(-0.,-0.,-1.));
#2789 = DIRECTION('',(-1.,0.,0.));
#2790 = ADVANCED_FACE('',(#2791),#2803,.F.);
#2791 = FACE_BOUND('',#2792,.F.);
#2792 = EDGE_LOOP('',(#2793,#2800,#2801,#2802));
#2793 = ORIENTED_EDGE('',*,*,#2794,.T.);
#2794 = EDGE_CURVE('',#2758,#2778,#2795,.T.);
#2795 = CIRCLE('',#2796,252.45);
#2796 = AXIS2_PLACEMENT_3D('',#2797,#2798,#2799);
#2797 = CARTESIAN_POINT('',(3.48075E+03,2.95245E+03,995.1));
#2798 = DIRECTION('',(-1.,0.,0.));
#2799 = DIRECTION('',(0.,0.,1.));
#2800 = ORIENTED_EDGE('',*,*,#2777,.T.);
#2801 = ORIENTED_EDGE('',*,*,#2794,.F.);
#2802 = ORIENTED_EDGE('',*,*,#2757,.F.);
#2803 = TOROIDAL_SURFACE('',#2804,252.45,80.75);
#2804 = AXIS2_PLACEMENT_3D('',#2805,#2806,#2807);
#2805 = CARTESIAN_POINT('',(3.4E+03,2.95245E+03,995.1));
#2806 = DIRECTION('',(-1.,0.,0.));
#2807 = DIRECTION('',(0.,0.,1.));
#2808 = MANIFOLD_SOLID_BREP('',#2809);
#2809 = CLOSED_SHELL('',(#2810,#2843,#2863,#2883));
#2810 = ADVANCED_FACE('',(#2811),#2838,.T.);
#2811 = FACE_BOUND('',#2812,.T.);
#2812 = EDGE_LOOP('',(#2813,#2822,#2830,#2837));
#2813 = ORIENTED_EDGE('',*,*,#2814,.F.);
#2814 = EDGE_CURVE('',#2815,#2815,#2817,.T.);
#2815 = VERTEX_POINT('',#2816);
#2816 = CARTESIAN_POINT('',(3.31585E+03,3.2049E+03,345.1));
#2817 = CIRCLE('',#2818,84.15);
#2818 = AXIS2_PLACEMENT_3D('',#2819,#2820,#2821);
#2819 = CARTESIAN_POINT('',(3.4E+03,3.2049E+03,345.1));
#2820 = DIRECTION('',(0.,0.,-1.));
#2821 = DIRECTION('',(-1.,0.,0.));
#2822 = ORIENTED_EDGE('',*,*,#2823,.F.);
#2823 = EDGE_CURVE('',#2824,#2815,#2826,.T.);
#2824 = VERTEX_POINT('',#2825);
#2825 = CARTESIAN_POINT('',(3.31585E+03,3.2049E+03,995.1));
#2826 = LINE('',#2827,#2828);
#2827 = CARTESIAN_POINT('',(3.31585E+03,3.2049E+03,995.1));
#2828 = VECTOR('',#2829,1.);
#2829 = DIRECTION('',(0.,0.,-1.));
#2830 = ORIENTED_EDGE('',*,*,#2831,.T.);
#2831 = EDGE_CURVE('',#2824,#2824,#2832,.T.);
#2832 = CIRCLE('',#2833,84.15);
#2833 = AXIS2_PLACEMENT_3D('',#2834,#2835,#2836);
#2834 = CARTESIAN_POINT('',(3.4E+03,3.2049E+03,995.1));
#2835 = DIRECTION('',(0.,0.,-1.));
#2836 = DIRECTION('',(-1.,0.,0.));
#2837 = ORIENTED_EDGE('',*,*,#2823,.T.);
#2838 = CYLINDRICAL_SURFACE('',#2839,84.15);
#2839 = AXIS2_PLACEMENT_3D('',#2840,#2841,#2842);
#2840 = CARTESIAN_POINT('',(3.4E+03,3.2049E+03,995.1));
#2841 = DIRECTION('',(0.,0.,-1.));
#2842 = DIRECTION('',(-1.,0.,0.));
#2843 = ADVANCED_FACE('',(#2844,#2847),#2858,.T.);
#2844 = FACE_BOUND('',#2845,.T.);
#2845 = EDGE_LOOP('',(#2846));
#2846 = ORIENTED_EDGE('',*,*,#2814,.T.);
#2847 = FACE_BOUND('',#2848,.T.);
#2848 = EDGE_LOOP('',(#2849));
#2849 = ORIENTED_EDGE('',*,*,#2850,.F.);
#2850 = EDGE_CURVE('',#2851,#2851,#2853,.T.);
#2851 = VERTEX_POINT('',#2852);
#2852 = CARTESIAN_POINT('',(3.31925E+03,3.2049E+03,345.1));
#2853 = CIRCLE('',#2854,80.75);
#2854 = AXIS2_PLACEMENT_3D('',#2855,#2856,#2857);
#2855 = CARTESIAN_POINT('',(3.4E+03,3.2049E+03,345.1));
#2856 = DIRECTION('',(0.,0.,-1.));
#2857 = DIRECTION('',(-1.,0.,0.));
#2858 = PLANE('',#2859);
#2859 = AXIS2_PLACEMENT_3D('',#2860,#2861,#2862);
#2860 = CARTESIAN_POINT('',(3.4E+03,3.2049E+03,345.1));
#2861 = DIRECTION('',(0.,0.,-1.));
#2862 = DIRECTION('',(-1.,0.,0.));
#2863 = ADVANCED_FACE('',(#2864,#2867),#2878,.F.);
#2864 = FACE_BOUND('',#2865,.F.);
#2865 = EDGE_LOOP('',(#2866));
#2866 = ORIENTED_EDGE('',*,*,#2831,.T.);
#2867 = FACE_BOUND('',#2868,.F.);
#2868 = EDGE_LOOP('',(#2869));
#2869 = ORIENTED_EDGE('',*,*,#2870,.F.);
#2870 = EDGE_CURVE('',#2871,#2871,#2873,.T.);
#2871 = VERTEX_POINT('',#2872);
#2872 = CARTESIAN_POINT('',(3.31925E+03,3.2049E+03,995.1));
#2873 = CIRCLE('',#2874,80.75);
#2874 = AXIS2_PLACEMENT_3D('',#2875,#2876,#2877);
#2875 = CARTESIAN_POINT('',(3.4E+03,3.2049E+03,995.1));
#2876 = DIRECTION('',(0.,0.,-1.));
#2877 = DIRECTION('',(-1.,0.,0.));
#2878 = PLANE('',#2879);
#2879 = AXIS2_PLACEMENT_3D('',#2880,#2881,#2882);
#2880 = CARTESIAN_POINT('',(3.4E+03,3.2049E+03,995.1));
#2881 = DIRECTION('',(0.,0.,-1.));
#2882 = DIRECTION('',(-1.,0.,0.));
#2883 = ADVANCED_FACE('',(#2884),#2895,.F.);
#2884 = FACE_BOUND('',#2885,.F.);
#2885 = EDGE_LOOP('',(#2886,#2887,#2893,#2894));
#2886 = ORIENTED_EDGE('',*,*,#2850,.F.);
#2887 = ORIENTED_EDGE('',*,*,#2888,.F.);
#2888 = EDGE_CURVE('',#2871,#2851,#2889,.T.);
#2889 = LINE('',#2890,#2891);
#2890 = CARTESIAN_POINT('',(3.31925E+03,3.2049E+03,995.1));
#2891 = VECTOR('',#2892,1.);
#2892 = DIRECTION('',(0.,0.,-1.));
#2893 = ORIENTED_EDGE('',*,*,#2870,.T.);
#2894 = ORIENTED_EDGE('',*,*,#2888,.T.);
#2895 = CYLINDRICAL_SURFACE('',#2896,80.75);
#2896 = AXIS2_PLACEMENT_3D('',#2897,#2898,#2899);
#2897 = CARTESIAN_POINT('',(3.4E+03,3.2049E+03,995.1));
#2898 = DIRECTION('',(0.,0.,-1.));
#2899 = DIRECTION('',(-1.,0.,0.));
#2900 = MANIFOLD_SOLID_BREP('',#2901);
#2901 = CLOSED_SHELL('',(#2902,#2935,#2955,#2975));
#2902 = ADVANCED_FACE('',(#2903),#2930,.T.);
#2903 = FACE_BOUND('',#2904,.T.);
#2904 = EDGE_LOOP('',(#2905,#2914,#2922,#2929));
#2905 = ORIENTED_EDGE('',*,*,#2906,.F.);
#2906 = EDGE_CURVE('',#2907,#2907,#2909,.T.);
#2907 = VERTEX_POINT('',#2908);
#2908 = CARTESIAN_POINT('',(1.E+03,3.75E+03,484.15));
#2909 = CIRCLE('',#2910,84.15);
#2910 = AXIS2_PLACEMENT_3D('',#2911,#2912,#2913);
#2911 = CARTESIAN_POINT('',(1.E+03,3.75E+03,400.));
#2912 = DIRECTION('',(0.,1.,0.));
#2913 = DIRECTION('',(0.,0.,1.));
#2914 = ORIENTED_EDGE('',*,*,#2915,.F.);
#2915 = EDGE_CURVE('',#2916,#2907,#2918,.T.);
#2916 = VERTEX_POINT('',#2917);
#2917 = CARTESIAN_POINT('',(1.E+03,3.25E+03,484.15));
#2918 = LINE('',#2919,#2920);
#2919 = CARTESIAN_POINT('',(1.E+03,3.25E+03,484.15));
#2920 = VECTOR('',#2921,1.);
#2921 = DIRECTION('',(0.,1.,0.));
#2922 = ORIENTED_EDGE('',*,*,#2923,.T.);
#2923 = EDGE_CURVE('',#2916,#2916,#2924,.T.);
#2924 = CIRCLE('',#2925,84.15);
#2925 = AXIS2_PLACEMENT_3D('',#2926,#2927,#2928);
#2926 = CARTESIAN_POINT('',(1.E+03,3.25E+03,400.));
#2927 = DIRECTION('',(0.,1.,0.));
#2928 = DIRECTION('',(0.,0.,1.));
#2929 = ORIENTED_EDGE('',*,*,#2915,.T.);
#2930 = CYLINDRICAL_SURFACE('',#2931,84.15);
#2931 = AXIS2_PLACEMENT_3D('',#2932,#2933,#2934);
#2932 = CARTESIAN_POINT('',(1.E+03,3.25E+03,400.));
#2933 = DIRECTION('',(0.,1.,0.));
#2934 = DIRECTION('',(0.,0.,1.));
#2935 = ADVANCED_FACE('',(#2936,#2939),#2950,.T.);
#2936 = FACE_BOUND('',#2937,.T.);
#2937 = EDGE_LOOP('',(#2938));
#2938 = ORIENTED_EDGE('',*,*,#2906,.T.);
#2939 = FACE_BOUND('',#2940,.T.);
#2940 = EDGE_LOOP('',(#2941));
#2941 = ORIENTED_EDGE('',*,*,#2942,.F.);
#2942 = EDGE_CURVE('',#2943,#2943,#2945,.T.);
#2943 = VERTEX_POINT('',#2944);
#2944 = CARTESIAN_POINT('',(1.E+03,3.75E+03,480.75));
#2945 = CIRCLE('',#2946,80.75);
#2946 = AXIS2_PLACEMENT_3D('',#2947,#2948,#2949);
#2947 = CARTESIAN_POINT('',(1.E+03,3.75E+03,400.));
#2948 = DIRECTION('',(0.,1.,0.));
#2949 = DIRECTION('',(0.,0.,1.));
#2950 = PLANE('',#2951);
#2951 = AXIS2_PLACEMENT_3D('',#2952,#2953,#2954);
#2952 = CARTESIAN_POINT('',(1.E+03,3.75E+03,400.));
#2953 = DIRECTION('',(0.,1.,0.));
#2954 = DIRECTION('',(0.,0.,1.));
#2955 = ADVANCED_FACE('',(#2956,#2959),#2970,.F.);
#2956 = FACE_BOUND('',#2957,.F.);
#2957 = EDGE_LOOP('',(#2958));
#2958 = ORIENTED_EDGE('',*,*,#2923,.T.);
#2959 = FACE_BOUND('',#2960,.F.);
#2960 = EDGE_LOOP('',(#2961));
#2961 = ORIENTED_EDGE('',*,*,#2962,.F.);
#2962 = EDGE_CURVE('',#2963,#2963,#2965,.T.);
#2963 = VERTEX_POINT('',#2964);
#2964 = CARTESIAN_POINT('',(1.E+03,3.25E+03,480.75));
#2965 = CIRCLE('',#2966,80.75);
#2966 = AXIS2_PLACEMENT_3D('',#2967,#2968,#2969);
#2967 = CARTESIAN_POINT('',(1.E+03,3.25E+03,400.));
#2968 = DIRECTION('',(0.,1.,0.));
#2969 = DIRECTION('',(0.,0.,1.));
#2970 = PLANE('',#2971);
#2971 = AXIS2_PLACEMENT_3D('',#2972,#2973,#2974);
#2972 = CARTESIAN_POINT('',(1.E+03,3.25E+03,400.));
#2973 = DIRECTION('',(0.,1.,0.));
#2974 = DIRECTION('',(0.,0.,1.));
#2975 = ADVANCED_FACE('',(#2976),#2987,.F.);
#2976 = FACE_BOUND('',#2977,.F.);
#2977 = EDGE_LOOP('',(#2978,#2979,#2985,#2986));
#2978 = ORIENTED_EDGE('',*,*,#2942,.F.);
#2979 = ORIENTED_EDGE('',*,*,#2980,.F.);
#2980 = EDGE_CURVE('',#2963,#2943,#2981,.T.);
#2981 = LINE('',#2982,#2983);
#2982 = CARTESIAN_POINT('',(1.E+03,3.25E+03,480.75));
#2983 = VECTOR('',#2984,1.);
#2984 = DIRECTION('',(0.,1.,0.));
#2985 = ORIENTED_EDGE('',*,*,#2962,.T.);
#2986 = ORIENTED_EDGE('',*,*,#2980,.T.);
#2987 = CYLINDRICAL_SURFACE('',#2988,80.75);
#2988 = AXIS2_PLACEMENT_3D('',#2989,#2990,#2991);
#2989 = CARTESIAN_POINT('',(1.E+03,3.25E+03,400.));
#2990 = DIRECTION('',(0.,1.,0.));
#2991 = DIRECTION('',(0.,0.,1.));
#2992 = MANIFOLD_SOLID_BREP('',#2993);
#2993 = CLOSED_SHELL('',(#2994,#3028,#3048,#3068));
#2994 = ADVANCED_FACE('',(#2995),#3023,.T.);
#2995 = FACE_BOUND('',#2996,.T.);
#2996 = EDGE_LOOP('',(#2997,#3008,#3015,#3016));
#2997 = ORIENTED_EDGE('',*,*,#2998,.T.);
#2998 = EDGE_CURVE('',#2999,#3001,#3003,.T.);
#2999 = VERTEX_POINT('',#3000);
#3000 = CARTESIAN_POINT('',(1.08415E+03,3.75E+03,400.));
#3001 = VERTEX_POINT('',#3002);
#3002 = CARTESIAN_POINT('',(1.08415E+03,4.00245E+03,652.45));
#3003 = CIRCLE('',#3004,252.45);
#3004 = AXIS2_PLACEMENT_3D('',#3005,#3006,#3007);
#3005 = CARTESIAN_POINT('',(1.08415E+03,3.75E+03,652.45));
#3006 = DIRECTION('',(1.,-0.,0.));
#3007 = DIRECTION('',(0.,0.,-1.));
#3008 = ORIENTED_EDGE('',*,*,#3009,.T.);
#3009 = EDGE_CURVE('',#3001,#3001,#3010,.T.);
#3010 = CIRCLE('',#3011,84.15);
#3011 = AXIS2_PLACEMENT_3D('',#3012,#3013,#3014);
#3012 = CARTESIAN_POINT('',(1.E+03,4.00245E+03,652.45));
#3013 = DIRECTION('',(0.,8.269460797428E-16,-1.));
#3014 = DIRECTION('',(0.,1.,8.269460797428E-16));
#3015 = ORIENTED_EDGE('',*,*,#2998,.F.);
#3016 = ORIENTED_EDGE('',*,*,#3017,.F.);
#3017 = EDGE_CURVE('',#2999,#2999,#3018,.T.);
#3018 = CIRCLE('',#3019,84.15);
#3019 = AXIS2_PLACEMENT_3D('',#3020,#3021,#3022);
#3020 = CARTESIAN_POINT('',(1.E+03,3.75E+03,400.));
#3021 = DIRECTION('',(0.,-1.,0.));
#3022 = DIRECTION('',(0.,0.,-1.));
#3023 = TOROIDAL_SURFACE('',#3024,252.45,84.15);
#3024 = AXIS2_PLACEMENT_3D('',#3025,#3026,#3027);
#3025 = CARTESIAN_POINT('',(1.E+03,3.75E+03,652.45));
#3026 = DIRECTION('',(1.,0.,0.));
#3027 = DIRECTION('',(0.,0.,-1.));
#3028 = ADVANCED_FACE('',(#3029,#3032),#3043,.F.);
#3029 = FACE_BOUND('',#3030,.F.);
#3030 = EDGE_LOOP('',(#3031));
#3031 = ORIENTED_EDGE('',*,*,#3017,.F.);
#3032 = FACE_BOUND('',#3033,.F.);
#3033 = EDGE_LOOP('',(#3034));
#3034 = ORIENTED_EDGE('',*,*,#3035,.T.);
#3035 = EDGE_CURVE('',#3036,#3036,#3038,.T.);
#3036 = VERTEX_POINT('',#3037);
#3037 = CARTESIAN_POINT('',(1.08075E+03,3.75E+03,400.));
#3038 = CIRCLE('',#3039,80.75);
#3039 = AXIS2_PLACEMENT_3D('',#3040,#3041,#3042);
#3040 = CARTESIAN_POINT('',(1.E+03,3.75E+03,400.));
#3041 = DIRECTION('',(0.,-1.,0.));
#3042 = DIRECTION('',(0.,0.,-1.));
#3043 = PLANE('',#3044);
#3044 = AXIS2_PLACEMENT_3D('',#3045,#3046,#3047);
#3045 = CARTESIAN_POINT('',(1.E+03,3.75E+03,400.));
#3046 = DIRECTION('',(0.,1.,0.));
#3047 = DIRECTION('',(0.,0.,1.));
#3048 = ADVANCED_FACE('',(#3049,#3052),#3063,.T.);
#3049 = FACE_BOUND('',#3050,.T.);
#3050 = EDGE_LOOP('',(#3051));
#3051 = ORIENTED_EDGE('',*,*,#3009,.F.);
#3052 = FACE_BOUND('',#3053,.T.);
#3053 = EDGE_LOOP('',(#3054));
#3054 = ORIENTED_EDGE('',*,*,#3055,.T.);
#3055 = EDGE_CURVE('',#3056,#3056,#3058,.T.);
#3056 = VERTEX_POINT('',#3057);
#3057 = CARTESIAN_POINT('',(1.08075E+03,4.00245E+03,652.45));
#3058 = CIRCLE('',#3059,80.75);
#3059 = AXIS2_PLACEMENT_3D('',#3060,#3061,#3062);
#3060 = CARTESIAN_POINT('',(1.E+03,4.00245E+03,652.45));
#3061 = DIRECTION('',(0.,8.269460797428E-16,-1.));
#3062 = DIRECTION('',(0.,1.,8.269460797428E-16));
#3063 = PLANE('',#3064);
#3064 = AXIS2_PLACEMENT_3D('',#3065,#3066,#3067);
#3065 = CARTESIAN_POINT('',(1.E+03,4.00245E+03,652.45));
#3066 = DIRECTION('',(0.,-1.560003003254E-15,1.));
#3067 = DIRECTION('',(0.,1.,1.560003003254E-15));
#3068 = ADVANCED_FACE('',(#3069),#3081,.F.);
#3069 = FACE_BOUND('',#3070,.F.);
#3070 = EDGE_LOOP('',(#3071,#3078,#3079,#3080));
#3071 = ORIENTED_EDGE('',*,*,#3072,.T.);
#3072 = EDGE_CURVE('',#3036,#3056,#3073,.T.);
#3073 = CIRCLE('',#3074,252.45);
#3074 = AXIS2_PLACEMENT_3D('',#3075,#3076,#3077);
#3075 = CARTESIAN_POINT('',(1.08075E+03,3.75E+03,652.45));
#3076 = DIRECTION('',(1.,-0.,0.));
#3077 = DIRECTION('',(0.,0.,-1.));
#3078 = ORIENTED_EDGE('',*,*,#3055,.T.);
#3079 = ORIENTED_EDGE('',*,*,#3072,.F.);
#3080 = ORIENTED_EDGE('',*,*,#3035,.F.);
#3081 = TOROIDAL_SURFACE('',#3082,252.45,80.75);
#3082 = AXIS2_PLACEMENT_3D('',#3083,#3084,#3085);
#3083 = CARTESIAN_POINT('',(1.E+03,3.75E+03,652.45));
#3084 = DIRECTION('',(1.,0.,0.));
#3085 = DIRECTION('',(0.,0.,-1.));
#3086 = MANIFOLD_SOLID_BREP('',#3087);
#3087 = CLOSED_SHELL('',(#3088,#3121,#3141,#3161));
#3088 = ADVANCED_FACE('',(#3089),#3116,.T.);
#3089 = FACE_BOUND('',#3090,.T.);
#3090 = EDGE_LOOP('',(#3091,#3100,#3108,#3115));
#3091 = ORIENTED_EDGE('',*,*,#3092,.F.);
#3092 = EDGE_CURVE('',#3093,#3093,#3095,.T.);
#3093 = VERTEX_POINT('',#3094);
#3094 = CARTESIAN_POINT('',(1.08415E+03,4.00245E+03,2.50245E+03));
#3095 = CIRCLE('',#3096,84.15);
#3096 = AXIS2_PLACEMENT_3D('',#3097,#3098,#3099);
#3097 = CARTESIAN_POINT('',(1.E+03,4.00245E+03,2.50245E+03));
#3098 = DIRECTION('',(0.,0.,1.));
#3099 = DIRECTION('',(1.,0.,0.));
#3100 = ORIENTED_EDGE('',*,*,#3101,.F.);
#3101 = EDGE_CURVE('',#3102,#3093,#3104,.T.);
#3102 = VERTEX_POINT('',#3103);
#3103 = CARTESIAN_POINT('',(1.08415E+03,4.00245E+03,652.45));
#3104 = LINE('',#3105,#3106);
#3105 = CARTESIAN_POINT('',(1.08415E+03,4.00245E+03,652.45));
#3106 = VECTOR('',#3107,1.);
#3107 = DIRECTION('',(0.,0.,1.));
#3108 = ORIENTED_EDGE('',*,*,#3109,.T.);
#3109 = EDGE_CURVE('',#3102,#3102,#3110,.T.);
#3110 = CIRCLE('',#3111,84.15);
#3111 = AXIS2_PLACEMENT_3D('',#3112,#3113,#3114);
#3112 = CARTESIAN_POINT('',(1.E+03,4.00245E+03,652.45));
#3113 = DIRECTION('',(0.,0.,1.));
#3114 = DIRECTION('',(1.,0.,0.));
#3115 = ORIENTED_EDGE('',*,*,#3101,.T.);
#3116 = CYLINDRICAL_SURFACE('',#3117,84.15);
#3117 = AXIS2_PLACEMENT_3D('',#3118,#3119,#3120);
#3118 = CARTESIAN_POINT('',(1.E+03,4.00245E+03,652.45));
#3119 = DIRECTION('',(0.,0.,1.));
#3120 = DIRECTION('',(1.,0.,0.));
#3121 = ADVANCED_FACE('',(#3122,#3125),#3136,.T.);
#3122 = FACE_BOUND('',#3123,.T.);
#3123 = EDGE_LOOP('',(#3124));
#3124 = ORIENTED_EDGE('',*,*,#3092,.T.);
#3125 = FACE_BOUND('',#3126,.T.);
#3126 = EDGE_LOOP('',(#3127));
#3127 = ORIENTED_EDGE('',*,*,#3128,.F.);
#3128 = EDGE_CURVE('',#3129,#3129,#3131,.T.);
#3129 = VERTEX_POINT('',#3130);
#3130 = CARTESIAN_POINT('',(1.08075E+03,4.00245E+03,2.50245E+03));
#3131 = CIRCLE('',#3132,80.75);
#3132 = AXIS2_PLACEMENT_3D('',#3133,#3134,#3135);
#3133 = CARTESIAN_POINT('',(1.E+03,4.00245E+03,2.50245E+03));
#3134 = DIRECTION('',(0.,0.,1.));
#3135 = DIRECTION('',(1.,0.,0.));
#3136 = PLANE('',#3137);
#3137 = AXIS2_PLACEMENT_3D('',#3138,#3139,#3140);
#3138 = CARTESIAN_POINT('',(1.E+03,4.00245E+03,2.50245E+03));
#3139 = DIRECTION('',(0.,0.,1.));
#3140 = DIRECTION('',(1.,0.,0.));
#3141 = ADVANCED_FACE('',(#3142,#3145),#3156,.F.);
#3142 = FACE_BOUND('',#3143,.F.);
#3143 = EDGE_LOOP('',(#3144));
#3144 = ORIENTED_EDGE('',*,*,#3109,.T.);
#3145 = FACE_BOUND('',#3146,.F.);
#3146 = EDGE_LOOP('',(#3147));
#3147 = ORIENTED_EDGE('',*,*,#3148,.F.);
#3148 = EDGE_CURVE('',#3149,#3149,#3151,.T.);
#3149 = VERTEX_POINT('',#3150);
#3150 = CARTESIAN_POINT('',(1.08075E+03,4.00245E+03,652.45));
#3151 = CIRCLE('',#3152,80.75);
#3152 = AXIS2_PLACEMENT_3D('',#3153,#3154,#3155);
#3153 = CARTESIAN_POINT('',(1.E+03,4.00245E+03,652.45));
#3154 = DIRECTION('',(0.,0.,1.));
#3155 = DIRECTION('',(1.,0.,0.));
#3156 = PLANE('',#3157);
#3157 = AXIS2_PLACEMENT_3D('',#3158,#3159,#3160);
#3158 = CARTESIAN_POINT('',(1.E+03,4.00245E+03,652.45));
#3159 = DIRECTION('',(0.,0.,1.));
#3160 = DIRECTION('',(1.,0.,0.));
#3161 = ADVANCED_FACE('',(#3162),#3173,.F.);
#3162 = FACE_BOUND('',#3163,.F.);
#3163 = EDGE_LOOP('',(#3164,#3165,#3171,#3172));
#3164 = ORIENTED_EDGE('',*,*,#3128,.F.);
#3165 = ORIENTED_EDGE('',*,*,#3166,.F.);
#3166 = EDGE_CURVE('',#3149,#3129,#3167,.T.);
#3167 = LINE('',#3168,#3169);
#3168 = CARTESIAN_POINT('',(1.08075E+03,4.00245E+03,652.45));
#3169 = VECTOR('',#3170,1.);
#3170 = DIRECTION('',(0.,0.,1.));
#3171 = ORIENTED_EDGE('',*,*,#3148,.T.);
#3172 = ORIENTED_EDGE('',*,*,#3166,.T.);
#3173 = CYLINDRICAL_SURFACE('',#3174,80.75);
#3174 = AXIS2_PLACEMENT_3D('',#3175,#3176,#3177);
#3175 = CARTESIAN_POINT('',(1.E+03,4.00245E+03,652.45));
#3176 = DIRECTION('',(0.,0.,1.));
#3177 = DIRECTION('',(1.,0.,0.));
#3178 = MANIFOLD_SOLID_BREP('',#3179);
#3179 = CLOSED_SHELL('',(#3180,#3214,#3234,#3254));
#3180 = ADVANCED_FACE('',(#3181),#3209,.T.);
#3181 = FACE_BOUND('',#3182,.T.);
#3182 = EDGE_LOOP('',(#3183,#3194,#3201,#3202));
#3183 = ORIENTED_EDGE('',*,*,#3184,.T.);
#3184 = EDGE_CURVE('',#3185,#3187,#3189,.T.);
#3185 = VERTEX_POINT('',#3186);
#3186 = CARTESIAN_POINT('',(1.08415E+03,4.00245E+03,2.50245E+03));
#3187 = VERTEX_POINT('',#3188);
#3188 = CARTESIAN_POINT('',(1.08415E+03,4.2549E+03,2.7549E+03));
#3189 = CIRCLE('',#3190,252.45);
#3190 = AXIS2_PLACEMENT_3D('',#3191,#3192,#3193);
#3191 = CARTESIAN_POINT('',(1.08415E+03,4.2549E+03,2.50245E+03));
#3192 = DIRECTION('',(-1.,0.,0.));
#3193 = DIRECTION('',(0.,-1.,0.));
#3194 = ORIENTED_EDGE('',*,*,#3195,.T.);
#3195 = EDGE_CURVE('',#3187,#3187,#3196,.T.);
#3196 = CIRCLE('',#3197,84.15);
#3197 = AXIS2_PLACEMENT_3D('',#3198,#3199,#3200);
#3198 = CARTESIAN_POINT('',(1.E+03,4.2549E+03,2.7549E+03));
#3199 = DIRECTION('',(-0.,-1.,-6.123233995737E-17));
#3200 = DIRECTION('',(0.,-6.123233995737E-17,1.));
#3201 = ORIENTED_EDGE('',*,*,#3184,.F.);
#3202 = ORIENTED_EDGE('',*,*,#3203,.F.);
#3203 = EDGE_CURVE('',#3185,#3185,#3204,.T.);
#3204 = CIRCLE('',#3205,84.15);
#3205 = AXIS2_PLACEMENT_3D('',#3206,#3207,#3208);
#3206 = CARTESIAN_POINT('',(1.E+03,4.00245E+03,2.50245E+03));
#3207 = DIRECTION('',(-0.,-0.,-1.));
#3208 = DIRECTION('',(0.,-1.,0.));
#3209 = TOROIDAL_SURFACE('',#3210,252.45,84.15);
#3210 = AXIS2_PLACEMENT_3D('',#3211,#3212,#3213);
#3211 = CARTESIAN_POINT('',(1.E+03,4.2549E+03,2.50245E+03));
#3212 = DIRECTION('',(-1.,0.,0.));
#3213 = DIRECTION('',(0.,-1.,0.));
#3214 = ADVANCED_FACE('',(#3215,#3218),#3229,.F.);
#3215 = FACE_BOUND('',#3216,.F.);
#3216 = EDGE_LOOP('',(#3217));
#3217 = ORIENTED_EDGE('',*,*,#3203,.F.);
#3218 = FACE_BOUND('',#3219,.F.);
#3219 = EDGE_LOOP('',(#3220));
#3220 = ORIENTED_EDGE('',*,*,#3221,.T.);
#3221 = EDGE_CURVE('',#3222,#3222,#3224,.T.);
#3222 = VERTEX_POINT('',#3223);
#3223 = CARTESIAN_POINT('',(1.08075E+03,4.00245E+03,2.50245E+03));
#3224 = CIRCLE('',#3225,80.75);
#3225 = AXIS2_PLACEMENT_3D('',#3226,#3227,#3228);
#3226 = CARTESIAN_POINT('',(1.E+03,4.00245E+03,2.50245E+03));
#3227 = DIRECTION('',(-0.,-0.,-1.));
#3228 = DIRECTION('',(0.,-1.,0.));
#3229 = PLANE('',#3230);
#3230 = AXIS2_PLACEMENT_3D('',#3231,#3232,#3233);
#3231 = CARTESIAN_POINT('',(1.E+03,4.00245E+03,2.50245E+03));
#3232 = DIRECTION('',(0.,0.,1.));
#3233 = DIRECTION('',(1.,0.,0.));
#3234 = ADVANCED_FACE('',(#3235,#3238),#3249,.T.);
#3235 = FACE_BOUND('',#3236,.T.);
#3236 = EDGE_LOOP('',(#3237));
#3237 = ORIENTED_EDGE('',*,*,#3195,.F.);
#3238 = FACE_BOUND('',#3239,.T.);
#3239 = EDGE_LOOP('',(#3240));
#3240 = ORIENTED_EDGE('',*,*,#3241,.T.);
#3241 = EDGE_CURVE('',#3242,#3242,#3244,.T.);
#3242 = VERTEX_POINT('',#3243);
#3243 = CARTESIAN_POINT('',(1.08075E+03,4.2549E+03,2.7549E+03));
#3244 = CIRCLE('',#3245,80.75);
#3245 = AXIS2_PLACEMENT_3D('',#3246,#3247,#3248);
#3246 = CARTESIAN_POINT('',(1.E+03,4.2549E+03,2.7549E+03));
#3247 = DIRECTION('',(-0.,-1.,-6.123233995737E-17));
#3248 = DIRECTION('',(0.,-6.123233995737E-17,1.));
#3249 = PLANE('',#3250);
#3250 = AXIS2_PLACEMENT_3D('',#3251,#3252,#3253);
#3251 = CARTESIAN_POINT('',(1.E+03,4.2549E+03,2.7549E+03));
#3252 = DIRECTION('',(0.,1.,0.));
#3253 = DIRECTION('',(0.,0.,1.));
#3254 = ADVANCED_FACE('',(#3255),#3267,.F.);
#3255 = FACE_BOUND('',#3256,.F.);
#3256 = EDGE_LOOP('',(#3257,#3264,#3265,#3266));
#3257 = ORIENTED_EDGE('',*,*,#3258,.T.);
#3258 = EDGE_CURVE('',#3222,#3242,#3259,.T.);
#3259 = CIRCLE('',#3260,252.45);
#3260 = AXIS2_PLACEMENT_3D('',#3261,#3262,#3263);
#3261 = CARTESIAN_POINT('',(1.08075E+03,4.2549E+03,2.50245E+03));
#3262 = DIRECTION('',(-1.,0.,0.));
#3263 = DIRECTION('',(0.,-1.,0.));
#3264 = ORIENTED_EDGE('',*,*,#3241,.T.);
#3265 = ORIENTED_EDGE('',*,*,#3258,.F.);
#3266 = ORIENTED_EDGE('',*,*,#3221,.F.);
#3267 = TOROIDAL_SURFACE('',#3268,252.45,80.75);
#3268 = AXIS2_PLACEMENT_3D('',#3269,#3270,#3271);
#3269 = CARTESIAN_POINT('',(1.E+03,4.2549E+03,2.50245E+03));
#3270 = DIRECTION('',(-1.,0.,0.));
#3271 = DIRECTION('',(0.,-1.,0.));
#3272 = MANIFOLD_SOLID_BREP('',#3273);
#3273 = CLOSED_SHELL('',(#3274,#3307,#3327,#3347));
#3274 = ADVANCED_FACE('',(#3275),#3302,.T.);
#3275 = FACE_BOUND('',#3276,.T.);
#3276 = EDGE_LOOP('',(#3277,#3286,#3294,#3301));
#3277 = ORIENTED_EDGE('',*,*,#3278,.F.);
#3278 = EDGE_CURVE('',#3279,#3279,#3281,.T.);
#3279 = VERTEX_POINT('',#3280);
#3280 = CARTESIAN_POINT('',(1.E+03,4.7549E+03,2.83905E+03));
#3281 = CIRCLE('',#3282,84.15);
#3282 = AXIS2_PLACEMENT_3D('',#3283,#3284,#3285);
#3283 = CARTESIAN_POINT('',(1.E+03,4.7549E+03,2.7549E+03));
#3284 = DIRECTION('',(0.,1.,0.));
#3285 = DIRECTION('',(0.,0.,1.));
#3286 = ORIENTED_EDGE('',*,*,#3287,.F.);
#3287 = EDGE_CURVE('',#3288,#3279,#3290,.T.);
#3288 = VERTEX_POINT('',#3289);
#3289 = CARTESIAN_POINT('',(1.E+03,4.2549E+03,2.83905E+03));
#3290 = LINE('',#3291,#3292);
#3291 = CARTESIAN_POINT('',(1.E+03,4.2549E+03,2.83905E+03));
#3292 = VECTOR('',#3293,1.);
#3293 = DIRECTION('',(0.,1.,0.));
#3294 = ORIENTED_EDGE('',*,*,#3295,.T.);
#3295 = EDGE_CURVE('',#3288,#3288,#3296,.T.);
#3296 = CIRCLE('',#3297,84.15);
#3297 = AXIS2_PLACEMENT_3D('',#3298,#3299,#3300);
#3298 = CARTESIAN_POINT('',(1.E+03,4.2549E+03,2.7549E+03));
#3299 = DIRECTION('',(0.,1.,0.));
#3300 = DIRECTION('',(0.,0.,1.));
#3301 = ORIENTED_EDGE('',*,*,#3287,.T.);
#3302 = CYLINDRICAL_SURFACE('',#3303,84.15);
#3303 = AXIS2_PLACEMENT_3D('',#3304,#3305,#3306);
#3304 = CARTESIAN_POINT('',(1.E+03,4.2549E+03,2.7549E+03));
#3305 = DIRECTION('',(0.,1.,0.));
#3306 = DIRECTION('',(0.,0.,1.));
#3307 = ADVANCED_FACE('',(#3308,#3311),#3322,.T.);
#3308 = FACE_BOUND('',#3309,.T.);
#3309 = EDGE_LOOP('',(#3310));
#3310 = ORIENTED_EDGE('',*,*,#3278,.T.);
#3311 = FACE_BOUND('',#3312,.T.);
#3312 = EDGE_LOOP('',(#3313));
#3313 = ORIENTED_EDGE('',*,*,#3314,.F.);
#3314 = EDGE_CURVE('',#3315,#3315,#3317,.T.);
#3315 = VERTEX_POINT('',#3316);
#3316 = CARTESIAN_POINT('',(1.E+03,4.7549E+03,2.83565E+03));
#3317 = CIRCLE('',#3318,80.75);
#3318 = AXIS2_PLACEMENT_3D('',#3319,#3320,#3321);
#3319 = CARTESIAN_POINT('',(1.E+03,4.7549E+03,2.7549E+03));
#3320 = DIRECTION('',(0.,1.,0.));
#3321 = DIRECTION('',(0.,0.,1.));
#3322 = PLANE('',#3323);
#3323 = AXIS2_PLACEMENT_3D('',#3324,#3325,#3326);
#3324 = CARTESIAN_POINT('',(1.E+03,4.7549E+03,2.7549E+03));
#3325 = DIRECTION('',(0.,1.,0.));
#3326 = DIRECTION('',(0.,0.,1.));
#3327 = ADVANCED_FACE('',(#3328,#3331),#3342,.F.);
#3328 = FACE_BOUND('',#3329,.F.);
#3329 = EDGE_LOOP('',(#3330));
#3330 = ORIENTED_EDGE('',*,*,#3295,.T.);
#3331 = FACE_BOUND('',#3332,.F.);
#3332 = EDGE_LOOP('',(#3333));
#3333 = ORIENTED_EDGE('',*,*,#3334,.F.);
#3334 = EDGE_CURVE('',#3335,#3335,#3337,.T.);
#3335 = VERTEX_POINT('',#3336);
#3336 = CARTESIAN_POINT('',(1.E+03,4.2549E+03,2.83565E+03));
#3337 = CIRCLE('',#3338,80.75);
#3338 = AXIS2_PLACEMENT_3D('',#3339,#3340,#3341);
#3339 = CARTESIAN_POINT('',(1.E+03,4.2549E+03,2.7549E+03));
#3340 = DIRECTION('',(0.,1.,0.));
#3341 = DIRECTION('',(0.,0.,1.));
#3342 = PLANE('',#3343);
#3343 = AXIS2_PLACEMENT_3D('',#3344,#3345,#3346);
#3344 = CARTESIAN_POINT('',(1.E+03,4.2549E+03,2.7549E+03));
#3345 = DIRECTION('',(0.,1.,0.));
#3346 = DIRECTION('',(0.,0.,1.));
#3347 = ADVANCED_FACE('',(#3348),#3359,.F.);
#3348 = FACE_BOUND('',#3349,.F.);
#3349 = EDGE_LOOP('',(#3350,#3351,#3357,#3358));
#3350 = ORIENTED_EDGE('',*,*,#3314,.F.);
#3351 = ORIENTED_EDGE('',*,*,#3352,.F.);
#3352 = EDGE_CURVE('',#3335,#3315,#3353,.T.);
#3353 = LINE('',#3354,#3355);
#3354 = CARTESIAN_POINT('',(1.E+03,4.2549E+03,2.83565E+03));
#3355 = VECTOR('',#3356,1.);
#3356 = DIRECTION('',(0.,1.,0.));
#3357 = ORIENTED_EDGE('',*,*,#3334,.T.);
#3358 = ORIENTED_EDGE('',*,*,#3352,.T.);
#3359 = CYLINDRICAL_SURFACE('',#3360,80.75);
#3360 = AXIS2_PLACEMENT_3D('',#3361,#3362,#3363);
#3361 = CARTESIAN_POINT('',(1.E+03,4.2549E+03,2.7549E+03));
#3362 = DIRECTION('',(0.,1.,0.));
#3363 = DIRECTION('',(0.,0.,1.));
#3364 = MANIFOLD_SOLID_BREP('',#3365);
#3365 = CLOSED_SHELL('',(#3366,#3399,#3419,#3439));
#3366 = ADVANCED_FACE('',(#3367),#3394,.T.);
#3367 = FACE_BOUND('',#3368,.T.);
#3368 = EDGE_LOOP('',(#3369,#3378,#3386,#3393));
#3369 = ORIENTED_EDGE('',*,*,#3370,.F.);
#3370 = EDGE_CURVE('',#3371,#3371,#3373,.T.);
#3371 = VERTEX_POINT('',#3372);
#3372 = CARTESIAN_POINT('',(2.2E+03,3.75E+03,484.15));
#3373 = CIRCLE('',#3374,84.15);
#3374 = AXIS2_PLACEMENT_3D('',#3375,#3376,#3377);
#3375 = CARTESIAN_POINT('',(2.2E+03,3.75E+03,400.));
#3376 = DIRECTION('',(0.,1.,0.));
#3377 = DIRECTION('',(0.,0.,1.));
#3378 = ORIENTED_EDGE('',*,*,#3379,.F.);
#3379 = EDGE_CURVE('',#3380,#3371,#3382,.T.);
#3380 = VERTEX_POINT('',#3381);
#3381 = CARTESIAN_POINT('',(2.2E+03,3.25E+03,484.15));
#3382 = LINE('',#3383,#3384);
#3383 = CARTESIAN_POINT('',(2.2E+03,3.25E+03,484.15));
#3384 = VECTOR('',#3385,1.);
#3385 = DIRECTION('',(0.,1.,0.));
#3386 = ORIENTED_EDGE('',*,*,#3387,.T.);
#3387 = EDGE_CURVE('',#3380,#3380,#3388,.T.);
#3388 = CIRCLE('',#3389,84.15);
#3389 = AXIS2_PLACEMENT_3D('',#3390,#3391,#3392);
#3390 = CARTESIAN_POINT('',(2.2E+03,3.25E+03,400.));
#3391 = DIRECTION('',(0.,1.,0.));
#3392 = DIRECTION('',(0.,0.,1.));
#3393 = ORIENTED_EDGE('',*,*,#3379,.T.);
#3394 = CYLINDRICAL_SURFACE('',#3395,84.15);
#3395 = AXIS2_PLACEMENT_3D('',#3396,#3397,#3398);
#3396 = CARTESIAN_POINT('',(2.2E+03,3.25E+03,400.));
#3397 = DIRECTION('',(0.,1.,0.));
#3398 = DIRECTION('',(0.,0.,1.));
#3399 = ADVANCED_FACE('',(#3400,#3403),#3414,.T.);
#3400 = FACE_BOUND('',#3401,.T.);
#3401 = EDGE_LOOP('',(#3402));
#3402 = ORIENTED_EDGE('',*,*,#3370,.T.);
#3403 = FACE_BOUND('',#3404,.T.);
#3404 = EDGE_LOOP('',(#3405));
#3405 = ORIENTED_EDGE('',*,*,#3406,.F.);
#3406 = EDGE_CURVE('',#3407,#3407,#3409,.T.);
#3407 = VERTEX_POINT('',#3408);
#3408 = CARTESIAN_POINT('',(2.2E+03,3.75E+03,480.75));
#3409 = CIRCLE('',#3410,80.75);
#3410 = AXIS2_PLACEMENT_3D('',#3411,#3412,#3413);
#3411 = CARTESIAN_POINT('',(2.2E+03,3.75E+03,400.));
#3412 = DIRECTION('',(0.,1.,0.));
#3413 = DIRECTION('',(0.,0.,1.));
#3414 = PLANE('',#3415);
#3415 = AXIS2_PLACEMENT_3D('',#3416,#3417,#3418);
#3416 = CARTESIAN_POINT('',(2.2E+03,3.75E+03,400.));
#3417 = DIRECTION('',(0.,1.,0.));
#3418 = DIRECTION('',(0.,0.,1.));
#3419 = ADVANCED_FACE('',(#3420,#3423),#3434,.F.);
#3420 = FACE_BOUND('',#3421,.F.);
#3421 = EDGE_LOOP('',(#3422));
#3422 = ORIENTED_EDGE('',*,*,#3387,.T.);
#3423 = FACE_BOUND('',#3424,.F.);
#3424 = EDGE_LOOP('',(#3425));
#3425 = ORIENTED_EDGE('',*,*,#3426,.F.);
#3426 = EDGE_CURVE('',#3427,#3427,#3429,.T.);
#3427 = VERTEX_POINT('',#3428);
#3428 = CARTESIAN_POINT('',(2.2E+03,3.25E+03,480.75));
#3429 = CIRCLE('',#3430,80.75);
#3430 = AXIS2_PLACEMENT_3D('',#3431,#3432,#3433);
#3431 = CARTESIAN_POINT('',(2.2E+03,3.25E+03,400.));
#3432 = DIRECTION('',(0.,1.,0.));
#3433 = DIRECTION('',(0.,0.,1.));
#3434 = PLANE('',#3435);
#3435 = AXIS2_PLACEMENT_3D('',#3436,#3437,#3438);
#3436 = CARTESIAN_POINT('',(2.2E+03,3.25E+03,400.));
#3437 = DIRECTION('',(0.,1.,0.));
#3438 = DIRECTION('',(0.,0.,1.));
#3439 = ADVANCED_FACE('',(#3440),#3451,.F.);
#3440 = FACE_BOUND('',#3441,.F.);
#3441 = EDGE_LOOP('',(#3442,#3443,#3449,#3450));
#3442 = ORIENTED_EDGE('',*,*,#3406,.F.);
#3443 = ORIENTED_EDGE('',*,*,#3444,.F.);
#3444 = EDGE_CURVE('',#3427,#3407,#3445,.T.);
#3445 = LINE('',#3446,#3447);
#3446 = CARTESIAN_POINT('',(2.2E+03,3.25E+03,480.75));
#3447 = VECTOR('',#3448,1.);
#3448 = DIRECTION('',(0.,1.,0.));
#3449 = ORIENTED_EDGE('',*,*,#3426,.T.);
#3450 = ORIENTED_EDGE('',*,*,#3444,.T.);
#3451 = CYLINDRICAL_SURFACE('',#3452,80.75);
#3452 = AXIS2_PLACEMENT_3D('',#3453,#3454,#3455);
#3453 = CARTESIAN_POINT('',(2.2E+03,3.25E+03,400.));
#3454 = DIRECTION('',(0.,1.,0.));
#3455 = DIRECTION('',(0.,0.,1.));
#3456 = MANIFOLD_SOLID_BREP('',#3457);
#3457 = CLOSED_SHELL('',(#3458,#3492,#3512,#3532));
#3458 = ADVANCED_FACE('',(#3459),#3487,.T.);
#3459 = FACE_BOUND('',#3460,.T.);
#3460 = EDGE_LOOP('',(#3461,#3472,#3479,#3480));
#3461 = ORIENTED_EDGE('',*,*,#3462,.T.);
#3462 = EDGE_CURVE('',#3463,#3465,#3467,.T.);
#3463 = VERTEX_POINT('',#3464);
#3464 = CARTESIAN_POINT('',(2.28415E+03,3.75E+03,400.));
#3465 = VERTEX_POINT('',#3466);
#3466 = CARTESIAN_POINT('',(2.28415E+03,4.00245E+03,652.45));
#3467 = CIRCLE('',#3468,252.45);
#3468 = AXIS2_PLACEMENT_3D('',#3469,#3470,#3471);
#3469 = CARTESIAN_POINT('',(2.28415E+03,3.75E+03,652.45));
#3470 = DIRECTION('',(1.,-0.,0.));
#3471 = DIRECTION('',(0.,0.,-1.));
#3472 = ORIENTED_EDGE('',*,*,#3473,.T.);
#3473 = EDGE_CURVE('',#3465,#3465,#3474,.T.);
#3474 = CIRCLE('',#3475,84.15);
#3475 = AXIS2_PLACEMENT_3D('',#3476,#3477,#3478);
#3476 = CARTESIAN_POINT('',(2.2E+03,4.00245E+03,652.45));
#3477 = DIRECTION('',(0.,8.269460797428E-16,-1.));
#3478 = DIRECTION('',(0.,1.,8.269460797428E-16));
#3479 = ORIENTED_EDGE('',*,*,#3462,.F.);
#3480 = ORIENTED_EDGE('',*,*,#3481,.F.);
#3481 = EDGE_CURVE('',#3463,#3463,#3482,.T.);
#3482 = CIRCLE('',#3483,84.15);
#3483 = AXIS2_PLACEMENT_3D('',#3484,#3485,#3486);
#3484 = CARTESIAN_POINT('',(2.2E+03,3.75E+03,400.));
#3485 = DIRECTION('',(0.,-1.,0.));
#3486 = DIRECTION('',(0.,0.,-1.));
#3487 = TOROIDAL_SURFACE('',#3488,252.45,84.15);
#3488 = AXIS2_PLACEMENT_3D('',#3489,#3490,#3491);
#3489 = CARTESIAN_POINT('',(2.2E+03,3.75E+03,652.45));
#3490 = DIRECTION('',(1.,0.,0.));
#3491 = DIRECTION('',(0.,0.,-1.));
#3492 = ADVANCED_FACE('',(#3493,#3496),#3507,.F.);
#3493 = FACE_BOUND('',#3494,.F.);
#3494 = EDGE_LOOP('',(#3495));
#3495 = ORIENTED_EDGE('',*,*,#3481,.F.);
#3496 = FACE_BOUND('',#3497,.F.);
#3497 = EDGE_LOOP('',(#3498));
#3498 = ORIENTED_EDGE('',*,*,#3499,.T.);
#3499 = EDGE_CURVE('',#3500,#3500,#3502,.T.);
#3500 = VERTEX_POINT('',#3501);
#3501 = CARTESIAN_POINT('',(2.28075E+03,3.75E+03,400.));
#3502 = CIRCLE('',#3503,80.75);
#3503 = AXIS2_PLACEMENT_3D('',#3504,#3505,#3506);
#3504 = CARTESIAN_POINT('',(2.2E+03,3.75E+03,400.));
#3505 = DIRECTION('',(0.,-1.,0.));
#3506 = DIRECTION('',(0.,0.,-1.));
#3507 = PLANE('',#3508);
#3508 = AXIS2_PLACEMENT_3D('',#3509,#3510,#3511);
#3509 = CARTESIAN_POINT('',(2.2E+03,3.75E+03,400.));
#3510 = DIRECTION('',(0.,1.,0.));
#3511 = DIRECTION('',(0.,0.,1.));
#3512 = ADVANCED_FACE('',(#3513,#3516),#3527,.T.);
#3513 = FACE_BOUND('',#3514,.T.);
#3514 = EDGE_LOOP('',(#3515));
#3515 = ORIENTED_EDGE('',*,*,#3473,.F.);
#3516 = FACE_BOUND('',#3517,.T.);
#3517 = EDGE_LOOP('',(#3518));
#3518 = ORIENTED_EDGE('',*,*,#3519,.T.);
#3519 = EDGE_CURVE('',#3520,#3520,#3522,.T.);
#3520 = VERTEX_POINT('',#3521);
#3521 = CARTESIAN_POINT('',(2.28075E+03,4.00245E+03,652.45));
#3522 = CIRCLE('',#3523,80.75);
#3523 = AXIS2_PLACEMENT_3D('',#3524,#3525,#3526);
#3524 = CARTESIAN_POINT('',(2.2E+03,4.00245E+03,652.45));
#3525 = DIRECTION('',(0.,8.269460797428E-16,-1.));
#3526 = DIRECTION('',(0.,1.,8.269460797428E-16));
#3527 = PLANE('',#3528);
#3528 = AXIS2_PLACEMENT_3D('',#3529,#3530,#3531);
#3529 = CARTESIAN_POINT('',(2.2E+03,4.00245E+03,652.45));
#3530 = DIRECTION('',(0.,-1.560003003254E-15,1.));
#3531 = DIRECTION('',(0.,1.,1.560003003254E-15));
#3532 = ADVANCED_FACE('',(#3533),#3545,.F.);
#3533 = FACE_BOUND('',#3534,.F.);
#3534 = EDGE_LOOP('',(#3535,#3542,#3543,#3544));
#3535 = ORIENTED_EDGE('',*,*,#3536,.T.);
#3536 = EDGE_CURVE('',#3500,#3520,#3537,.T.);
#3537 = CIRCLE('',#3538,252.45);
#3538 = AXIS2_PLACEMENT_3D('',#3539,#3540,#3541);
#3539 = CARTESIAN_POINT('',(2.28075E+03,3.75E+03,652.45));
#3540 = DIRECTION('',(1.,-0.,0.));
#3541 = DIRECTION('',(0.,0.,-1.));
#3542 = ORIENTED_EDGE('',*,*,#3519,.T.);
#3543 = ORIENTED_EDGE('',*,*,#3536,.F.);
#3544 = ORIENTED_EDGE('',*,*,#3499,.F.);
#3545 = TOROIDAL_SURFACE('',#3546,252.45,80.75);
#3546 = AXIS2_PLACEMENT_3D('',#3547,#3548,#3549);
#3547 = CARTESIAN_POINT('',(2.2E+03,3.75E+03,652.45));
#3548 = DIRECTION('',(1.,0.,0.));
#3549 = DIRECTION('',(0.,0.,-1.));
#3550 = MANIFOLD_SOLID_BREP('',#3551);
#3551 = CLOSED_SHELL('',(#3552,#3585,#3605,#3625));
#3552 = ADVANCED_FACE('',(#3553),#3580,.T.);
#3553 = FACE_BOUND('',#3554,.T.);
#3554 = EDGE_LOOP('',(#3555,#3564,#3572,#3579));
#3555 = ORIENTED_EDGE('',*,*,#3556,.F.);
#3556 = EDGE_CURVE('',#3557,#3557,#3559,.T.);
#3557 = VERTEX_POINT('',#3558);
#3558 = CARTESIAN_POINT('',(2.28415E+03,4.00245E+03,2.50245E+03));
#3559 = CIRCLE('',#3560,84.15);
#3560 = AXIS2_PLACEMENT_3D('',#3561,#3562,#3563);
#3561 = CARTESIAN_POINT('',(2.2E+03,4.00245E+03,2.50245E+03));
#3562 = DIRECTION('',(0.,0.,1.));
#3563 = DIRECTION('',(1.,0.,0.));
#3564 = ORIENTED_EDGE('',*,*,#3565,.F.);
#3565 = EDGE_CURVE('',#3566,#3557,#3568,.T.);
#3566 = VERTEX_POINT('',#3567);
#3567 = CARTESIAN_POINT('',(2.28415E+03,4.00245E+03,652.45));
#3568 = LINE('',#3569,#3570);
#3569 = CARTESIAN_POINT('',(2.28415E+03,4.00245E+03,652.45));
#3570 = VECTOR('',#3571,1.);
#3571 = DIRECTION('',(0.,0.,1.));
#3572 = ORIENTED_EDGE('',*,*,#3573,.T.);
#3573 = EDGE_CURVE('',#3566,#3566,#3574,.T.);
#3574 = CIRCLE('',#3575,84.15);
#3575 = AXIS2_PLACEMENT_3D('',#3576,#3577,#3578);
#3576 = CARTESIAN_POINT('',(2.2E+03,4.00245E+03,652.45));
#3577 = DIRECTION('',(0.,0.,1.));
#3578 = DIRECTION('',(1.,0.,0.));
#3579 = ORIENTED_EDGE('',*,*,#3565,.T.);
#3580 = CYLINDRICAL_SURFACE('',#3581,84.15);
#3581 = AXIS2_PLACEMENT_3D('',#3582,#3583,#3584);
#3582 = CARTESIAN_POINT('',(2.2E+03,4.00245E+03,652.45));
#3583 = DIRECTION('',(0.,0.,1.));
#3584 = DIRECTION('',(1.,0.,0.));
#3585 = ADVANCED_FACE('',(#3586,#3589),#3600,.T.);
#3586 = FACE_BOUND('',#3587,.T.);
#3587 = EDGE_LOOP('',(#3588));
#3588 = ORIENTED_EDGE('',*,*,#3556,.T.);
#3589 = FACE_BOUND('',#3590,.T.);
#3590 = EDGE_LOOP('',(#3591));
#3591 = ORIENTED_EDGE('',*,*,#3592,.F.);
#3592 = EDGE_CURVE('',#3593,#3593,#3595,.T.);
#3593 = VERTEX_POINT('',#3594);
#3594 = CARTESIAN_POINT('',(2.28075E+03,4.00245E+03,2.50245E+03));
#3595 = CIRCLE('',#3596,80.75);
#3596 = AXIS2_PLACEMENT_3D('',#3597,#3598,#3599);
#3597 = CARTESIAN_POINT('',(2.2E+03,4.00245E+03,2.50245E+03));
#3598 = DIRECTION('',(0.,0.,1.));
#3599 = DIRECTION('',(1.,0.,0.));
#3600 = PLANE('',#3601);
#3601 = AXIS2_PLACEMENT_3D('',#3602,#3603,#3604);
#3602 = CARTESIAN_POINT('',(2.2E+03,4.00245E+03,2.50245E+03));
#3603 = DIRECTION('',(0.,0.,1.));
#3604 = DIRECTION('',(1.,0.,0.));
#3605 = ADVANCED_FACE('',(#3606,#3609),#3620,.F.);
#3606 = FACE_BOUND('',#3607,.F.);
#3607 = EDGE_LOOP('',(#3608));
#3608 = ORIENTED_EDGE('',*,*,#3573,.T.);
#3609 = FACE_BOUND('',#3610,.F.);
#3610 = EDGE_LOOP('',(#3611));
#3611 = ORIENTED_EDGE('',*,*,#3612,.F.);
#3612 = EDGE_CURVE('',#3613,#3613,#3615,.T.);
#3613 = VERTEX_POINT('',#3614);
#3614 = CARTESIAN_POINT('',(2.28075E+03,4.00245E+03,652.45));
#3615 = CIRCLE('',#3616,80.75);
#3616 = AXIS2_PLACEMENT_3D('',#3617,#3618,#3619);
#3617 = CARTESIAN_POINT('',(2.2E+03,4.00245E+03,652.45));
#3618 = DIRECTION('',(0.,0.,1.));
#3619 = DIRECTION('',(1.,0.,0.));
#3620 = PLANE('',#3621);
#3621 = AXIS2_PLACEMENT_3D('',#3622,#3623,#3624);
#3622 = CARTESIAN_POINT('',(2.2E+03,4.00245E+03,652.45));
#3623 = DIRECTION('',(0.,0.,1.));
#3624 = DIRECTION('',(1.,0.,0.));
#3625 = ADVANCED_FACE('',(#3626),#3637,.F.);
#3626 = FACE_BOUND('',#3627,.F.);
#3627 = EDGE_LOOP('',(#3628,#3629,#3635,#3636));
#3628 = ORIENTED_EDGE('',*,*,#3592,.F.);
#3629 = ORIENTED_EDGE('',*,*,#3630,.F.);
#3630 = EDGE_CURVE('',#3613,#3593,#3631,.T.);
#3631 = LINE('',#3632,#3633);
#3632 = CARTESIAN_POINT('',(2.28075E+03,4.00245E+03,652.45));
#3633 = VECTOR('',#3634,1.);
#3634 = DIRECTION('',(0.,0.,1.));
#3635 = ORIENTED_EDGE('',*,*,#3612,.T.);
#3636 = ORIENTED_EDGE('',*,*,#3630,.T.);
#3637 = CYLINDRICAL_SURFACE('',#3638,80.75);
#3638 = AXIS2_PLACEMENT_3D('',#3639,#3640,#3641);
#3639 = CARTESIAN_POINT('',(2.2E+03,4.00245E+03,652.45));
#3640 = DIRECTION('',(0.,0.,1.));
#3641 = DIRECTION('',(1.,0.,0.));
#3642 = MANIFOLD_SOLID_BREP('',#3643);
#3643 = CLOSED_SHELL('',(#3644,#3678,#3698,#3718));
#3644 = ADVANCED_FACE('',(#3645),#3673,.T.);
#3645 = FACE_BOUND('',#3646,.T.);
#3646 = EDGE_LOOP('',(#3647,#3658,#3665,#3666));
#3647 = ORIENTED_EDGE('',*,*,#3648,.T.);
#3648 = EDGE_CURVE('',#3649,#3651,#3653,.T.);
#3649 = VERTEX_POINT('',#3650);
#3650 = CARTESIAN_POINT('',(2.28415E+03,4.00245E+03,2.50245E+03));
#3651 = VERTEX_POINT('',#3652);
#3652 = CARTESIAN_POINT('',(2.28415E+03,4.2549E+03,2.7549E+03));
#3653 = CIRCLE('',#3654,252.45);
#3654 = AXIS2_PLACEMENT_3D('',#3655,#3656,#3657);
#3655 = CARTESIAN_POINT('',(2.28415E+03,4.2549E+03,2.50245E+03));
#3656 = DIRECTION('',(-1.,0.,0.));
#3657 = DIRECTION('',(0.,-1.,0.));
#3658 = ORIENTED_EDGE('',*,*,#3659,.T.);
#3659 = EDGE_CURVE('',#3651,#3651,#3660,.T.);
#3660 = CIRCLE('',#3661,84.15);
#3661 = AXIS2_PLACEMENT_3D('',#3662,#3663,#3664);
#3662 = CARTESIAN_POINT('',(2.2E+03,4.2549E+03,2.7549E+03));
#3663 = DIRECTION('',(-0.,-1.,-6.123233995737E-17));
#3664 = DIRECTION('',(0.,-6.123233995737E-17,1.));
#3665 = ORIENTED_EDGE('',*,*,#3648,.F.);
#3666 = ORIENTED_EDGE('',*,*,#3667,.F.);
#3667 = EDGE_CURVE('',#3649,#3649,#3668,.T.);
#3668 = CIRCLE('',#3669,84.15);
#3669 = AXIS2_PLACEMENT_3D('',#3670,#3671,#3672);
#3670 = CARTESIAN_POINT('',(2.2E+03,4.00245E+03,2.50245E+03));
#3671 = DIRECTION('',(-0.,-0.,-1.));
#3672 = DIRECTION('',(0.,-1.,0.));
#3673 = TOROIDAL_SURFACE('',#3674,252.45,84.15);
#3674 = AXIS2_PLACEMENT_3D('',#3675,#3676,#3677);
#3675 = CARTESIAN_POINT('',(2.2E+03,4.2549E+03,2.50245E+03));
#3676 = DIRECTION('',(-1.,0.,0.));
#3677 = DIRECTION('',(0.,-1.,0.));
#3678 = ADVANCED_FACE('',(#3679,#3682),#3693,.F.);
#3679 = FACE_BOUND('',#3680,.F.);
#3680 = EDGE_LOOP('',(#3681));
#3681 = ORIENTED_EDGE('',*,*,#3667,.F.);
#3682 = FACE_BOUND('',#3683,.F.);
#3683 = EDGE_LOOP('',(#3684));
#3684 = ORIENTED_EDGE('',*,*,#3685,.T.);
#3685 = EDGE_CURVE('',#3686,#3686,#3688,.T.);
#3686 = VERTEX_POINT('',#3687);
#3687 = CARTESIAN_POINT('',(2.28075E+03,4.00245E+03,2.50245E+03));
#3688 = CIRCLE('',#3689,80.75);
#3689 = AXIS2_PLACEMENT_3D('',#3690,#3691,#3692);
#3690 = CARTESIAN_POINT('',(2.2E+03,4.00245E+03,2.50245E+03));
#3691 = DIRECTION('',(-0.,-0.,-1.));
#3692 = DIRECTION('',(0.,-1.,0.));
#3693 = PLANE('',#3694);
#3694 = AXIS2_PLACEMENT_3D('',#3695,#3696,#3697);
#3695 = CARTESIAN_POINT('',(2.2E+03,4.00245E+03,2.50245E+03));
#3696 = DIRECTION('',(0.,0.,1.));
#3697 = DIRECTION('',(1.,0.,0.));
#3698 = ADVANCED_FACE('',(#3699,#3702),#3713,.T.);
#3699 = FACE_BOUND('',#3700,.T.);
#3700 = EDGE_LOOP('',(#3701));
#3701 = ORIENTED_EDGE('',*,*,#3659,.F.);
#3702 = FACE_BOUND('',#3703,.T.);
#3703 = EDGE_LOOP('',(#3704));
#3704 = ORIENTED_EDGE('',*,*,#3705,.T.);
#3705 = EDGE_CURVE('',#3706,#3706,#3708,.T.);
#3706 = VERTEX_POINT('',#3707);
#3707 = CARTESIAN_POINT('',(2.28075E+03,4.2549E+03,2.7549E+03));
#3708 = CIRCLE('',#3709,80.75);
#3709 = AXIS2_PLACEMENT_3D('',#3710,#3711,#3712);
#3710 = CARTESIAN_POINT('',(2.2E+03,4.2549E+03,2.7549E+03));
#3711 = DIRECTION('',(-0.,-1.,-6.123233995737E-17));
#3712 = DIRECTION('',(0.,-6.123233995737E-17,1.));
#3713 = PLANE('',#3714);
#3714 = AXIS2_PLACEMENT_3D('',#3715,#3716,#3717);
#3715 = CARTESIAN_POINT('',(2.2E+03,4.2549E+03,2.7549E+03));
#3716 = DIRECTION('',(0.,1.,0.));
#3717 = DIRECTION('',(0.,0.,1.));
#3718 = ADVANCED_FACE('',(#3719),#3731,.F.);
#3719 = FACE_BOUND('',#3720,.F.);
#3720 = EDGE_LOOP('',(#3721,#3728,#3729,#3730));
#3721 = ORIENTED_EDGE('',*,*,#3722,.T.);
#3722 = EDGE_CURVE('',#3686,#3706,#3723,.T.);
#3723 = CIRCLE('',#3724,252.45);
#3724 = AXIS2_PLACEMENT_3D('',#3725,#3726,#3727);
#3725 = CARTESIAN_POINT('',(2.28075E+03,4.2549E+03,2.50245E+03));
#3726 = DIRECTION('',(-1.,0.,0.));
#3727 = DIRECTION('',(0.,-1.,0.));
#3728 = ORIENTED_EDGE('',*,*,#3705,.T.);
#3729 = ORIENTED_EDGE('',*,*,#3722,.F.);
#3730 = ORIENTED_EDGE('',*,*,#3685,.F.);
#3731 = TOROIDAL_SURFACE('',#3732,252.45,80.75);
#3732 = AXIS2_PLACEMENT_3D('',#3733,#3734,#3735);
#3733 = CARTESIAN_POINT('',(2.2E+03,4.2549E+03,2.50245E+03));
#3734 = DIRECTION('',(-1.,0.,0.));
#3735 = DIRECTION('',(0.,-1.,0.));
#3736 = MANIFOLD_SOLID_BREP('',#3737);
#3737 = CLOSED_SHELL('',(#3738,#3771,#3791,#3811));
#3738 = ADVANCED_FACE('',(#3739),#3766,.T.);
#3739 = FACE_BOUND('',#3740,.T.);
#3740 = EDGE_LOOP('',(#3741,#3750,#3758,#3765));
#3741 = ORIENTED_EDGE('',*,*,#3742,.F.);
#3742 = EDGE_CURVE('',#3743,#3743,#3745,.T.);
#3743 = VERTEX_POINT('',#3744);
#3744 = CARTESIAN_POINT('',(2.2E+03,4.7549E+03,2.83905E+03));
#3745 = CIRCLE('',#3746,84.15);
#3746 = AXIS2_PLACEMENT_3D('',#3747,#3748,#3749);
#3747 = CARTESIAN_POINT('',(2.2E+03,4.7549E+03,2.7549E+03));
#3748 = DIRECTION('',(0.,1.,0.));
#3749 = DIRECTION('',(0.,0.,1.));
#3750 = ORIENTED_EDGE('',*,*,#3751,.F.);
#3751 = EDGE_CURVE('',#3752,#3743,#3754,.T.);
#3752 = VERTEX_POINT('',#3753);
#3753 = CARTESIAN_POINT('',(2.2E+03,4.2549E+03,2.83905E+03));
#3754 = LINE('',#3755,#3756);
#3755 = CARTESIAN_POINT('',(2.2E+03,4.2549E+03,2.83905E+03));
#3756 = VECTOR('',#3757,1.);
#3757 = DIRECTION('',(0.,1.,0.));
#3758 = ORIENTED_EDGE('',*,*,#3759,.T.);
#3759 = EDGE_CURVE('',#3752,#3752,#3760,.T.);
#3760 = CIRCLE('',#3761,84.15);
#3761 = AXIS2_PLACEMENT_3D('',#3762,#3763,#3764);
#3762 = CARTESIAN_POINT('',(2.2E+03,4.2549E+03,2.7549E+03));
#3763 = DIRECTION('',(0.,1.,0.));
#3764 = DIRECTION('',(0.,0.,1.));
#3765 = ORIENTED_EDGE('',*,*,#3751,.T.);
#3766 = CYLINDRICAL_SURFACE('',#3767,84.15);
#3767 = AXIS2_PLACEMENT_3D('',#3768,#3769,#3770);
#3768 = CARTESIAN_POINT('',(2.2E+03,4.2549E+03,2.7549E+03));
#3769 = DIRECTION('',(0.,1.,0.));
#3770 = DIRECTION('',(0.,0.,1.));
#3771 = ADVANCED_FACE('',(#3772,#3775),#3786,.T.);
#3772 = FACE_BOUND('',#3773,.T.);
#3773 = EDGE_LOOP('',(#3774));
#3774 = ORIENTED_EDGE('',*,*,#3742,.T.);
#3775 = FACE_BOUND('',#3776,.T.);
#3776 = EDGE_LOOP('',(#3777));
#3777 = ORIENTED_EDGE('',*,*,#3778,.F.);
#3778 = EDGE_CURVE('',#3779,#3779,#3781,.T.);
#3779 = VERTEX_POINT('',#3780);
#3780 = CARTESIAN_POINT('',(2.2E+03,4.7549E+03,2.83565E+03));
#3781 = CIRCLE('',#3782,80.75);
#3782 = AXIS2_PLACEMENT_3D('',#3783,#3784,#3785);
#3783 = CARTESIAN_POINT('',(2.2E+03,4.7549E+03,2.7549E+03));
#3784 = DIRECTION('',(0.,1.,0.));
#3785 = DIRECTION('',(0.,0.,1.));
#3786 = PLANE('',#3787);
#3787 = AXIS2_PLACEMENT_3D('',#3788,#3789,#3790);
#3788 = CARTESIAN_POINT('',(2.2E+03,4.7549E+03,2.7549E+03));
#3789 = DIRECTION('',(0.,1.,0.));
#3790 = DIRECTION('',(0.,0.,1.));
#3791 = ADVANCED_FACE('',(#3792,#3795),#3806,.F.);
#3792 = FACE_BOUND('',#3793,.F.);
#3793 = EDGE_LOOP('',(#3794));
#3794 = ORIENTED_EDGE('',*,*,#3759,.T.);
#3795 = FACE_BOUND('',#3796,.F.);
#3796 = EDGE_LOOP('',(#3797));
#3797 = ORIENTED_EDGE('',*,*,#3798,.F.);
#3798 = EDGE_CURVE('',#3799,#3799,#3801,.T.);
#3799 = VERTEX_POINT('',#3800);
#3800 = CARTESIAN_POINT('',(2.2E+03,4.2549E+03,2.83565E+03));
#3801 = CIRCLE('',#3802,80.75);
#3802 = AXIS2_PLACEMENT_3D('',#3803,#3804,#3805);
#3803 = CARTESIAN_POINT('',(2.2E+03,4.2549E+03,2.7549E+03));
#3804 = DIRECTION('',(0.,1.,0.));
#3805 = DIRECTION('',(0.,0.,1.));
#3806 = PLANE('',#3807);
#3807 = AXIS2_PLACEMENT_3D('',#3808,#3809,#3810);
#3808 = CARTESIAN_POINT('',(2.2E+03,4.2549E+03,2.7549E+03));
#3809 = DIRECTION('',(0.,1.,0.));
#3810 = DIRECTION('',(0.,0.,1.));
#3811 = ADVANCED_FACE('',(#3812),#3823,.F.);
#3812 = FACE_BOUND('',#3813,.F.);
#3813 = EDGE_LOOP('',(#3814,#3815,#3821,#3822));
#3814 = ORIENTED_EDGE('',*,*,#3778,.F.);
#3815 = ORIENTED_EDGE('',*,*,#3816,.F.);
#3816 = EDGE_CURVE('',#3799,#3779,#3817,.T.);
#3817 = LINE('',#3818,#3819);
#3818 = CARTESIAN_POINT('',(2.2E+03,4.2549E+03,2.83565E+03));
#3819 = VECTOR('',#3820,1.);
#3820 = DIRECTION('',(0.,1.,0.));
#3821 = ORIENTED_EDGE('',*,*,#3798,.T.);
#3822 = ORIENTED_EDGE('',*,*,#3816,.T.);
#3823 = CYLINDRICAL_SURFACE('',#3824,80.75);
#3824 = AXIS2_PLACEMENT_3D('',#3825,#3826,#3827);
#3825 = CARTESIAN_POINT('',(2.2E+03,4.2549E+03,2.7549E+03));
#3826 = DIRECTION('',(0.,1.,0.));
#3827 = DIRECTION('',(0.,0.,1.));
#3828 = MANIFOLD_SOLID_BREP('',#3829);
#3829 = CLOSED_SHELL('',(#3830,#3863,#3883,#3903));
#3830 = ADVANCED_FACE('',(#3831),#3858,.T.);
#3831 = FACE_BOUND('',#3832,.T.);
#3832 = EDGE_LOOP('',(#3833,#3842,#3850,#3857));
#3833 = ORIENTED_EDGE('',*,*,#3834,.F.);
#3834 = EDGE_CURVE('',#3835,#3835,#3837,.T.);
#3835 = VERTEX_POINT('',#3836);
#3836 = CARTESIAN_POINT('',(3.4E+03,3.75E+03,484.15));
#3837 = CIRCLE('',#3838,84.15);
#3838 = AXIS2_PLACEMENT_3D('',#3839,#3840,#3841);
#3839 = CARTESIAN_POINT('',(3.4E+03,3.75E+03,400.));
#3840 = DIRECTION('',(0.,1.,0.));
#3841 = DIRECTION('',(0.,0.,1.));
#3842 = ORIENTED_EDGE('',*,*,#3843,.F.);
#3843 = EDGE_CURVE('',#3844,#3835,#3846,.T.);
#3844 = VERTEX_POINT('',#3845);
#3845 = CARTESIAN_POINT('',(3.4E+03,3.25E+03,484.15));
#3846 = LINE('',#3847,#3848);
#3847 = CARTESIAN_POINT('',(3.4E+03,3.25E+03,484.15));
#3848 = VECTOR('',#3849,1.);
#3849 = DIRECTION('',(0.,1.,0.));
#3850 = ORIENTED_EDGE('',*,*,#3851,.T.);
#3851 = EDGE_CURVE('',#3844,#3844,#3852,.T.);
#3852 = CIRCLE('',#3853,84.15);
#3853 = AXIS2_PLACEMENT_3D('',#3854,#3855,#3856);
#3854 = CARTESIAN_POINT('',(3.4E+03,3.25E+03,400.));
#3855 = DIRECTION('',(0.,1.,0.));
#3856 = DIRECTION('',(0.,0.,1.));
#3857 = ORIENTED_EDGE('',*,*,#3843,.T.);
#3858 = CYLINDRICAL_SURFACE('',#3859,84.15);
#3859 = AXIS2_PLACEMENT_3D('',#3860,#3861,#3862);
#3860 = CARTESIAN_POINT('',(3.4E+03,3.25E+03,400.));
#3861 = DIRECTION('',(0.,1.,0.));
#3862 = DIRECTION('',(0.,0.,1.));
#3863 = ADVANCED_FACE('',(#3864,#3867),#3878,.T.);
#3864 = FACE_BOUND('',#3865,.T.);
#3865 = EDGE_LOOP('',(#3866));
#3866 = ORIENTED_EDGE('',*,*,#3834,.T.);
#3867 = FACE_BOUND('',#3868,.T.);
#3868 = EDGE_LOOP('',(#3869));
#3869 = ORIENTED_EDGE('',*,*,#3870,.F.);
#3870 = EDGE_CURVE('',#3871,#3871,#3873,.T.);
#3871 = VERTEX_POINT('',#3872);
#3872 = CARTESIAN_POINT('',(3.4E+03,3.75E+03,480.75));
#3873 = CIRCLE('',#3874,80.75);
#3874 = AXIS2_PLACEMENT_3D('',#3875,#3876,#3877);
#3875 = CARTESIAN_POINT('',(3.4E+03,3.75E+03,400.));
#3876 = DIRECTION('',(0.,1.,0.));
#3877 = DIRECTION('',(0.,0.,1.));
#3878 = PLANE('',#3879);
#3879 = AXIS2_PLACEMENT_3D('',#3880,#3881,#3882);
#3880 = CARTESIAN_POINT('',(3.4E+03,3.75E+03,400.));
#3881 = DIRECTION('',(0.,1.,0.));
#3882 = DIRECTION('',(0.,0.,1.));
#3883 = ADVANCED_FACE('',(#3884,#3887),#3898,.F.);
#3884 = FACE_BOUND('',#3885,.F.);
#3885 = EDGE_LOOP('',(#3886));
#3886 = ORIENTED_EDGE('',*,*,#3851,.T.);
#3887 = FACE_BOUND('',#3888,.F.);
#3888 = EDGE_LOOP('',(#3889));
#3889 = ORIENTED_EDGE('',*,*,#3890,.F.);
#3890 = EDGE_CURVE('',#3891,#3891,#3893,.T.);
#3891 = VERTEX_POINT('',#3892);
#3892 = CARTESIAN_POINT('',(3.4E+03,3.25E+03,480.75));
#3893 = CIRCLE('',#3894,80.75);
#3894 = AXIS2_PLACEMENT_3D('',#3895,#3896,#3897);
#3895 = CARTESIAN_POINT('',(3.4E+03,3.25E+03,400.));
#3896 = DIRECTION('',(0.,1.,0.));
#3897 = DIRECTION('',(0.,0.,1.));
#3898 = PLANE('',#3899);
#3899 = AXIS2_PLACEMENT_3D('',#3900,#3901,#3902);
#3900 = CARTESIAN_POINT('',(3.4E+03,3.25E+03,400.));
#3901 = DIRECTION('',(0.,1.,0.));
#3902 = DIRECTION('',(0.,0.,1.));
#3903 = ADVANCED_FACE('',(#3904),#3915,.F.);
#3904 = FACE_BOUND('',#3905,.F.);
#3905 = EDGE_LOOP('',(#3906,#3907,#3913,#3914));
#3906 = ORIENTED_EDGE('',*,*,#3870,.F.);
#3907 = ORIENTED_EDGE('',*,*,#3908,.F.);
#3908 = EDGE_CURVE('',#3891,#3871,#3909,.T.);
#3909 = LINE('',#3910,#3911);
#3910 = CARTESIAN_POINT('',(3.4E+03,3.25E+03,480.75));
#3911 = VECTOR('',#3912,1.);
#3912 = DIRECTION('',(0.,1.,0.));
#3913 = ORIENTED_EDGE('',*,*,#3890,.T.);
#3914 = ORIENTED_EDGE('',*,*,#3908,.T.);
#3915 = CYLINDRICAL_SURFACE('',#3916,80.75);
#3916 = AXIS2_PLACEMENT_3D('',#3917,#3918,#3919);
#3917 = CARTESIAN_POINT('',(3.4E+03,3.25E+03,400.));
#3918 = DIRECTION('',(0.,1.,0.));
#3919 = DIRECTION('',(0.,0.,1.));
#3920 = MANIFOLD_SOLID_BREP('',#3921);
#3921 = CLOSED_SHELL('',(#3922,#3956,#3976,#3996));
#3922 = ADVANCED_FACE('',(#3923),#3951,.T.);
#3923 = FACE_BOUND('',#3924,.T.);
#3924 = EDGE_LOOP('',(#3925,#3936,#3943,#3944));
#3925 = ORIENTED_EDGE('',*,*,#3926,.T.);
#3926 = EDGE_CURVE('',#3927,#3929,#3931,.T.);
#3927 = VERTEX_POINT('',#3928);
#3928 = CARTESIAN_POINT('',(3.48415E+03,3.75E+03,400.));
#3929 = VERTEX_POINT('',#3930);
#3930 = CARTESIAN_POINT('',(3.48415E+03,4.00245E+03,652.45));
#3931 = CIRCLE('',#3932,252.45);
#3932 = AXIS2_PLACEMENT_3D('',#3933,#3934,#3935);
#3933 = CARTESIAN_POINT('',(3.48415E+03,3.75E+03,652.45));
#3934 = DIRECTION('',(1.,-0.,0.));
#3935 = DIRECTION('',(0.,0.,-1.));
#3936 = ORIENTED_EDGE('',*,*,#3937,.T.);
#3937 = EDGE_CURVE('',#3929,#3929,#3938,.T.);
#3938 = CIRCLE('',#3939,84.15);
#3939 = AXIS2_PLACEMENT_3D('',#3940,#3941,#3942);
#3940 = CARTESIAN_POINT('',(3.4E+03,4.00245E+03,652.45));
#3941 = DIRECTION('',(0.,8.269460797428E-16,-1.));
#3942 = DIRECTION('',(0.,1.,8.269460797428E-16));
#3943 = ORIENTED_EDGE('',*,*,#3926,.F.);
#3944 = ORIENTED_EDGE('',*,*,#3945,.F.);
#3945 = EDGE_CURVE('',#3927,#3927,#3946,.T.);
#3946 = CIRCLE('',#3947,84.15);
#3947 = AXIS2_PLACEMENT_3D('',#3948,#3949,#3950);
#3948 = CARTESIAN_POINT('',(3.4E+03,3.75E+03,400.));
#3949 = DIRECTION('',(0.,-1.,0.));
#3950 = DIRECTION('',(0.,0.,-1.));
#3951 = TOROIDAL_SURFACE('',#3952,252.45,84.15);
#3952 = AXIS2_PLACEMENT_3D('',#3953,#3954,#3955);
#3953 = CARTESIAN_POINT('',(3.4E+03,3.75E+03,652.45));
#3954 = DIRECTION('',(1.,0.,0.));
#3955 = DIRECTION('',(0.,0.,-1.));
#3956 = ADVANCED_FACE('',(#3957,#3960),#3971,.F.);
#3957 = FACE_BOUND('',#3958,.F.);
#3958 = EDGE_LOOP('',(#3959));
#3959 = ORIENTED_EDGE('',*,*,#3945,.F.);
#3960 = FACE_BOUND('',#3961,.F.);
#3961 = EDGE_LOOP('',(#3962));
#3962 = ORIENTED_EDGE('',*,*,#3963,.T.);
#3963 = EDGE_CURVE('',#3964,#3964,#3966,.T.);
#3964 = VERTEX_POINT('',#3965);
#3965 = CARTESIAN_POINT('',(3.48075E+03,3.75E+03,400.));
#3966 = CIRCLE('',#3967,80.75);
#3967 = AXIS2_PLACEMENT_3D('',#3968,#3969,#3970);
#3968 = CARTESIAN_POINT('',(3.4E+03,3.75E+03,400.));
#3969 = DIRECTION('',(0.,-1.,0.));
#3970 = DIRECTION('',(0.,0.,-1.));
#3971 = PLANE('',#3972);
#3972 = AXIS2_PLACEMENT_3D('',#3973,#3974,#3975);
#3973 = CARTESIAN_POINT('',(3.4E+03,3.75E+03,400.));
#3974 = DIRECTION('',(0.,1.,0.));
#3975 = DIRECTION('',(0.,0.,1.));
#3976 = ADVANCED_FACE('',(#3977,#3980),#3991,.T.);
#3977 = FACE_BOUND('',#3978,.T.);
#3978 = EDGE_LOOP('',(#3979));
#3979 = ORIENTED_EDGE('',*,*,#3937,.F.);
#3980 = FACE_BOUND('',#3981,.T.);
#3981 = EDGE_LOOP('',(#3982));
#3982 = ORIENTED_EDGE('',*,*,#3983,.T.);
#3983 = EDGE_CURVE('',#3984,#3984,#3986,.T.);
#3984 = VERTEX_POINT('',#3985);
#3985 = CARTESIAN_POINT('',(3.48075E+03,4.00245E+03,652.45));
#3986 = CIRCLE('',#3987,80.75);
#3987 = AXIS2_PLACEMENT_3D('',#3988,#3989,#3990);
#3988 = CARTESIAN_POINT('',(3.4E+03,4.00245E+03,652.45));
#3989 = DIRECTION('',(0.,8.269460797428E-16,-1.));
#3990 = DIRECTION('',(0.,1.,8.269460797428E-16));
#3991 = PLANE('',#3992);
#3992 = AXIS2_PLACEMENT_3D('',#3993,#3994,#3995);
#3993 = CARTESIAN_POINT('',(3.4E+03,4.00245E+03,652.45));
#3994 = DIRECTION('',(0.,-1.560003003254E-15,1.));
#3995 = DIRECTION('',(0.,1.,1.560003003254E-15));
#3996 = ADVANCED_FACE('',(#3997),#4009,.F.);
#3997 = FACE_BOUND('',#3998,.F.);
#3998 = EDGE_LOOP('',(#3999,#4006,#4007,#4008));
#3999 = ORIENTED_EDGE('',*,*,#4000,.T.);
#4000 = EDGE_CURVE('',#3964,#3984,#4001,.T.);
#4001 = CIRCLE('',#4002,252.45);
#4002 = AXIS2_PLACEMENT_3D('',#4003,#4004,#4005);
#4003 = CARTESIAN_POINT('',(3.48075E+03,3.75E+03,652.45));
#4004 = DIRECTION('',(1.,-0.,0.));
#4005 = DIRECTION('',(0.,0.,-1.));
#4006 = ORIENTED_EDGE('',*,*,#3983,.T.);
#4007 = ORIENTED_EDGE('',*,*,#4000,.F.);
#4008 = ORIENTED_EDGE('',*,*,#3963,.F.);
#4009 = TOROIDAL_SURFACE('',#4010,252.45,80.75);
#4010 = AXIS2_PLACEMENT_3D('',#4011,#4012,#4013);
#4011 = CARTESIAN_POINT('',(3.4E+03,3.75E+03,652.45));
#4012 = DIRECTION('',(1.,0.,0.));
#4013 = DIRECTION('',(0.,0.,-1.));
#4014 = MANIFOLD_SOLID_BREP('',#4015);
#4015 = CLOSED_SHELL('',(#4016,#4049,#4069,#4089));
#4016 = ADVANCED_FACE('',(#4017),#4044,.T.);
#4017 = FACE_BOUND('',#4018,.T.);
#4018 = EDGE_LOOP('',(#4019,#4028,#4036,#4043));
#4019 = ORIENTED_EDGE('',*,*,#4020,.F.);
#4020 = EDGE_CURVE('',#4021,#4021,#4023,.T.);
#4021 = VERTEX_POINT('',#4022);
#4022 = CARTESIAN_POINT('',(3.48415E+03,4.00245E+03,2.50245E+03));
#4023 = CIRCLE('',#4024,84.15);
#4024 = AXIS2_PLACEMENT_3D('',#4025,#4026,#4027);
#4025 = CARTESIAN_POINT('',(3.4E+03,4.00245E+03,2.50245E+03));
#4026 = DIRECTION('',(0.,0.,1.));
#4027 = DIRECTION('',(1.,0.,0.));
#4028 = ORIENTED_EDGE('',*,*,#4029,.F.);
#4029 = EDGE_CURVE('',#4030,#4021,#4032,.T.);
#4030 = VERTEX_POINT('',#4031);
#4031 = CARTESIAN_POINT('',(3.48415E+03,4.00245E+03,652.45));
#4032 = LINE('',#4033,#4034);
#4033 = CARTESIAN_POINT('',(3.48415E+03,4.00245E+03,652.45));
#4034 = VECTOR('',#4035,1.);
#4035 = DIRECTION('',(0.,0.,1.));
#4036 = ORIENTED_EDGE('',*,*,#4037,.T.);
#4037 = EDGE_CURVE('',#4030,#4030,#4038,.T.);
#4038 = CIRCLE('',#4039,84.15);
#4039 = AXIS2_PLACEMENT_3D('',#4040,#4041,#4042);
#4040 = CARTESIAN_POINT('',(3.4E+03,4.00245E+03,652.45));
#4041 = DIRECTION('',(0.,0.,1.));
#4042 = DIRECTION('',(1.,0.,0.));
#4043 = ORIENTED_EDGE('',*,*,#4029,.T.);
#4044 = CYLINDRICAL_SURFACE('',#4045,84.15);
#4045 = AXIS2_PLACEMENT_3D('',#4046,#4047,#4048);
#4046 = CARTESIAN_POINT('',(3.4E+03,4.00245E+03,652.45));
#4047 = DIRECTION('',(0.,0.,1.));
#4048 = DIRECTION('',(1.,0.,0.));
#4049 = ADVANCED_FACE('',(#4050,#4053),#4064,.T.);
#4050 = FACE_BOUND('',#4051,.T.);
#4051 = EDGE_LOOP('',(#4052));
#4052 = ORIENTED_EDGE('',*,*,#4020,.T.);
#4053 = FACE_BOUND('',#4054,.T.);
#4054 = EDGE_LOOP('',(#4055));
#4055 = ORIENTED_EDGE('',*,*,#4056,.F.);
#4056 = EDGE_CURVE('',#4057,#4057,#4059,.T.);
#4057 = VERTEX_POINT('',#4058);
#4058 = CARTESIAN_POINT('',(3.48075E+03,4.00245E+03,2.50245E+03));
#4059 = CIRCLE('',#4060,80.75);
#4060 = AXIS2_PLACEMENT_3D('',#4061,#4062,#4063);
#4061 = CARTESIAN_POINT('',(3.4E+03,4.00245E+03,2.50245E+03));
#4062 = DIRECTION('',(0.,0.,1.));
#4063 = DIRECTION('',(1.,0.,0.));
#4064 = PLANE('',#4065);
#4065 = AXIS2_PLACEMENT_3D('',#4066,#4067,#4068);
#4066 = CARTESIAN_POINT('',(3.4E+03,4.00245E+03,2.50245E+03));
#4067 = DIRECTION('',(0.,0.,1.));
#4068 = DIRECTION('',(1.,0.,0.));
#4069 = ADVANCED_FACE('',(#4070,#4073),#4084,.F.);
#4070 = FACE_BOUND('',#4071,.F.);
#4071 = EDGE_LOOP('',(#4072));
#4072 = ORIENTED_EDGE('',*,*,#4037,.T.);
#4073 = FACE_BOUND('',#4074,.F.);
#4074 = EDGE_LOOP('',(#4075));
#4075 = ORIENTED_EDGE('',*,*,#4076,.F.);
#4076 = EDGE_CURVE('',#4077,#4077,#4079,.T.);
#4077 = VERTEX_POINT('',#4078);
#4078 = CARTESIAN_POINT('',(3.48075E+03,4.00245E+03,652.45));
#4079 = CIRCLE('',#4080,80.75);
#4080 = AXIS2_PLACEMENT_3D('',#4081,#4082,#4083);
#4081 = CARTESIAN_POINT('',(3.4E+03,4.00245E+03,652.45));
#4082 = DIRECTION('',(0.,0.,1.));
#4083 = DIRECTION('',(1.,0.,0.));
#4084 = PLANE('',#4085);
#4085 = AXIS2_PLACEMENT_3D('',#4086,#4087,#4088);
#4086 = CARTESIAN_POINT('',(3.4E+03,4.00245E+03,652.45));
#4087 = DIRECTION('',(0.,0.,1.));
#4088 = DIRECTION('',(1.,0.,0.));
#4089 = ADVANCED_FACE('',(#4090),#4101,.F.);
#4090 = FACE_BOUND('',#4091,.F.);
#4091 = EDGE_LOOP('',(#4092,#4093,#4099,#4100));
#4092 = ORIENTED_EDGE('',*,*,#4056,.F.);
#4093 = ORIENTED_EDGE('',*,*,#4094,.F.);
#4094 = EDGE_CURVE('',#4077,#4057,#4095,.T.);
#4095 = LINE('',#4096,#4097);
#4096 = CARTESIAN_POINT('',(3.48075E+03,4.00245E+03,652.45));
#4097 = VECTOR('',#4098,1.);
#4098 = DIRECTION('',(0.,0.,1.));
#4099 = ORIENTED_EDGE('',*,*,#4076,.T.);
#4100 = ORIENTED_EDGE('',*,*,#4094,.T.);
#4101 = CYLINDRICAL_SURFACE('',#4102,80.75);
#4102 = AXIS2_PLACEMENT_3D('',#4103,#4104,#4105);
#4103 = CARTESIAN_POINT('',(3.4E+03,4.00245E+03,652.45));
#4104 = DIRECTION('',(0.,0.,1.));
#4105 = DIRECTION('',(1.,0.,0.));
#4106 = MANIFOLD_SOLID_BREP('',#4107);
#4107 = CLOSED_SHELL('',(#4108,#4142,#4162,#4182));
#4108 = ADVANCED_FACE('',(#4109),#4137,.T.);
#4109 = FACE_BOUND('',#4110,.T.);
#4110 = EDGE_LOOP('',(#4111,#4122,#4129,#4130));
#4111 = ORIENTED_EDGE('',*,*,#4112,.T.);
#4112 = EDGE_CURVE('',#4113,#4115,#4117,.T.);
#4113 = VERTEX_POINT('',#4114);
#4114 = CARTESIAN_POINT('',(3.48415E+03,4.00245E+03,2.50245E+03));
#4115 = VERTEX_POINT('',#4116);
#4116 = CARTESIAN_POINT('',(3.48415E+03,4.2549E+03,2.7549E+03));
#4117 = CIRCLE('',#4118,252.45);
#4118 = AXIS2_PLACEMENT_3D('',#4119,#4120,#4121);
#4119 = CARTESIAN_POINT('',(3.48415E+03,4.2549E+03,2.50245E+03));
#4120 = DIRECTION('',(-1.,0.,0.));
#4121 = DIRECTION('',(0.,-1.,0.));
#4122 = ORIENTED_EDGE('',*,*,#4123,.T.);
#4123 = EDGE_CURVE('',#4115,#4115,#4124,.T.);
#4124 = CIRCLE('',#4125,84.15);
#4125 = AXIS2_PLACEMENT_3D('',#4126,#4127,#4128);
#4126 = CARTESIAN_POINT('',(3.4E+03,4.2549E+03,2.7549E+03));
#4127 = DIRECTION('',(-0.,-1.,-6.123233995737E-17));
#4128 = DIRECTION('',(0.,-6.123233995737E-17,1.));
#4129 = ORIENTED_EDGE('',*,*,#4112,.F.);
#4130 = ORIENTED_EDGE('',*,*,#4131,.F.);
#4131 = EDGE_CURVE('',#4113,#4113,#4132,.T.);
#4132 = CIRCLE('',#4133,84.15);
#4133 = AXIS2_PLACEMENT_3D('',#4134,#4135,#4136);
#4134 = CARTESIAN_POINT('',(3.4E+03,4.00245E+03,2.50245E+03));
#4135 = DIRECTION('',(-0.,-0.,-1.));
#4136 = DIRECTION('',(0.,-1.,0.));
#4137 = TOROIDAL_SURFACE('',#4138,252.45,84.15);
#4138 = AXIS2_PLACEMENT_3D('',#4139,#4140,#4141);
#4139 = CARTESIAN_POINT('',(3.4E+03,4.2549E+03,2.50245E+03));
#4140 = DIRECTION('',(-1.,0.,0.));
#4141 = DIRECTION('',(0.,-1.,0.));
#4142 = ADVANCED_FACE('',(#4143,#4146),#4157,.F.);
#4143 = FACE_BOUND('',#4144,.F.);
#4144 = EDGE_LOOP('',(#4145));
#4145 = ORIENTED_EDGE('',*,*,#4131,.F.);
#4146 = FACE_BOUND('',#4147,.F.);
#4147 = EDGE_LOOP('',(#4148));
#4148 = ORIENTED_EDGE('',*,*,#4149,.T.);
#4149 = EDGE_CURVE('',#4150,#4150,#4152,.T.);
#4150 = VERTEX_POINT('',#4151);
#4151 = CARTESIAN_POINT('',(3.48075E+03,4.00245E+03,2.50245E+03));
#4152 = CIRCLE('',#4153,80.75);
#4153 = AXIS2_PLACEMENT_3D('',#4154,#4155,#4156);
#4154 = CARTESIAN_POINT('',(3.4E+03,4.00245E+03,2.50245E+03));
#4155 = DIRECTION('',(-0.,-0.,-1.));
#4156 = DIRECTION('',(0.,-1.,0.));
#4157 = PLANE('',#4158);
#4158 = AXIS2_PLACEMENT_3D('',#4159,#4160,#4161);
#4159 = CARTESIAN_POINT('',(3.4E+03,4.00245E+03,2.50245E+03));
#4160 = DIRECTION('',(0.,0.,1.));
#4161 = DIRECTION('',(1.,0.,0.));
#4162 = ADVANCED_FACE('',(#4163,#4166),#4177,.T.);
#4163 = FACE_BOUND('',#4164,.T.);
#4164 = EDGE_LOOP('',(#4165));
#4165 = ORIENTED_EDGE('',*,*,#4123,.F.);
#4166 = FACE_BOUND('',#4167,.T.);
#4167 = EDGE_LOOP('',(#4168));
#4168 = ORIENTED_EDGE('',*,*,#4169,.T.);
#4169 = EDGE_CURVE('',#4170,#4170,#4172,.T.);
#4170 = VERTEX_POINT('',#4171);
#4171 = CARTESIAN_POINT('',(3.48075E+03,4.2549E+03,2.7549E+03));
#4172 = CIRCLE('',#4173,80.75);
#4173 = AXIS2_PLACEMENT_3D('',#4174,#4175,#4176);
#4174 = CARTESIAN_POINT('',(3.4E+03,4.2549E+03,2.7549E+03));
#4175 = DIRECTION('',(-0.,-1.,-6.123233995737E-17));
#4176 = DIRECTION('',(0.,-6.123233995737E-17,1.));
#4177 = PLANE('',#4178);
#4178 = AXIS2_PLACEMENT_3D('',#4179,#4180,#4181);
#4179 = CARTESIAN_POINT('',(3.4E+03,4.2549E+03,2.7549E+03));
#4180 = DIRECTION('',(0.,1.,0.));
#4181 = DIRECTION('',(0.,0.,1.));
#4182 = ADVANCED_FACE('',(#4183),#4195,.F.);
#4183 = FACE_BOUND('',#4184,.F.);
#4184 = EDGE_LOOP('',(#4185,#4192,#4193,#4194));
#4185 = ORIENTED_EDGE('',*,*,#4186,.T.);
#4186 = EDGE_CURVE('',#4150,#4170,#4187,.T.);
#4187 = CIRCLE('',#4188,252.45);
#4188 = AXIS2_PLACEMENT_3D('',#4189,#4190,#4191);
#4189 = CARTESIAN_POINT('',(3.48075E+03,4.2549E+03,2.50245E+03));
#4190 = DIRECTION('',(-1.,0.,0.));
#4191 = DIRECTION('',(0.,-1.,0.));
#4192 = ORIENTED_EDGE('',*,*,#4169,.T.);
#4193 = ORIENTED_EDGE('',*,*,#4186,.F.);
#4194 = ORIENTED_EDGE('',*,*,#4149,.F.);
#4195 = TOROIDAL_SURFACE('',#4196,252.45,80.75);
#4196 = AXIS2_PLACEMENT_3D('',#4197,#4198,#4199);
#4197 = CARTESIAN_POINT('',(3.4E+03,4.2549E+03,2.50245E+03));
#4198 = DIRECTION('',(-1.,0.,0.));
#4199 = DIRECTION('',(0.,-1.,0.));
#4200 = MANIFOLD_SOLID_BREP('',#4201);
#4201 = CLOSED_SHELL('',(#4202,#4235,#4255,#4275));
#4202 = ADVANCED_FACE('',(#4203),#4230,.T.);
#4203 = FACE_BOUND('',#4204,.T.);
#4204 = EDGE_LOOP('',(#4205,#4214,#4222,#4229));
#4205 = ORIENTED_EDGE('',*,*,#4206,.F.);
#4206 = EDGE_CURVE('',#4207,#4207,#4209,.T.);
#4207 = VERTEX_POINT('',#4208);
#4208 = CARTESIAN_POINT('',(3.4E+03,4.7549E+03,2.83905E+03));
#4209 = CIRCLE('',#4210,84.15);
#4210 = AXIS2_PLACEMENT_3D('',#4211,#4212,#4213);
#4211 = CARTESIAN_POINT('',(3.4E+03,4.7549E+03,2.7549E+03));
#4212 = DIRECTION('',(0.,1.,0.));
#4213 = DIRECTION('',(0.,0.,1.));
#4214 = ORIENTED_EDGE('',*,*,#4215,.F.);
#4215 = EDGE_CURVE('',#4216,#4207,#4218,.T.);
#4216 = VERTEX_POINT('',#4217);
#4217 = CARTESIAN_POINT('',(3.4E+03,4.2549E+03,2.83905E+03));
#4218 = LINE('',#4219,#4220);
#4219 = CARTESIAN_POINT('',(3.4E+03,4.2549E+03,2.83905E+03));
#4220 = VECTOR('',#4221,1.);
#4221 = DIRECTION('',(0.,1.,0.));
#4222 = ORIENTED_EDGE('',*,*,#4223,.T.);
#4223 = EDGE_CURVE('',#4216,#4216,#4224,.T.);
#4224 = CIRCLE('',#4225,84.15);
#4225 = AXIS2_PLACEMENT_3D('',#4226,#4227,#4228);
#4226 = CARTESIAN_POINT('',(3.4E+03,4.2549E+03,2.7549E+03));
#4227 = DIRECTION('',(0.,1.,0.));
#4228 = DIRECTION('',(0.,0.,1.));
#4229 = ORIENTED_EDGE('',*,*,#4215,.T.);
#4230 = CYLINDRICAL_SURFACE('',#4231,84.15);
#4231 = AXIS2_PLACEMENT_3D('',#4232,#4233,#4234);
#4232 = CARTESIAN_POINT('',(3.4E+03,4.2549E+03,2.7549E+03));
#4233 = DIRECTION('',(0.,1.,0.));
#4234 = DIRECTION('',(0.,0.,1.));
#4235 = ADVANCED_FACE('',(#4236,#4239),#4250,.T.);
#4236 = FACE_BOUND('',#4237,.T.);
#4237 = EDGE_LOOP('',(#4238));
#4238 = ORIENTED_EDGE('',*,*,#4206,.T.);
#4239 = FACE_BOUND('',#4240,.T.);
#4240 = EDGE_LOOP('',(#4241));
#4241 = ORIENTED_EDGE('',*,*,#4242,.F.);
#4242 = EDGE_CURVE('',#4243,#4243,#4245,.T.);
#4243 = VERTEX_POINT('',#4244);
#4244 = CARTESIAN_POINT('',(3.4E+03,4.7549E+03,2.83565E+03));
#4245 = CIRCLE('',#4246,80.75);
#4246 = AXIS2_PLACEMENT_3D('',#4247,#4248,#4249);
#4247 = CARTESIAN_POINT('',(3.4E+03,4.7549E+03,2.7549E+03));
#4248 = DIRECTION('',(0.,1.,0.));
#4249 = DIRECTION('',(0.,0.,1.));
#4250 = PLANE('',#4251);
#4251 = AXIS2_PLACEMENT_3D('',#4252,#4253,#4254);
#4252 = CARTESIAN_POINT('',(3.4E+03,4.7549E+03,2.7549E+03));
#4253 = DIRECTION('',(0.,1.,0.));
#4254 = DIRECTION('',(0.,0.,1.));
#4255 = ADVANCED_FACE('',(#4256,#4259),#4270,.F.);
#4256 = FACE_BOUND('',#4257,.F.);
#4257 = EDGE_LOOP('',(#4258));
#4258 = ORIENTED_EDGE('',*,*,#4223,.T.);
#4259 = FACE_BOUND('',#4260,.F.);
#4260 = EDGE_LOOP('',(#4261));
#4261 = ORIENTED_EDGE('',*,*,#4262,.F.);
#4262 = EDGE_CURVE('',#4263,#4263,#4265,.T.);
#4263 = VERTEX_POINT('',#4264);
#4264 = CARTESIAN_POINT('',(3.4E+03,4.2549E+03,2.83565E+03));
#4265 = CIRCLE('',#4266,80.75);
#4266 = AXIS2_PLACEMENT_3D('',#4267,#4268,#4269);
#4267 = CARTESIAN_POINT('',(3.4E+03,4.2549E+03,2.7549E+03));
#4268 = DIRECTION('',(0.,1.,0.));
#4269 = DIRECTION('',(0.,0.,1.));
#4270 = PLANE('',#4271);
#4271 = AXIS2_PLACEMENT_3D('',#4272,#4273,#4274);
#4272 = CARTESIAN_POINT('',(3.4E+03,4.2549E+03,2.7549E+03));
#4273 = DIRECTION('',(0.,1.,0.));
#4274 = DIRECTION('',(0.,0.,1.));
#4275 = ADVANCED_FACE('',(#4276),#4287,.F.);
#4276 = FACE_BOUND('',#4277,.F.);
#4277 = EDGE_LOOP('',(#4278,#4279,#4285,#4286));
#4278 = ORIENTED_EDGE('',*,*,#4242,.F.);
#4279 = ORIENTED_EDGE('',*,*,#4280,.F.);
#4280 = EDGE_CURVE('',#4263,#4243,#4281,.T.);
#4281 = LINE('',#4282,#4283);
#4282 = CARTESIAN_POINT('',(3.4E+03,4.2549E+03,2.83565E+03));
#4283 = VECTOR('',#4284,1.);
#4284 = DIRECTION('',(0.,1.,0.));
#4285 = ORIENTED_EDGE('',*,*,#4262,.T.);
#4286 = ORIENTED_EDGE('',*,*,#4280,.T.);
#4287 = CYLINDRICAL_SURFACE('',#4288,80.75);
#4288 = AXIS2_PLACEMENT_3D('',#4289,#4290,#4291);
#4289 = CARTESIAN_POINT('',(3.4E+03,4.2549E+03,2.7549E+03));
#4290 = DIRECTION('',(0.,1.,0.));
#4291 = DIRECTION('',(0.,0.,1.));
#4292 = MANIFOLD_SOLID_BREP('',#4293);
#4293 = CLOSED_SHELL('',(#4294,#4327,#4347,#4367));
#4294 = ADVANCED_FACE('',(#4295),#4322,.T.);
#4295 = FACE_BOUND('',#4296,.T.);
#4296 = EDGE_LOOP('',(#4297,#4306,#4314,#4321));
#4297 = ORIENTED_EDGE('',*,*,#4298,.F.);
#4298 = EDGE_CURVE('',#4299,#4299,#4301,.T.);
#4299 = VERTEX_POINT('',#4300);
#4300 = CARTESIAN_POINT('',(5.41585E+03,1.5E+03,2.1E+03));
#4301 = CIRCLE('',#4302,84.15);
#4302 = AXIS2_PLACEMENT_3D('',#4303,#4304,#4305);
#4303 = CARTESIAN_POINT('',(5.5E+03,1.5E+03,2.1E+03));
#4304 = DIRECTION('',(0.,0.,-1.));
#4305 = DIRECTION('',(-1.,0.,0.));
#4306 = ORIENTED_EDGE('',*,*,#4307,.F.);
#4307 = EDGE_CURVE('',#4308,#4299,#4310,.T.);
#4308 = VERTEX_POINT('',#4309);
#4309 = CARTESIAN_POINT('',(5.41585E+03,1.5E+03,2.5E+03));
#4310 = LINE('',#4311,#4312);
#4311 = CARTESIAN_POINT('',(5.41585E+03,1.5E+03,2.5E+03));
#4312 = VECTOR('',#4313,1.);
#4313 = DIRECTION('',(0.,0.,-1.));
#4314 = ORIENTED_EDGE('',*,*,#4315,.T.);
#4315 = EDGE_CURVE('',#4308,#4308,#4316,.T.);
#4316 = CIRCLE('',#4317,84.15);
#4317 = AXIS2_PLACEMENT_3D('',#4318,#4319,#4320);
#4318 = CARTESIAN_POINT('',(5.5E+03,1.5E+03,2.5E+03));
#4319 = DIRECTION('',(0.,0.,-1.));
#4320 = DIRECTION('',(-1.,0.,0.));
#4321 = ORIENTED_EDGE('',*,*,#4307,.T.);
#4322 = CYLINDRICAL_SURFACE('',#4323,84.15);
#4323 = AXIS2_PLACEMENT_3D('',#4324,#4325,#4326);
#4324 = CARTESIAN_POINT('',(5.5E+03,1.5E+03,2.5E+03));
#4325 = DIRECTION('',(0.,0.,-1.));
#4326 = DIRECTION('',(-1.,0.,0.));
#4327 = ADVANCED_FACE('',(#4328,#4331),#4342,.T.);
#4328 = FACE_BOUND('',#4329,.T.);
#4329 = EDGE_LOOP('',(#4330));
#4330 = ORIENTED_EDGE('',*,*,#4298,.T.);
#4331 = FACE_BOUND('',#4332,.T.);
#4332 = EDGE_LOOP('',(#4333));
#4333 = ORIENTED_EDGE('',*,*,#4334,.F.);
#4334 = EDGE_CURVE('',#4335,#4335,#4337,.T.);
#4335 = VERTEX_POINT('',#4336);
#4336 = CARTESIAN_POINT('',(5.41925E+03,1.5E+03,2.1E+03));
#4337 = CIRCLE('',#4338,80.75);
#4338 = AXIS2_PLACEMENT_3D('',#4339,#4340,#4341);
#4339 = CARTESIAN_POINT('',(5.5E+03,1.5E+03,2.1E+03));
#4340 = DIRECTION('',(0.,0.,-1.));
#4341 = DIRECTION('',(-1.,0.,0.));
#4342 = PLANE('',#4343);
#4343 = AXIS2_PLACEMENT_3D('',#4344,#4345,#4346);
#4344 = CARTESIAN_POINT('',(5.5E+03,1.5E+03,2.1E+03));
#4345 = DIRECTION('',(0.,0.,-1.));
#4346 = DIRECTION('',(-1.,0.,0.));
#4347 = ADVANCED_FACE('',(#4348,#4351),#4362,.F.);
#4348 = FACE_BOUND('',#4349,.F.);
#4349 = EDGE_LOOP('',(#4350));
#4350 = ORIENTED_EDGE('',*,*,#4315,.T.);
#4351 = FACE_BOUND('',#4352,.F.);
#4352 = EDGE_LOOP('',(#4353));
#4353 = ORIENTED_EDGE('',*,*,#4354,.F.);
#4354 = EDGE_CURVE('',#4355,#4355,#4357,.T.);
#4355 = VERTEX_POINT('',#4356);
#4356 = CARTESIAN_POINT('',(5.41925E+03,1.5E+03,2.5E+03));
#4357 = CIRCLE('',#4358,80.75);
#4358 = AXIS2_PLACEMENT_3D('',#4359,#4360,#4361);
#4359 = CARTESIAN_POINT('',(5.5E+03,1.5E+03,2.5E+03));
#4360 = DIRECTION('',(0.,0.,-1.));
#4361 = DIRECTION('',(-1.,0.,0.));
#4362 = PLANE('',#4363);
#4363 = AXIS2_PLACEMENT_3D('',#4364,#4365,#4366);
#4364 = CARTESIAN_POINT('',(5.5E+03,1.5E+03,2.5E+03));
#4365 = DIRECTION('',(0.,0.,-1.));
#4366 = DIRECTION('',(-1.,0.,0.));
#4367 = ADVANCED_FACE('',(#4368),#4379,.F.);
#4368 = FACE_BOUND('',#4369,.F.);
#4369 = EDGE_LOOP('',(#4370,#4371,#4377,#4378));
#4370 = ORIENTED_EDGE('',*,*,#4334,.F.);
#4371 = ORIENTED_EDGE('',*,*,#4372,.F.);
#4372 = EDGE_CURVE('',#4355,#4335,#4373,.T.);
#4373 = LINE('',#4374,#4375);
#4374 = CARTESIAN_POINT('',(5.41925E+03,1.5E+03,2.5E+03));
#4375 = VECTOR('',#4376,1.);
#4376 = DIRECTION('',(0.,0.,-1.));
#4377 = ORIENTED_EDGE('',*,*,#4354,.T.);
#4378 = ORIENTED_EDGE('',*,*,#4372,.T.);
#4379 = CYLINDRICAL_SURFACE('',#4380,80.75);
#4380 = AXIS2_PLACEMENT_3D('',#4381,#4382,#4383);
#4381 = CARTESIAN_POINT('',(5.5E+03,1.5E+03,2.5E+03));
#4382 = DIRECTION('',(0.,0.,-1.));
#4383 = DIRECTION('',(-1.,0.,0.));
#4384 = MANIFOLD_SOLID_BREP('',#4385);
#4385 = CLOSED_SHELL('',(#4386,#4420,#4440,#4460));
#4386 = ADVANCED_FACE('',(#4387),#4415,.T.);
#4387 = FACE_BOUND('',#4388,.T.);
#4388 = EDGE_LOOP('',(#4389,#4400,#4407,#4408));
#4389 = ORIENTED_EDGE('',*,*,#4390,.T.);
#4390 = EDGE_CURVE('',#4391,#4393,#4395,.T.);
#4391 = VERTEX_POINT('',#4392);
#4392 = CARTESIAN_POINT('',(5.58415E+03,1.5E+03,2.1E+03));
#4393 = VERTEX_POINT('',#4394);
#4394 = CARTESIAN_POINT('',(5.58415E+03,1.75245E+03,1.84755E+03));
#4395 = CIRCLE('',#4396,252.45);
#4396 = AXIS2_PLACEMENT_3D('',#4397,#4398,#4399);
#4397 = CARTESIAN_POINT('',(5.58415E+03,1.75245E+03,2.1E+03));
#4398 = DIRECTION('',(1.,0.,0.));
#4399 = DIRECTION('',(0.,-1.,0.));
#4400 = ORIENTED_EDGE('',*,*,#4401,.T.);
#4401 = EDGE_CURVE('',#4393,#4393,#4402,.T.);
#4402 = CIRCLE('',#4403,84.15);
#4403 = AXIS2_PLACEMENT_3D('',#4404,#4405,#4406);
#4404 = CARTESIAN_POINT('',(5.5E+03,1.75245E+03,1.84755E+03));
#4405 = DIRECTION('',(0.,-1.,-8.269460797428E-16));
#4406 = DIRECTION('',(0.,8.269460797428E-16,-1.));
#4407 = ORIENTED_EDGE('',*,*,#4390,.F.);
#4408 = ORIENTED_EDGE('',*,*,#4409,.F.);
#4409 = EDGE_CURVE('',#4391,#4391,#4410,.T.);
#4410 = CIRCLE('',#4411,84.15);
#4411 = AXIS2_PLACEMENT_3D('',#4412,#4413,#4414);
#4412 = CARTESIAN_POINT('',(5.5E+03,1.5E+03,2.1E+03));
#4413 = DIRECTION('',(-0.,0.,1.));
#4414 = DIRECTION('',(0.,-1.,0.));
#4415 = TOROIDAL_SURFACE('',#4416,252.45,84.15);
#4416 = AXIS2_PLACEMENT_3D('',#4417,#4418,#4419);
#4417 = CARTESIAN_POINT('',(5.5E+03,1.75245E+03,2.1E+03));
#4418 = DIRECTION('',(1.,0.,0.));
#4419 = DIRECTION('',(0.,-1.,0.));
#4420 = ADVANCED_FACE('',(#4421,#4424),#4435,.F.);
#4421 = FACE_BOUND('',#4422,.F.);
#4422 = EDGE_LOOP('',(#4423));
#4423 = ORIENTED_EDGE('',*,*,#4409,.F.);
#4424 = FACE_BOUND('',#4425,.F.);
#4425 = EDGE_LOOP('',(#4426));
#4426 = ORIENTED_EDGE('',*,*,#4427,.T.);
#4427 = EDGE_CURVE('',#4428,#4428,#4430,.T.);
#4428 = VERTEX_POINT('',#4429);
#4429 = CARTESIAN_POINT('',(5.58075E+03,1.5E+03,2.1E+03));
#4430 = CIRCLE('',#4431,80.75);
#4431 = AXIS2_PLACEMENT_3D('',#4432,#4433,#4434);
#4432 = CARTESIAN_POINT('',(5.5E+03,1.5E+03,2.1E+03));
#4433 = DIRECTION('',(-0.,0.,1.));
#4434 = DIRECTION('',(0.,-1.,0.));
#4435 = PLANE('',#4436);
#4436 = AXIS2_PLACEMENT_3D('',#4437,#4438,#4439);
#4437 = CARTESIAN_POINT('',(5.5E+03,1.5E+03,2.1E+03));
#4438 = DIRECTION('',(-0.,-0.,-1.));
#4439 = DIRECTION('',(-1.,0.,0.));
#4440 = ADVANCED_FACE('',(#4441,#4444),#4455,.T.);
#4441 = FACE_BOUND('',#4442,.T.);
#4442 = EDGE_LOOP('',(#4443));
#4443 = ORIENTED_EDGE('',*,*,#4401,.F.);
#4444 = FACE_BOUND('',#4445,.T.);
#4445 = EDGE_LOOP('',(#4446));
#4446 = ORIENTED_EDGE('',*,*,#4447,.T.);
#4447 = EDGE_CURVE('',#4448,#4448,#4450,.T.);
#4448 = VERTEX_POINT('',#4449);
#4449 = CARTESIAN_POINT('',(5.58075E+03,1.75245E+03,1.84755E+03));
#4450 = CIRCLE('',#4451,80.75);
#4451 = AXIS2_PLACEMENT_3D('',#4452,#4453,#4454);
#4452 = CARTESIAN_POINT('',(5.5E+03,1.75245E+03,1.84755E+03));
#4453 = DIRECTION('',(0.,-1.,-8.269460797428E-16));
#4454 = DIRECTION('',(0.,8.269460797428E-16,-1.));
#4455 = PLANE('',#4456);
#4456 = AXIS2_PLACEMENT_3D('',#4457,#4458,#4459);
#4457 = CARTESIAN_POINT('',(5.5E+03,1.75245E+03,1.84755E+03));
#4458 = DIRECTION('',(0.,1.,0.));
#4459 = DIRECTION('',(0.,0.,1.));
#4460 = ADVANCED_FACE('',(#4461),#4473,.F.);
#4461 = FACE_BOUND('',#4462,.F.);
#4462 = EDGE_LOOP('',(#4463,#4470,#4471,#4472));
#4463 = ORIENTED_EDGE('',*,*,#4464,.T.);
#4464 = EDGE_CURVE('',#4428,#4448,#4465,.T.);
#4465 = CIRCLE('',#4466,252.45);
#4466 = AXIS2_PLACEMENT_3D('',#4467,#4468,#4469);
#4467 = CARTESIAN_POINT('',(5.58075E+03,1.75245E+03,2.1E+03));
#4468 = DIRECTION('',(1.,0.,0.));
#4469 = DIRECTION('',(0.,-1.,0.));
#4470 = ORIENTED_EDGE('',*,*,#4447,.T.);
#4471 = ORIENTED_EDGE('',*,*,#4464,.F.);
#4472 = ORIENTED_EDGE('',*,*,#4427,.F.);
#4473 = TOROIDAL_SURFACE('',#4474,252.45,80.75);
#4474 = AXIS2_PLACEMENT_3D('',#4475,#4476,#4477);
#4475 = CARTESIAN_POINT('',(5.5E+03,1.75245E+03,2.1E+03));
#4476 = DIRECTION('',(1.,0.,0.));
#4477 = DIRECTION('',(0.,-1.,0.));
#4478 = MANIFOLD_SOLID_BREP('',#4479);
#4479 = CLOSED_SHELL('',(#4480,#4513,#4533,#4553));
#4480 = ADVANCED_FACE('',(#4481),#4508,.T.);
#4481 = FACE_BOUND('',#4482,.T.);
#4482 = EDGE_LOOP('',(#4483,#4492,#4500,#4507));
#4483 = ORIENTED_EDGE('',*,*,#4484,.F.);
#4484 = EDGE_CURVE('',#4485,#4485,#4487,.T.);
#4485 = VERTEX_POINT('',#4486);
#4486 = CARTESIAN_POINT('',(5.5E+03,2.85245E+03,1.9317E+03));
#4487 = CIRCLE('',#4488,84.15);
#4488 = AXIS2_PLACEMENT_3D('',#4489,#4490,#4491);
#4489 = CARTESIAN_POINT('',(5.5E+03,2.85245E+03,1.84755E+03));
#4490 = DIRECTION('',(0.,1.,0.));
#4491 = DIRECTION('',(0.,0.,1.));
#4492 = ORIENTED_EDGE('',*,*,#4493,.F.);
#4493 = EDGE_CURVE('',#4494,#4485,#4496,.T.);
#4494 = VERTEX_POINT('',#4495);
#4495 = CARTESIAN_POINT('',(5.5E+03,1.75245E+03,1.9317E+03));
#4496 = LINE('',#4497,#4498);
#4497 = CARTESIAN_POINT('',(5.5E+03,1.75245E+03,1.9317E+03));
#4498 = VECTOR('',#4499,1.);
#4499 = DIRECTION('',(0.,1.,0.));
#4500 = ORIENTED_EDGE('',*,*,#4501,.T.);
#4501 = EDGE_CURVE('',#4494,#4494,#4502,.T.);
#4502 = CIRCLE('',#4503,84.15);
#4503 = AXIS2_PLACEMENT_3D('',#4504,#4505,#4506);
#4504 = CARTESIAN_POINT('',(5.5E+03,1.75245E+03,1.84755E+03));
#4505 = DIRECTION('',(0.,1.,0.));
#4506 = DIRECTION('',(0.,0.,1.));
#4507 = ORIENTED_EDGE('',*,*,#4493,.T.);
#4508 = CYLINDRICAL_SURFACE('',#4509,84.15);
#4509 = AXIS2_PLACEMENT_3D('',#4510,#4511,#4512);
#4510 = CARTESIAN_POINT('',(5.5E+03,1.75245E+03,1.84755E+03));
#4511 = DIRECTION('',(0.,1.,0.));
#4512 = DIRECTION('',(0.,0.,1.));
#4513 = ADVANCED_FACE('',(#4514,#4517),#4528,.T.);
#4514 = FACE_BOUND('',#4515,.T.);
#4515 = EDGE_LOOP('',(#4516));
#4516 = ORIENTED_EDGE('',*,*,#4484,.T.);
#4517 = FACE_BOUND('',#4518,.T.);
#4518 = EDGE_LOOP('',(#4519));
#4519 = ORIENTED_EDGE('',*,*,#4520,.F.);
#4520 = EDGE_CURVE('',#4521,#4521,#4523,.T.);
#4521 = VERTEX_POINT('',#4522);
#4522 = CARTESIAN_POINT('',(5.5E+03,2.85245E+03,1.9283E+03));
#4523 = CIRCLE('',#4524,80.75);
#4524 = AXIS2_PLACEMENT_3D('',#4525,#4526,#4527);
#4525 = CARTESIAN_POINT('',(5.5E+03,2.85245E+03,1.84755E+03));
#4526 = DIRECTION('',(0.,1.,0.));
#4527 = DIRECTION('',(0.,0.,1.));
#4528 = PLANE('',#4529);
#4529 = AXIS2_PLACEMENT_3D('',#4530,#4531,#4532);
#4530 = CARTESIAN_POINT('',(5.5E+03,2.85245E+03,1.84755E+03));
#4531 = DIRECTION('',(0.,1.,0.));
#4532 = DIRECTION('',(0.,0.,1.));
#4533 = ADVANCED_FACE('',(#4534,#4537),#4548,.F.);
#4534 = FACE_BOUND('',#4535,.F.);
#4535 = EDGE_LOOP('',(#4536));
#4536 = ORIENTED_EDGE('',*,*,#4501,.T.);
#4537 = FACE_BOUND('',#4538,.F.);
#4538 = EDGE_LOOP('',(#4539));
#4539 = ORIENTED_EDGE('',*,*,#4540,.F.);
#4540 = EDGE_CURVE('',#4541,#4541,#4543,.T.);
#4541 = VERTEX_POINT('',#4542);
#4542 = CARTESIAN_POINT('',(5.5E+03,1.75245E+03,1.9283E+03));
#4543 = CIRCLE('',#4544,80.75);
#4544 = AXIS2_PLACEMENT_3D('',#4545,#4546,#4547);
#4545 = CARTESIAN_POINT('',(5.5E+03,1.75245E+03,1.84755E+03));
#4546 = DIRECTION('',(0.,1.,0.));
#4547 = DIRECTION('',(0.,0.,1.));
#4548 = PLANE('',#4549);
#4549 = AXIS2_PLACEMENT_3D('',#4550,#4551,#4552);
#4550 = CARTESIAN_POINT('',(5.5E+03,1.75245E+03,1.84755E+03));
#4551 = DIRECTION('',(0.,1.,0.));
#4552 = DIRECTION('',(0.,0.,1.));
#4553 = ADVANCED_FACE('',(#4554),#4565,.F.);
#4554 = FACE_BOUND('',#4555,.F.);
#4555 = EDGE_LOOP('',(#4556,#4557,#4563,#4564));
#4556 = ORIENTED_EDGE('',*,*,#4520,.F.);
#4557 = ORIENTED_EDGE('',*,*,#4558,.F.);
#4558 = EDGE_CURVE('',#4541,#4521,#4559,.T.);
#4559 = LINE('',#4560,#4561);
#4560 = CARTESIAN_POINT('',(5.5E+03,1.75245E+03,1.9283E+03));
#4561 = VECTOR('',#4562,1.);
#4562 = DIRECTION('',(0.,1.,0.));
#4563 = ORIENTED_EDGE('',*,*,#4540,.T.);
#4564 = ORIENTED_EDGE('',*,*,#4558,.T.);
#4565 = CYLINDRICAL_SURFACE('',#4566,80.75);
#4566 = AXIS2_PLACEMENT_3D('',#4567,#4568,#4569);
#4567 = CARTESIAN_POINT('',(5.5E+03,1.75245E+03,1.84755E+03));
#4568 = DIRECTION('',(0.,1.,0.));
#4569 = DIRECTION('',(0.,0.,1.));
#4570 = MANIFOLD_SOLID_BREP('',#4571);
#4571 = CLOSED_SHELL('',(#4572,#4605,#4625,#4645));
#4572 = ADVANCED_FACE('',(#4573),#4600,.T.);
#4573 = FACE_BOUND('',#4574,.T.);
#4574 = EDGE_LOOP('',(#4575,#4584,#4592,#4599));
#4575 = ORIENTED_EDGE('',*,*,#4576,.F.);
#4576 = EDGE_CURVE('',#4577,#4577,#4579,.T.);
#4577 = VERTEX_POINT('',#4578);
#4578 = CARTESIAN_POINT('',(7.61585E+03,4.5E+03,1.8E+03));
#4579 = CIRCLE('',#4580,84.15);
#4580 = AXIS2_PLACEMENT_3D('',#4581,#4582,#4583);
#4581 = CARTESIAN_POINT('',(7.7E+03,4.5E+03,1.8E+03));
#4582 = DIRECTION('',(0.,0.,-1.));
#4583 = DIRECTION('',(-1.,0.,0.));
#4584 = ORIENTED_EDGE('',*,*,#4585,.F.);
#4585 = EDGE_CURVE('',#4586,#4577,#4588,.T.);
#4586 = VERTEX_POINT('',#4587);
#4587 = CARTESIAN_POINT('',(7.61585E+03,4.5E+03,2.5E+03));
#4588 = LINE('',#4589,#4590);
#4589 = CARTESIAN_POINT('',(7.61585E+03,4.5E+03,2.5E+03));
#4590 = VECTOR('',#4591,1.);
#4591 = DIRECTION('',(0.,0.,-1.));
#4592 = ORIENTED_EDGE('',*,*,#4593,.T.);
#4593 = EDGE_CURVE('',#4586,#4586,#4594,.T.);
#4594 = CIRCLE('',#4595,84.15);
#4595 = AXIS2_PLACEMENT_3D('',#4596,#4597,#4598);
#4596 = CARTESIAN_POINT('',(7.7E+03,4.5E+03,2.5E+03));
#4597 = DIRECTION('',(0.,0.,-1.));
#4598 = DIRECTION('',(-1.,0.,0.));
#4599 = ORIENTED_EDGE('',*,*,#4585,.T.);
#4600 = CYLINDRICAL_SURFACE('',#4601,84.15);
#4601 = AXIS2_PLACEMENT_3D('',#4602,#4603,#4604);
#4602 = CARTESIAN_POINT('',(7.7E+03,4.5E+03,2.5E+03));
#4603 = DIRECTION('',(0.,0.,-1.));
#4604 = DIRECTION('',(-1.,0.,0.));
#4605 = ADVANCED_FACE('',(#4606,#4609),#4620,.T.);
#4606 = FACE_BOUND('',#4607,.T.);
#4607 = EDGE_LOOP('',(#4608));
#4608 = ORIENTED_EDGE('',*,*,#4576,.T.);
#4609 = FACE_BOUND('',#4610,.T.);
#4610 = EDGE_LOOP('',(#4611));
#4611 = ORIENTED_EDGE('',*,*,#4612,.F.);
#4612 = EDGE_CURVE('',#4613,#4613,#4615,.T.);
#4613 = VERTEX_POINT('',#4614);
#4614 = CARTESIAN_POINT('',(7.61925E+03,4.5E+03,1.8E+03));
#4615 = CIRCLE('',#4616,80.75);
#4616 = AXIS2_PLACEMENT_3D('',#4617,#4618,#4619);
#4617 = CARTESIAN_POINT('',(7.7E+03,4.5E+03,1.8E+03));
#4618 = DIRECTION('',(0.,0.,-1.));
#4619 = DIRECTION('',(-1.,0.,0.));
#4620 = PLANE('',#4621);
#4621 = AXIS2_PLACEMENT_3D('',#4622,#4623,#4624);
#4622 = CARTESIAN_POINT('',(7.7E+03,4.5E+03,1.8E+03));
#4623 = DIRECTION('',(0.,0.,-1.));
#4624 = DIRECTION('',(-1.,0.,0.));
#4625 = ADVANCED_FACE('',(#4626,#4629),#4640,.F.);
#4626 = FACE_BOUND('',#4627,.F.);
#4627 = EDGE_LOOP('',(#4628));
#4628 = ORIENTED_EDGE('',*,*,#4593,.T.);
#4629 = FACE_BOUND('',#4630,.F.);
#4630 = EDGE_LOOP('',(#4631));
#4631 = ORIENTED_EDGE('',*,*,#4632,.F.);
#4632 = EDGE_CURVE('',#4633,#4633,#4635,.T.);
#4633 = VERTEX_POINT('',#4634);
#4634 = CARTESIAN_POINT('',(7.61925E+03,4.5E+03,2.5E+03));
#4635 = CIRCLE('',#4636,80.75);
#4636 = AXIS2_PLACEMENT_3D('',#4637,#4638,#4639);
#4637 = CARTESIAN_POINT('',(7.7E+03,4.5E+03,2.5E+03));
#4638 = DIRECTION('',(0.,0.,-1.));
#4639 = DIRECTION('',(-1.,0.,0.));
#4640 = PLANE('',#4641);
#4641 = AXIS2_PLACEMENT_3D('',#4642,#4643,#4644);
#4642 = CARTESIAN_POINT('',(7.7E+03,4.5E+03,2.5E+03));
#4643 = DIRECTION('',(0.,0.,-1.));
#4644 = DIRECTION('',(-1.,0.,0.));
#4645 = ADVANCED_FACE('',(#4646),#4657,.F.);
#4646 = FACE_BOUND('',#4647,.F.);
#4647 = EDGE_LOOP('',(#4648,#4649,#4655,#4656));
#4648 = ORIENTED_EDGE('',*,*,#4612,.F.);
#4649 = ORIENTED_EDGE('',*,*,#4650,.F.);
#4650 = EDGE_CURVE('',#4633,#4613,#4651,.T.);
#4651 = LINE('',#4652,#4653);
#4652 = CARTESIAN_POINT('',(7.61925E+03,4.5E+03,2.5E+03));
#4653 = VECTOR('',#4654,1.);
#4654 = DIRECTION('',(0.,0.,-1.));
#4655 = ORIENTED_EDGE('',*,*,#4632,.T.);
#4656 = ORIENTED_EDGE('',*,*,#4650,.T.);
#4657 = CYLINDRICAL_SURFACE('',#4658,80.75);
#4658 = AXIS2_PLACEMENT_3D('',#4659,#4660,#4661);
#4659 = CARTESIAN_POINT('',(7.7E+03,4.5E+03,2.5E+03));
#4660 = DIRECTION('',(0.,0.,-1.));
#4661 = DIRECTION('',(-1.,0.,0.));
#4662 = MANIFOLD_SOLID_BREP('',#4663);
#4663 = CLOSED_SHELL('',(#4664,#4698,#4718,#4738));
#4664 = ADVANCED_FACE('',(#4665),#4693,.T.);
#4665 = FACE_BOUND('',#4666,.T.);
#4666 = EDGE_LOOP('',(#4667,#4678,#4685,#4686));
#4667 = ORIENTED_EDGE('',*,*,#4668,.T.);
#4668 = EDGE_CURVE('',#4669,#4671,#4673,.T.);
#4669 = VERTEX_POINT('',#4670);
#4670 = CARTESIAN_POINT('',(7.78415E+03,4.5E+03,1.8E+03));
#4671 = VERTEX_POINT('',#4672);
#4672 = CARTESIAN_POINT('',(7.78415E+03,4.24755E+03,1.54755E+03));
#4673 = CIRCLE('',#4674,252.45);
#4674 = AXIS2_PLACEMENT_3D('',#4675,#4676,#4677);
#4675 = CARTESIAN_POINT('',(7.78415E+03,4.24755E+03,1.8E+03));
#4676 = DIRECTION('',(-1.,0.,0.));
#4677 = DIRECTION('',(0.,1.,9.006681538651E-16));
#4678 = ORIENTED_EDGE('',*,*,#4679,.T.);
#4679 = EDGE_CURVE('',#4671,#4671,#4680,.T.);
#4680 = CIRCLE('',#4681,84.15);
#4681 = AXIS2_PLACEMENT_3D('',#4682,#4683,#4684);
#4682 = CARTESIAN_POINT('',(7.7E+03,4.24755E+03,1.54755E+03));
#4683 = DIRECTION('',(0.,1.,7.372207412229E-17));
#4684 = DIRECTION('',(0.,7.372207412229E-17,-1.));
#4685 = ORIENTED_EDGE('',*,*,#4668,.F.);
#4686 = ORIENTED_EDGE('',*,*,#4687,.F.);
#4687 = EDGE_CURVE('',#4669,#4669,#4688,.T.);
#4688 = CIRCLE('',#4689,84.15);
#4689 = AXIS2_PLACEMENT_3D('',#4690,#4691,#4692);
#4690 = CARTESIAN_POINT('',(7.7E+03,4.5E+03,1.8E+03));
#4691 = DIRECTION('',(0.,-9.006681538651E-16,1.));
#4692 = DIRECTION('',(0.,1.,9.006681538651E-16));
#4693 = TOROIDAL_SURFACE('',#4694,252.45,84.15);
#4694 = AXIS2_PLACEMENT_3D('',#4695,#4696,#4697);
#4695 = CARTESIAN_POINT('',(7.7E+03,4.24755E+03,1.8E+03));
#4696 = DIRECTION('',(-1.,0.,0.));
#4697 = DIRECTION('',(0.,1.,9.006681538651E-16));
#4698 = ADVANCED_FACE('',(#4699,#4702),#4713,.F.);
#4699 = FACE_BOUND('',#4700,.F.);
#4700 = EDGE_LOOP('',(#4701));
#4701 = ORIENTED_EDGE('',*,*,#4687,.F.);
#4702 = FACE_BOUND('',#4703,.F.);
#4703 = EDGE_LOOP('',(#4704));
#4704 = ORIENTED_EDGE('',*,*,#4705,.T.);
#4705 = EDGE_CURVE('',#4706,#4706,#4708,.T.);
#4706 = VERTEX_POINT('',#4707);
#4707 = CARTESIAN_POINT('',(7.78075E+03,4.5E+03,1.8E+03));
#4708 = CIRCLE('',#4709,80.75);
#4709 = AXIS2_PLACEMENT_3D('',#4710,#4711,#4712);
#4710 = CARTESIAN_POINT('',(7.7E+03,4.5E+03,1.8E+03));
#4711 = DIRECTION('',(0.,-9.006681538651E-16,1.));
#4712 = DIRECTION('',(0.,1.,9.006681538651E-16));
#4713 = PLANE('',#4714);
#4714 = AXIS2_PLACEMENT_3D('',#4715,#4716,#4717);
#4715 = CARTESIAN_POINT('',(7.7E+03,4.5E+03,1.8E+03));
#4716 = DIRECTION('',(-0.,-0.,-1.));
#4717 = DIRECTION('',(-1.,0.,0.));
#4718 = ADVANCED_FACE('',(#4719,#4722),#4733,.T.);
#4719 = FACE_BOUND('',#4720,.T.);
#4720 = EDGE_LOOP('',(#4721));
#4721 = ORIENTED_EDGE('',*,*,#4679,.F.);
#4722 = FACE_BOUND('',#4723,.T.);
#4723 = EDGE_LOOP('',(#4724));
#4724 = ORIENTED_EDGE('',*,*,#4725,.T.);
#4725 = EDGE_CURVE('',#4726,#4726,#4728,.T.);
#4726 = VERTEX_POINT('',#4727);
#4727 = CARTESIAN_POINT('',(7.78075E+03,4.24755E+03,1.54755E+03));
#4728 = CIRCLE('',#4729,80.75);
#4729 = AXIS2_PLACEMENT_3D('',#4730,#4731,#4732);
#4730 = CARTESIAN_POINT('',(7.7E+03,4.24755E+03,1.54755E+03));
#4731 = DIRECTION('',(0.,1.,7.372207412229E-17));
#4732 = DIRECTION('',(0.,7.372207412229E-17,-1.));
#4733 = PLANE('',#4734);
#4734 = AXIS2_PLACEMENT_3D('',#4735,#4736,#4737);
#4735 = CARTESIAN_POINT('',(7.7E+03,4.24755E+03,1.54755E+03));
#4736 = DIRECTION('',(-0.,-1.,-0.));
#4737 = DIRECTION('',(0.,0.,-1.));
#4738 = ADVANCED_FACE('',(#4739),#4751,.F.);
#4739 = FACE_BOUND('',#4740,.F.);
#4740 = EDGE_LOOP('',(#4741,#4748,#4749,#4750));
#4741 = ORIENTED_EDGE('',*,*,#4742,.T.);
#4742 = EDGE_CURVE('',#4706,#4726,#4743,.T.);
#4743 = CIRCLE('',#4744,252.45);
#4744 = AXIS2_PLACEMENT_3D('',#4745,#4746,#4747);
#4745 = CARTESIAN_POINT('',(7.78075E+03,4.24755E+03,1.8E+03));
#4746 = DIRECTION('',(-1.,0.,0.));
#4747 = DIRECTION('',(0.,1.,9.006681538651E-16));
#4748 = ORIENTED_EDGE('',*,*,#4725,.T.);
#4749 = ORIENTED_EDGE('',*,*,#4742,.F.);
#4750 = ORIENTED_EDGE('',*,*,#4705,.F.);
#4751 = TOROIDAL_SURFACE('',#4752,252.45,80.75);
#4752 = AXIS2_PLACEMENT_3D('',#4753,#4754,#4755);
#4753 = CARTESIAN_POINT('',(7.7E+03,4.24755E+03,1.8E+03));
#4754 = DIRECTION('',(-1.,0.,0.));
#4755 = DIRECTION('',(0.,1.,9.006681538651E-16));
#4756 = MANIFOLD_SOLID_BREP('',#4757);
#4757 = CLOSED_SHELL('',(#4758,#4791,#4811,#4831));
#4758 = ADVANCED_FACE('',(#4759),#4786,.T.);
#4759 = FACE_BOUND('',#4760,.T.);
#4760 = EDGE_LOOP('',(#4761,#4770,#4778,#4785));
#4761 = ORIENTED_EDGE('',*,*,#4762,.F.);
#4762 = EDGE_CURVE('',#4763,#4763,#4765,.T.);
#4763 = VERTEX_POINT('',#4764);
#4764 = CARTESIAN_POINT('',(7.7E+03,2.44755E+03,1.4634E+03));
#4765 = CIRCLE('',#4766,84.15);
#4766 = AXIS2_PLACEMENT_3D('',#4767,#4768,#4769);
#4767 = CARTESIAN_POINT('',(7.7E+03,2.44755E+03,1.54755E+03));
#4768 = DIRECTION('',(0.,-1.,0.));
#4769 = DIRECTION('',(0.,0.,-1.));
#4770 = ORIENTED_EDGE('',*,*,#4771,.F.);
#4771 = EDGE_CURVE('',#4772,#4763,#4774,.T.);
#4772 = VERTEX_POINT('',#4773);
#4773 = CARTESIAN_POINT('',(7.7E+03,4.24755E+03,1.4634E+03));
#4774 = LINE('',#4775,#4776);
#4775 = CARTESIAN_POINT('',(7.7E+03,4.24755E+03,1.4634E+03));
#4776 = VECTOR('',#4777,1.);
#4777 = DIRECTION('',(0.,-1.,0.));
#4778 = ORIENTED_EDGE('',*,*,#4779,.T.);
#4779 = EDGE_CURVE('',#4772,#4772,#4780,.T.);
#4780 = CIRCLE('',#4781,84.15);
#4781 = AXIS2_PLACEMENT_3D('',#4782,#4783,#4784);
#4782 = CARTESIAN_POINT('',(7.7E+03,4.24755E+03,1.54755E+03));
#4783 = DIRECTION('',(0.,-1.,0.));
#4784 = DIRECTION('',(0.,0.,-1.));
#4785 = ORIENTED_EDGE('',*,*,#4771,.T.);
#4786 = CYLINDRICAL_SURFACE('',#4787,84.15);
#4787 = AXIS2_PLACEMENT_3D('',#4788,#4789,#4790);
#4788 = CARTESIAN_POINT('',(7.7E+03,4.24755E+03,1.54755E+03));
#4789 = DIRECTION('',(0.,-1.,0.));
#4790 = DIRECTION('',(0.,0.,-1.));
#4791 = ADVANCED_FACE('',(#4792,#4795),#4806,.T.);
#4792 = FACE_BOUND('',#4793,.T.);
#4793 = EDGE_LOOP('',(#4794));
#4794 = ORIENTED_EDGE('',*,*,#4762,.T.);
#4795 = FACE_BOUND('',#4796,.T.);
#4796 = EDGE_LOOP('',(#4797));
#4797 = ORIENTED_EDGE('',*,*,#4798,.F.);
#4798 = EDGE_CURVE('',#4799,#4799,#4801,.T.);
#4799 = VERTEX_POINT('',#4800);
#4800 = CARTESIAN_POINT('',(7.7E+03,2.44755E+03,1.4668E+03));
#4801 = CIRCLE('',#4802,80.75);
#4802 = AXIS2_PLACEMENT_3D('',#4803,#4804,#4805);
#4803 = CARTESIAN_POINT('',(7.7E+03,2.44755E+03,1.54755E+03));
#4804 = DIRECTION('',(0.,-1.,0.));
#4805 = DIRECTION('',(0.,0.,-1.));
#4806 = PLANE('',#4807);
#4807 = AXIS2_PLACEMENT_3D('',#4808,#4809,#4810);
#4808 = CARTESIAN_POINT('',(7.7E+03,2.44755E+03,1.54755E+03));
#4809 = DIRECTION('',(0.,-1.,0.));
#4810 = DIRECTION('',(0.,0.,-1.));
#4811 = ADVANCED_FACE('',(#4812,#4815),#4826,.F.);
#4812 = FACE_BOUND('',#4813,.F.);
#4813 = EDGE_LOOP('',(#4814));
#4814 = ORIENTED_EDGE('',*,*,#4779,.T.);
#4815 = FACE_BOUND('',#4816,.F.);
#4816 = EDGE_LOOP('',(#4817));
#4817 = ORIENTED_EDGE('',*,*,#4818,.F.);
#4818 = EDGE_CURVE('',#4819,#4819,#4821,.T.);
#4819 = VERTEX_POINT('',#4820);
#4820 = CARTESIAN_POINT('',(7.7E+03,4.24755E+03,1.4668E+03));
#4821 = CIRCLE('',#4822,80.75);
#4822 = AXIS2_PLACEMENT_3D('',#4823,#4824,#4825);
#4823 = CARTESIAN_POINT('',(7.7E+03,4.24755E+03,1.54755E+03));
#4824 = DIRECTION('',(0.,-1.,0.));
#4825 = DIRECTION('',(0.,0.,-1.));
#4826 = PLANE('',#4827);
#4827 = AXIS2_PLACEMENT_3D('',#4828,#4829,#4830);
#4828 = CARTESIAN_POINT('',(7.7E+03,4.24755E+03,1.54755E+03));
#4829 = DIRECTION('',(0.,-1.,0.));
#4830 = DIRECTION('',(0.,0.,-1.));
#4831 = ADVANCED_FACE('',(#4832),#4843,.F.);
#4832 = FACE_BOUND('',#4833,.F.);
#4833 = EDGE_LOOP('',(#4834,#4835,#4841,#4842));
#4834 = ORIENTED_EDGE('',*,*,#4798,.F.);
#4835 = ORIENTED_EDGE('',*,*,#4836,.F.);
#4836 = EDGE_CURVE('',#4819,#4799,#4837,.T.);
#4837 = LINE('',#4838,#4839);
#4838 = CARTESIAN_POINT('',(7.7E+03,4.24755E+03,1.4668E+03));
#4839 = VECTOR('',#4840,1.);
#4840 = DIRECTION('',(0.,-1.,0.));
#4841 = ORIENTED_EDGE('',*,*,#4818,.T.);
#4842 = ORIENTED_EDGE('',*,*,#4836,.T.);
#4843 = CYLINDRICAL_SURFACE('',#4844,80.75);
#4844 = AXIS2_PLACEMENT_3D('',#4845,#4846,#4847);
#4845 = CARTESIAN_POINT('',(7.7E+03,4.24755E+03,1.54755E+03));
#4846 = DIRECTION('',(0.,-1.,0.));
#4847 = DIRECTION('',(0.,0.,-1.));
#4848 = MANIFOLD_SOLID_BREP('',#4849);
#4849 = CLOSED_SHELL('',(#4850,#4884,#4904,#4924));
#4850 = ADVANCED_FACE('',(#4851),#4879,.T.);
#4851 = FACE_BOUND('',#4852,.T.);
#4852 = EDGE_LOOP('',(#4853,#4864,#4871,#4872));
#4853 = ORIENTED_EDGE('',*,*,#4854,.T.);
#4854 = EDGE_CURVE('',#4855,#4857,#4859,.T.);
#4855 = VERTEX_POINT('',#4856);
#4856 = CARTESIAN_POINT('',(7.78415E+03,2.44755E+03,1.54755E+03));
#4857 = VERTEX_POINT('',#4858);
#4858 = CARTESIAN_POINT('',(7.78415E+03,2.1951E+03,1.2951E+03));
#4859 = CIRCLE('',#4860,252.45);
#4860 = AXIS2_PLACEMENT_3D('',#4861,#4862,#4863);
#4861 = CARTESIAN_POINT('',(7.78415E+03,2.44755E+03,1.2951E+03));
#4862 = DIRECTION('',(1.,0.,-0.));
#4863 = DIRECTION('',(0.,0.,1.));
#4864 = ORIENTED_EDGE('',*,*,#4865,.T.);
#4865 = EDGE_CURVE('',#4857,#4857,#4866,.T.);
#4866 = CIRCLE('',#4867,84.15);
#4867 = AXIS2_PLACEMENT_3D('',#4868,#4869,#4870);
#4868 = CARTESIAN_POINT('',(7.7E+03,2.1951E+03,1.2951E+03));
#4869 = DIRECTION('',(-0.,6.123233995737E-17,1.));
#4870 = DIRECTION('',(0.,-1.,6.123233995737E-17));
#4871 = ORIENTED_EDGE('',*,*,#4854,.F.);
#4872 = ORIENTED_EDGE('',*,*,#4873,.F.);
#4873 = EDGE_CURVE('',#4855,#4855,#4874,.T.);
#4874 = CIRCLE('',#4875,84.15);
#4875 = AXIS2_PLACEMENT_3D('',#4876,#4877,#4878);
#4876 = CARTESIAN_POINT('',(7.7E+03,2.44755E+03,1.54755E+03));
#4877 = DIRECTION('',(0.,1.,0.));
#4878 = DIRECTION('',(0.,0.,1.));
#4879 = TOROIDAL_SURFACE('',#4880,252.45,84.15);
#4880 = AXIS2_PLACEMENT_3D('',#4881,#4882,#4883);
#4881 = CARTESIAN_POINT('',(7.7E+03,2.44755E+03,1.2951E+03));
#4882 = DIRECTION('',(1.,0.,0.));
#4883 = DIRECTION('',(0.,0.,1.));
#4884 = ADVANCED_FACE('',(#4885,#4888),#4899,.F.);
#4885 = FACE_BOUND('',#4886,.F.);
#4886 = EDGE_LOOP('',(#4887));
#4887 = ORIENTED_EDGE('',*,*,#4873,.F.);
#4888 = FACE_BOUND('',#4889,.F.);
#4889 = EDGE_LOOP('',(#4890));
#4890 = ORIENTED_EDGE('',*,*,#4891,.T.);
#4891 = EDGE_CURVE('',#4892,#4892,#4894,.T.);
#4892 = VERTEX_POINT('',#4893);
#4893 = CARTESIAN_POINT('',(7.78075E+03,2.44755E+03,1.54755E+03));
#4894 = CIRCLE('',#4895,80.75);
#4895 = AXIS2_PLACEMENT_3D('',#4896,#4897,#4898);
#4896 = CARTESIAN_POINT('',(7.7E+03,2.44755E+03,1.54755E+03));
#4897 = DIRECTION('',(0.,1.,0.));
#4898 = DIRECTION('',(0.,0.,1.));
#4899 = PLANE('',#4900);
#4900 = AXIS2_PLACEMENT_3D('',#4901,#4902,#4903);
#4901 = CARTESIAN_POINT('',(7.7E+03,2.44755E+03,1.54755E+03));
#4902 = DIRECTION('',(-0.,-1.,-0.));
#4903 = DIRECTION('',(0.,0.,-1.));
#4904 = ADVANCED_FACE('',(#4905,#4908),#4919,.T.);
#4905 = FACE_BOUND('',#4906,.T.);
#4906 = EDGE_LOOP('',(#4907));
#4907 = ORIENTED_EDGE('',*,*,#4865,.F.);
#4908 = FACE_BOUND('',#4909,.T.);
#4909 = EDGE_LOOP('',(#4910));
#4910 = ORIENTED_EDGE('',*,*,#4911,.T.);
#4911 = EDGE_CURVE('',#4912,#4912,#4914,.T.);
#4912 = VERTEX_POINT('',#4913);
#4913 = CARTESIAN_POINT('',(7.78075E+03,2.1951E+03,1.2951E+03));
#4914 = CIRCLE('',#4915,80.75);
#4915 = AXIS2_PLACEMENT_3D('',#4916,#4917,#4918);
#4916 = CARTESIAN_POINT('',(7.7E+03,2.1951E+03,1.2951E+03));
#4917 = DIRECTION('',(-0.,6.123233995737E-17,1.));
#4918 = DIRECTION('',(0.,-1.,6.123233995737E-17));
#4919 = PLANE('',#4920);
#4920 = AXIS2_PLACEMENT_3D('',#4921,#4922,#4923);
#4921 = CARTESIAN_POINT('',(7.7E+03,2.1951E+03,1.2951E+03));
#4922 = DIRECTION('',(-0.,-0.,-1.));
#4923 = DIRECTION('',(-1.,0.,0.));
#4924 = ADVANCED_FACE('',(#4925),#4937,.F.);
#4925 = FACE_BOUND('',#4926,.F.);
#4926 = EDGE_LOOP('',(#4927,#4934,#4935,#4936));
#4927 = ORIENTED_EDGE('',*,*,#4928,.T.);
#4928 = EDGE_CURVE('',#4892,#4912,#4929,.T.);
#4929 = CIRCLE('',#4930,252.45);
#4930 = AXIS2_PLACEMENT_3D('',#4931,#4932,#4933);
#4931 = CARTESIAN_POINT('',(7.78075E+03,2.44755E+03,1.2951E+03));
#4932 = DIRECTION('',(1.,0.,-0.));
#4933 = DIRECTION('',(0.,0.,1.));
#4934 = ORIENTED_EDGE('',*,*,#4911,.T.);
#4935 = ORIENTED_EDGE('',*,*,#4928,.F.);
#4936 = ORIENTED_EDGE('',*,*,#4891,.F.);
#4937 = TOROIDAL_SURFACE('',#4938,252.45,80.75);
#4938 = AXIS2_PLACEMENT_3D('',#4939,#4940,#4941);
#4939 = CARTESIAN_POINT('',(7.7E+03,2.44755E+03,1.2951E+03));
#4940 = DIRECTION('',(1.,0.,0.));
#4941 = DIRECTION('',(0.,0.,1.));
#4942 = MANIFOLD_SOLID_BREP('',#4943);
#4943 = CLOSED_SHELL('',(#4944,#4977,#4997,#5017));
#4944 = ADVANCED_FACE('',(#4945),#4972,.T.);
#4945 = FACE_BOUND('',#4946,.T.);
#4946 = EDGE_LOOP('',(#4947,#4956,#4964,#4971));
#4947 = ORIENTED_EDGE('',*,*,#4948,.F.);
#4948 = EDGE_CURVE('',#4949,#4949,#4951,.T.);
#4949 = VERTEX_POINT('',#4950);
#4950 = CARTESIAN_POINT('',(7.61585E+03,2.1951E+03,895.1));
#4951 = CIRCLE('',#4952,84.15);
#4952 = AXIS2_PLACEMENT_3D('',#4953,#4954,#4955);
#4953 = CARTESIAN_POINT('',(7.7E+03,2.1951E+03,895.1));
#4954 = DIRECTION('',(0.,0.,-1.));
#4955 = DIRECTION('',(-1.,0.,0.));
#4956 = ORIENTED_EDGE('',*,*,#4957,.F.);
#4957 = EDGE_CURVE('',#4958,#4949,#4960,.T.);
#4958 = VERTEX_POINT('',#4959);
#4959 = CARTESIAN_POINT('',(7.61585E+03,2.1951E+03,1.2951E+03));
#4960 = LINE('',#4961,#4962);
#4961 = CARTESIAN_POINT('',(7.61585E+03,2.1951E+03,1.2951E+03));
#4962 = VECTOR('',#4963,1.);
#4963 = DIRECTION('',(0.,0.,-1.));
#4964 = ORIENTED_EDGE('',*,*,#4965,.T.);
#4965 = EDGE_CURVE('',#4958,#4958,#4966,.T.);
#4966 = CIRCLE('',#4967,84.15);
#4967 = AXIS2_PLACEMENT_3D('',#4968,#4969,#4970);
#4968 = CARTESIAN_POINT('',(7.7E+03,2.1951E+03,1.2951E+03));
#4969 = DIRECTION('',(0.,0.,-1.));
#4970 = DIRECTION('',(-1.,0.,0.));
#4971 = ORIENTED_EDGE('',*,*,#4957,.T.);
#4972 = CYLINDRICAL_SURFACE('',#4973,84.15);
#4973 = AXIS2_PLACEMENT_3D('',#4974,#4975,#4976);
#4974 = CARTESIAN_POINT('',(7.7E+03,2.1951E+03,1.2951E+03));
#4975 = DIRECTION('',(0.,0.,-1.));
#4976 = DIRECTION('',(-1.,0.,0.));
#4977 = ADVANCED_FACE('',(#4978,#4981),#4992,.T.);
#4978 = FACE_BOUND('',#4979,.T.);
#4979 = EDGE_LOOP('',(#4980));
#4980 = ORIENTED_EDGE('',*,*,#4948,.T.);
#4981 = FACE_BOUND('',#4982,.T.);
#4982 = EDGE_LOOP('',(#4983));
#4983 = ORIENTED_EDGE('',*,*,#4984,.F.);
#4984 = EDGE_CURVE('',#4985,#4985,#4987,.T.);
#4985 = VERTEX_POINT('',#4986);
#4986 = CARTESIAN_POINT('',(7.61925E+03,2.1951E+03,895.1));
#4987 = CIRCLE('',#4988,80.75);
#4988 = AXIS2_PLACEMENT_3D('',#4989,#4990,#4991);
#4989 = CARTESIAN_POINT('',(7.7E+03,2.1951E+03,895.1));
#4990 = DIRECTION('',(0.,0.,-1.));
#4991 = DIRECTION('',(-1.,0.,0.));
#4992 = PLANE('',#4993);
#4993 = AXIS2_PLACEMENT_3D('',#4994,#4995,#4996);
#4994 = CARTESIAN_POINT('',(7.7E+03,2.1951E+03,895.1));
#4995 = DIRECTION('',(0.,0.,-1.));
#4996 = DIRECTION('',(-1.,0.,0.));
#4997 = ADVANCED_FACE('',(#4998,#5001),#5012,.F.);
#4998 = FACE_BOUND('',#4999,.F.);
#4999 = EDGE_LOOP('',(#5000));
#5000 = ORIENTED_EDGE('',*,*,#4965,.T.);
#5001 = FACE_BOUND('',#5002,.F.);
#5002 = EDGE_LOOP('',(#5003));
#5003 = ORIENTED_EDGE('',*,*,#5004,.F.);
#5004 = EDGE_CURVE('',#5005,#5005,#5007,.T.);
#5005 = VERTEX_POINT('',#5006);
#5006 = CARTESIAN_POINT('',(7.61925E+03,2.1951E+03,1.2951E+03));
#5007 = CIRCLE('',#5008,80.75);
#5008 = AXIS2_PLACEMENT_3D('',#5009,#5010,#5011);
#5009 = CARTESIAN_POINT('',(7.7E+03,2.1951E+03,1.2951E+03));
#5010 = DIRECTION('',(0.,0.,-1.));
#5011 = DIRECTION('',(-1.,0.,0.));
#5012 = PLANE('',#5013);
#5013 = AXIS2_PLACEMENT_3D('',#5014,#5015,#5016);
#5014 = CARTESIAN_POINT('',(7.7E+03,2.1951E+03,1.2951E+03));
#5015 = DIRECTION('',(0.,0.,-1.));
#5016 = DIRECTION('',(-1.,0.,0.));
#5017 = ADVANCED_FACE('',(#5018),#5029,.F.);
#5018 = FACE_BOUND('',#5019,.F.);
#5019 = EDGE_LOOP('',(#5020,#5021,#5027,#5028));
#5020 = ORIENTED_EDGE('',*,*,#4984,.F.);
#5021 = ORIENTED_EDGE('',*,*,#5022,.F.);
#5022 = EDGE_CURVE('',#5005,#4985,#5023,.T.);
#5023 = LINE('',#5024,#5025);
#5024 = CARTESIAN_POINT('',(7.61925E+03,2.1951E+03,1.2951E+03));
#5025 = VECTOR('',#5026,1.);
#5026 = DIRECTION('',(0.,0.,-1.));
#5027 = ORIENTED_EDGE('',*,*,#5004,.T.);
#5028 = ORIENTED_EDGE('',*,*,#5022,.T.);
#5029 = CYLINDRICAL_SURFACE('',#5030,80.75);
#5030 = AXIS2_PLACEMENT_3D('',#5031,#5032,#5033);
#5031 = CARTESIAN_POINT('',(7.7E+03,2.1951E+03,1.2951E+03));
#5032 = DIRECTION('',(0.,0.,-1.));
#5033 = DIRECTION('',(-1.,0.,0.));
#5034 = MANIFOLD_SOLID_BREP('',#5035);
#5035 = CLOSED_SHELL('',(#5036,#5069,#5089,#5109));
#5036 = ADVANCED_FACE('',(#5037),#5064,.T.);
#5037 = FACE_BOUND('',#5038,.T.);
#5038 = EDGE_LOOP('',(#5039,#5048,#5056,#5063));
#5039 = ORIENTED_EDGE('',*,*,#5040,.F.);
#5040 = EDGE_CURVE('',#5041,#5041,#5043,.T.);
#5041 = VERTEX_POINT('',#5042);
#5042 = CARTESIAN_POINT('',(7.61585E+03,4.5E+03,1.8E+03));
#5043 = CIRCLE('',#5044,84.15);
#5044 = AXIS2_PLACEMENT_3D('',#5045,#5046,#5047);
#5045 = CARTESIAN_POINT('',(7.7E+03,4.5E+03,1.8E+03));
#5046 = DIRECTION('',(0.,0.,-1.));
#5047 = DIRECTION('',(-1.,0.,0.));
#5048 = ORIENTED_EDGE('',*,*,#5049,.F.);
#5049 = EDGE_CURVE('',#5050,#5041,#5052,.T.);
#5050 = VERTEX_POINT('',#5051);
#5051 = CARTESIAN_POINT('',(7.61585E+03,4.5E+03,2.5E+03));
#5052 = LINE('',#5053,#5054);
#5053 = CARTESIAN_POINT('',(7.61585E+03,4.5E+03,2.5E+03));
#5054 = VECTOR('',#5055,1.);
#5055 = DIRECTION('',(0.,0.,-1.));
#5056 = ORIENTED_EDGE('',*,*,#5057,.T.);
#5057 = EDGE_CURVE('',#5050,#5050,#5058,.T.);
#5058 = CIRCLE('',#5059,84.15);
#5059 = AXIS2_PLACEMENT_3D('',#5060,#5061,#5062);
#5060 = CARTESIAN_POINT('',(7.7E+03,4.5E+03,2.5E+03));
#5061 = DIRECTION('',(0.,0.,-1.));
#5062 = DIRECTION('',(-1.,0.,0.));
#5063 = ORIENTED_EDGE('',*,*,#5049,.T.);
#5064 = CYLINDRICAL_SURFACE('',#5065,84.15);
#5065 = AXIS2_PLACEMENT_3D('',#5066,#5067,#5068);
#5066 = CARTESIAN_POINT('',(7.7E+03,4.5E+03,2.5E+03));
#5067 = DIRECTION('',(0.,0.,-1.));
#5068 = DIRECTION('',(-1.,0.,0.));
#5069 = ADVANCED_FACE('',(#5070,#5073),#5084,.T.);
#5070 = FACE_BOUND('',#5071,.T.);
#5071 = EDGE_LOOP('',(#5072));
#5072 = ORIENTED_EDGE('',*,*,#5040,.T.);
#5073 = FACE_BOUND('',#5074,.T.);
#5074 = EDGE_LOOP('',(#5075));
#5075 = ORIENTED_EDGE('',*,*,#5076,.F.);
#5076 = EDGE_CURVE('',#5077,#5077,#5079,.T.);
#5077 = VERTEX_POINT('',#5078);
#5078 = CARTESIAN_POINT('',(7.61925E+03,4.5E+03,1.8E+03));
#5079 = CIRCLE('',#5080,80.75);
#5080 = AXIS2_PLACEMENT_3D('',#5081,#5082,#5083);
#5081 = CARTESIAN_POINT('',(7.7E+03,4.5E+03,1.8E+03));
#5082 = DIRECTION('',(0.,0.,-1.));
#5083 = DIRECTION('',(-1.,0.,0.));
#5084 = PLANE('',#5085);
#5085 = AXIS2_PLACEMENT_3D('',#5086,#5087,#5088);
#5086 = CARTESIAN_POINT('',(7.7E+03,4.5E+03,1.8E+03));
#5087 = DIRECTION('',(0.,0.,-1.));
#5088 = DIRECTION('',(-1.,0.,0.));
#5089 = ADVANCED_FACE('',(#5090,#5093),#5104,.F.);
#5090 = FACE_BOUND('',#5091,.F.);
#5091 = EDGE_LOOP('',(#5092));
#5092 = ORIENTED_EDGE('',*,*,#5057,.T.);
#5093 = FACE_BOUND('',#5094,.F.);
#5094 = EDGE_LOOP('',(#5095));
#5095 = ORIENTED_EDGE('',*,*,#5096,.F.);
#5096 = EDGE_CURVE('',#5097,#5097,#5099,.T.);
#5097 = VERTEX_POINT('',#5098);
#5098 = CARTESIAN_POINT('',(7.61925E+03,4.5E+03,2.5E+03));
#5099 = CIRCLE('',#5100,80.75);
#5100 = AXIS2_PLACEMENT_3D('',#5101,#5102,#5103);
#5101 = CARTESIAN_POINT('',(7.7E+03,4.5E+03,2.5E+03));
#5102 = DIRECTION('',(0.,0.,-1.));
#5103 = DIRECTION('',(-1.,0.,0.));
#5104 = PLANE('',#5105);
#5105 = AXIS2_PLACEMENT_3D('',#5106,#5107,#5108);
#5106 = CARTESIAN_POINT('',(7.7E+03,4.5E+03,2.5E+03));
#5107 = DIRECTION('',(0.,0.,-1.));
#5108 = DIRECTION('',(-1.,0.,0.));
#5109 = ADVANCED_FACE('',(#5110),#5121,.F.);
#5110 = FACE_BOUND('',#5111,.F.);
#5111 = EDGE_LOOP('',(#5112,#5113,#5119,#5120));
#5112 = ORIENTED_EDGE('',*,*,#5076,.F.);
#5113 = ORIENTED_EDGE('',*,*,#5114,.F.);
#5114 = EDGE_CURVE('',#5097,#5077,#5115,.T.);
#5115 = LINE('',#5116,#5117);
#5116 = CARTESIAN_POINT('',(7.61925E+03,4.5E+03,2.5E+03));
#5117 = VECTOR('',#5118,1.);
#5118 = DIRECTION('',(0.,0.,-1.));
#5119 = ORIENTED_EDGE('',*,*,#5096,.T.);
#5120 = ORIENTED_EDGE('',*,*,#5114,.T.);
#5121 = CYLINDRICAL_SURFACE('',#5122,80.75);
#5122 = AXIS2_PLACEMENT_3D('',#5123,#5124,#5125);
#5123 = CARTESIAN_POINT('',(7.7E+03,4.5E+03,2.5E+03));
#5124 = DIRECTION('',(0.,0.,-1.));
#5125 = DIRECTION('',(-1.,0.,0.));
#5126 = MANIFOLD_SOLID_BREP('',#5127);
#5127 = CLOSED_SHELL('',(#5128,#5162,#5182,#5202));
#5128 = ADVANCED_FACE('',(#5129),#5157,.T.);
#5129 = FACE_BOUND('',#5130,.T.);
#5130 = EDGE_LOOP('',(#5131,#5142,#5149,#5150));
#5131 = ORIENTED_EDGE('',*,*,#5132,.T.);
#5132 = EDGE_CURVE('',#5133,#5135,#5137,.T.);
#5133 = VERTEX_POINT('',#5134);
#5134 = CARTESIAN_POINT('',(7.78415E+03,4.5E+03,1.8E+03));
#5135 = VERTEX_POINT('',#5136);
#5136 = CARTESIAN_POINT('',(7.78415E+03,4.24755E+03,1.54755E+03));
#5137 = CIRCLE('',#5138,252.45);
#5138 = AXIS2_PLACEMENT_3D('',#5139,#5140,#5141);
#5139 = CARTESIAN_POINT('',(7.78415E+03,4.24755E+03,1.8E+03));
#5140 = DIRECTION('',(-1.,0.,0.));
#5141 = DIRECTION('',(0.,1.,9.006681538651E-16));
#5142 = ORIENTED_EDGE('',*,*,#5143,.T.);
#5143 = EDGE_CURVE('',#5135,#5135,#5144,.T.);
#5144 = CIRCLE('',#5145,84.15);
#5145 = AXIS2_PLACEMENT_3D('',#5146,#5147,#5148);
#5146 = CARTESIAN_POINT('',(7.7E+03,4.24755E+03,1.54755E+03));
#5147 = DIRECTION('',(0.,1.,7.372207412229E-17));
#5148 = DIRECTION('',(0.,7.372207412229E-17,-1.));
#5149 = ORIENTED_EDGE('',*,*,#5132,.F.);
#5150 = ORIENTED_EDGE('',*,*,#5151,.F.);
#5151 = EDGE_CURVE('',#5133,#5133,#5152,.T.);
#5152 = CIRCLE('',#5153,84.15);
#5153 = AXIS2_PLACEMENT_3D('',#5154,#5155,#5156);
#5154 = CARTESIAN_POINT('',(7.7E+03,4.5E+03,1.8E+03));
#5155 = DIRECTION('',(0.,-9.006681538651E-16,1.));
#5156 = DIRECTION('',(0.,1.,9.006681538651E-16));
#5157 = TOROIDAL_SURFACE('',#5158,252.45,84.15);
#5158 = AXIS2_PLACEMENT_3D('',#5159,#5160,#5161);
#5159 = CARTESIAN_POINT('',(7.7E+03,4.24755E+03,1.8E+03));
#5160 = DIRECTION('',(-1.,0.,0.));
#5161 = DIRECTION('',(0.,1.,9.006681538651E-16));
#5162 = ADVANCED_FACE('',(#5163,#5166),#5177,.F.);
#5163 = FACE_BOUND('',#5164,.F.);
#5164 = EDGE_LOOP('',(#5165));
#5165 = ORIENTED_EDGE('',*,*,#5151,.F.);
#5166 = FACE_BOUND('',#5167,.F.);
#5167 = EDGE_LOOP('',(#5168));
#5168 = ORIENTED_EDGE('',*,*,#5169,.T.);
#5169 = EDGE_CURVE('',#5170,#5170,#5172,.T.);
#5170 = VERTEX_POINT('',#5171);
#5171 = CARTESIAN_POINT('',(7.78075E+03,4.5E+03,1.8E+03));
#5172 = CIRCLE('',#5173,80.75);
#5173 = AXIS2_PLACEMENT_3D('',#5174,#5175,#5176);
#5174 = CARTESIAN_POINT('',(7.7E+03,4.5E+03,1.8E+03));
#5175 = DIRECTION('',(0.,-9.006681538651E-16,1.));
#5176 = DIRECTION('',(0.,1.,9.006681538651E-16));
#5177 = PLANE('',#5178);
#5178 = AXIS2_PLACEMENT_3D('',#5179,#5180,#5181);
#5179 = CARTESIAN_POINT('',(7.7E+03,4.5E+03,1.8E+03));
#5180 = DIRECTION('',(-0.,-0.,-1.));
#5181 = DIRECTION('',(-1.,0.,0.));
#5182 = ADVANCED_FACE('',(#5183,#5186),#5197,.T.);
#5183 = FACE_BOUND('',#5184,.T.);
#5184 = EDGE_LOOP('',(#5185));
#5185 = ORIENTED_EDGE('',*,*,#5143,.F.);
#5186 = FACE_BOUND('',#5187,.T.);
#5187 = EDGE_LOOP('',(#5188));
#5188 = ORIENTED_EDGE('',*,*,#5189,.T.);
#5189 = EDGE_CURVE('',#5190,#5190,#5192,.T.);
#5190 = VERTEX_POINT('',#5191);
#5191 = CARTESIAN_POINT('',(7.78075E+03,4.24755E+03,1.54755E+03));
#5192 = CIRCLE('',#5193,80.75);
#5193 = AXIS2_PLACEMENT_3D('',#5194,#5195,#5196);
#5194 = CARTESIAN_POINT('',(7.7E+03,4.24755E+03,1.54755E+03));
#5195 = DIRECTION('',(0.,1.,7.372207412229E-17));
#5196 = DIRECTION('',(0.,7.372207412229E-17,-1.));
#5197 = PLANE('',#5198);
#5198 = AXIS2_PLACEMENT_3D('',#5199,#5200,#5201);
#5199 = CARTESIAN_POINT('',(7.7E+03,4.24755E+03,1.54755E+03));
#5200 = DIRECTION('',(-0.,-1.,-0.));
#5201 = DIRECTION('',(0.,0.,-1.));
#5202 = ADVANCED_FACE('',(#5203),#5215,.F.);
#5203 = FACE_BOUND('',#5204,.F.);
#5204 = EDGE_LOOP('',(#5205,#5212,#5213,#5214));
#5205 = ORIENTED_EDGE('',*,*,#5206,.T.);
#5206 = EDGE_CURVE('',#5170,#5190,#5207,.T.);
#5207 = CIRCLE('',#5208,252.45);
#5208 = AXIS2_PLACEMENT_3D('',#5209,#5210,#5211);
#5209 = CARTESIAN_POINT('',(7.78075E+03,4.24755E+03,1.8E+03));
#5210 = DIRECTION('',(-1.,0.,0.));
#5211 = DIRECTION('',(0.,1.,9.006681538651E-16));
#5212 = ORIENTED_EDGE('',*,*,#5189,.T.);
#5213 = ORIENTED_EDGE('',*,*,#5206,.F.);
#5214 = ORIENTED_EDGE('',*,*,#5169,.F.);
#5215 = TOROIDAL_SURFACE('',#5216,252.45,80.75);
#5216 = AXIS2_PLACEMENT_3D('',#5217,#5218,#5219);
#5217 = CARTESIAN_POINT('',(7.7E+03,4.24755E+03,1.8E+03));
#5218 = DIRECTION('',(-1.,0.,0.));
#5219 = DIRECTION('',(0.,1.,9.006681538651E-16));
#5220 = MANIFOLD_SOLID_BREP('',#5221);
#5221 = CLOSED_SHELL('',(#5222,#5255,#5275,#5295));
#5222 = ADVANCED_FACE('',(#5223),#5250,.T.);
#5223 = FACE_BOUND('',#5224,.T.);
#5224 = EDGE_LOOP('',(#5225,#5234,#5242,#5249));
#5225 = ORIENTED_EDGE('',*,*,#5226,.F.);
#5226 = EDGE_CURVE('',#5227,#5227,#5229,.T.);
#5227 = VERTEX_POINT('',#5228);
#5228 = CARTESIAN_POINT('',(7.7E+03,4.04755E+03,1.4634E+03));
#5229 = CIRCLE('',#5230,84.15);
#5230 = AXIS2_PLACEMENT_3D('',#5231,#5232,#5233);
#5231 = CARTESIAN_POINT('',(7.7E+03,4.04755E+03,1.54755E+03));
#5232 = DIRECTION('',(0.,-1.,0.));
#5233 = DIRECTION('',(0.,0.,-1.));
#5234 = ORIENTED_EDGE('',*,*,#5235,.F.);
#5235 = EDGE_CURVE('',#5236,#5227,#5238,.T.);
#5236 = VERTEX_POINT('',#5237);
#5237 = CARTESIAN_POINT('',(7.7E+03,4.24755E+03,1.4634E+03));
#5238 = LINE('',#5239,#5240);
#5239 = CARTESIAN_POINT('',(7.7E+03,4.24755E+03,1.4634E+03));
#5240 = VECTOR('',#5241,1.);
#5241 = DIRECTION('',(0.,-1.,0.));
#5242 = ORIENTED_EDGE('',*,*,#5243,.T.);
#5243 = EDGE_CURVE('',#5236,#5236,#5244,.T.);
#5244 = CIRCLE('',#5245,84.15);
#5245 = AXIS2_PLACEMENT_3D('',#5246,#5247,#5248);
#5246 = CARTESIAN_POINT('',(7.7E+03,4.24755E+03,1.54755E+03));
#5247 = DIRECTION('',(0.,-1.,0.));
#5248 = DIRECTION('',(0.,0.,-1.));
#5249 = ORIENTED_EDGE('',*,*,#5235,.T.);
#5250 = CYLINDRICAL_SURFACE('',#5251,84.15);
#5251 = AXIS2_PLACEMENT_3D('',#5252,#5253,#5254);
#5252 = CARTESIAN_POINT('',(7.7E+03,4.24755E+03,1.54755E+03));
#5253 = DIRECTION('',(0.,-1.,0.));
#5254 = DIRECTION('',(0.,0.,-1.));
#5255 = ADVANCED_FACE('',(#5256,#5259),#5270,.T.);
#5256 = FACE_BOUND('',#5257,.T.);
#5257 = EDGE_LOOP('',(#5258));
#5258 = ORIENTED_EDGE('',*,*,#5226,.T.);
#5259 = FACE_BOUND('',#5260,.T.);
#5260 = EDGE_LOOP('',(#5261));
#5261 = ORIENTED_EDGE('',*,*,#5262,.F.);
#5262 = EDGE_CURVE('',#5263,#5263,#5265,.T.);
#5263 = VERTEX_POINT('',#5264);
#5264 = CARTESIAN_POINT('',(7.7E+03,4.04755E+03,1.4668E+03));
#5265 = CIRCLE('',#5266,80.75);
#5266 = AXIS2_PLACEMENT_3D('',#5267,#5268,#5269);
#5267 = CARTESIAN_POINT('',(7.7E+03,4.04755E+03,1.54755E+03));
#5268 = DIRECTION('',(0.,-1.,0.));
#5269 = DIRECTION('',(0.,0.,-1.));
#5270 = PLANE('',#5271);
#5271 = AXIS2_PLACEMENT_3D('',#5272,#5273,#5274);
#5272 = CARTESIAN_POINT('',(7.7E+03,4.04755E+03,1.54755E+03));
#5273 = DIRECTION('',(0.,-1.,0.));
#5274 = DIRECTION('',(0.,0.,-1.));
#5275 = ADVANCED_FACE('',(#5276,#5279),#5290,.F.);
#5276 = FACE_BOUND('',#5277,.F.);
#5277 = EDGE_LOOP('',(#5278));
#5278 = ORIENTED_EDGE('',*,*,#5243,.T.);
#5279 = FACE_BOUND('',#5280,.F.);
#5280 = EDGE_LOOP('',(#5281));
#5281 = ORIENTED_EDGE('',*,*,#5282,.F.);
#5282 = EDGE_CURVE('',#5283,#5283,#5285,.T.);
#5283 = VERTEX_POINT('',#5284);
#5284 = CARTESIAN_POINT('',(7.7E+03,4.24755E+03,1.4668E+03));
#5285 = CIRCLE('',#5286,80.75);
#5286 = AXIS2_PLACEMENT_3D('',#5287,#5288,#5289);
#5287 = CARTESIAN_POINT('',(7.7E+03,4.24755E+03,1.54755E+03));
#5288 = DIRECTION('',(0.,-1.,0.));
#5289 = DIRECTION('',(0.,0.,-1.));
#5290 = PLANE('',#5291);
#5291 = AXIS2_PLACEMENT_3D('',#5292,#5293,#5294);
#5292 = CARTESIAN_POINT('',(7.7E+03,4.24755E+03,1.54755E+03));
#5293 = DIRECTION('',(0.,-1.,0.));
#5294 = DIRECTION('',(0.,0.,-1.));
#5295 = ADVANCED_FACE('',(#5296),#5307,.F.);
#5296 = FACE_BOUND('',#5297,.F.);
#5297 = EDGE_LOOP('',(#5298,#5299,#5305,#5306));
#5298 = ORIENTED_EDGE('',*,*,#5262,.F.);
#5299 = ORIENTED_EDGE('',*,*,#5300,.F.);
#5300 = EDGE_CURVE('',#5283,#5263,#5301,.T.);
#5301 = LINE('',#5302,#5303);
#5302 = CARTESIAN_POINT('',(7.7E+03,4.24755E+03,1.4668E+03));
#5303 = VECTOR('',#5304,1.);
#5304 = DIRECTION('',(0.,-1.,0.));
#5305 = ORIENTED_EDGE('',*,*,#5282,.T.);
#5306 = ORIENTED_EDGE('',*,*,#5300,.T.);
#5307 = CYLINDRICAL_SURFACE('',#5308,80.75);
#5308 = AXIS2_PLACEMENT_3D('',#5309,#5310,#5311);
#5309 = CARTESIAN_POINT('',(7.7E+03,4.24755E+03,1.54755E+03));
#5310 = DIRECTION('',(0.,-1.,0.));
#5311 = DIRECTION('',(0.,0.,-1.));
#5312 = MANIFOLD_SOLID_BREP('',#5313);
#5313 = CLOSED_SHELL('',(#5314,#5348,#5368,#5388));
#5314 = ADVANCED_FACE('',(#5315),#5343,.T.);
#5315 = FACE_BOUND('',#5316,.T.);
#5316 = EDGE_LOOP('',(#5317,#5328,#5335,#5336));
#5317 = ORIENTED_EDGE('',*,*,#5318,.T.);
#5318 = EDGE_CURVE('',#5319,#5321,#5323,.T.);
#5319 = VERTEX_POINT('',#5320);
#5320 = CARTESIAN_POINT('',(7.78415E+03,4.04755E+03,1.54755E+03));
#5321 = VERTEX_POINT('',#5322);
#5322 = CARTESIAN_POINT('',(7.78415E+03,3.7951E+03,1.2951E+03));
#5323 = CIRCLE('',#5324,252.45);
#5324 = AXIS2_PLACEMENT_3D('',#5325,#5326,#5327);
#5325 = CARTESIAN_POINT('',(7.78415E+03,4.04755E+03,1.2951E+03));
#5326 = DIRECTION('',(1.,0.,-0.));
#5327 = DIRECTION('',(0.,0.,1.));
#5328 = ORIENTED_EDGE('',*,*,#5329,.T.);
#5329 = EDGE_CURVE('',#5321,#5321,#5330,.T.);
#5330 = CIRCLE('',#5331,84.15);
#5331 = AXIS2_PLACEMENT_3D('',#5332,#5333,#5334);
#5332 = CARTESIAN_POINT('',(7.7E+03,3.7951E+03,1.2951E+03));
#5333 = DIRECTION('',(-0.,6.123233995737E-17,1.));
#5334 = DIRECTION('',(0.,-1.,6.123233995737E-17));
#5335 = ORIENTED_EDGE('',*,*,#5318,.F.);
#5336 = ORIENTED_EDGE('',*,*,#5337,.F.);
#5337 = EDGE_CURVE('',#5319,#5319,#5338,.T.);
#5338 = CIRCLE('',#5339,84.15);
#5339 = AXIS2_PLACEMENT_3D('',#5340,#5341,#5342);
#5340 = CARTESIAN_POINT('',(7.7E+03,4.04755E+03,1.54755E+03));
#5341 = DIRECTION('',(0.,1.,0.));
#5342 = DIRECTION('',(0.,0.,1.));
#5343 = TOROIDAL_SURFACE('',#5344,252.45,84.15);
#5344 = AXIS2_PLACEMENT_3D('',#5345,#5346,#5347);
#5345 = CARTESIAN_POINT('',(7.7E+03,4.04755E+03,1.2951E+03));
#5346 = DIRECTION('',(1.,0.,0.));
#5347 = DIRECTION('',(0.,0.,1.));
#5348 = ADVANCED_FACE('',(#5349,#5352),#5363,.F.);
#5349 = FACE_BOUND('',#5350,.F.);
#5350 = EDGE_LOOP('',(#5351));
#5351 = ORIENTED_EDGE('',*,*,#5337,.F.);
#5352 = FACE_BOUND('',#5353,.F.);
#5353 = EDGE_LOOP('',(#5354));
#5354 = ORIENTED_EDGE('',*,*,#5355,.T.);
#5355 = EDGE_CURVE('',#5356,#5356,#5358,.T.);
#5356 = VERTEX_POINT('',#5357);
#5357 = CARTESIAN_POINT('',(7.78075E+03,4.04755E+03,1.54755E+03));
#5358 = CIRCLE('',#5359,80.75);
#5359 = AXIS2_PLACEMENT_3D('',#5360,#5361,#5362);
#5360 = CARTESIAN_POINT('',(7.7E+03,4.04755E+03,1.54755E+03));
#5361 = DIRECTION('',(0.,1.,0.));
#5362 = DIRECTION('',(0.,0.,1.));
#5363 = PLANE('',#5364);
#5364 = AXIS2_PLACEMENT_3D('',#5365,#5366,#5367);
#5365 = CARTESIAN_POINT('',(7.7E+03,4.04755E+03,1.54755E+03));
#5366 = DIRECTION('',(-0.,-1.,-0.));
#5367 = DIRECTION('',(0.,0.,-1.));
#5368 = ADVANCED_FACE('',(#5369,#5372),#5383,.T.);
#5369 = FACE_BOUND('',#5370,.T.);
#5370 = EDGE_LOOP('',(#5371));
#5371 = ORIENTED_EDGE('',*,*,#5329,.F.);
#5372 = FACE_BOUND('',#5373,.T.);
#5373 = EDGE_LOOP('',(#5374));
#5374 = ORIENTED_EDGE('',*,*,#5375,.T.);
#5375 = EDGE_CURVE('',#5376,#5376,#5378,.T.);
#5376 = VERTEX_POINT('',#5377);
#5377 = CARTESIAN_POINT('',(7.78075E+03,3.7951E+03,1.2951E+03));
#5378 = CIRCLE('',#5379,80.75);
#5379 = AXIS2_PLACEMENT_3D('',#5380,#5381,#5382);
#5380 = CARTESIAN_POINT('',(7.7E+03,3.7951E+03,1.2951E+03));
#5381 = DIRECTION('',(-0.,6.123233995737E-17,1.));
#5382 = DIRECTION('',(0.,-1.,6.123233995737E-17));
#5383 = PLANE('',#5384);
#5384 = AXIS2_PLACEMENT_3D('',#5385,#5386,#5387);
#5385 = CARTESIAN_POINT('',(7.7E+03,3.7951E+03,1.2951E+03));
#5386 = DIRECTION('',(-0.,-0.,-1.));
#5387 = DIRECTION('',(-1.,0.,0.));
#5388 = ADVANCED_FACE('',(#5389),#5401,.F.);
#5389 = FACE_BOUND('',#5390,.F.);
#5390 = EDGE_LOOP('',(#5391,#5398,#5399,#5400));
#5391 = ORIENTED_EDGE('',*,*,#5392,.T.);
#5392 = EDGE_CURVE('',#5356,#5376,#5393,.T.);
#5393 = CIRCLE('',#5394,252.45);
#5394 = AXIS2_PLACEMENT_3D('',#5395,#5396,#5397);
#5395 = CARTESIAN_POINT('',(7.78075E+03,4.04755E+03,1.2951E+03));
#5396 = DIRECTION('',(1.,0.,-0.));
#5397 = DIRECTION('',(0.,0.,1.));
#5398 = ORIENTED_EDGE('',*,*,#5375,.T.);
#5399 = ORIENTED_EDGE('',*,*,#5392,.F.);
#5400 = ORIENTED_EDGE('',*,*,#5355,.F.);
#5401 = TOROIDAL_SURFACE('',#5402,252.45,80.75);
#5402 = AXIS2_PLACEMENT_3D('',#5403,#5404,#5405);
#5403 = CARTESIAN_POINT('',(7.7E+03,4.04755E+03,1.2951E+03));
#5404 = DIRECTION('',(1.,0.,0.));
#5405 = DIRECTION('',(0.,0.,1.));
#5406 = MANIFOLD_SOLID_BREP('',#5407);
#5407 = CLOSED_SHELL('',(#5408,#5441,#5461,#5481));
#5408 = ADVANCED_FACE('',(#5409),#5436,.T.);
#5409 = FACE_BOUND('',#5410,.T.);
#5410 = EDGE_LOOP('',(#5411,#5420,#5428,#5435));
#5411 = ORIENTED_EDGE('',*,*,#5412,.F.);
#5412 = EDGE_CURVE('',#5413,#5413,#5415,.T.);
#5413 = VERTEX_POINT('',#5414);
#5414 = CARTESIAN_POINT('',(7.61585E+03,3.7951E+03,895.1));
#5415 = CIRCLE('',#5416,84.15);
#5416 = AXIS2_PLACEMENT_3D('',#5417,#5418,#5419);
#5417 = CARTESIAN_POINT('',(7.7E+03,3.7951E+03,895.1));
#5418 = DIRECTION('',(0.,0.,-1.));
#5419 = DIRECTION('',(-1.,0.,0.));
#5420 = ORIENTED_EDGE('',*,*,#5421,.F.);
#5421 = EDGE_CURVE('',#5422,#5413,#5424,.T.);
#5422 = VERTEX_POINT('',#5423);
#5423 = CARTESIAN_POINT('',(7.61585E+03,3.7951E+03,1.2951E+03));
#5424 = LINE('',#5425,#5426);
#5425 = CARTESIAN_POINT('',(7.61585E+03,3.7951E+03,1.2951E+03));
#5426 = VECTOR('',#5427,1.);
#5427 = DIRECTION('',(0.,0.,-1.));
#5428 = ORIENTED_EDGE('',*,*,#5429,.T.);
#5429 = EDGE_CURVE('',#5422,#5422,#5430,.T.);
#5430 = CIRCLE('',#5431,84.15);
#5431 = AXIS2_PLACEMENT_3D('',#5432,#5433,#5434);
#5432 = CARTESIAN_POINT('',(7.7E+03,3.7951E+03,1.2951E+03));
#5433 = DIRECTION('',(0.,0.,-1.));
#5434 = DIRECTION('',(-1.,0.,0.));
#5435 = ORIENTED_EDGE('',*,*,#5421,.T.);
#5436 = CYLINDRICAL_SURFACE('',#5437,84.15);
#5437 = AXIS2_PLACEMENT_3D('',#5438,#5439,#5440);
#5438 = CARTESIAN_POINT('',(7.7E+03,3.7951E+03,1.2951E+03));
#5439 = DIRECTION('',(0.,0.,-1.));
#5440 = DIRECTION('',(-1.,0.,0.));
#5441 = ADVANCED_FACE('',(#5442,#5445),#5456,.T.);
#5442 = FACE_BOUND('',#5443,.T.);
#5443 = EDGE_LOOP('',(#5444));
#5444 = ORIENTED_EDGE('',*,*,#5412,.T.);
#5445 = FACE_BOUND('',#5446,.T.);
#5446 = EDGE_LOOP('',(#5447));
#5447 = ORIENTED_EDGE('',*,*,#5448,.F.);
#5448 = EDGE_CURVE('',#5449,#5449,#5451,.T.);
#5449 = VERTEX_POINT('',#5450);
#5450 = CARTESIAN_POINT('',(7.61925E+03,3.7951E+03,895.1));
#5451 = CIRCLE('',#5452,80.75);
#5452 = AXIS2_PLACEMENT_3D('',#5453,#5454,#5455);
#5453 = CARTESIAN_POINT('',(7.7E+03,3.7951E+03,895.1));
#5454 = DIRECTION('',(0.,0.,-1.));
#5455 = DIRECTION('',(-1.,0.,0.));
#5456 = PLANE('',#5457);
#5457 = AXIS2_PLACEMENT_3D('',#5458,#5459,#5460);
#5458 = CARTESIAN_POINT('',(7.7E+03,3.7951E+03,895.1));
#5459 = DIRECTION('',(0.,0.,-1.));
#5460 = DIRECTION('',(-1.,0.,0.));
#5461 = ADVANCED_FACE('',(#5462,#5465),#5476,.F.);
#5462 = FACE_BOUND('',#5463,.F.);
#5463 = EDGE_LOOP('',(#5464));
#5464 = ORIENTED_EDGE('',*,*,#5429,.T.);
#5465 = FACE_BOUND('',#5466,.F.);
#5466 = EDGE_LOOP('',(#5467));
#5467 = ORIENTED_EDGE('',*,*,#5468,.F.);
#5468 = EDGE_CURVE('',#5469,#5469,#5471,.T.);
#5469 = VERTEX_POINT('',#5470);
#5470 = CARTESIAN_POINT('',(7.61925E+03,3.7951E+03,1.2951E+03));
#5471 = CIRCLE('',#5472,80.75);
#5472 = AXIS2_PLACEMENT_3D('',#5473,#5474,#5475);
#5473 = CARTESIAN_POINT('',(7.7E+03,3.7951E+03,1.2951E+03));
#5474 = DIRECTION('',(0.,0.,-1.));
#5475 = DIRECTION('',(-1.,0.,0.));
#5476 = PLANE('',#5477);
#5477 = AXIS2_PLACEMENT_3D('',#5478,#5479,#5480);
#5478 = CARTESIAN_POINT('',(7.7E+03,3.7951E+03,1.2951E+03));
#5479 = DIRECTION('',(0.,0.,-1.));
#5480 = DIRECTION('',(-1.,0.,0.));
#5481 = ADVANCED_FACE('',(#5482),#5493,.F.);
#5482 = FACE_BOUND('',#5483,.F.);
#5483 = EDGE_LOOP('',(#5484,#5485,#5491,#5492));
#5484 = ORIENTED_EDGE('',*,*,#5448,.F.);
#5485 = ORIENTED_EDGE('',*,*,#5486,.F.);
#5486 = EDGE_CURVE('',#5469,#5449,#5487,.T.);
#5487 = LINE('',#5488,#5489);
#5488 = CARTESIAN_POINT('',(7.61925E+03,3.7951E+03,1.2951E+03));
#5489 = VECTOR('',#5490,1.);
#5490 = DIRECTION('',(0.,0.,-1.));
#5491 = ORIENTED_EDGE('',*,*,#5468,.T.);
#5492 = ORIENTED_EDGE('',*,*,#5486,.T.);
#5493 = CYLINDRICAL_SURFACE('',#5494,80.75);
#5494 = AXIS2_PLACEMENT_3D('',#5495,#5496,#5497);
#5495 = CARTESIAN_POINT('',(7.7E+03,3.7951E+03,1.2951E+03));
#5496 = DIRECTION('',(0.,0.,-1.));
#5497 = DIRECTION('',(-1.,0.,0.));
#5498 = ( GEOMETRIC_REPRESENTATION_CONTEXT(3) 
GLOBAL_UNCERTAINTY_ASSIGNED_CONTEXT((#5502)) 
GLOBAL_UNIT_ASSIGNED_CONTEXT((#5499,#5500,#5501)) REPRESENTATION_CONTEXT
('Context #1','3D Context with UNIT and UNCERTAINTY') );
#5499 = ( LENGTH_UNIT() NAMED_UNIT(*) SI_UNIT(.MILLI.,.METRE.) );
#5500 = ( NAMED_UNIT(*) PLANE_ANGLE_UNIT() SI_UNIT($,.RADIAN.) );
#5501 = ( NAMED_UNIT(*) SI_UNIT($,.STERADIAN.) SOLID_ANGLE_UNIT() );
#5502 = UNCERTAINTY_MEASURE_WITH_UNIT(LENGTH_MEASURE(1.E-07),#5499,
  'distance_accuracy_value','confusion accuracy');
#5503 = PRODUCT_RELATED_PRODUCT_CATEGORY('part',$,(#7));
ENDSEC;
END-ISO-10303-21;
