ISO-10303-21;
HEADER;
FILE_DESCRIPTION(('FreeCAD Model'),'2;1');
FILE_NAME('Open CASCADE Shape Model','2026-08-16T05:49:38',('FreeCAD'),(
    'FreeCAD'),'Open CASCADE STEP processor 7.9','FreeCAD','Unknown');
FILE_SCHEMA(('AUTOMOTIVE_DESIGN { 1 0 10303 214 1 1 1 1 }'));
ENDSEC;
DATA;
#1 = APPLICATION_PROTOCOL_DEFINITION('international standard',
  'automotive_design',2000,#2);
#2 = APPLICATION_CONTEXT(
  'core data for automotive mechanical design processes');
#3 = SHAPE_DEFINITION_REPRESENTATION(#4,#10);
#4 = PRODUCT_DEFINITION_SHAPE('','',#5);
#5 = PRODUCT_DEFINITION('design','',#6,#9);
#6 = PRODUCT_DEFINITION_FORMATION('','',#7);
#7 = PRODUCT('Open CASCADE STEP translator 7.9 3',
  'Open CASCADE STEP translator 7.9 3','',(#8));
#8 = PRODUCT_CONTEXT('',#2,'mechanical');
#9 = PRODUCT_DEFINITION_CONTEXT('part definition',#2,'design');
#10 = SHAPE_REPRESENTATION('',(#11,#15,#107,#199,#291,#385,#477,#571,
    #663,#755,#849,#941,#1035,#1127,#1219,#1313,#1405,#1499,#1591,#1683,
    #1777,#1869,#1963,#2055,#2147,#2241,#2333,#2427,#2519,#2611,#2705,
    #2797,#2891),#2983);
#11 = AXIS2_PLACEMENT_3D('',#12,#13,#14);
#12 = CARTESIAN_POINT('',(0.,0.,0.));
#13 = DIRECTION('',(0.,0.,1.));
#14 = DIRECTION('',(1.,0.,-0.));
#15 = MANIFOLD_SOLID_BREP('',#16);
#16 = CLOSED_SHELL('',(#17,#50,#70,#90));
#17 = ADVANCED_FACE('',(#18),#45,.T.);
#18 = FACE_BOUND('',#19,.T.);
#19 = EDGE_LOOP('',(#20,#29,#37,#44));
#20 = ORIENTED_EDGE('',*,*,#21,.F.);
#21 = EDGE_CURVE('',#22,#22,#24,.T.);
#22 = VERTEX_POINT('',#23);
#23 = CARTESIAN_POINT('',(8.E+03,2.683201136932E-14,3.10955E+03));
#24 = CIRCLE('',#25,109.55);
#25 = AXIS2_PLACEMENT_3D('',#26,#27,#28);
#26 = CARTESIAN_POINT('',(8.E+03,0.,3.E+03));
#27 = DIRECTION('',(1.,0.,-0.));
#28 = DIRECTION('',(0.,0.,1.));
#29 = ORIENTED_EDGE('',*,*,#30,.F.);
#30 = EDGE_CURVE('',#31,#22,#33,.T.);
#31 = VERTEX_POINT('',#32);
#32 = CARTESIAN_POINT('',(0.,2.683201136932E-14,3.10955E+03));
#33 = LINE('',#34,#35);
#34 = CARTESIAN_POINT('',(0.,2.683201136932E-14,3.10955E+03));
#35 = VECTOR('',#36,1.);
#36 = DIRECTION('',(1.,0.,0.));
#37 = ORIENTED_EDGE('',*,*,#38,.T.);
#38 = EDGE_CURVE('',#31,#31,#39,.T.);
#39 = CIRCLE('',#40,109.55);
#40 = AXIS2_PLACEMENT_3D('',#41,#42,#43);
#41 = CARTESIAN_POINT('',(0.,0.,3.E+03));
#42 = DIRECTION('',(1.,0.,-0.));
#43 = DIRECTION('',(0.,0.,1.));
#44 = ORIENTED_EDGE('',*,*,#30,.T.);
#45 = CYLINDRICAL_SURFACE('',#46,109.55);
#46 = AXIS2_PLACEMENT_3D('',#47,#48,#49);
#47 = CARTESIAN_POINT('',(0.,0.,3.E+03));
#48 = DIRECTION('',(1.,0.,0.));
#49 = DIRECTION('',(0.,0.,1.));
#50 = ADVANCED_FACE('',(#51,#54),#65,.T.);
#51 = FACE_BOUND('',#52,.T.);
#52 = EDGE_LOOP('',(#53));
#53 = ORIENTED_EDGE('',*,*,#21,.T.);
#54 = FACE_BOUND('',#55,.T.);
#55 = EDGE_LOOP('',(#56));
#56 = ORIENTED_EDGE('',*,*,#57,.F.);
#57 = EDGE_CURVE('',#58,#58,#60,.T.);
#58 = VERTEX_POINT('',#59);
#59 = CARTESIAN_POINT('',(8.E+03,2.591107697636E-14,3.10579E+03));
#60 = CIRCLE('',#61,105.79);
#61 = AXIS2_PLACEMENT_3D('',#62,#63,#64);
#62 = CARTESIAN_POINT('',(8.E+03,0.,3.E+03));
#63 = DIRECTION('',(1.,0.,-0.));
#64 = DIRECTION('',(0.,0.,1.));
#65 = PLANE('',#66);
#66 = AXIS2_PLACEMENT_3D('',#67,#68,#69);
#67 = CARTESIAN_POINT('',(8.E+03,0.,3.E+03));
#68 = DIRECTION('',(1.,0.,0.));
#69 = DIRECTION('',(0.,0.,1.));
#70 = ADVANCED_FACE('',(#71,#74),#85,.F.);
#71 = FACE_BOUND('',#72,.F.);
#72 = EDGE_LOOP('',(#73));
#73 = ORIENTED_EDGE('',*,*,#38,.T.);
#74 = FACE_BOUND('',#75,.F.);
#75 = EDGE_LOOP('',(#76));
#76 = ORIENTED_EDGE('',*,*,#77,.F.);
#77 = EDGE_CURVE('',#78,#78,#80,.T.);
#78 = VERTEX_POINT('',#79);
#79 = CARTESIAN_POINT('',(0.,2.591107697636E-14,3.10579E+03));
#80 = CIRCLE('',#81,105.79);
#81 = AXIS2_PLACEMENT_3D('',#82,#83,#84);
#82 = CARTESIAN_POINT('',(0.,0.,3.E+03));
#83 = DIRECTION('',(1.,0.,-0.));
#84 = DIRECTION('',(0.,0.,1.));
#85 = PLANE('',#86);
#86 = AXIS2_PLACEMENT_3D('',#87,#88,#89);
#87 = CARTESIAN_POINT('',(0.,0.,3.E+03));
#88 = DIRECTION('',(1.,0.,0.));
#89 = DIRECTION('',(0.,0.,1.));
#90 = ADVANCED_FACE('',(#91),#102,.F.);
#91 = FACE_BOUND('',#92,.F.);
#92 = EDGE_LOOP('',(#93,#94,#100,#101));
#93 = ORIENTED_EDGE('',*,*,#57,.F.);
#94 = ORIENTED_EDGE('',*,*,#95,.F.);
#95 = EDGE_CURVE('',#78,#58,#96,.T.);
#96 = LINE('',#97,#98);
#97 = CARTESIAN_POINT('',(0.,2.591107697636E-14,3.10579E+03));
#98 = VECTOR('',#99,1.);
#99 = DIRECTION('',(1.,0.,0.));
#100 = ORIENTED_EDGE('',*,*,#77,.T.);
#101 = ORIENTED_EDGE('',*,*,#95,.T.);
#102 = CYLINDRICAL_SURFACE('',#103,105.79);
#103 = AXIS2_PLACEMENT_3D('',#104,#105,#106);
#104 = CARTESIAN_POINT('',(0.,0.,3.E+03));
#105 = DIRECTION('',(1.,0.,0.));
#106 = DIRECTION('',(0.,0.,1.));
#107 = MANIFOLD_SOLID_BREP('',#108);
#108 = CLOSED_SHELL('',(#109,#142,#162,#182));
#109 = ADVANCED_FACE('',(#110),#137,.T.);
#110 = FACE_BOUND('',#111,.T.);
#111 = EDGE_LOOP('',(#112,#121,#129,#136));
#112 = ORIENTED_EDGE('',*,*,#113,.F.);
#113 = EDGE_CURVE('',#114,#114,#116,.T.);
#114 = VERTEX_POINT('',#115);
#115 = CARTESIAN_POINT('',(0.,1.E+03,2.89045E+03));
#116 = CIRCLE('',#117,109.55);
#117 = AXIS2_PLACEMENT_3D('',#118,#119,#120);
#118 = CARTESIAN_POINT('',(0.,1.E+03,3.E+03));
#119 = DIRECTION('',(-1.,0.,0.));
#120 = DIRECTION('',(0.,0.,-1.));
#121 = ORIENTED_EDGE('',*,*,#122,.F.);
#122 = EDGE_CURVE('',#123,#114,#125,.T.);
#123 = VERTEX_POINT('',#124);
#124 = CARTESIAN_POINT('',(8.E+03,1.E+03,2.89045E+03));
#125 = LINE('',#126,#127);
#126 = CARTESIAN_POINT('',(8.E+03,1.E+03,2.89045E+03));
#127 = VECTOR('',#128,1.);
#128 = DIRECTION('',(-1.,0.,0.));
#129 = ORIENTED_EDGE('',*,*,#130,.T.);
#130 = EDGE_CURVE('',#123,#123,#131,.T.);
#131 = CIRCLE('',#132,109.55);
#132 = AXIS2_PLACEMENT_3D('',#133,#134,#135);
#133 = CARTESIAN_POINT('',(8.E+03,1.E+03,3.E+03));
#134 = DIRECTION('',(-1.,0.,0.));
#135 = DIRECTION('',(0.,0.,-1.));
#136 = ORIENTED_EDGE('',*,*,#122,.T.);
#137 = CYLINDRICAL_SURFACE('',#138,109.55);
#138 = AXIS2_PLACEMENT_3D('',#139,#140,#141);
#139 = CARTESIAN_POINT('',(8.E+03,1.E+03,3.E+03));
#140 = DIRECTION('',(-1.,0.,0.));
#141 = DIRECTION('',(0.,0.,-1.));
#142 = ADVANCED_FACE('',(#143,#146),#157,.T.);
#143 = FACE_BOUND('',#144,.T.);
#144 = EDGE_LOOP('',(#145));
#145 = ORIENTED_EDGE('',*,*,#113,.T.);
#146 = FACE_BOUND('',#147,.T.);
#147 = EDGE_LOOP('',(#148));
#148 = ORIENTED_EDGE('',*,*,#149,.F.);
#149 = EDGE_CURVE('',#150,#150,#152,.T.);
#150 = VERTEX_POINT('',#151);
#151 = CARTESIAN_POINT('',(0.,1.E+03,2.89421E+03));
#152 = CIRCLE('',#153,105.79);
#153 = AXIS2_PLACEMENT_3D('',#154,#155,#156);
#154 = CARTESIAN_POINT('',(0.,1.E+03,3.E+03));
#155 = DIRECTION('',(-1.,0.,0.));
#156 = DIRECTION('',(0.,0.,-1.));
#157 = PLANE('',#158);
#158 = AXIS2_PLACEMENT_3D('',#159,#160,#161);
#159 = CARTESIAN_POINT('',(0.,1.E+03,3.E+03));
#160 = DIRECTION('',(-1.,0.,0.));
#161 = DIRECTION('',(0.,0.,-1.));
#162 = ADVANCED_FACE('',(#163,#166),#177,.F.);
#163 = FACE_BOUND('',#164,.F.);
#164 = EDGE_LOOP('',(#165));
#165 = ORIENTED_EDGE('',*,*,#130,.T.);
#166 = FACE_BOUND('',#167,.F.);
#167 = EDGE_LOOP('',(#168));
#168 = ORIENTED_EDGE('',*,*,#169,.F.);
#169 = EDGE_CURVE('',#170,#170,#172,.T.);
#170 = VERTEX_POINT('',#171);
#171 = CARTESIAN_POINT('',(8.E+03,1.E+03,2.89421E+03));
#172 = CIRCLE('',#173,105.79);
#173 = AXIS2_PLACEMENT_3D('',#174,#175,#176);
#174 = CARTESIAN_POINT('',(8.E+03,1.E+03,3.E+03));
#175 = DIRECTION('',(-1.,0.,0.));
#176 = DIRECTION('',(0.,0.,-1.));
#177 = PLANE('',#178);
#178 = AXIS2_PLACEMENT_3D('',#179,#180,#181);
#179 = CARTESIAN_POINT('',(8.E+03,1.E+03,3.E+03));
#180 = DIRECTION('',(-1.,0.,0.));
#181 = DIRECTION('',(0.,0.,-1.));
#182 = ADVANCED_FACE('',(#183),#194,.F.);
#183 = FACE_BOUND('',#184,.F.);
#184 = EDGE_LOOP('',(#185,#186,#192,#193));
#185 = ORIENTED_EDGE('',*,*,#149,.F.);
#186 = ORIENTED_EDGE('',*,*,#187,.F.);
#187 = EDGE_CURVE('',#170,#150,#188,.T.);
#188 = LINE('',#189,#190);
#189 = CARTESIAN_POINT('',(8.E+03,1.E+03,2.89421E+03));
#190 = VECTOR('',#191,1.);
#191 = DIRECTION('',(-1.,0.,0.));
#192 = ORIENTED_EDGE('',*,*,#169,.T.);
#193 = ORIENTED_EDGE('',*,*,#187,.T.);
#194 = CYLINDRICAL_SURFACE('',#195,105.79);
#195 = AXIS2_PLACEMENT_3D('',#196,#197,#198);
#196 = CARTESIAN_POINT('',(8.E+03,1.E+03,3.E+03));
#197 = DIRECTION('',(-1.,0.,0.));
#198 = DIRECTION('',(0.,0.,-1.));
#199 = MANIFOLD_SOLID_BREP('',#200);
#200 = CLOSED_SHELL('',(#201,#234,#254,#274));
#201 = ADVANCED_FACE('',(#202),#229,.T.);
#202 = FACE_BOUND('',#203,.T.);
#203 = EDGE_LOOP('',(#204,#213,#221,#228));
#204 = ORIENTED_EDGE('',*,*,#205,.F.);
#205 = EDGE_CURVE('',#206,#206,#208,.T.);
#206 = VERTEX_POINT('',#207);
#207 = CARTESIAN_POINT('',(1.94285E+03,-1.399771291425E-14,2.5E+03));
#208 = CIRCLE('',#209,57.15);
#209 = AXIS2_PLACEMENT_3D('',#210,#211,#212);
#210 = CARTESIAN_POINT('',(2.E+03,0.,2.5E+03));
#211 = DIRECTION('',(0.,0.,-1.));
#212 = DIRECTION('',(-1.,0.,0.));
#213 = ORIENTED_EDGE('',*,*,#214,.F.);
#214 = EDGE_CURVE('',#215,#206,#217,.T.);
#215 = VERTEX_POINT('',#216);
#216 = CARTESIAN_POINT('',(1.94285E+03,-1.399771291425E-14,3.E+03));
#217 = LINE('',#218,#219);
#218 = CARTESIAN_POINT('',(1.94285E+03,-1.399771291425E-14,3.E+03));
#219 = VECTOR('',#220,1.);
#220 = DIRECTION('',(0.,0.,-1.));
#221 = ORIENTED_EDGE('',*,*,#222,.T.);
#222 = EDGE_CURVE('',#215,#215,#223,.T.);
#223 = CIRCLE('',#224,57.15);
#224 = AXIS2_PLACEMENT_3D('',#225,#226,#227);
#225 = CARTESIAN_POINT('',(2.E+03,0.,3.E+03));
#226 = DIRECTION('',(0.,0.,-1.));
#227 = DIRECTION('',(-1.,0.,0.));
#228 = ORIENTED_EDGE('',*,*,#214,.T.);
#229 = CYLINDRICAL_SURFACE('',#230,57.15);
#230 = AXIS2_PLACEMENT_3D('',#231,#232,#233);
#231 = CARTESIAN_POINT('',(2.E+03,0.,3.E+03));
#232 = DIRECTION('',(0.,0.,-1.));
#233 = DIRECTION('',(-1.,0.,0.));
#234 = ADVANCED_FACE('',(#235,#238),#249,.T.);
#235 = FACE_BOUND('',#236,.T.);
#236 = EDGE_LOOP('',(#237));
#237 = ORIENTED_EDGE('',*,*,#205,.T.);
#238 = FACE_BOUND('',#239,.T.);
#239 = EDGE_LOOP('',(#240));
#240 = ORIENTED_EDGE('',*,*,#241,.F.);
#241 = EDGE_CURVE('',#242,#242,#244,.T.);
#242 = VERTEX_POINT('',#243);
#243 = CARTESIAN_POINT('',(1.9459E+03,-1.325067836677E-14,2.5E+03));
#244 = CIRCLE('',#245,54.1);
#245 = AXIS2_PLACEMENT_3D('',#246,#247,#248);
#246 = CARTESIAN_POINT('',(2.E+03,0.,2.5E+03));
#247 = DIRECTION('',(0.,0.,-1.));
#248 = DIRECTION('',(-1.,0.,0.));
#249 = PLANE('',#250);
#250 = AXIS2_PLACEMENT_3D('',#251,#252,#253);
#251 = CARTESIAN_POINT('',(2.E+03,0.,2.5E+03));
#252 = DIRECTION('',(0.,0.,-1.));
#253 = DIRECTION('',(-1.,0.,0.));
#254 = ADVANCED_FACE('',(#255,#258),#269,.F.);
#255 = FACE_BOUND('',#256,.F.);
#256 = EDGE_LOOP('',(#257));
#257 = ORIENTED_EDGE('',*,*,#222,.T.);
#258 = FACE_BOUND('',#259,.F.);
#259 = EDGE_LOOP('',(#260));
#260 = ORIENTED_EDGE('',*,*,#261,.F.);
#261 = EDGE_CURVE('',#262,#262,#264,.T.);
#262 = VERTEX_POINT('',#263);
#263 = CARTESIAN_POINT('',(1.9459E+03,-1.325067836677E-14,3.E+03));
#264 = CIRCLE('',#265,54.1);
#265 = AXIS2_PLACEMENT_3D('',#266,#267,#268);
#266 = CARTESIAN_POINT('',(2.E+03,0.,3.E+03));
#267 = DIRECTION('',(0.,0.,-1.));
#268 = DIRECTION('',(-1.,0.,0.));
#269 = PLANE('',#270);
#270 = AXIS2_PLACEMENT_3D('',#271,#272,#273);
#271 = CARTESIAN_POINT('',(2.E+03,0.,3.E+03));
#272 = DIRECTION('',(0.,0.,-1.));
#273 = DIRECTION('',(-1.,0.,0.));
#274 = ADVANCED_FACE('',(#275),#286,.F.);
#275 = FACE_BOUND('',#276,.F.);
#276 = EDGE_LOOP('',(#277,#278,#284,#285));
#277 = ORIENTED_EDGE('',*,*,#241,.F.);
#278 = ORIENTED_EDGE('',*,*,#279,.F.);
#279 = EDGE_CURVE('',#262,#242,#280,.T.);
#280 = LINE('',#281,#282);
#281 = CARTESIAN_POINT('',(1.9459E+03,-1.325067836677E-14,3.E+03));
#282 = VECTOR('',#283,1.);
#283 = DIRECTION('',(0.,0.,-1.));
#284 = ORIENTED_EDGE('',*,*,#261,.T.);
#285 = ORIENTED_EDGE('',*,*,#279,.T.);
#286 = CYLINDRICAL_SURFACE('',#287,54.1);
#287 = AXIS2_PLACEMENT_3D('',#288,#289,#290);
#288 = CARTESIAN_POINT('',(2.E+03,0.,3.E+03));
#289 = DIRECTION('',(0.,0.,-1.));
#290 = DIRECTION('',(-1.,0.,0.));
#291 = MANIFOLD_SOLID_BREP('',#292);
#292 = CLOSED_SHELL('',(#293,#327,#347,#367));
#293 = ADVANCED_FACE('',(#294),#322,.T.);
#294 = FACE_BOUND('',#295,.T.);
#295 = EDGE_LOOP('',(#296,#307,#314,#315));
#296 = ORIENTED_EDGE('',*,*,#297,.T.);
#297 = EDGE_CURVE('',#298,#300,#302,.T.);
#298 = VERTEX_POINT('',#299);
#299 = CARTESIAN_POINT('',(2.05715E+03,0.,2.5E+03));
#300 = VERTEX_POINT('',#301);
#301 = CARTESIAN_POINT('',(2.05715E+03,171.45,2.32855E+03));
#302 = CIRCLE('',#303,171.45);
#303 = AXIS2_PLACEMENT_3D('',#304,#305,#306);
#304 = CARTESIAN_POINT('',(2.05715E+03,171.45,2.5E+03));
#305 = DIRECTION('',(1.,0.,0.));
#306 = DIRECTION('',(0.,-1.,-2.652361335004E-15));
#307 = ORIENTED_EDGE('',*,*,#308,.T.);
#308 = EDGE_CURVE('',#300,#300,#309,.T.);
#309 = CIRCLE('',#310,57.15);
#310 = AXIS2_PLACEMENT_3D('',#311,#312,#313);
#311 = CARTESIAN_POINT('',(2.E+03,171.45,2.32855E+03));
#312 = DIRECTION('',(0.,-1.,1.627718498529E-15));
#313 = DIRECTION('',(0.,-1.627718498529E-15,-1.));
#314 = ORIENTED_EDGE('',*,*,#297,.F.);
#315 = ORIENTED_EDGE('',*,*,#316,.F.);
#316 = EDGE_CURVE('',#298,#298,#317,.T.);
#317 = CIRCLE('',#318,57.15);
#318 = AXIS2_PLACEMENT_3D('',#319,#320,#321);
#319 = CARTESIAN_POINT('',(2.E+03,0.,2.5E+03));
#320 = DIRECTION('',(0.,-2.652361335004E-15,1.));
#321 = DIRECTION('',(0.,-1.,-2.652361335004E-15));
#322 = TOROIDAL_SURFACE('',#323,171.45,57.15);
#323 = AXIS2_PLACEMENT_3D('',#324,#325,#326);
#324 = CARTESIAN_POINT('',(2.E+03,171.45,2.5E+03));
#325 = DIRECTION('',(1.,0.,0.));
#326 = DIRECTION('',(0.,-1.,-2.652361335004E-15));
#327 = ADVANCED_FACE('',(#328,#331),#342,.F.);
#328 = FACE_BOUND('',#329,.F.);
#329 = EDGE_LOOP('',(#330));
#330 = ORIENTED_EDGE('',*,*,#316,.F.);
#331 = FACE_BOUND('',#332,.F.);
#332 = EDGE_LOOP('',(#333));
#333 = ORIENTED_EDGE('',*,*,#334,.T.);
#334 = EDGE_CURVE('',#335,#335,#337,.T.);
#335 = VERTEX_POINT('',#336);
#336 = CARTESIAN_POINT('',(2.0541E+03,0.,2.5E+03));
#337 = CIRCLE('',#338,54.1);
#338 = AXIS2_PLACEMENT_3D('',#339,#340,#341);
#339 = CARTESIAN_POINT('',(2.E+03,0.,2.5E+03));
#340 = DIRECTION('',(0.,-2.652361335004E-15,1.));
#341 = DIRECTION('',(0.,-1.,-2.652361335004E-15));
#342 = PLANE('',#343);
#343 = AXIS2_PLACEMENT_3D('',#344,#345,#346);
#344 = CARTESIAN_POINT('',(2.E+03,7.021507778406E-15,2.5E+03));
#345 = DIRECTION('',(-0.,-0.,-1.));
#346 = DIRECTION('',(-1.,0.,0.));
#347 = ADVANCED_FACE('',(#348,#351),#362,.T.);
#348 = FACE_BOUND('',#349,.T.);
#349 = EDGE_LOOP('',(#350));
#350 = ORIENTED_EDGE('',*,*,#308,.F.);
#351 = FACE_BOUND('',#352,.T.);
#352 = EDGE_LOOP('',(#353));
#353 = ORIENTED_EDGE('',*,*,#354,.T.);
#354 = EDGE_CURVE('',#355,#355,#357,.T.);
#355 = VERTEX_POINT('',#356);
#356 = CARTESIAN_POINT('',(2.0541E+03,171.45,2.32855E+03));
#357 = CIRCLE('',#358,54.1);
#358 = AXIS2_PLACEMENT_3D('',#359,#360,#361);
#359 = CARTESIAN_POINT('',(2.E+03,171.45,2.32855E+03));
#360 = DIRECTION('',(0.,-1.,1.627718498529E-15));
#361 = DIRECTION('',(0.,-1.627718498529E-15,-1.));
#362 = PLANE('',#363);
#363 = AXIS2_PLACEMENT_3D('',#364,#365,#366);
#364 = CARTESIAN_POINT('',(2.E+03,171.45,2.32855E+03));
#365 = DIRECTION('',(0.,1.,-1.722759222097E-15));
#366 = DIRECTION('',(0.,1.722759222097E-15,1.));
#367 = ADVANCED_FACE('',(#368),#380,.F.);
#368 = FACE_BOUND('',#369,.F.);
#369 = EDGE_LOOP('',(#370,#377,#378,#379));
#370 = ORIENTED_EDGE('',*,*,#371,.T.);
#371 = EDGE_CURVE('',#335,#355,#372,.T.);
#372 = CIRCLE('',#373,171.45);
#373 = AXIS2_PLACEMENT_3D('',#374,#375,#376);
#374 = CARTESIAN_POINT('',(2.0541E+03,171.45,2.5E+03));
#375 = DIRECTION('',(1.,0.,0.));
#376 = DIRECTION('',(0.,-1.,-2.652361335004E-15));
#377 = ORIENTED_EDGE('',*,*,#354,.T.);
#378 = ORIENTED_EDGE('',*,*,#371,.F.);
#379 = ORIENTED_EDGE('',*,*,#334,.F.);
#380 = TOROIDAL_SURFACE('',#381,171.45,54.1);
#381 = AXIS2_PLACEMENT_3D('',#382,#383,#384);
#382 = CARTESIAN_POINT('',(2.E+03,171.45,2.5E+03));
#383 = DIRECTION('',(1.,0.,0.));
#384 = DIRECTION('',(0.,-1.,-2.652361335004E-15));
#385 = MANIFOLD_SOLID_BREP('',#386);
#386 = CLOSED_SHELL('',(#387,#420,#440,#460));
#387 = ADVANCED_FACE('',(#388),#415,.T.);
#388 = FACE_BOUND('',#389,.T.);
#389 = EDGE_LOOP('',(#390,#399,#407,#414));
#390 = ORIENTED_EDGE('',*,*,#391,.F.);
#391 = EDGE_CURVE('',#392,#392,#394,.T.);
#392 = VERTEX_POINT('',#393);
#393 = CARTESIAN_POINT('',(2.E+03,971.45,2.3857E+03));
#394 = CIRCLE('',#395,57.15);
#395 = AXIS2_PLACEMENT_3D('',#396,#397,#398);
#396 = CARTESIAN_POINT('',(2.E+03,971.45,2.32855E+03));
#397 = DIRECTION('',(0.,1.,0.));
#398 = DIRECTION('',(0.,0.,1.));
#399 = ORIENTED_EDGE('',*,*,#400,.F.);
#400 = EDGE_CURVE('',#401,#392,#403,.T.);
#401 = VERTEX_POINT('',#402);
#402 = CARTESIAN_POINT('',(2.E+03,171.45,2.3857E+03));
#403 = LINE('',#404,#405);
#404 = CARTESIAN_POINT('',(2.E+03,171.45,2.3857E+03));
#405 = VECTOR('',#406,1.);
#406 = DIRECTION('',(0.,1.,0.));
#407 = ORIENTED_EDGE('',*,*,#408,.T.);
#408 = EDGE_CURVE('',#401,#401,#409,.T.);
#409 = CIRCLE('',#410,57.15);
#410 = AXIS2_PLACEMENT_3D('',#411,#412,#413);
#411 = CARTESIAN_POINT('',(2.E+03,171.45,2.32855E+03));
#412 = DIRECTION('',(0.,1.,0.));
#413 = DIRECTION('',(0.,0.,1.));
#414 = ORIENTED_EDGE('',*,*,#400,.T.);
#415 = CYLINDRICAL_SURFACE('',#416,57.15);
#416 = AXIS2_PLACEMENT_3D('',#417,#418,#419);
#417 = CARTESIAN_POINT('',(2.E+03,171.45,2.32855E+03));
#418 = DIRECTION('',(0.,1.,0.));
#419 = DIRECTION('',(0.,0.,1.));
#420 = ADVANCED_FACE('',(#421,#424),#435,.T.);
#421 = FACE_BOUND('',#422,.T.);
#422 = EDGE_LOOP('',(#423));
#423 = ORIENTED_EDGE('',*,*,#391,.T.);
#424 = FACE_BOUND('',#425,.T.);
#425 = EDGE_LOOP('',(#426));
#426 = ORIENTED_EDGE('',*,*,#427,.F.);
#427 = EDGE_CURVE('',#428,#428,#430,.T.);
#428 = VERTEX_POINT('',#429);
#429 = CARTESIAN_POINT('',(2.E+03,971.45,2.38265E+03));
#430 = CIRCLE('',#431,54.1);
#431 = AXIS2_PLACEMENT_3D('',#432,#433,#434);
#432 = CARTESIAN_POINT('',(2.E+03,971.45,2.32855E+03));
#433 = DIRECTION('',(0.,1.,0.));
#434 = DIRECTION('',(0.,0.,1.));
#435 = PLANE('',#436);
#436 = AXIS2_PLACEMENT_3D('',#437,#438,#439);
#437 = CARTESIAN_POINT('',(2.E+03,971.45,2.32855E+03));
#438 = DIRECTION('',(0.,1.,0.));
#439 = DIRECTION('',(0.,0.,1.));
#440 = ADVANCED_FACE('',(#441,#444),#455,.F.);
#441 = FACE_BOUND('',#442,.F.);
#442 = EDGE_LOOP('',(#443));
#443 = ORIENTED_EDGE('',*,*,#408,.T.);
#444 = FACE_BOUND('',#445,.F.);
#445 = EDGE_LOOP('',(#446));
#446 = ORIENTED_EDGE('',*,*,#447,.F.);
#447 = EDGE_CURVE('',#448,#448,#450,.T.);
#448 = VERTEX_POINT('',#449);
#449 = CARTESIAN_POINT('',(2.E+03,171.45,2.38265E+03));
#450 = CIRCLE('',#451,54.1);
#451 = AXIS2_PLACEMENT_3D('',#452,#453,#454);
#452 = CARTESIAN_POINT('',(2.E+03,171.45,2.32855E+03));
#453 = DIRECTION('',(0.,1.,0.));
#454 = DIRECTION('',(0.,0.,1.));
#455 = PLANE('',#456);
#456 = AXIS2_PLACEMENT_3D('',#457,#458,#459);
#457 = CARTESIAN_POINT('',(2.E+03,171.45,2.32855E+03));
#458 = DIRECTION('',(0.,1.,0.));
#459 = DIRECTION('',(0.,0.,1.));
#460 = ADVANCED_FACE('',(#461),#472,.F.);
#461 = FACE_BOUND('',#462,.F.);
#462 = EDGE_LOOP('',(#463,#464,#470,#471));
#463 = ORIENTED_EDGE('',*,*,#427,.F.);
#464 = ORIENTED_EDGE('',*,*,#465,.F.);
#465 = EDGE_CURVE('',#448,#428,#466,.T.);
#466 = LINE('',#467,#468);
#467 = CARTESIAN_POINT('',(2.E+03,171.45,2.38265E+03));
#468 = VECTOR('',#469,1.);
#469 = DIRECTION('',(0.,1.,0.));
#470 = ORIENTED_EDGE('',*,*,#447,.T.);
#471 = ORIENTED_EDGE('',*,*,#465,.T.);
#472 = CYLINDRICAL_SURFACE('',#473,54.1);
#473 = AXIS2_PLACEMENT_3D('',#474,#475,#476);
#474 = CARTESIAN_POINT('',(2.E+03,171.45,2.32855E+03));
#475 = DIRECTION('',(0.,1.,0.));
#476 = DIRECTION('',(0.,0.,1.));
#477 = MANIFOLD_SOLID_BREP('',#478);
#478 = CLOSED_SHELL('',(#479,#513,#533,#553));
#479 = ADVANCED_FACE('',(#480),#508,.T.);
#480 = FACE_BOUND('',#481,.T.);
#481 = EDGE_LOOP('',(#482,#493,#500,#501));
#482 = ORIENTED_EDGE('',*,*,#483,.T.);
#483 = EDGE_CURVE('',#484,#486,#488,.T.);
#484 = VERTEX_POINT('',#485);
#485 = CARTESIAN_POINT('',(2.05715E+03,971.45,2.32855E+03));
#486 = VERTEX_POINT('',#487);
#487 = CARTESIAN_POINT('',(2.05715E+03,1.1429E+03,2.1571E+03));
#488 = CIRCLE('',#489,171.45);
#489 = AXIS2_PLACEMENT_3D('',#490,#491,#492);
#490 = CARTESIAN_POINT('',(2.05715E+03,971.44999999999,2.1571E+03));
#491 = DIRECTION('',(-1.,0.,0.));
#492 = DIRECTION('',(0.,3.315451668755E-15,1.));
#493 = ORIENTED_EDGE('',*,*,#494,.T.);
#494 = EDGE_CURVE('',#486,#486,#495,.T.);
#495 = CIRCLE('',#496,57.15);
#496 = AXIS2_PLACEMENT_3D('',#497,#498,#499);
#497 = CARTESIAN_POINT('',(2.E+03,1.1429E+03,2.1571E+03));
#498 = DIRECTION('',(0.,-5.405520263278E-15,1.));
#499 = DIRECTION('',(0.,1.,5.405520263278E-15));
#500 = ORIENTED_EDGE('',*,*,#483,.F.);
#501 = ORIENTED_EDGE('',*,*,#502,.F.);
#502 = EDGE_CURVE('',#484,#484,#503,.T.);
#503 = CIRCLE('',#504,57.15);
#504 = AXIS2_PLACEMENT_3D('',#505,#506,#507);
#505 = CARTESIAN_POINT('',(2.E+03,971.45,2.32855E+03));
#506 = DIRECTION('',(0.,-1.,3.315451668755E-15));
#507 = DIRECTION('',(0.,3.315451668755E-15,1.));
#508 = TOROIDAL_SURFACE('',#509,171.45,57.15);
#509 = AXIS2_PLACEMENT_3D('',#510,#511,#512);
#510 = CARTESIAN_POINT('',(2.E+03,971.44999999999,2.1571E+03));
#511 = DIRECTION('',(-1.,0.,0.));
#512 = DIRECTION('',(0.,3.315451668755E-15,1.));
#513 = ADVANCED_FACE('',(#514,#517),#528,.F.);
#514 = FACE_BOUND('',#515,.F.);
#515 = EDGE_LOOP('',(#516));
#516 = ORIENTED_EDGE('',*,*,#502,.F.);
#517 = FACE_BOUND('',#518,.F.);
#518 = EDGE_LOOP('',(#519));
#519 = ORIENTED_EDGE('',*,*,#520,.T.);
#520 = EDGE_CURVE('',#521,#521,#523,.T.);
#521 = VERTEX_POINT('',#522);
#522 = CARTESIAN_POINT('',(2.0541E+03,971.45,2.32855E+03));
#523 = CIRCLE('',#524,54.1);
#524 = AXIS2_PLACEMENT_3D('',#525,#526,#527);
#525 = CARTESIAN_POINT('',(2.E+03,971.45,2.32855E+03));
#526 = DIRECTION('',(0.,-1.,3.315451668755E-15));
#527 = DIRECTION('',(0.,3.315451668755E-15,1.));
#528 = PLANE('',#529);
#529 = AXIS2_PLACEMENT_3D('',#530,#531,#532);
#530 = CARTESIAN_POINT('',(2.E+03,971.45,2.32855E+03));
#531 = DIRECTION('',(0.,1.,-2.297012296129E-15));
#532 = DIRECTION('',(0.,2.297012296129E-15,1.));
#533 = ADVANCED_FACE('',(#534,#537),#548,.T.);
#534 = FACE_BOUND('',#535,.T.);
#535 = EDGE_LOOP('',(#536));
#536 = ORIENTED_EDGE('',*,*,#494,.F.);
#537 = FACE_BOUND('',#538,.T.);
#538 = EDGE_LOOP('',(#539));
#539 = ORIENTED_EDGE('',*,*,#540,.T.);
#540 = EDGE_CURVE('',#541,#541,#543,.T.);
#541 = VERTEX_POINT('',#542);
#542 = CARTESIAN_POINT('',(2.0541E+03,1.1429E+03,2.1571E+03));
#543 = CIRCLE('',#544,54.1);
#544 = AXIS2_PLACEMENT_3D('',#545,#546,#547);
#545 = CARTESIAN_POINT('',(2.E+03,1.1429E+03,2.1571E+03));
#546 = DIRECTION('',(0.,-5.405520263278E-15,1.));
#547 = DIRECTION('',(0.,1.,5.405520263278E-15));
#548 = PLANE('',#549);
#549 = AXIS2_PLACEMENT_3D('',#550,#551,#552);
#550 = CARTESIAN_POINT('',(2.E+03,1.1429E+03,2.1571E+03));
#551 = DIRECTION('',(0.,9.188049184517E-15,-1.));
#552 = DIRECTION('',(0.,-1.,-9.188049184517E-15));
#553 = ADVANCED_FACE('',(#554),#566,.F.);
#554 = FACE_BOUND('',#555,.F.);
#555 = EDGE_LOOP('',(#556,#563,#564,#565));
#556 = ORIENTED_EDGE('',*,*,#557,.T.);
#557 = EDGE_CURVE('',#521,#541,#558,.T.);
#558 = CIRCLE('',#559,171.45);
#559 = AXIS2_PLACEMENT_3D('',#560,#561,#562);
#560 = CARTESIAN_POINT('',(2.0541E+03,971.44999999999,2.1571E+03));
#561 = DIRECTION('',(-1.,0.,0.));
#562 = DIRECTION('',(0.,3.315451668755E-15,1.));
#563 = ORIENTED_EDGE('',*,*,#540,.T.);
#564 = ORIENTED_EDGE('',*,*,#557,.F.);
#565 = ORIENTED_EDGE('',*,*,#520,.F.);
#566 = TOROIDAL_SURFACE('',#567,171.45,54.1);
#567 = AXIS2_PLACEMENT_3D('',#568,#569,#570);
#568 = CARTESIAN_POINT('',(2.E+03,971.44999999999,2.1571E+03));
#569 = DIRECTION('',(-1.,0.,0.));
#570 = DIRECTION('',(0.,3.315451668755E-15,1.));
#571 = MANIFOLD_SOLID_BREP('',#572);
#572 = CLOSED_SHELL('',(#573,#606,#626,#646));
#573 = ADVANCED_FACE('',(#574),#601,.T.);
#574 = FACE_BOUND('',#575,.T.);
#575 = EDGE_LOOP('',(#576,#585,#593,#600));
#576 = ORIENTED_EDGE('',*,*,#577,.F.);
#577 = EDGE_CURVE('',#578,#578,#580,.T.);
#578 = VERTEX_POINT('',#579);
#579 = CARTESIAN_POINT('',(1.94285E+03,1.1429E+03,657.1));
#580 = CIRCLE('',#581,57.15);
#581 = AXIS2_PLACEMENT_3D('',#582,#583,#584);
#582 = CARTESIAN_POINT('',(2.E+03,1.1429E+03,657.1));
#583 = DIRECTION('',(0.,0.,-1.));
#584 = DIRECTION('',(-1.,0.,0.));
#585 = ORIENTED_EDGE('',*,*,#586,.F.);
#586 = EDGE_CURVE('',#587,#578,#589,.T.);
#587 = VERTEX_POINT('',#588);
#588 = CARTESIAN_POINT('',(1.94285E+03,1.1429E+03,2.1571E+03));
#589 = LINE('',#590,#591);
#590 = CARTESIAN_POINT('',(1.94285E+03,1.1429E+03,2.1571E+03));
#591 = VECTOR('',#592,1.);
#592 = DIRECTION('',(0.,0.,-1.));
#593 = ORIENTED_EDGE('',*,*,#594,.T.);
#594 = EDGE_CURVE('',#587,#587,#595,.T.);
#595 = CIRCLE('',#596,57.15);
#596 = AXIS2_PLACEMENT_3D('',#597,#598,#599);
#597 = CARTESIAN_POINT('',(2.E+03,1.1429E+03,2.1571E+03));
#598 = DIRECTION('',(0.,0.,-1.));
#599 = DIRECTION('',(-1.,0.,0.));
#600 = ORIENTED_EDGE('',*,*,#586,.T.);
#601 = CYLINDRICAL_SURFACE('',#602,57.15);
#602 = AXIS2_PLACEMENT_3D('',#603,#604,#605);
#603 = CARTESIAN_POINT('',(2.E+03,1.1429E+03,2.1571E+03));
#604 = DIRECTION('',(0.,0.,-1.));
#605 = DIRECTION('',(-1.,0.,0.));
#606 = ADVANCED_FACE('',(#607,#610),#621,.T.);
#607 = FACE_BOUND('',#608,.T.);
#608 = EDGE_LOOP('',(#609));
#609 = ORIENTED_EDGE('',*,*,#577,.T.);
#610 = FACE_BOUND('',#611,.T.);
#611 = EDGE_LOOP('',(#612));
#612 = ORIENTED_EDGE('',*,*,#613,.F.);
#613 = EDGE_CURVE('',#614,#614,#616,.T.);
#614 = VERTEX_POINT('',#615);
#615 = CARTESIAN_POINT('',(1.9459E+03,1.1429E+03,657.1));
#616 = CIRCLE('',#617,54.1);
#617 = AXIS2_PLACEMENT_3D('',#618,#619,#620);
#618 = CARTESIAN_POINT('',(2.E+03,1.1429E+03,657.1));
#619 = DIRECTION('',(0.,0.,-1.));
#620 = DIRECTION('',(-1.,0.,0.));
#621 = PLANE('',#622);
#622 = AXIS2_PLACEMENT_3D('',#623,#624,#625);
#623 = CARTESIAN_POINT('',(2.E+03,1.1429E+03,657.1));
#624 = DIRECTION('',(0.,0.,-1.));
#625 = DIRECTION('',(-1.,0.,0.));
#626 = ADVANCED_FACE('',(#627,#630),#641,.F.);
#627 = FACE_BOUND('',#628,.F.);
#628 = EDGE_LOOP('',(#629));
#629 = ORIENTED_EDGE('',*,*,#594,.T.);
#630 = FACE_BOUND('',#631,.F.);
#631 = EDGE_LOOP('',(#632));
#632 = ORIENTED_EDGE('',*,*,#633,.F.);
#633 = EDGE_CURVE('',#634,#634,#636,.T.);
#634 = VERTEX_POINT('',#635);
#635 = CARTESIAN_POINT('',(1.9459E+03,1.1429E+03,2.1571E+03));
#636 = CIRCLE('',#637,54.1);
#637 = AXIS2_PLACEMENT_3D('',#638,#639,#640);
#638 = CARTESIAN_POINT('',(2.E+03,1.1429E+03,2.1571E+03));
#639 = DIRECTION('',(0.,0.,-1.));
#640 = DIRECTION('',(-1.,0.,0.));
#641 = PLANE('',#642);
#642 = AXIS2_PLACEMENT_3D('',#643,#644,#645);
#643 = CARTESIAN_POINT('',(2.E+03,1.1429E+03,2.1571E+03));
#644 = DIRECTION('',(0.,0.,-1.));
#645 = DIRECTION('',(-1.,0.,0.));
#646 = ADVANCED_FACE('',(#647),#658,.F.);
#647 = FACE_BOUND('',#648,.F.);
#648 = EDGE_LOOP('',(#649,#650,#656,#657));
#649 = ORIENTED_EDGE('',*,*,#613,.F.);
#650 = ORIENTED_EDGE('',*,*,#651,.F.);
#651 = EDGE_CURVE('',#634,#614,#652,.T.);
#652 = LINE('',#653,#654);
#653 = CARTESIAN_POINT('',(1.9459E+03,1.1429E+03,2.1571E+03));
#654 = VECTOR('',#655,1.);
#655 = DIRECTION('',(0.,0.,-1.));
#656 = ORIENTED_EDGE('',*,*,#633,.T.);
#657 = ORIENTED_EDGE('',*,*,#651,.T.);
#658 = CYLINDRICAL_SURFACE('',#659,54.1);
#659 = AXIS2_PLACEMENT_3D('',#660,#661,#662);
#660 = CARTESIAN_POINT('',(2.E+03,1.1429E+03,2.1571E+03));
#661 = DIRECTION('',(0.,0.,-1.));
#662 = DIRECTION('',(-1.,0.,0.));
#663 = MANIFOLD_SOLID_BREP('',#664);
#664 = CLOSED_SHELL('',(#665,#698,#718,#738));
#665 = ADVANCED_FACE('',(#666),#693,.T.);
#666 = FACE_BOUND('',#667,.T.);
#667 = EDGE_LOOP('',(#668,#677,#685,#692));
#668 = ORIENTED_EDGE('',*,*,#669,.F.);
#669 = EDGE_CURVE('',#670,#670,#672,.T.);
#670 = VERTEX_POINT('',#671);
#671 = CARTESIAN_POINT('',(2.05715E+03,1.E+03,1.5E+03));
#672 = CIRCLE('',#673,57.15);
#673 = AXIS2_PLACEMENT_3D('',#674,#675,#676);
#674 = CARTESIAN_POINT('',(2.E+03,1.E+03,1.5E+03));
#675 = DIRECTION('',(0.,0.,1.));
#676 = DIRECTION('',(1.,0.,0.));
#677 = ORIENTED_EDGE('',*,*,#678,.F.);
#678 = EDGE_CURVE('',#679,#670,#681,.T.);
#679 = VERTEX_POINT('',#680);
#680 = CARTESIAN_POINT('',(2.05715E+03,1.E+03,0.));
#681 = LINE('',#682,#683);
#682 = CARTESIAN_POINT('',(2.05715E+03,1.E+03,0.));
#683 = VECTOR('',#684,1.);
#684 = DIRECTION('',(0.,0.,1.));
#685 = ORIENTED_EDGE('',*,*,#686,.T.);
#686 = EDGE_CURVE('',#679,#679,#687,.T.);
#687 = CIRCLE('',#688,57.15);
#688 = AXIS2_PLACEMENT_3D('',#689,#690,#691);
#689 = CARTESIAN_POINT('',(2.E+03,1.E+03,0.));
#690 = DIRECTION('',(0.,0.,1.));
#691 = DIRECTION('',(1.,0.,0.));
#692 = ORIENTED_EDGE('',*,*,#678,.T.);
#693 = CYLINDRICAL_SURFACE('',#694,57.15);
#694 = AXIS2_PLACEMENT_3D('',#695,#696,#697);
#695 = CARTESIAN_POINT('',(2.E+03,1.E+03,0.));
#696 = DIRECTION('',(0.,0.,1.));
#697 = DIRECTION('',(1.,0.,0.));
#698 = ADVANCED_FACE('',(#699,#702),#713,.T.);
#699 = FACE_BOUND('',#700,.T.);
#700 = EDGE_LOOP('',(#701));
#701 = ORIENTED_EDGE('',*,*,#669,.T.);
#702 = FACE_BOUND('',#703,.T.);
#703 = EDGE_LOOP('',(#704));
#704 = ORIENTED_EDGE('',*,*,#705,.F.);
#705 = EDGE_CURVE('',#706,#706,#708,.T.);
#706 = VERTEX_POINT('',#707);
#707 = CARTESIAN_POINT('',(2.0541E+03,1.E+03,1.5E+03));
#708 = CIRCLE('',#709,54.1);
#709 = AXIS2_PLACEMENT_3D('',#710,#711,#712);
#710 = CARTESIAN_POINT('',(2.E+03,1.E+03,1.5E+03));
#711 = DIRECTION('',(0.,0.,1.));
#712 = DIRECTION('',(1.,0.,0.));
#713 = PLANE('',#714);
#714 = AXIS2_PLACEMENT_3D('',#715,#716,#717);
#715 = CARTESIAN_POINT('',(2.E+03,1.E+03,1.5E+03));
#716 = DIRECTION('',(0.,0.,1.));
#717 = DIRECTION('',(1.,0.,0.));
#718 = ADVANCED_FACE('',(#719,#722),#733,.F.);
#719 = FACE_BOUND('',#720,.F.);
#720 = EDGE_LOOP('',(#721));
#721 = ORIENTED_EDGE('',*,*,#686,.T.);
#722 = FACE_BOUND('',#723,.F.);
#723 = EDGE_LOOP('',(#724));
#724 = ORIENTED_EDGE('',*,*,#725,.F.);
#725 = EDGE_CURVE('',#726,#726,#728,.T.);
#726 = VERTEX_POINT('',#727);
#727 = CARTESIAN_POINT('',(2.0541E+03,1.E+03,0.));
#728 = CIRCLE('',#729,54.1);
#729 = AXIS2_PLACEMENT_3D('',#730,#731,#732);
#730 = CARTESIAN_POINT('',(2.E+03,1.E+03,0.));
#731 = DIRECTION('',(0.,0.,1.));
#732 = DIRECTION('',(1.,0.,0.));
#733 = PLANE('',#734);
#734 = AXIS2_PLACEMENT_3D('',#735,#736,#737);
#735 = CARTESIAN_POINT('',(2.E+03,1.E+03,0.));
#736 = DIRECTION('',(0.,0.,1.));
#737 = DIRECTION('',(1.,0.,0.));
#738 = ADVANCED_FACE('',(#739),#750,.F.);
#739 = FACE_BOUND('',#740,.F.);
#740 = EDGE_LOOP('',(#741,#742,#748,#749));
#741 = ORIENTED_EDGE('',*,*,#705,.F.);
#742 = ORIENTED_EDGE('',*,*,#743,.F.);
#743 = EDGE_CURVE('',#726,#706,#744,.T.);
#744 = LINE('',#745,#746);
#745 = CARTESIAN_POINT('',(2.0541E+03,1.E+03,0.));
#746 = VECTOR('',#747,1.);
#747 = DIRECTION('',(0.,0.,1.));
#748 = ORIENTED_EDGE('',*,*,#725,.T.);
#749 = ORIENTED_EDGE('',*,*,#743,.T.);
#750 = CYLINDRICAL_SURFACE('',#751,54.1);
#751 = AXIS2_PLACEMENT_3D('',#752,#753,#754);
#752 = CARTESIAN_POINT('',(2.E+03,1.E+03,0.));
#753 = DIRECTION('',(0.,0.,1.));
#754 = DIRECTION('',(1.,0.,0.));
#755 = MANIFOLD_SOLID_BREP('',#756);
#756 = CLOSED_SHELL('',(#757,#791,#811,#831));
#757 = ADVANCED_FACE('',(#758),#786,.T.);
#758 = FACE_BOUND('',#759,.T.);
#759 = EDGE_LOOP('',(#760,#771,#778,#779));
#760 = ORIENTED_EDGE('',*,*,#761,.T.);
#761 = EDGE_CURVE('',#762,#764,#766,.T.);
#762 = VERTEX_POINT('',#763);
#763 = CARTESIAN_POINT('',(2.05715E+03,1.E+03,1.5E+03));
#764 = VERTEX_POINT('',#765);
#765 = CARTESIAN_POINT('',(2.05715E+03,828.54999999999,1.67145E+03));
#766 = CIRCLE('',#767,171.45);
#767 = AXIS2_PLACEMENT_3D('',#768,#769,#770);
#768 = CARTESIAN_POINT('',(2.05715E+03,828.55,1.5E+03));
#769 = DIRECTION('',(1.,0.,-0.));
#770 = DIRECTION('',(0.,1.,1.326180667502E-15));
#771 = ORIENTED_EDGE('',*,*,#772,.T.);
#772 = EDGE_CURVE('',#764,#764,#773,.T.);
#773 = CIRCLE('',#774,57.15);
#774 = AXIS2_PLACEMENT_3D('',#775,#776,#777);
#775 = CARTESIAN_POINT('',(2.E+03,828.55,1.67145E+03));
#776 = DIRECTION('',(0.,1.,-1.399586931556E-15));
#777 = DIRECTION('',(0.,1.399586931556E-15,1.));
#778 = ORIENTED_EDGE('',*,*,#761,.F.);
#779 = ORIENTED_EDGE('',*,*,#780,.F.);
#780 = EDGE_CURVE('',#762,#762,#781,.T.);
#781 = CIRCLE('',#782,57.15);
#782 = AXIS2_PLACEMENT_3D('',#783,#784,#785);
#783 = CARTESIAN_POINT('',(2.E+03,1.E+03,1.5E+03));
#784 = DIRECTION('',(0.,1.326180667502E-15,-1.));
#785 = DIRECTION('',(0.,1.,1.326180667502E-15));
#786 = TOROIDAL_SURFACE('',#787,171.45,57.15);
#787 = AXIS2_PLACEMENT_3D('',#788,#789,#790);
#788 = CARTESIAN_POINT('',(2.E+03,828.55,1.5E+03));
#789 = DIRECTION('',(1.,0.,0.));
#790 = DIRECTION('',(0.,1.,1.326180667502E-15));
#791 = ADVANCED_FACE('',(#792,#795),#806,.F.);
#792 = FACE_BOUND('',#793,.F.);
#793 = EDGE_LOOP('',(#794));
#794 = ORIENTED_EDGE('',*,*,#780,.F.);
#795 = FACE_BOUND('',#796,.F.);
#796 = EDGE_LOOP('',(#797));
#797 = ORIENTED_EDGE('',*,*,#798,.T.);
#798 = EDGE_CURVE('',#799,#799,#801,.T.);
#799 = VERTEX_POINT('',#800);
#800 = CARTESIAN_POINT('',(2.0541E+03,1.E+03,1.5E+03));
#801 = CIRCLE('',#802,54.1);
#802 = AXIS2_PLACEMENT_3D('',#803,#804,#805);
#803 = CARTESIAN_POINT('',(2.E+03,1.E+03,1.5E+03));
#804 = DIRECTION('',(0.,1.326180667502E-15,-1.));
#805 = DIRECTION('',(0.,1.,1.326180667502E-15));
#806 = PLANE('',#807);
#807 = AXIS2_PLACEMENT_3D('',#808,#809,#810);
#808 = CARTESIAN_POINT('',(2.E+03,1000.,1.5E+03));
#809 = DIRECTION('',(0.,0.,1.));
#810 = DIRECTION('',(1.,0.,0.));
#811 = ADVANCED_FACE('',(#812,#815),#826,.T.);
#812 = FACE_BOUND('',#813,.T.);
#813 = EDGE_LOOP('',(#814));
#814 = ORIENTED_EDGE('',*,*,#772,.F.);
#815 = FACE_BOUND('',#816,.T.);
#816 = EDGE_LOOP('',(#817));
#817 = ORIENTED_EDGE('',*,*,#818,.T.);
#818 = EDGE_CURVE('',#819,#819,#821,.T.);
#819 = VERTEX_POINT('',#820);
#820 = CARTESIAN_POINT('',(2.0541E+03,828.54999999999,1.67145E+03));
#821 = CIRCLE('',#822,54.1);
#822 = AXIS2_PLACEMENT_3D('',#823,#824,#825);
#823 = CARTESIAN_POINT('',(2.E+03,828.55,1.67145E+03));
#824 = DIRECTION('',(0.,1.,-1.399586931556E-15));
#825 = DIRECTION('',(0.,1.399586931556E-15,1.));
#826 = PLANE('',#827);
#827 = AXIS2_PLACEMENT_3D('',#828,#829,#830);
#828 = CARTESIAN_POINT('',(2.E+03,828.55,1.67145E+03));
#829 = DIRECTION('',(0.,-1.,2.297012296129E-15));
#830 = DIRECTION('',(0.,-2.297012296129E-15,-1.));
#831 = ADVANCED_FACE('',(#832),#844,.F.);
#832 = FACE_BOUND('',#833,.F.);
#833 = EDGE_LOOP('',(#834,#841,#842,#843));
#834 = ORIENTED_EDGE('',*,*,#835,.T.);
#835 = EDGE_CURVE('',#799,#819,#836,.T.);
#836 = CIRCLE('',#837,171.45);
#837 = AXIS2_PLACEMENT_3D('',#838,#839,#840);
#838 = CARTESIAN_POINT('',(2.0541E+03,828.55,1.5E+03));
#839 = DIRECTION('',(1.,0.,-0.));
#840 = DIRECTION('',(0.,1.,1.326180667502E-15));
#841 = ORIENTED_EDGE('',*,*,#818,.T.);
#842 = ORIENTED_EDGE('',*,*,#835,.F.);
#843 = ORIENTED_EDGE('',*,*,#798,.F.);
#844 = TOROIDAL_SURFACE('',#845,171.45,54.1);
#845 = AXIS2_PLACEMENT_3D('',#846,#847,#848);
#846 = CARTESIAN_POINT('',(2.E+03,828.55,1.5E+03));
#847 = DIRECTION('',(1.,0.,0.));
#848 = DIRECTION('',(0.,1.,1.326180667502E-15));
#849 = MANIFOLD_SOLID_BREP('',#850);
#850 = CLOSED_SHELL('',(#851,#884,#904,#924));
#851 = ADVANCED_FACE('',(#852),#879,.T.);
#852 = FACE_BOUND('',#853,.T.);
#853 = EDGE_LOOP('',(#854,#863,#871,#878));
#854 = ORIENTED_EDGE('',*,*,#855,.F.);
#855 = EDGE_CURVE('',#856,#856,#858,.T.);
#856 = VERTEX_POINT('',#857);
#857 = CARTESIAN_POINT('',(2.E+03,28.55,1.6143E+03));
#858 = CIRCLE('',#859,57.15);
#859 = AXIS2_PLACEMENT_3D('',#860,#861,#862);
#860 = CARTESIAN_POINT('',(2.E+03,28.55,1.67145E+03));
#861 = DIRECTION('',(0.,-1.,0.));
#862 = DIRECTION('',(0.,0.,-1.));
#863 = ORIENTED_EDGE('',*,*,#864,.F.);
#864 = EDGE_CURVE('',#865,#856,#867,.T.);
#865 = VERTEX_POINT('',#866);
#866 = CARTESIAN_POINT('',(2.E+03,828.55,1.6143E+03));
#867 = LINE('',#868,#869);
#868 = CARTESIAN_POINT('',(2.E+03,828.55,1.6143E+03));
#869 = VECTOR('',#870,1.);
#870 = DIRECTION('',(0.,-1.,0.));
#871 = ORIENTED_EDGE('',*,*,#872,.T.);
#872 = EDGE_CURVE('',#865,#865,#873,.T.);
#873 = CIRCLE('',#874,57.15);
#874 = AXIS2_PLACEMENT_3D('',#875,#876,#877);
#875 = CARTESIAN_POINT('',(2.E+03,828.55,1.67145E+03));
#876 = DIRECTION('',(0.,-1.,0.));
#877 = DIRECTION('',(0.,0.,-1.));
#878 = ORIENTED_EDGE('',*,*,#864,.T.);
#879 = CYLINDRICAL_SURFACE('',#880,57.15);
#880 = AXIS2_PLACEMENT_3D('',#881,#882,#883);
#881 = CARTESIAN_POINT('',(2.E+03,828.55,1.67145E+03));
#882 = DIRECTION('',(0.,-1.,0.));
#883 = DIRECTION('',(0.,0.,-1.));
#884 = ADVANCED_FACE('',(#885,#888),#899,.T.);
#885 = FACE_BOUND('',#886,.T.);
#886 = EDGE_LOOP('',(#887));
#887 = ORIENTED_EDGE('',*,*,#855,.T.);
#888 = FACE_BOUND('',#889,.T.);
#889 = EDGE_LOOP('',(#890));
#890 = ORIENTED_EDGE('',*,*,#891,.F.);
#891 = EDGE_CURVE('',#892,#892,#894,.T.);
#892 = VERTEX_POINT('',#893);
#893 = CARTESIAN_POINT('',(2.E+03,28.55,1.61735E+03));
#894 = CIRCLE('',#895,54.1);
#895 = AXIS2_PLACEMENT_3D('',#896,#897,#898);
#896 = CARTESIAN_POINT('',(2.E+03,28.55,1.67145E+03));
#897 = DIRECTION('',(0.,-1.,0.));
#898 = DIRECTION('',(0.,0.,-1.));
#899 = PLANE('',#900);
#900 = AXIS2_PLACEMENT_3D('',#901,#902,#903);
#901 = CARTESIAN_POINT('',(2.E+03,28.55,1.67145E+03));
#902 = DIRECTION('',(0.,-1.,0.));
#903 = DIRECTION('',(0.,0.,-1.));
#904 = ADVANCED_FACE('',(#905,#908),#919,.F.);
#905 = FACE_BOUND('',#906,.F.);
#906 = EDGE_LOOP('',(#907));
#907 = ORIENTED_EDGE('',*,*,#872,.T.);
#908 = FACE_BOUND('',#909,.F.);
#909 = EDGE_LOOP('',(#910));
#910 = ORIENTED_EDGE('',*,*,#911,.F.);
#911 = EDGE_CURVE('',#912,#912,#914,.T.);
#912 = VERTEX_POINT('',#913);
#913 = CARTESIAN_POINT('',(2.E+03,828.55,1.61735E+03));
#914 = CIRCLE('',#915,54.1);
#915 = AXIS2_PLACEMENT_3D('',#916,#917,#918);
#916 = CARTESIAN_POINT('',(2.E+03,828.55,1.67145E+03));
#917 = DIRECTION('',(0.,-1.,0.));
#918 = DIRECTION('',(0.,0.,-1.));
#919 = PLANE('',#920);
#920 = AXIS2_PLACEMENT_3D('',#921,#922,#923);
#921 = CARTESIAN_POINT('',(2.E+03,828.55,1.67145E+03));
#922 = DIRECTION('',(0.,-1.,0.));
#923 = DIRECTION('',(0.,0.,-1.));
#924 = ADVANCED_FACE('',(#925),#936,.F.);
#925 = FACE_BOUND('',#926,.F.);
#926 = EDGE_LOOP('',(#927,#928,#934,#935));
#927 = ORIENTED_EDGE('',*,*,#891,.F.);
#928 = ORIENTED_EDGE('',*,*,#929,.F.);
#929 = EDGE_CURVE('',#912,#892,#930,.T.);
#930 = LINE('',#931,#932);
#931 = CARTESIAN_POINT('',(2.E+03,828.55,1.61735E+03));
#932 = VECTOR('',#933,1.);
#933 = DIRECTION('',(0.,-1.,0.));
#934 = ORIENTED_EDGE('',*,*,#911,.T.);
#935 = ORIENTED_EDGE('',*,*,#929,.T.);
#936 = CYLINDRICAL_SURFACE('',#937,54.1);
#937 = AXIS2_PLACEMENT_3D('',#938,#939,#940);
#938 = CARTESIAN_POINT('',(2.E+03,828.55,1.67145E+03));
#939 = DIRECTION('',(0.,-1.,0.));
#940 = DIRECTION('',(0.,0.,-1.));
#941 = MANIFOLD_SOLID_BREP('',#942);
#942 = CLOSED_SHELL('',(#943,#977,#997,#1017));
#943 = ADVANCED_FACE('',(#944),#972,.T.);
#944 = FACE_BOUND('',#945,.T.);
#945 = EDGE_LOOP('',(#946,#957,#964,#965));
#946 = ORIENTED_EDGE('',*,*,#947,.T.);
#947 = EDGE_CURVE('',#948,#950,#952,.T.);
#948 = VERTEX_POINT('',#949);
#949 = CARTESIAN_POINT('',(2.05715E+03,28.55,1.67145E+03));
#950 = VERTEX_POINT('',#951);
#951 = CARTESIAN_POINT('',(2.05715E+03,-142.9,1.8429E+03));
#952 = CIRCLE('',#953,171.45);
#953 = AXIS2_PLACEMENT_3D('',#954,#955,#956);
#954 = CARTESIAN_POINT('',(2.05715E+03,28.55,1.8429E+03));
#955 = DIRECTION('',(-1.,-0.,0.));
#956 = DIRECTION('',(0.,-4.558746044538E-16,-1.));
#957 = ORIENTED_EDGE('',*,*,#958,.T.);
#958 = EDGE_CURVE('',#950,#950,#959,.T.);
#959 = CIRCLE('',#960,57.15);
#960 = AXIS2_PLACEMENT_3D('',#961,#962,#963);
#961 = CARTESIAN_POINT('',(2.E+03,-142.9,1.8429E+03));
#962 = DIRECTION('',(0.,4.944694535359E-17,-1.));
#963 = DIRECTION('',(0.,-1.,-4.944694535359E-17));
#964 = ORIENTED_EDGE('',*,*,#947,.F.);
#965 = ORIENTED_EDGE('',*,*,#966,.F.);
#966 = EDGE_CURVE('',#948,#948,#967,.T.);
#967 = CIRCLE('',#968,57.15);
#968 = AXIS2_PLACEMENT_3D('',#969,#970,#971);
#969 = CARTESIAN_POINT('',(2.E+03,28.55,1.67145E+03));
#970 = DIRECTION('',(0.,1.,-4.558746044538E-16));
#971 = DIRECTION('',(0.,-4.558746044538E-16,-1.));
#972 = TOROIDAL_SURFACE('',#973,171.45,57.15);
#973 = AXIS2_PLACEMENT_3D('',#974,#975,#976);
#974 = CARTESIAN_POINT('',(2.E+03,28.55,1.8429E+03));
#975 = DIRECTION('',(-1.,0.,0.));
#976 = DIRECTION('',(0.,-4.558746044538E-16,-1.));
#977 = ADVANCED_FACE('',(#978,#981),#992,.F.);
#978 = FACE_BOUND('',#979,.F.);
#979 = EDGE_LOOP('',(#980));
#980 = ORIENTED_EDGE('',*,*,#966,.F.);
#981 = FACE_BOUND('',#982,.F.);
#982 = EDGE_LOOP('',(#983));
#983 = ORIENTED_EDGE('',*,*,#984,.T.);
#984 = EDGE_CURVE('',#985,#985,#987,.T.);
#985 = VERTEX_POINT('',#986);
#986 = CARTESIAN_POINT('',(2.0541E+03,28.55,1.67145E+03));
#987 = CIRCLE('',#988,54.1);
#988 = AXIS2_PLACEMENT_3D('',#989,#990,#991);
#989 = CARTESIAN_POINT('',(2.E+03,28.55,1.67145E+03));
#990 = DIRECTION('',(0.,1.,-4.558746044538E-16));
#991 = DIRECTION('',(0.,-4.558746044538E-16,-1.));
#992 = PLANE('',#993);
#993 = AXIS2_PLACEMENT_3D('',#994,#995,#996);
#994 = CARTESIAN_POINT('',(2.E+03,28.55,1.67145E+03));
#995 = DIRECTION('',(0.,-1.,4.306898055242E-16));
#996 = DIRECTION('',(0.,-4.306898055242E-16,-1.));
#997 = ADVANCED_FACE('',(#998,#1001),#1012,.T.);
#998 = FACE_BOUND('',#999,.T.);
#999 = EDGE_LOOP('',(#1000));
#1000 = ORIENTED_EDGE('',*,*,#958,.F.);
#1001 = FACE_BOUND('',#1002,.T.);
#1002 = EDGE_LOOP('',(#1003));
#1003 = ORIENTED_EDGE('',*,*,#1004,.T.);
#1004 = EDGE_CURVE('',#1005,#1005,#1007,.T.);
#1005 = VERTEX_POINT('',#1006);
#1006 = CARTESIAN_POINT('',(2.0541E+03,-142.9,1.8429E+03));
#1007 = CIRCLE('',#1008,54.1);
#1008 = AXIS2_PLACEMENT_3D('',#1009,#1010,#1011);
#1009 = CARTESIAN_POINT('',(2.E+03,-142.9,1.8429E+03));
#1010 = DIRECTION('',(0.,4.944694535359E-17,-1.));
#1011 = DIRECTION('',(0.,-1.,-4.944694535359E-17));
#1012 = PLANE('',#1013);
#1013 = AXIS2_PLACEMENT_3D('',#1014,#1015,#1016);
#1014 = CARTESIAN_POINT('',(2.E+03,-142.9,1.8429E+03));
#1015 = DIRECTION('',(0.,0.,1.));
#1016 = DIRECTION('',(1.,0.,0.));
#1017 = ADVANCED_FACE('',(#1018),#1030,.F.);
#1018 = FACE_BOUND('',#1019,.F.);
#1019 = EDGE_LOOP('',(#1020,#1027,#1028,#1029));
#1020 = ORIENTED_EDGE('',*,*,#1021,.T.);
#1021 = EDGE_CURVE('',#985,#1005,#1022,.T.);
#1022 = CIRCLE('',#1023,171.45);
#1023 = AXIS2_PLACEMENT_3D('',#1024,#1025,#1026);
#1024 = CARTESIAN_POINT('',(2.0541E+03,28.55,1.8429E+03));
#1025 = DIRECTION('',(-1.,-0.,0.));
#1026 = DIRECTION('',(0.,-4.558746044538E-16,-1.));
#1027 = ORIENTED_EDGE('',*,*,#1004,.T.);
#1028 = ORIENTED_EDGE('',*,*,#1021,.F.);
#1029 = ORIENTED_EDGE('',*,*,#984,.F.);
#1030 = TOROIDAL_SURFACE('',#1031,171.45,54.1);
#1031 = AXIS2_PLACEMENT_3D('',#1032,#1033,#1034);
#1032 = CARTESIAN_POINT('',(2.E+03,28.55,1.8429E+03));
#1033 = DIRECTION('',(-1.,0.,0.));
#1034 = DIRECTION('',(0.,-4.558746044538E-16,-1.));
#1035 = MANIFOLD_SOLID_BREP('',#1036);
#1036 = CLOSED_SHELL('',(#1037,#1070,#1090,#1110));
#1037 = ADVANCED_FACE('',(#1038),#1065,.T.);
#1038 = FACE_BOUND('',#1039,.T.);
#1039 = EDGE_LOOP('',(#1040,#1049,#1057,#1064));
#1040 = ORIENTED_EDGE('',*,*,#1041,.F.);
#1041 = EDGE_CURVE('',#1042,#1042,#1044,.T.);
#1042 = VERTEX_POINT('',#1043);
#1043 = CARTESIAN_POINT('',(2.05715E+03,-142.9,2.3429E+03));
#1044 = CIRCLE('',#1045,57.15);
#1045 = AXIS2_PLACEMENT_3D('',#1046,#1047,#1048);
#1046 = CARTESIAN_POINT('',(2.E+03,-142.9,2.3429E+03));
#1047 = DIRECTION('',(0.,0.,1.));
#1048 = DIRECTION('',(1.,0.,0.));
#1049 = ORIENTED_EDGE('',*,*,#1050,.F.);
#1050 = EDGE_CURVE('',#1051,#1042,#1053,.T.);
#1051 = VERTEX_POINT('',#1052);
#1052 = CARTESIAN_POINT('',(2.05715E+03,-142.9,1.8429E+03));
#1053 = LINE('',#1054,#1055);
#1054 = CARTESIAN_POINT('',(2.05715E+03,-142.9,1.8429E+03));
#1055 = VECTOR('',#1056,1.);
#1056 = DIRECTION('',(0.,0.,1.));
#1057 = ORIENTED_EDGE('',*,*,#1058,.T.);
#1058 = EDGE_CURVE('',#1051,#1051,#1059,.T.);
#1059 = CIRCLE('',#1060,57.15);
#1060 = AXIS2_PLACEMENT_3D('',#1061,#1062,#1063);
#1061 = CARTESIAN_POINT('',(2.E+03,-142.9,1.8429E+03));
#1062 = DIRECTION('',(0.,0.,1.));
#1063 = DIRECTION('',(1.,0.,0.));
#1064 = ORIENTED_EDGE('',*,*,#1050,.T.);
#1065 = CYLINDRICAL_SURFACE('',#1066,57.15);
#1066 = AXIS2_PLACEMENT_3D('',#1067,#1068,#1069);
#1067 = CARTESIAN_POINT('',(2.E+03,-142.9,1.8429E+03));
#1068 = DIRECTION('',(0.,0.,1.));
#1069 = DIRECTION('',(1.,0.,0.));
#1070 = ADVANCED_FACE('',(#1071,#1074),#1085,.T.);
#1071 = FACE_BOUND('',#1072,.T.);
#1072 = EDGE_LOOP('',(#1073));
#1073 = ORIENTED_EDGE('',*,*,#1041,.T.);
#1074 = FACE_BOUND('',#1075,.T.);
#1075 = EDGE_LOOP('',(#1076));
#1076 = ORIENTED_EDGE('',*,*,#1077,.F.);
#1077 = EDGE_CURVE('',#1078,#1078,#1080,.T.);
#1078 = VERTEX_POINT('',#1079);
#1079 = CARTESIAN_POINT('',(2.0541E+03,-142.9,2.3429E+03));
#1080 = CIRCLE('',#1081,54.1);
#1081 = AXIS2_PLACEMENT_3D('',#1082,#1083,#1084);
#1082 = CARTESIAN_POINT('',(2.E+03,-142.9,2.3429E+03));
#1083 = DIRECTION('',(0.,0.,1.));
#1084 = DIRECTION('',(1.,0.,0.));
#1085 = PLANE('',#1086);
#1086 = AXIS2_PLACEMENT_3D('',#1087,#1088,#1089);
#1087 = CARTESIAN_POINT('',(2.E+03,-142.9,2.3429E+03));
#1088 = DIRECTION('',(0.,0.,1.));
#1089 = DIRECTION('',(1.,0.,0.));
#1090 = ADVANCED_FACE('',(#1091,#1094),#1105,.F.);
#1091 = FACE_BOUND('',#1092,.F.);
#1092 = EDGE_LOOP('',(#1093));
#1093 = ORIENTED_EDGE('',*,*,#1058,.T.);
#1094 = FACE_BOUND('',#1095,.F.);
#1095 = EDGE_LOOP('',(#1096));
#1096 = ORIENTED_EDGE('',*,*,#1097,.F.);
#1097 = EDGE_CURVE('',#1098,#1098,#1100,.T.);
#1098 = VERTEX_POINT('',#1099);
#1099 = CARTESIAN_POINT('',(2.0541E+03,-142.9,1.8429E+03));
#1100 = CIRCLE('',#1101,54.1);
#1101 = AXIS2_PLACEMENT_3D('',#1102,#1103,#1104);
#1102 = CARTESIAN_POINT('',(2.E+03,-142.9,1.8429E+03));
#1103 = DIRECTION('',(0.,0.,1.));
#1104 = DIRECTION('',(1.,0.,0.));
#1105 = PLANE('',#1106);
#1106 = AXIS2_PLACEMENT_3D('',#1107,#1108,#1109);
#1107 = CARTESIAN_POINT('',(2.E+03,-142.9,1.8429E+03));
#1108 = DIRECTION('',(0.,0.,1.));
#1109 = DIRECTION('',(1.,0.,0.));
#1110 = ADVANCED_FACE('',(#1111),#1122,.F.);
#1111 = FACE_BOUND('',#1112,.F.);
#1112 = EDGE_LOOP('',(#1113,#1114,#1120,#1121));
#1113 = ORIENTED_EDGE('',*,*,#1077,.F.);
#1114 = ORIENTED_EDGE('',*,*,#1115,.F.);
#1115 = EDGE_CURVE('',#1098,#1078,#1116,.T.);
#1116 = LINE('',#1117,#1118);
#1117 = CARTESIAN_POINT('',(2.0541E+03,-142.9,1.8429E+03));
#1118 = VECTOR('',#1119,1.);
#1119 = DIRECTION('',(0.,0.,1.));
#1120 = ORIENTED_EDGE('',*,*,#1097,.T.);
#1121 = ORIENTED_EDGE('',*,*,#1115,.T.);
#1122 = CYLINDRICAL_SURFACE('',#1123,54.1);
#1123 = AXIS2_PLACEMENT_3D('',#1124,#1125,#1126);
#1124 = CARTESIAN_POINT('',(2.E+03,-142.9,1.8429E+03));
#1125 = DIRECTION('',(0.,0.,1.));
#1126 = DIRECTION('',(1.,0.,0.));
#1127 = MANIFOLD_SOLID_BREP('',#1128);
#1128 = CLOSED_SHELL('',(#1129,#1162,#1182,#1202));
#1129 = ADVANCED_FACE('',(#1130),#1157,.T.);
#1130 = FACE_BOUND('',#1131,.T.);
#1131 = EDGE_LOOP('',(#1132,#1141,#1149,#1156));
#1132 = ORIENTED_EDGE('',*,*,#1133,.F.);
#1133 = EDGE_CURVE('',#1134,#1134,#1136,.T.);
#1134 = VERTEX_POINT('',#1135);
#1135 = CARTESIAN_POINT('',(3.94285E+03,-1.399771291425E-14,2.5E+03));
#1136 = CIRCLE('',#1137,57.15);
#1137 = AXIS2_PLACEMENT_3D('',#1138,#1139,#1140);
#1138 = CARTESIAN_POINT('',(4.E+03,0.,2.5E+03));
#1139 = DIRECTION('',(0.,0.,-1.));
#1140 = DIRECTION('',(-1.,0.,0.));
#1141 = ORIENTED_EDGE('',*,*,#1142,.F.);
#1142 = EDGE_CURVE('',#1143,#1134,#1145,.T.);
#1143 = VERTEX_POINT('',#1144);
#1144 = CARTESIAN_POINT('',(3.94285E+03,-1.399771291425E-14,3.E+03));
#1145 = LINE('',#1146,#1147);
#1146 = CARTESIAN_POINT('',(3.94285E+03,-1.399771291425E-14,3.E+03));
#1147 = VECTOR('',#1148,1.);
#1148 = DIRECTION('',(0.,0.,-1.));
#1149 = ORIENTED_EDGE('',*,*,#1150,.T.);
#1150 = EDGE_CURVE('',#1143,#1143,#1151,.T.);
#1151 = CIRCLE('',#1152,57.15);
#1152 = AXIS2_PLACEMENT_3D('',#1153,#1154,#1155);
#1153 = CARTESIAN_POINT('',(4.E+03,0.,3.E+03));
#1154 = DIRECTION('',(0.,0.,-1.));
#1155 = DIRECTION('',(-1.,0.,0.));
#1156 = ORIENTED_EDGE('',*,*,#1142,.T.);
#1157 = CYLINDRICAL_SURFACE('',#1158,57.15);
#1158 = AXIS2_PLACEMENT_3D('',#1159,#1160,#1161);
#1159 = CARTESIAN_POINT('',(4.E+03,0.,3.E+03));
#1160 = DIRECTION('',(0.,0.,-1.));
#1161 = DIRECTION('',(-1.,0.,0.));
#1162 = ADVANCED_FACE('',(#1163,#1166),#1177,.T.);
#1163 = FACE_BOUND('',#1164,.T.);
#1164 = EDGE_LOOP('',(#1165));
#1165 = ORIENTED_EDGE('',*,*,#1133,.T.);
#1166 = FACE_BOUND('',#1167,.T.);
#1167 = EDGE_LOOP('',(#1168));
#1168 = ORIENTED_EDGE('',*,*,#1169,.F.);
#1169 = EDGE_CURVE('',#1170,#1170,#1172,.T.);
#1170 = VERTEX_POINT('',#1171);
#1171 = CARTESIAN_POINT('',(3.9459E+03,-1.325067836677E-14,2.5E+03));
#1172 = CIRCLE('',#1173,54.1);
#1173 = AXIS2_PLACEMENT_3D('',#1174,#1175,#1176);
#1174 = CARTESIAN_POINT('',(4.E+03,0.,2.5E+03));
#1175 = DIRECTION('',(0.,0.,-1.));
#1176 = DIRECTION('',(-1.,0.,0.));
#1177 = PLANE('',#1178);
#1178 = AXIS2_PLACEMENT_3D('',#1179,#1180,#1181);
#1179 = CARTESIAN_POINT('',(4.E+03,0.,2.5E+03));
#1180 = DIRECTION('',(0.,0.,-1.));
#1181 = DIRECTION('',(-1.,0.,0.));
#1182 = ADVANCED_FACE('',(#1183,#1186),#1197,.F.);
#1183 = FACE_BOUND('',#1184,.F.);
#1184 = EDGE_LOOP('',(#1185));
#1185 = ORIENTED_EDGE('',*,*,#1150,.T.);
#1186 = FACE_BOUND('',#1187,.F.);
#1187 = EDGE_LOOP('',(#1188));
#1188 = ORIENTED_EDGE('',*,*,#1189,.F.);
#1189 = EDGE_CURVE('',#1190,#1190,#1192,.T.);
#1190 = VERTEX_POINT('',#1191);
#1191 = CARTESIAN_POINT('',(3.9459E+03,-1.325067836677E-14,3.E+03));
#1192 = CIRCLE('',#1193,54.1);
#1193 = AXIS2_PLACEMENT_3D('',#1194,#1195,#1196);
#1194 = CARTESIAN_POINT('',(4.E+03,0.,3.E+03));
#1195 = DIRECTION('',(0.,0.,-1.));
#1196 = DIRECTION('',(-1.,0.,0.));
#1197 = PLANE('',#1198);
#1198 = AXIS2_PLACEMENT_3D('',#1199,#1200,#1201);
#1199 = CARTESIAN_POINT('',(4.E+03,0.,3.E+03));
#1200 = DIRECTION('',(0.,0.,-1.));
#1201 = DIRECTION('',(-1.,0.,0.));
#1202 = ADVANCED_FACE('',(#1203),#1214,.F.);
#1203 = FACE_BOUND('',#1204,.F.);
#1204 = EDGE_LOOP('',(#1205,#1206,#1212,#1213));
#1205 = ORIENTED_EDGE('',*,*,#1169,.F.);
#1206 = ORIENTED_EDGE('',*,*,#1207,.F.);
#1207 = EDGE_CURVE('',#1190,#1170,#1208,.T.);
#1208 = LINE('',#1209,#1210);
#1209 = CARTESIAN_POINT('',(3.9459E+03,-1.325067836677E-14,3.E+03));
#1210 = VECTOR('',#1211,1.);
#1211 = DIRECTION('',(0.,0.,-1.));
#1212 = ORIENTED_EDGE('',*,*,#1189,.T.);
#1213 = ORIENTED_EDGE('',*,*,#1207,.T.);
#1214 = CYLINDRICAL_SURFACE('',#1215,54.1);
#1215 = AXIS2_PLACEMENT_3D('',#1216,#1217,#1218);
#1216 = CARTESIAN_POINT('',(4.E+03,0.,3.E+03));
#1217 = DIRECTION('',(0.,0.,-1.));
#1218 = DIRECTION('',(-1.,0.,0.));
#1219 = MANIFOLD_SOLID_BREP('',#1220);
#1220 = CLOSED_SHELL('',(#1221,#1255,#1275,#1295));
#1221 = ADVANCED_FACE('',(#1222),#1250,.T.);
#1222 = FACE_BOUND('',#1223,.T.);
#1223 = EDGE_LOOP('',(#1224,#1235,#1242,#1243));
#1224 = ORIENTED_EDGE('',*,*,#1225,.T.);
#1225 = EDGE_CURVE('',#1226,#1228,#1230,.T.);
#1226 = VERTEX_POINT('',#1227);
#1227 = CARTESIAN_POINT('',(4.05715E+03,0.,2.5E+03));
#1228 = VERTEX_POINT('',#1229);
#1229 = CARTESIAN_POINT('',(4.05715E+03,171.45,2.32855E+03));
#1230 = CIRCLE('',#1231,171.45);
#1231 = AXIS2_PLACEMENT_3D('',#1232,#1233,#1234);
#1232 = CARTESIAN_POINT('',(4.05715E+03,171.45,2.5E+03));
#1233 = DIRECTION('',(1.,0.,0.));
#1234 = DIRECTION('',(0.,-1.,-2.652361335004E-15));
#1235 = ORIENTED_EDGE('',*,*,#1236,.T.);
#1236 = EDGE_CURVE('',#1228,#1228,#1237,.T.);
#1237 = CIRCLE('',#1238,57.15);
#1238 = AXIS2_PLACEMENT_3D('',#1239,#1240,#1241);
#1239 = CARTESIAN_POINT('',(4.E+03,171.45,2.32855E+03));
#1240 = DIRECTION('',(0.,-1.,1.627718498529E-15));
#1241 = DIRECTION('',(0.,-1.627718498529E-15,-1.));
#1242 = ORIENTED_EDGE('',*,*,#1225,.F.);
#1243 = ORIENTED_EDGE('',*,*,#1244,.F.);
#1244 = EDGE_CURVE('',#1226,#1226,#1245,.T.);
#1245 = CIRCLE('',#1246,57.15);
#1246 = AXIS2_PLACEMENT_3D('',#1247,#1248,#1249);
#1247 = CARTESIAN_POINT('',(4.E+03,0.,2.5E+03));
#1248 = DIRECTION('',(0.,-2.652361335004E-15,1.));
#1249 = DIRECTION('',(0.,-1.,-2.652361335004E-15));
#1250 = TOROIDAL_SURFACE('',#1251,171.45,57.15);
#1251 = AXIS2_PLACEMENT_3D('',#1252,#1253,#1254);
#1252 = CARTESIAN_POINT('',(4.E+03,171.45,2.5E+03));
#1253 = DIRECTION('',(1.,0.,0.));
#1254 = DIRECTION('',(0.,-1.,-2.652361335004E-15));
#1255 = ADVANCED_FACE('',(#1256,#1259),#1270,.F.);
#1256 = FACE_BOUND('',#1257,.F.);
#1257 = EDGE_LOOP('',(#1258));
#1258 = ORIENTED_EDGE('',*,*,#1244,.F.);
#1259 = FACE_BOUND('',#1260,.F.);
#1260 = EDGE_LOOP('',(#1261));
#1261 = ORIENTED_EDGE('',*,*,#1262,.T.);
#1262 = EDGE_CURVE('',#1263,#1263,#1265,.T.);
#1263 = VERTEX_POINT('',#1264);
#1264 = CARTESIAN_POINT('',(4.0541E+03,0.,2.5E+03));
#1265 = CIRCLE('',#1266,54.1);
#1266 = AXIS2_PLACEMENT_3D('',#1267,#1268,#1269);
#1267 = CARTESIAN_POINT('',(4.E+03,0.,2.5E+03));
#1268 = DIRECTION('',(0.,-2.652361335004E-15,1.));
#1269 = DIRECTION('',(0.,-1.,-2.652361335004E-15));
#1270 = PLANE('',#1271);
#1271 = AXIS2_PLACEMENT_3D('',#1272,#1273,#1274);
#1272 = CARTESIAN_POINT('',(4.E+03,5.224739910442E-15,2.5E+03));
#1273 = DIRECTION('',(-0.,-0.,-1.));
#1274 = DIRECTION('',(-1.,0.,0.));
#1275 = ADVANCED_FACE('',(#1276,#1279),#1290,.T.);
#1276 = FACE_BOUND('',#1277,.T.);
#1277 = EDGE_LOOP('',(#1278));
#1278 = ORIENTED_EDGE('',*,*,#1236,.F.);
#1279 = FACE_BOUND('',#1280,.T.);
#1280 = EDGE_LOOP('',(#1281));
#1281 = ORIENTED_EDGE('',*,*,#1282,.T.);
#1282 = EDGE_CURVE('',#1283,#1283,#1285,.T.);
#1283 = VERTEX_POINT('',#1284);
#1284 = CARTESIAN_POINT('',(4.0541E+03,171.45,2.32855E+03));
#1285 = CIRCLE('',#1286,54.1);
#1286 = AXIS2_PLACEMENT_3D('',#1287,#1288,#1289);
#1287 = CARTESIAN_POINT('',(4.E+03,171.45,2.32855E+03));
#1288 = DIRECTION('',(0.,-1.,1.627718498529E-15));
#1289 = DIRECTION('',(0.,-1.627718498529E-15,-1.));
#1290 = PLANE('',#1291);
#1291 = AXIS2_PLACEMENT_3D('',#1292,#1293,#1294);
#1292 = CARTESIAN_POINT('',(4.E+03,171.45,2.32855E+03));
#1293 = DIRECTION('',(0.,1.,-1.722759222097E-15));
#1294 = DIRECTION('',(0.,1.722759222097E-15,1.));
#1295 = ADVANCED_FACE('',(#1296),#1308,.F.);
#1296 = FACE_BOUND('',#1297,.F.);
#1297 = EDGE_LOOP('',(#1298,#1305,#1306,#1307));
#1298 = ORIENTED_EDGE('',*,*,#1299,.T.);
#1299 = EDGE_CURVE('',#1263,#1283,#1300,.T.);
#1300 = CIRCLE('',#1301,171.45);
#1301 = AXIS2_PLACEMENT_3D('',#1302,#1303,#1304);
#1302 = CARTESIAN_POINT('',(4.0541E+03,171.45,2.5E+03));
#1303 = DIRECTION('',(1.,0.,0.));
#1304 = DIRECTION('',(0.,-1.,-2.652361335004E-15));
#1305 = ORIENTED_EDGE('',*,*,#1282,.T.);
#1306 = ORIENTED_EDGE('',*,*,#1299,.F.);
#1307 = ORIENTED_EDGE('',*,*,#1262,.F.);
#1308 = TOROIDAL_SURFACE('',#1309,171.45,54.1);
#1309 = AXIS2_PLACEMENT_3D('',#1310,#1311,#1312);
#1310 = CARTESIAN_POINT('',(4.E+03,171.45,2.5E+03));
#1311 = DIRECTION('',(1.,0.,0.));
#1312 = DIRECTION('',(0.,-1.,-2.652361335004E-15));
#1313 = MANIFOLD_SOLID_BREP('',#1314);
#1314 = CLOSED_SHELL('',(#1315,#1348,#1368,#1388));
#1315 = ADVANCED_FACE('',(#1316),#1343,.T.);
#1316 = FACE_BOUND('',#1317,.T.);
#1317 = EDGE_LOOP('',(#1318,#1327,#1335,#1342));
#1318 = ORIENTED_EDGE('',*,*,#1319,.F.);
#1319 = EDGE_CURVE('',#1320,#1320,#1322,.T.);
#1320 = VERTEX_POINT('',#1321);
#1321 = CARTESIAN_POINT('',(4.E+03,971.45,2.3857E+03));
#1322 = CIRCLE('',#1323,57.15);
#1323 = AXIS2_PLACEMENT_3D('',#1324,#1325,#1326);
#1324 = CARTESIAN_POINT('',(4.E+03,971.45,2.32855E+03));
#1325 = DIRECTION('',(0.,1.,0.));
#1326 = DIRECTION('',(0.,0.,1.));
#1327 = ORIENTED_EDGE('',*,*,#1328,.F.);
#1328 = EDGE_CURVE('',#1329,#1320,#1331,.T.);
#1329 = VERTEX_POINT('',#1330);
#1330 = CARTESIAN_POINT('',(4.E+03,171.45,2.3857E+03));
#1331 = LINE('',#1332,#1333);
#1332 = CARTESIAN_POINT('',(4.E+03,171.45,2.3857E+03));
#1333 = VECTOR('',#1334,1.);
#1334 = DIRECTION('',(0.,1.,0.));
#1335 = ORIENTED_EDGE('',*,*,#1336,.T.);
#1336 = EDGE_CURVE('',#1329,#1329,#1337,.T.);
#1337 = CIRCLE('',#1338,57.15);
#1338 = AXIS2_PLACEMENT_3D('',#1339,#1340,#1341);
#1339 = CARTESIAN_POINT('',(4.E+03,171.45,2.32855E+03));
#1340 = DIRECTION('',(0.,1.,0.));
#1341 = DIRECTION('',(0.,0.,1.));
#1342 = ORIENTED_EDGE('',*,*,#1328,.T.);
#1343 = CYLINDRICAL_SURFACE('',#1344,57.15);
#1344 = AXIS2_PLACEMENT_3D('',#1345,#1346,#1347);
#1345 = CARTESIAN_POINT('',(4.E+03,171.45,2.32855E+03));
#1346 = DIRECTION('',(0.,1.,0.));
#1347 = DIRECTION('',(0.,0.,1.));
#1348 = ADVANCED_FACE('',(#1349,#1352),#1363,.T.);
#1349 = FACE_BOUND('',#1350,.T.);
#1350 = EDGE_LOOP('',(#1351));
#1351 = ORIENTED_EDGE('',*,*,#1319,.T.);
#1352 = FACE_BOUND('',#1353,.T.);
#1353 = EDGE_LOOP('',(#1354));
#1354 = ORIENTED_EDGE('',*,*,#1355,.F.);
#1355 = EDGE_CURVE('',#1356,#1356,#1358,.T.);
#1356 = VERTEX_POINT('',#1357);
#1357 = CARTESIAN_POINT('',(4.E+03,971.45,2.38265E+03));
#1358 = CIRCLE('',#1359,54.1);
#1359 = AXIS2_PLACEMENT_3D('',#1360,#1361,#1362);
#1360 = CARTESIAN_POINT('',(4.E+03,971.45,2.32855E+03));
#1361 = DIRECTION('',(0.,1.,0.));
#1362 = DIRECTION('',(0.,0.,1.));
#1363 = PLANE('',#1364);
#1364 = AXIS2_PLACEMENT_3D('',#1365,#1366,#1367);
#1365 = CARTESIAN_POINT('',(4.E+03,971.45,2.32855E+03));
#1366 = DIRECTION('',(0.,1.,0.));
#1367 = DIRECTION('',(0.,0.,1.));
#1368 = ADVANCED_FACE('',(#1369,#1372),#1383,.F.);
#1369 = FACE_BOUND('',#1370,.F.);
#1370 = EDGE_LOOP('',(#1371));
#1371 = ORIENTED_EDGE('',*,*,#1336,.T.);
#1372 = FACE_BOUND('',#1373,.F.);
#1373 = EDGE_LOOP('',(#1374));
#1374 = ORIENTED_EDGE('',*,*,#1375,.F.);
#1375 = EDGE_CURVE('',#1376,#1376,#1378,.T.);
#1376 = VERTEX_POINT('',#1377);
#1377 = CARTESIAN_POINT('',(4.E+03,171.45,2.38265E+03));
#1378 = CIRCLE('',#1379,54.1);
#1379 = AXIS2_PLACEMENT_3D('',#1380,#1381,#1382);
#1380 = CARTESIAN_POINT('',(4.E+03,171.45,2.32855E+03));
#1381 = DIRECTION('',(0.,1.,0.));
#1382 = DIRECTION('',(0.,0.,1.));
#1383 = PLANE('',#1384);
#1384 = AXIS2_PLACEMENT_3D('',#1385,#1386,#1387);
#1385 = CARTESIAN_POINT('',(4.E+03,171.45,2.32855E+03));
#1386 = DIRECTION('',(0.,1.,0.));
#1387 = DIRECTION('',(0.,0.,1.));
#1388 = ADVANCED_FACE('',(#1389),#1400,.F.);
#1389 = FACE_BOUND('',#1390,.F.);
#1390 = EDGE_LOOP('',(#1391,#1392,#1398,#1399));
#1391 = ORIENTED_EDGE('',*,*,#1355,.F.);
#1392 = ORIENTED_EDGE('',*,*,#1393,.F.);
#1393 = EDGE_CURVE('',#1376,#1356,#1394,.T.);
#1394 = LINE('',#1395,#1396);
#1395 = CARTESIAN_POINT('',(4.E+03,171.45,2.38265E+03));
#1396 = VECTOR('',#1397,1.);
#1397 = DIRECTION('',(0.,1.,0.));
#1398 = ORIENTED_EDGE('',*,*,#1375,.T.);
#1399 = ORIENTED_EDGE('',*,*,#1393,.T.);
#1400 = CYLINDRICAL_SURFACE('',#1401,54.1);
#1401 = AXIS2_PLACEMENT_3D('',#1402,#1403,#1404);
#1402 = CARTESIAN_POINT('',(4.E+03,171.45,2.32855E+03));
#1403 = DIRECTION('',(0.,1.,0.));
#1404 = DIRECTION('',(0.,0.,1.));
#1405 = MANIFOLD_SOLID_BREP('',#1406);
#1406 = CLOSED_SHELL('',(#1407,#1441,#1461,#1481));
#1407 = ADVANCED_FACE('',(#1408),#1436,.T.);
#1408 = FACE_BOUND('',#1409,.T.);
#1409 = EDGE_LOOP('',(#1410,#1421,#1428,#1429));
#1410 = ORIENTED_EDGE('',*,*,#1411,.T.);
#1411 = EDGE_CURVE('',#1412,#1414,#1416,.T.);
#1412 = VERTEX_POINT('',#1413);
#1413 = CARTESIAN_POINT('',(4.05715E+03,971.45,2.32855E+03));
#1414 = VERTEX_POINT('',#1415);
#1415 = CARTESIAN_POINT('',(4.05715E+03,1.1429E+03,2.1571E+03));
#1416 = CIRCLE('',#1417,171.45);
#1417 = AXIS2_PLACEMENT_3D('',#1418,#1419,#1420);
#1418 = CARTESIAN_POINT('',(4.05715E+03,971.44999999999,2.1571E+03));
#1419 = DIRECTION('',(-1.,0.,0.));
#1420 = DIRECTION('',(0.,3.315451668755E-15,1.));
#1421 = ORIENTED_EDGE('',*,*,#1422,.T.);
#1422 = EDGE_CURVE('',#1414,#1414,#1423,.T.);
#1423 = CIRCLE('',#1424,57.15);
#1424 = AXIS2_PLACEMENT_3D('',#1425,#1426,#1427);
#1425 = CARTESIAN_POINT('',(4.E+03,1.1429E+03,2.1571E+03));
#1426 = DIRECTION('',(0.,-5.405520263278E-15,1.));
#1427 = DIRECTION('',(0.,1.,5.405520263278E-15));
#1428 = ORIENTED_EDGE('',*,*,#1411,.F.);
#1429 = ORIENTED_EDGE('',*,*,#1430,.F.);
#1430 = EDGE_CURVE('',#1412,#1412,#1431,.T.);
#1431 = CIRCLE('',#1432,57.15);
#1432 = AXIS2_PLACEMENT_3D('',#1433,#1434,#1435);
#1433 = CARTESIAN_POINT('',(4.E+03,971.45,2.32855E+03));
#1434 = DIRECTION('',(0.,-1.,3.315451668755E-15));
#1435 = DIRECTION('',(0.,3.315451668755E-15,1.));
#1436 = TOROIDAL_SURFACE('',#1437,171.45,57.15);
#1437 = AXIS2_PLACEMENT_3D('',#1438,#1439,#1440);
#1438 = CARTESIAN_POINT('',(4.E+03,971.44999999999,2.1571E+03));
#1439 = DIRECTION('',(-1.,0.,0.));
#1440 = DIRECTION('',(0.,3.315451668755E-15,1.));
#1441 = ADVANCED_FACE('',(#1442,#1445),#1456,.F.);
#1442 = FACE_BOUND('',#1443,.F.);
#1443 = EDGE_LOOP('',(#1444));
#1444 = ORIENTED_EDGE('',*,*,#1430,.F.);
#1445 = FACE_BOUND('',#1446,.F.);
#1446 = EDGE_LOOP('',(#1447));
#1447 = ORIENTED_EDGE('',*,*,#1448,.T.);
#1448 = EDGE_CURVE('',#1449,#1449,#1451,.T.);
#1449 = VERTEX_POINT('',#1450);
#1450 = CARTESIAN_POINT('',(4.0541E+03,971.45,2.32855E+03));
#1451 = CIRCLE('',#1452,54.1);
#1452 = AXIS2_PLACEMENT_3D('',#1453,#1454,#1455);
#1453 = CARTESIAN_POINT('',(4.E+03,971.45,2.32855E+03));
#1454 = DIRECTION('',(0.,-1.,3.315451668755E-15));
#1455 = DIRECTION('',(0.,3.315451668755E-15,1.));
#1456 = PLANE('',#1457);
#1457 = AXIS2_PLACEMENT_3D('',#1458,#1459,#1460);
#1458 = CARTESIAN_POINT('',(4.E+03,971.45,2.32855E+03));
#1459 = DIRECTION('',(0.,1.,-2.297012296129E-15));
#1460 = DIRECTION('',(0.,2.297012296129E-15,1.));
#1461 = ADVANCED_FACE('',(#1462,#1465),#1476,.T.);
#1462 = FACE_BOUND('',#1463,.T.);
#1463 = EDGE_LOOP('',(#1464));
#1464 = ORIENTED_EDGE('',*,*,#1422,.F.);
#1465 = FACE_BOUND('',#1466,.T.);
#1466 = EDGE_LOOP('',(#1467));
#1467 = ORIENTED_EDGE('',*,*,#1468,.T.);
#1468 = EDGE_CURVE('',#1469,#1469,#1471,.T.);
#1469 = VERTEX_POINT('',#1470);
#1470 = CARTESIAN_POINT('',(4.0541E+03,1.1429E+03,2.1571E+03));
#1471 = CIRCLE('',#1472,54.1);
#1472 = AXIS2_PLACEMENT_3D('',#1473,#1474,#1475);
#1473 = CARTESIAN_POINT('',(4.E+03,1.1429E+03,2.1571E+03));
#1474 = DIRECTION('',(0.,-5.405520263278E-15,1.));
#1475 = DIRECTION('',(0.,1.,5.405520263278E-15));
#1476 = PLANE('',#1477);
#1477 = AXIS2_PLACEMENT_3D('',#1478,#1479,#1480);
#1478 = CARTESIAN_POINT('',(4.E+03,1.1429E+03,2.1571E+03));
#1479 = DIRECTION('',(0.,9.188049184517E-15,-1.));
#1480 = DIRECTION('',(0.,-1.,-9.188049184517E-15));
#1481 = ADVANCED_FACE('',(#1482),#1494,.F.);
#1482 = FACE_BOUND('',#1483,.F.);
#1483 = EDGE_LOOP('',(#1484,#1491,#1492,#1493));
#1484 = ORIENTED_EDGE('',*,*,#1485,.T.);
#1485 = EDGE_CURVE('',#1449,#1469,#1486,.T.);
#1486 = CIRCLE('',#1487,171.45);
#1487 = AXIS2_PLACEMENT_3D('',#1488,#1489,#1490);
#1488 = CARTESIAN_POINT('',(4.0541E+03,971.44999999999,2.1571E+03));
#1489 = DIRECTION('',(-1.,0.,0.));
#1490 = DIRECTION('',(0.,3.315451668755E-15,1.));
#1491 = ORIENTED_EDGE('',*,*,#1468,.T.);
#1492 = ORIENTED_EDGE('',*,*,#1485,.F.);
#1493 = ORIENTED_EDGE('',*,*,#1448,.F.);
#1494 = TOROIDAL_SURFACE('',#1495,171.45,54.1);
#1495 = AXIS2_PLACEMENT_3D('',#1496,#1497,#1498);
#1496 = CARTESIAN_POINT('',(4.E+03,971.44999999999,2.1571E+03));
#1497 = DIRECTION('',(-1.,0.,0.));
#1498 = DIRECTION('',(0.,3.315451668755E-15,1.));
#1499 = MANIFOLD_SOLID_BREP('',#1500);
#1500 = CLOSED_SHELL('',(#1501,#1534,#1554,#1574));
#1501 = ADVANCED_FACE('',(#1502),#1529,.T.);
#1502 = FACE_BOUND('',#1503,.T.);
#1503 = EDGE_LOOP('',(#1504,#1513,#1521,#1528));
#1504 = ORIENTED_EDGE('',*,*,#1505,.F.);
#1505 = EDGE_CURVE('',#1506,#1506,#1508,.T.);
#1506 = VERTEX_POINT('',#1507);
#1507 = CARTESIAN_POINT('',(3.94285E+03,1.1429E+03,657.1));
#1508 = CIRCLE('',#1509,57.15);
#1509 = AXIS2_PLACEMENT_3D('',#1510,#1511,#1512);
#1510 = CARTESIAN_POINT('',(4.E+03,1.1429E+03,657.1));
#1511 = DIRECTION('',(0.,0.,-1.));
#1512 = DIRECTION('',(-1.,0.,0.));
#1513 = ORIENTED_EDGE('',*,*,#1514,.F.);
#1514 = EDGE_CURVE('',#1515,#1506,#1517,.T.);
#1515 = VERTEX_POINT('',#1516);
#1516 = CARTESIAN_POINT('',(3.94285E+03,1.1429E+03,2.1571E+03));
#1517 = LINE('',#1518,#1519);
#1518 = CARTESIAN_POINT('',(3.94285E+03,1.1429E+03,2.1571E+03));
#1519 = VECTOR('',#1520,1.);
#1520 = DIRECTION('',(0.,0.,-1.));
#1521 = ORIENTED_EDGE('',*,*,#1522,.T.);
#1522 = EDGE_CURVE('',#1515,#1515,#1523,.T.);
#1523 = CIRCLE('',#1524,57.15);
#1524 = AXIS2_PLACEMENT_3D('',#1525,#1526,#1527);
#1525 = CARTESIAN_POINT('',(4.E+03,1.1429E+03,2.1571E+03));
#1526 = DIRECTION('',(0.,0.,-1.));
#1527 = DIRECTION('',(-1.,0.,0.));
#1528 = ORIENTED_EDGE('',*,*,#1514,.T.);
#1529 = CYLINDRICAL_SURFACE('',#1530,57.15);
#1530 = AXIS2_PLACEMENT_3D('',#1531,#1532,#1533);
#1531 = CARTESIAN_POINT('',(4.E+03,1.1429E+03,2.1571E+03));
#1532 = DIRECTION('',(0.,0.,-1.));
#1533 = DIRECTION('',(-1.,0.,0.));
#1534 = ADVANCED_FACE('',(#1535,#1538),#1549,.T.);
#1535 = FACE_BOUND('',#1536,.T.);
#1536 = EDGE_LOOP('',(#1537));
#1537 = ORIENTED_EDGE('',*,*,#1505,.T.);
#1538 = FACE_BOUND('',#1539,.T.);
#1539 = EDGE_LOOP('',(#1540));
#1540 = ORIENTED_EDGE('',*,*,#1541,.F.);
#1541 = EDGE_CURVE('',#1542,#1542,#1544,.T.);
#1542 = VERTEX_POINT('',#1543);
#1543 = CARTESIAN_POINT('',(3.9459E+03,1.1429E+03,657.1));
#1544 = CIRCLE('',#1545,54.1);
#1545 = AXIS2_PLACEMENT_3D('',#1546,#1547,#1548);
#1546 = CARTESIAN_POINT('',(4.E+03,1.1429E+03,657.1));
#1547 = DIRECTION('',(0.,0.,-1.));
#1548 = DIRECTION('',(-1.,0.,0.));
#1549 = PLANE('',#1550);
#1550 = AXIS2_PLACEMENT_3D('',#1551,#1552,#1553);
#1551 = CARTESIAN_POINT('',(4.E+03,1.1429E+03,657.1));
#1552 = DIRECTION('',(0.,0.,-1.));
#1553 = DIRECTION('',(-1.,0.,0.));
#1554 = ADVANCED_FACE('',(#1555,#1558),#1569,.F.);
#1555 = FACE_BOUND('',#1556,.F.);
#1556 = EDGE_LOOP('',(#1557));
#1557 = ORIENTED_EDGE('',*,*,#1522,.T.);
#1558 = FACE_BOUND('',#1559,.F.);
#1559 = EDGE_LOOP('',(#1560));
#1560 = ORIENTED_EDGE('',*,*,#1561,.F.);
#1561 = EDGE_CURVE('',#1562,#1562,#1564,.T.);
#1562 = VERTEX_POINT('',#1563);
#1563 = CARTESIAN_POINT('',(3.9459E+03,1.1429E+03,2.1571E+03));
#1564 = CIRCLE('',#1565,54.1);
#1565 = AXIS2_PLACEMENT_3D('',#1566,#1567,#1568);
#1566 = CARTESIAN_POINT('',(4.E+03,1.1429E+03,2.1571E+03));
#1567 = DIRECTION('',(0.,0.,-1.));
#1568 = DIRECTION('',(-1.,0.,0.));
#1569 = PLANE('',#1570);
#1570 = AXIS2_PLACEMENT_3D('',#1571,#1572,#1573);
#1571 = CARTESIAN_POINT('',(4.E+03,1.1429E+03,2.1571E+03));
#1572 = DIRECTION('',(0.,0.,-1.));
#1573 = DIRECTION('',(-1.,0.,0.));
#1574 = ADVANCED_FACE('',(#1575),#1586,.F.);
#1575 = FACE_BOUND('',#1576,.F.);
#1576 = EDGE_LOOP('',(#1577,#1578,#1584,#1585));
#1577 = ORIENTED_EDGE('',*,*,#1541,.F.);
#1578 = ORIENTED_EDGE('',*,*,#1579,.F.);
#1579 = EDGE_CURVE('',#1562,#1542,#1580,.T.);
#1580 = LINE('',#1581,#1582);
#1581 = CARTESIAN_POINT('',(3.9459E+03,1.1429E+03,2.1571E+03));
#1582 = VECTOR('',#1583,1.);
#1583 = DIRECTION('',(0.,0.,-1.));
#1584 = ORIENTED_EDGE('',*,*,#1561,.T.);
#1585 = ORIENTED_EDGE('',*,*,#1579,.T.);
#1586 = CYLINDRICAL_SURFACE('',#1587,54.1);
#1587 = AXIS2_PLACEMENT_3D('',#1588,#1589,#1590);
#1588 = CARTESIAN_POINT('',(4.E+03,1.1429E+03,2.1571E+03));
#1589 = DIRECTION('',(0.,0.,-1.));
#1590 = DIRECTION('',(-1.,0.,0.));
#1591 = MANIFOLD_SOLID_BREP('',#1592);
#1592 = CLOSED_SHELL('',(#1593,#1626,#1646,#1666));
#1593 = ADVANCED_FACE('',(#1594),#1621,.T.);
#1594 = FACE_BOUND('',#1595,.T.);
#1595 = EDGE_LOOP('',(#1596,#1605,#1613,#1620));
#1596 = ORIENTED_EDGE('',*,*,#1597,.F.);
#1597 = EDGE_CURVE('',#1598,#1598,#1600,.T.);
#1598 = VERTEX_POINT('',#1599);
#1599 = CARTESIAN_POINT('',(4.05715E+03,1.E+03,1.5E+03));
#1600 = CIRCLE('',#1601,57.15);
#1601 = AXIS2_PLACEMENT_3D('',#1602,#1603,#1604);
#1602 = CARTESIAN_POINT('',(4.E+03,1.E+03,1.5E+03));
#1603 = DIRECTION('',(0.,0.,1.));
#1604 = DIRECTION('',(1.,0.,0.));
#1605 = ORIENTED_EDGE('',*,*,#1606,.F.);
#1606 = EDGE_CURVE('',#1607,#1598,#1609,.T.);
#1607 = VERTEX_POINT('',#1608);
#1608 = CARTESIAN_POINT('',(4.05715E+03,1.E+03,0.));
#1609 = LINE('',#1610,#1611);
#1610 = CARTESIAN_POINT('',(4.05715E+03,1.E+03,0.));
#1611 = VECTOR('',#1612,1.);
#1612 = DIRECTION('',(0.,0.,1.));
#1613 = ORIENTED_EDGE('',*,*,#1614,.T.);
#1614 = EDGE_CURVE('',#1607,#1607,#1615,.T.);
#1615 = CIRCLE('',#1616,57.15);
#1616 = AXIS2_PLACEMENT_3D('',#1617,#1618,#1619);
#1617 = CARTESIAN_POINT('',(4.E+03,1.E+03,0.));
#1618 = DIRECTION('',(0.,0.,1.));
#1619 = DIRECTION('',(1.,0.,0.));
#1620 = ORIENTED_EDGE('',*,*,#1606,.T.);
#1621 = CYLINDRICAL_SURFACE('',#1622,57.15);
#1622 = AXIS2_PLACEMENT_3D('',#1623,#1624,#1625);
#1623 = CARTESIAN_POINT('',(4.E+03,1.E+03,0.));
#1624 = DIRECTION('',(0.,0.,1.));
#1625 = DIRECTION('',(1.,0.,0.));
#1626 = ADVANCED_FACE('',(#1627,#1630),#1641,.T.);
#1627 = FACE_BOUND('',#1628,.T.);
#1628 = EDGE_LOOP('',(#1629));
#1629 = ORIENTED_EDGE('',*,*,#1597,.T.);
#1630 = FACE_BOUND('',#1631,.T.);
#1631 = EDGE_LOOP('',(#1632));
#1632 = ORIENTED_EDGE('',*,*,#1633,.F.);
#1633 = EDGE_CURVE('',#1634,#1634,#1636,.T.);
#1634 = VERTEX_POINT('',#1635);
#1635 = CARTESIAN_POINT('',(4.0541E+03,1.E+03,1.5E+03));
#1636 = CIRCLE('',#1637,54.1);
#1637 = AXIS2_PLACEMENT_3D('',#1638,#1639,#1640);
#1638 = CARTESIAN_POINT('',(4.E+03,1.E+03,1.5E+03));
#1639 = DIRECTION('',(0.,0.,1.));
#1640 = DIRECTION('',(1.,0.,0.));
#1641 = PLANE('',#1642);
#1642 = AXIS2_PLACEMENT_3D('',#1643,#1644,#1645);
#1643 = CARTESIAN_POINT('',(4.E+03,1.E+03,1.5E+03));
#1644 = DIRECTION('',(0.,0.,1.));
#1645 = DIRECTION('',(1.,0.,0.));
#1646 = ADVANCED_FACE('',(#1647,#1650),#1661,.F.);
#1647 = FACE_BOUND('',#1648,.F.);
#1648 = EDGE_LOOP('',(#1649));
#1649 = ORIENTED_EDGE('',*,*,#1614,.T.);
#1650 = FACE_BOUND('',#1651,.F.);
#1651 = EDGE_LOOP('',(#1652));
#1652 = ORIENTED_EDGE('',*,*,#1653,.F.);
#1653 = EDGE_CURVE('',#1654,#1654,#1656,.T.);
#1654 = VERTEX_POINT('',#1655);
#1655 = CARTESIAN_POINT('',(4.0541E+03,1.E+03,0.));
#1656 = CIRCLE('',#1657,54.1);
#1657 = AXIS2_PLACEMENT_3D('',#1658,#1659,#1660);
#1658 = CARTESIAN_POINT('',(4.E+03,1.E+03,0.));
#1659 = DIRECTION('',(0.,0.,1.));
#1660 = DIRECTION('',(1.,0.,0.));
#1661 = PLANE('',#1662);
#1662 = AXIS2_PLACEMENT_3D('',#1663,#1664,#1665);
#1663 = CARTESIAN_POINT('',(4.E+03,1.E+03,0.));
#1664 = DIRECTION('',(0.,0.,1.));
#1665 = DIRECTION('',(1.,0.,0.));
#1666 = ADVANCED_FACE('',(#1667),#1678,.F.);
#1667 = FACE_BOUND('',#1668,.F.);
#1668 = EDGE_LOOP('',(#1669,#1670,#1676,#1677));
#1669 = ORIENTED_EDGE('',*,*,#1633,.F.);
#1670 = ORIENTED_EDGE('',*,*,#1671,.F.);
#1671 = EDGE_CURVE('',#1654,#1634,#1672,.T.);
#1672 = LINE('',#1673,#1674);
#1673 = CARTESIAN_POINT('',(4.0541E+03,1.E+03,0.));
#1674 = VECTOR('',#1675,1.);
#1675 = DIRECTION('',(0.,0.,1.));
#1676 = ORIENTED_EDGE('',*,*,#1653,.T.);
#1677 = ORIENTED_EDGE('',*,*,#1671,.T.);
#1678 = CYLINDRICAL_SURFACE('',#1679,54.1);
#1679 = AXIS2_PLACEMENT_3D('',#1680,#1681,#1682);
#1680 = CARTESIAN_POINT('',(4.E+03,1.E+03,0.));
#1681 = DIRECTION('',(0.,0.,1.));
#1682 = DIRECTION('',(1.,0.,0.));
#1683 = MANIFOLD_SOLID_BREP('',#1684);
#1684 = CLOSED_SHELL('',(#1685,#1719,#1739,#1759));
#1685 = ADVANCED_FACE('',(#1686),#1714,.T.);
#1686 = FACE_BOUND('',#1687,.T.);
#1687 = EDGE_LOOP('',(#1688,#1699,#1706,#1707));
#1688 = ORIENTED_EDGE('',*,*,#1689,.T.);
#1689 = EDGE_CURVE('',#1690,#1692,#1694,.T.);
#1690 = VERTEX_POINT('',#1691);
#1691 = CARTESIAN_POINT('',(4.05715E+03,1.E+03,1.5E+03));
#1692 = VERTEX_POINT('',#1693);
#1693 = CARTESIAN_POINT('',(4.05715E+03,828.54999999999,1.67145E+03));
#1694 = CIRCLE('',#1695,171.45);
#1695 = AXIS2_PLACEMENT_3D('',#1696,#1697,#1698);
#1696 = CARTESIAN_POINT('',(4.05715E+03,828.55,1.5E+03));
#1697 = DIRECTION('',(1.,0.,-0.));
#1698 = DIRECTION('',(0.,1.,1.326180667502E-15));
#1699 = ORIENTED_EDGE('',*,*,#1700,.T.);
#1700 = EDGE_CURVE('',#1692,#1692,#1701,.T.);
#1701 = CIRCLE('',#1702,57.15);
#1702 = AXIS2_PLACEMENT_3D('',#1703,#1704,#1705);
#1703 = CARTESIAN_POINT('',(4.E+03,828.55,1.67145E+03));
#1704 = DIRECTION('',(0.,1.,-1.399586931556E-15));
#1705 = DIRECTION('',(0.,1.399586931556E-15,1.));
#1706 = ORIENTED_EDGE('',*,*,#1689,.F.);
#1707 = ORIENTED_EDGE('',*,*,#1708,.F.);
#1708 = EDGE_CURVE('',#1690,#1690,#1709,.T.);
#1709 = CIRCLE('',#1710,57.15);
#1710 = AXIS2_PLACEMENT_3D('',#1711,#1712,#1713);
#1711 = CARTESIAN_POINT('',(4.E+03,1.E+03,1.5E+03));
#1712 = DIRECTION('',(0.,1.326180667502E-15,-1.));
#1713 = DIRECTION('',(0.,1.,1.326180667502E-15));
#1714 = TOROIDAL_SURFACE('',#1715,171.45,57.15);
#1715 = AXIS2_PLACEMENT_3D('',#1716,#1717,#1718);
#1716 = CARTESIAN_POINT('',(4.E+03,828.55,1.5E+03));
#1717 = DIRECTION('',(1.,0.,0.));
#1718 = DIRECTION('',(0.,1.,1.326180667502E-15));
#1719 = ADVANCED_FACE('',(#1720,#1723),#1734,.F.);
#1720 = FACE_BOUND('',#1721,.F.);
#1721 = EDGE_LOOP('',(#1722));
#1722 = ORIENTED_EDGE('',*,*,#1708,.F.);
#1723 = FACE_BOUND('',#1724,.F.);
#1724 = EDGE_LOOP('',(#1725));
#1725 = ORIENTED_EDGE('',*,*,#1726,.T.);
#1726 = EDGE_CURVE('',#1727,#1727,#1729,.T.);
#1727 = VERTEX_POINT('',#1728);
#1728 = CARTESIAN_POINT('',(4.0541E+03,1.E+03,1.5E+03));
#1729 = CIRCLE('',#1730,54.1);
#1730 = AXIS2_PLACEMENT_3D('',#1731,#1732,#1733);
#1731 = CARTESIAN_POINT('',(4.E+03,1.E+03,1.5E+03));
#1732 = DIRECTION('',(0.,1.326180667502E-15,-1.));
#1733 = DIRECTION('',(0.,1.,1.326180667502E-15));
#1734 = PLANE('',#1735);
#1735 = AXIS2_PLACEMENT_3D('',#1736,#1737,#1738);
#1736 = CARTESIAN_POINT('',(4.E+03,1.E+03,1.5E+03));
#1737 = DIRECTION('',(0.,0.,1.));
#1738 = DIRECTION('',(1.,0.,0.));
#1739 = ADVANCED_FACE('',(#1740,#1743),#1754,.T.);
#1740 = FACE_BOUND('',#1741,.T.);
#1741 = EDGE_LOOP('',(#1742));
#1742 = ORIENTED_EDGE('',*,*,#1700,.F.);
#1743 = FACE_BOUND('',#1744,.T.);
#1744 = EDGE_LOOP('',(#1745));
#1745 = ORIENTED_EDGE('',*,*,#1746,.T.);
#1746 = EDGE_CURVE('',#1747,#1747,#1749,.T.);
#1747 = VERTEX_POINT('',#1748);
#1748 = CARTESIAN_POINT('',(4.0541E+03,828.54999999999,1.67145E+03));
#1749 = CIRCLE('',#1750,54.1);
#1750 = AXIS2_PLACEMENT_3D('',#1751,#1752,#1753);
#1751 = CARTESIAN_POINT('',(4.E+03,828.55,1.67145E+03));
#1752 = DIRECTION('',(0.,1.,-1.399586931556E-15));
#1753 = DIRECTION('',(0.,1.399586931556E-15,1.));
#1754 = PLANE('',#1755);
#1755 = AXIS2_PLACEMENT_3D('',#1756,#1757,#1758);
#1756 = CARTESIAN_POINT('',(4.E+03,828.55,1.67145E+03));
#1757 = DIRECTION('',(0.,-1.,2.297012296129E-15));
#1758 = DIRECTION('',(0.,-2.297012296129E-15,-1.));
#1759 = ADVANCED_FACE('',(#1760),#1772,.F.);
#1760 = FACE_BOUND('',#1761,.F.);
#1761 = EDGE_LOOP('',(#1762,#1769,#1770,#1771));
#1762 = ORIENTED_EDGE('',*,*,#1763,.T.);
#1763 = EDGE_CURVE('',#1727,#1747,#1764,.T.);
#1764 = CIRCLE('',#1765,171.45);
#1765 = AXIS2_PLACEMENT_3D('',#1766,#1767,#1768);
#1766 = CARTESIAN_POINT('',(4.0541E+03,828.55,1.5E+03));
#1767 = DIRECTION('',(1.,0.,-0.));
#1768 = DIRECTION('',(0.,1.,1.326180667502E-15));
#1769 = ORIENTED_EDGE('',*,*,#1746,.T.);
#1770 = ORIENTED_EDGE('',*,*,#1763,.F.);
#1771 = ORIENTED_EDGE('',*,*,#1726,.F.);
#1772 = TOROIDAL_SURFACE('',#1773,171.45,54.1);
#1773 = AXIS2_PLACEMENT_3D('',#1774,#1775,#1776);
#1774 = CARTESIAN_POINT('',(4.E+03,828.55,1.5E+03));
#1775 = DIRECTION('',(1.,0.,0.));
#1776 = DIRECTION('',(0.,1.,1.326180667502E-15));
#1777 = MANIFOLD_SOLID_BREP('',#1778);
#1778 = CLOSED_SHELL('',(#1779,#1812,#1832,#1852));
#1779 = ADVANCED_FACE('',(#1780),#1807,.T.);
#1780 = FACE_BOUND('',#1781,.T.);
#1781 = EDGE_LOOP('',(#1782,#1791,#1799,#1806));
#1782 = ORIENTED_EDGE('',*,*,#1783,.F.);
#1783 = EDGE_CURVE('',#1784,#1784,#1786,.T.);
#1784 = VERTEX_POINT('',#1785);
#1785 = CARTESIAN_POINT('',(4.E+03,28.55,1.6143E+03));
#1786 = CIRCLE('',#1787,57.15);
#1787 = AXIS2_PLACEMENT_3D('',#1788,#1789,#1790);
#1788 = CARTESIAN_POINT('',(4.E+03,28.55,1.67145E+03));
#1789 = DIRECTION('',(0.,-1.,0.));
#1790 = DIRECTION('',(0.,0.,-1.));
#1791 = ORIENTED_EDGE('',*,*,#1792,.F.);
#1792 = EDGE_CURVE('',#1793,#1784,#1795,.T.);
#1793 = VERTEX_POINT('',#1794);
#1794 = CARTESIAN_POINT('',(4.E+03,828.55,1.6143E+03));
#1795 = LINE('',#1796,#1797);
#1796 = CARTESIAN_POINT('',(4.E+03,828.55,1.6143E+03));
#1797 = VECTOR('',#1798,1.);
#1798 = DIRECTION('',(0.,-1.,0.));
#1799 = ORIENTED_EDGE('',*,*,#1800,.T.);
#1800 = EDGE_CURVE('',#1793,#1793,#1801,.T.);
#1801 = CIRCLE('',#1802,57.15);
#1802 = AXIS2_PLACEMENT_3D('',#1803,#1804,#1805);
#1803 = CARTESIAN_POINT('',(4.E+03,828.55,1.67145E+03));
#1804 = DIRECTION('',(0.,-1.,0.));
#1805 = DIRECTION('',(0.,0.,-1.));
#1806 = ORIENTED_EDGE('',*,*,#1792,.T.);
#1807 = CYLINDRICAL_SURFACE('',#1808,57.15);
#1808 = AXIS2_PLACEMENT_3D('',#1809,#1810,#1811);
#1809 = CARTESIAN_POINT('',(4.E+03,828.55,1.67145E+03));
#1810 = DIRECTION('',(0.,-1.,0.));
#1811 = DIRECTION('',(0.,0.,-1.));
#1812 = ADVANCED_FACE('',(#1813,#1816),#1827,.T.);
#1813 = FACE_BOUND('',#1814,.T.);
#1814 = EDGE_LOOP('',(#1815));
#1815 = ORIENTED_EDGE('',*,*,#1783,.T.);
#1816 = FACE_BOUND('',#1817,.T.);
#1817 = EDGE_LOOP('',(#1818));
#1818 = ORIENTED_EDGE('',*,*,#1819,.F.);
#1819 = EDGE_CURVE('',#1820,#1820,#1822,.T.);
#1820 = VERTEX_POINT('',#1821);
#1821 = CARTESIAN_POINT('',(4.E+03,28.55,1.61735E+03));
#1822 = CIRCLE('',#1823,54.1);
#1823 = AXIS2_PLACEMENT_3D('',#1824,#1825,#1826);
#1824 = CARTESIAN_POINT('',(4.E+03,28.55,1.67145E+03));
#1825 = DIRECTION('',(0.,-1.,0.));
#1826 = DIRECTION('',(0.,0.,-1.));
#1827 = PLANE('',#1828);
#1828 = AXIS2_PLACEMENT_3D('',#1829,#1830,#1831);
#1829 = CARTESIAN_POINT('',(4.E+03,28.55,1.67145E+03));
#1830 = DIRECTION('',(0.,-1.,0.));
#1831 = DIRECTION('',(0.,0.,-1.));
#1832 = ADVANCED_FACE('',(#1833,#1836),#1847,.F.);
#1833 = FACE_BOUND('',#1834,.F.);
#1834 = EDGE_LOOP('',(#1835));
#1835 = ORIENTED_EDGE('',*,*,#1800,.T.);
#1836 = FACE_BOUND('',#1837,.F.);
#1837 = EDGE_LOOP('',(#1838));
#1838 = ORIENTED_EDGE('',*,*,#1839,.F.);
#1839 = EDGE_CURVE('',#1840,#1840,#1842,.T.);
#1840 = VERTEX_POINT('',#1841);
#1841 = CARTESIAN_POINT('',(4.E+03,828.55,1.61735E+03));
#1842 = CIRCLE('',#1843,54.1);
#1843 = AXIS2_PLACEMENT_3D('',#1844,#1845,#1846);
#1844 = CARTESIAN_POINT('',(4.E+03,828.55,1.67145E+03));
#1845 = DIRECTION('',(0.,-1.,0.));
#1846 = DIRECTION('',(0.,0.,-1.));
#1847 = PLANE('',#1848);
#1848 = AXIS2_PLACEMENT_3D('',#1849,#1850,#1851);
#1849 = CARTESIAN_POINT('',(4.E+03,828.55,1.67145E+03));
#1850 = DIRECTION('',(0.,-1.,0.));
#1851 = DIRECTION('',(0.,0.,-1.));
#1852 = ADVANCED_FACE('',(#1853),#1864,.F.);
#1853 = FACE_BOUND('',#1854,.F.);
#1854 = EDGE_LOOP('',(#1855,#1856,#1862,#1863));
#1855 = ORIENTED_EDGE('',*,*,#1819,.F.);
#1856 = ORIENTED_EDGE('',*,*,#1857,.F.);
#1857 = EDGE_CURVE('',#1840,#1820,#1858,.T.);
#1858 = LINE('',#1859,#1860);
#1859 = CARTESIAN_POINT('',(4.E+03,828.55,1.61735E+03));
#1860 = VECTOR('',#1861,1.);
#1861 = DIRECTION('',(0.,-1.,0.));
#1862 = ORIENTED_EDGE('',*,*,#1839,.T.);
#1863 = ORIENTED_EDGE('',*,*,#1857,.T.);
#1864 = CYLINDRICAL_SURFACE('',#1865,54.1);
#1865 = AXIS2_PLACEMENT_3D('',#1866,#1867,#1868);
#1866 = CARTESIAN_POINT('',(4.E+03,828.55,1.67145E+03));
#1867 = DIRECTION('',(0.,-1.,0.));
#1868 = DIRECTION('',(0.,0.,-1.));
#1869 = MANIFOLD_SOLID_BREP('',#1870);
#1870 = CLOSED_SHELL('',(#1871,#1905,#1925,#1945));
#1871 = ADVANCED_FACE('',(#1872),#1900,.T.);
#1872 = FACE_BOUND('',#1873,.T.);
#1873 = EDGE_LOOP('',(#1874,#1885,#1892,#1893));
#1874 = ORIENTED_EDGE('',*,*,#1875,.T.);
#1875 = EDGE_CURVE('',#1876,#1878,#1880,.T.);
#1876 = VERTEX_POINT('',#1877);
#1877 = CARTESIAN_POINT('',(4.05715E+03,28.55,1.67145E+03));
#1878 = VERTEX_POINT('',#1879);
#1879 = CARTESIAN_POINT('',(4.05715E+03,-142.9,1.8429E+03));
#1880 = CIRCLE('',#1881,171.45);
#1881 = AXIS2_PLACEMENT_3D('',#1882,#1883,#1884);
#1882 = CARTESIAN_POINT('',(4.05715E+03,28.55,1.8429E+03));
#1883 = DIRECTION('',(-1.,-0.,0.));
#1884 = DIRECTION('',(0.,-4.558746044538E-16,-1.));
#1885 = ORIENTED_EDGE('',*,*,#1886,.T.);
#1886 = EDGE_CURVE('',#1878,#1878,#1887,.T.);
#1887 = CIRCLE('',#1888,57.15);
#1888 = AXIS2_PLACEMENT_3D('',#1889,#1890,#1891);
#1889 = CARTESIAN_POINT('',(4.E+03,-142.9,1.8429E+03));
#1890 = DIRECTION('',(0.,4.944694535359E-17,-1.));
#1891 = DIRECTION('',(0.,-1.,-4.944694535359E-17));
#1892 = ORIENTED_EDGE('',*,*,#1875,.F.);
#1893 = ORIENTED_EDGE('',*,*,#1894,.F.);
#1894 = EDGE_CURVE('',#1876,#1876,#1895,.T.);
#1895 = CIRCLE('',#1896,57.15);
#1896 = AXIS2_PLACEMENT_3D('',#1897,#1898,#1899);
#1897 = CARTESIAN_POINT('',(4.E+03,28.55,1.67145E+03));
#1898 = DIRECTION('',(0.,1.,-4.558746044538E-16));
#1899 = DIRECTION('',(0.,-4.558746044538E-16,-1.));
#1900 = TOROIDAL_SURFACE('',#1901,171.45,57.15);
#1901 = AXIS2_PLACEMENT_3D('',#1902,#1903,#1904);
#1902 = CARTESIAN_POINT('',(4.E+03,28.55,1.8429E+03));
#1903 = DIRECTION('',(-1.,0.,0.));
#1904 = DIRECTION('',(0.,-4.558746044538E-16,-1.));
#1905 = ADVANCED_FACE('',(#1906,#1909),#1920,.F.);
#1906 = FACE_BOUND('',#1907,.F.);
#1907 = EDGE_LOOP('',(#1908));
#1908 = ORIENTED_EDGE('',*,*,#1894,.F.);
#1909 = FACE_BOUND('',#1910,.F.);
#1910 = EDGE_LOOP('',(#1911));
#1911 = ORIENTED_EDGE('',*,*,#1912,.T.);
#1912 = EDGE_CURVE('',#1913,#1913,#1915,.T.);
#1913 = VERTEX_POINT('',#1914);
#1914 = CARTESIAN_POINT('',(4.0541E+03,28.55,1.67145E+03));
#1915 = CIRCLE('',#1916,54.1);
#1916 = AXIS2_PLACEMENT_3D('',#1917,#1918,#1919);
#1917 = CARTESIAN_POINT('',(4.E+03,28.55,1.67145E+03));
#1918 = DIRECTION('',(0.,1.,-4.558746044538E-16));
#1919 = DIRECTION('',(0.,-4.558746044538E-16,-1.));
#1920 = PLANE('',#1921);
#1921 = AXIS2_PLACEMENT_3D('',#1922,#1923,#1924);
#1922 = CARTESIAN_POINT('',(4.E+03,28.55,1.67145E+03));
#1923 = DIRECTION('',(0.,-1.,4.306898055242E-16));
#1924 = DIRECTION('',(0.,-4.306898055242E-16,-1.));
#1925 = ADVANCED_FACE('',(#1926,#1929),#1940,.T.);
#1926 = FACE_BOUND('',#1927,.T.);
#1927 = EDGE_LOOP('',(#1928));
#1928 = ORIENTED_EDGE('',*,*,#1886,.F.);
#1929 = FACE_BOUND('',#1930,.T.);
#1930 = EDGE_LOOP('',(#1931));
#1931 = ORIENTED_EDGE('',*,*,#1932,.T.);
#1932 = EDGE_CURVE('',#1933,#1933,#1935,.T.);
#1933 = VERTEX_POINT('',#1934);
#1934 = CARTESIAN_POINT('',(4.0541E+03,-142.9,1.8429E+03));
#1935 = CIRCLE('',#1936,54.1);
#1936 = AXIS2_PLACEMENT_3D('',#1937,#1938,#1939);
#1937 = CARTESIAN_POINT('',(4.E+03,-142.9,1.8429E+03));
#1938 = DIRECTION('',(0.,4.944694535359E-17,-1.));
#1939 = DIRECTION('',(0.,-1.,-4.944694535359E-17));
#1940 = PLANE('',#1941);
#1941 = AXIS2_PLACEMENT_3D('',#1942,#1943,#1944);
#1942 = CARTESIAN_POINT('',(4.E+03,-142.9,1.8429E+03));
#1943 = DIRECTION('',(0.,0.,1.));
#1944 = DIRECTION('',(1.,0.,0.));
#1945 = ADVANCED_FACE('',(#1946),#1958,.F.);
#1946 = FACE_BOUND('',#1947,.F.);
#1947 = EDGE_LOOP('',(#1948,#1955,#1956,#1957));
#1948 = ORIENTED_EDGE('',*,*,#1949,.T.);
#1949 = EDGE_CURVE('',#1913,#1933,#1950,.T.);
#1950 = CIRCLE('',#1951,171.45);
#1951 = AXIS2_PLACEMENT_3D('',#1952,#1953,#1954);
#1952 = CARTESIAN_POINT('',(4.0541E+03,28.55,1.8429E+03));
#1953 = DIRECTION('',(-1.,-0.,0.));
#1954 = DIRECTION('',(0.,-4.558746044538E-16,-1.));
#1955 = ORIENTED_EDGE('',*,*,#1932,.T.);
#1956 = ORIENTED_EDGE('',*,*,#1949,.F.);
#1957 = ORIENTED_EDGE('',*,*,#1912,.F.);
#1958 = TOROIDAL_SURFACE('',#1959,171.45,54.1);
#1959 = AXIS2_PLACEMENT_3D('',#1960,#1961,#1962);
#1960 = CARTESIAN_POINT('',(4.E+03,28.55,1.8429E+03));
#1961 = DIRECTION('',(-1.,0.,0.));
#1962 = DIRECTION('',(0.,-4.558746044538E-16,-1.));
#1963 = MANIFOLD_SOLID_BREP('',#1964);
#1964 = CLOSED_SHELL('',(#1965,#1998,#2018,#2038));
#1965 = ADVANCED_FACE('',(#1966),#1993,.T.);
#1966 = FACE_BOUND('',#1967,.T.);
#1967 = EDGE_LOOP('',(#1968,#1977,#1985,#1992));
#1968 = ORIENTED_EDGE('',*,*,#1969,.F.);
#1969 = EDGE_CURVE('',#1970,#1970,#1972,.T.);
#1970 = VERTEX_POINT('',#1971);
#1971 = CARTESIAN_POINT('',(4.05715E+03,-142.9,2.3429E+03));
#1972 = CIRCLE('',#1973,57.15);
#1973 = AXIS2_PLACEMENT_3D('',#1974,#1975,#1976);
#1974 = CARTESIAN_POINT('',(4.E+03,-142.9,2.3429E+03));
#1975 = DIRECTION('',(0.,0.,1.));
#1976 = DIRECTION('',(1.,0.,0.));
#1977 = ORIENTED_EDGE('',*,*,#1978,.F.);
#1978 = EDGE_CURVE('',#1979,#1970,#1981,.T.);
#1979 = VERTEX_POINT('',#1980);
#1980 = CARTESIAN_POINT('',(4.05715E+03,-142.9,1.8429E+03));
#1981 = LINE('',#1982,#1983);
#1982 = CARTESIAN_POINT('',(4.05715E+03,-142.9,1.8429E+03));
#1983 = VECTOR('',#1984,1.);
#1984 = DIRECTION('',(0.,0.,1.));
#1985 = ORIENTED_EDGE('',*,*,#1986,.T.);
#1986 = EDGE_CURVE('',#1979,#1979,#1987,.T.);
#1987 = CIRCLE('',#1988,57.15);
#1988 = AXIS2_PLACEMENT_3D('',#1989,#1990,#1991);
#1989 = CARTESIAN_POINT('',(4.E+03,-142.9,1.8429E+03));
#1990 = DIRECTION('',(0.,0.,1.));
#1991 = DIRECTION('',(1.,0.,0.));
#1992 = ORIENTED_EDGE('',*,*,#1978,.T.);
#1993 = CYLINDRICAL_SURFACE('',#1994,57.15);
#1994 = AXIS2_PLACEMENT_3D('',#1995,#1996,#1997);
#1995 = CARTESIAN_POINT('',(4.E+03,-142.9,1.8429E+03));
#1996 = DIRECTION('',(0.,0.,1.));
#1997 = DIRECTION('',(1.,0.,0.));
#1998 = ADVANCED_FACE('',(#1999,#2002),#2013,.T.);
#1999 = FACE_BOUND('',#2000,.T.);
#2000 = EDGE_LOOP('',(#2001));
#2001 = ORIENTED_EDGE('',*,*,#1969,.T.);
#2002 = FACE_BOUND('',#2003,.T.);
#2003 = EDGE_LOOP('',(#2004));
#2004 = ORIENTED_EDGE('',*,*,#2005,.F.);
#2005 = EDGE_CURVE('',#2006,#2006,#2008,.T.);
#2006 = VERTEX_POINT('',#2007);
#2007 = CARTESIAN_POINT('',(4.0541E+03,-142.9,2.3429E+03));
#2008 = CIRCLE('',#2009,54.1);
#2009 = AXIS2_PLACEMENT_3D('',#2010,#2011,#2012);
#2010 = CARTESIAN_POINT('',(4.E+03,-142.9,2.3429E+03));
#2011 = DIRECTION('',(0.,0.,1.));
#2012 = DIRECTION('',(1.,0.,0.));
#2013 = PLANE('',#2014);
#2014 = AXIS2_PLACEMENT_3D('',#2015,#2016,#2017);
#2015 = CARTESIAN_POINT('',(4.E+03,-142.9,2.3429E+03));
#2016 = DIRECTION('',(0.,0.,1.));
#2017 = DIRECTION('',(1.,0.,0.));
#2018 = ADVANCED_FACE('',(#2019,#2022),#2033,.F.);
#2019 = FACE_BOUND('',#2020,.F.);
#2020 = EDGE_LOOP('',(#2021));
#2021 = ORIENTED_EDGE('',*,*,#1986,.T.);
#2022 = FACE_BOUND('',#2023,.F.);
#2023 = EDGE_LOOP('',(#2024));
#2024 = ORIENTED_EDGE('',*,*,#2025,.F.);
#2025 = EDGE_CURVE('',#2026,#2026,#2028,.T.);
#2026 = VERTEX_POINT('',#2027);
#2027 = CARTESIAN_POINT('',(4.0541E+03,-142.9,1.8429E+03));
#2028 = CIRCLE('',#2029,54.1);
#2029 = AXIS2_PLACEMENT_3D('',#2030,#2031,#2032);
#2030 = CARTESIAN_POINT('',(4.E+03,-142.9,1.8429E+03));
#2031 = DIRECTION('',(0.,0.,1.));
#2032 = DIRECTION('',(1.,0.,0.));
#2033 = PLANE('',#2034);
#2034 = AXIS2_PLACEMENT_3D('',#2035,#2036,#2037);
#2035 = CARTESIAN_POINT('',(4.E+03,-142.9,1.8429E+03));
#2036 = DIRECTION('',(0.,0.,1.));
#2037 = DIRECTION('',(1.,0.,0.));
#2038 = ADVANCED_FACE('',(#2039),#2050,.F.);
#2039 = FACE_BOUND('',#2040,.F.);
#2040 = EDGE_LOOP('',(#2041,#2042,#2048,#2049));
#2041 = ORIENTED_EDGE('',*,*,#2005,.F.);
#2042 = ORIENTED_EDGE('',*,*,#2043,.F.);
#2043 = EDGE_CURVE('',#2026,#2006,#2044,.T.);
#2044 = LINE('',#2045,#2046);
#2045 = CARTESIAN_POINT('',(4.0541E+03,-142.9,1.8429E+03));
#2046 = VECTOR('',#2047,1.);
#2047 = DIRECTION('',(0.,0.,1.));
#2048 = ORIENTED_EDGE('',*,*,#2025,.T.);
#2049 = ORIENTED_EDGE('',*,*,#2043,.T.);
#2050 = CYLINDRICAL_SURFACE('',#2051,54.1);
#2051 = AXIS2_PLACEMENT_3D('',#2052,#2053,#2054);
#2052 = CARTESIAN_POINT('',(4.E+03,-142.9,1.8429E+03));
#2053 = DIRECTION('',(0.,0.,1.));
#2054 = DIRECTION('',(1.,0.,0.));
#2055 = MANIFOLD_SOLID_BREP('',#2056);
#2056 = CLOSED_SHELL('',(#2057,#2090,#2110,#2130));
#2057 = ADVANCED_FACE('',(#2058),#2085,.T.);
#2058 = FACE_BOUND('',#2059,.T.);
#2059 = EDGE_LOOP('',(#2060,#2069,#2077,#2084));
#2060 = ORIENTED_EDGE('',*,*,#2061,.F.);
#2061 = EDGE_CURVE('',#2062,#2062,#2064,.T.);
#2062 = VERTEX_POINT('',#2063);
#2063 = CARTESIAN_POINT('',(5.94285E+03,-1.399771291425E-14,2.5E+03));
#2064 = CIRCLE('',#2065,57.15);
#2065 = AXIS2_PLACEMENT_3D('',#2066,#2067,#2068);
#2066 = CARTESIAN_POINT('',(6.E+03,0.,2.5E+03));
#2067 = DIRECTION('',(0.,0.,-1.));
#2068 = DIRECTION('',(-1.,0.,0.));
#2069 = ORIENTED_EDGE('',*,*,#2070,.F.);
#2070 = EDGE_CURVE('',#2071,#2062,#2073,.T.);
#2071 = VERTEX_POINT('',#2072);
#2072 = CARTESIAN_POINT('',(5.94285E+03,-1.399771291425E-14,3.E+03));
#2073 = LINE('',#2074,#2075);
#2074 = CARTESIAN_POINT('',(5.94285E+03,-1.399771291425E-14,3.E+03));
#2075 = VECTOR('',#2076,1.);
#2076 = DIRECTION('',(0.,0.,-1.));
#2077 = ORIENTED_EDGE('',*,*,#2078,.T.);
#2078 = EDGE_CURVE('',#2071,#2071,#2079,.T.);
#2079 = CIRCLE('',#2080,57.15);
#2080 = AXIS2_PLACEMENT_3D('',#2081,#2082,#2083);
#2081 = CARTESIAN_POINT('',(6.E+03,0.,3.E+03));
#2082 = DIRECTION('',(0.,0.,-1.));
#2083 = DIRECTION('',(-1.,0.,0.));
#2084 = ORIENTED_EDGE('',*,*,#2070,.T.);
#2085 = CYLINDRICAL_SURFACE('',#2086,57.15);
#2086 = AXIS2_PLACEMENT_3D('',#2087,#2088,#2089);
#2087 = CARTESIAN_POINT('',(6.E+03,0.,3.E+03));
#2088 = DIRECTION('',(0.,0.,-1.));
#2089 = DIRECTION('',(-1.,0.,0.));
#2090 = ADVANCED_FACE('',(#2091,#2094),#2105,.T.);
#2091 = FACE_BOUND('',#2092,.T.);
#2092 = EDGE_LOOP('',(#2093));
#2093 = ORIENTED_EDGE('',*,*,#2061,.T.);
#2094 = FACE_BOUND('',#2095,.T.);
#2095 = EDGE_LOOP('',(#2096));
#2096 = ORIENTED_EDGE('',*,*,#2097,.F.);
#2097 = EDGE_CURVE('',#2098,#2098,#2100,.T.);
#2098 = VERTEX_POINT('',#2099);
#2099 = CARTESIAN_POINT('',(5.9459E+03,-1.325067836677E-14,2.5E+03));
#2100 = CIRCLE('',#2101,54.1);
#2101 = AXIS2_PLACEMENT_3D('',#2102,#2103,#2104);
#2102 = CARTESIAN_POINT('',(6.E+03,0.,2.5E+03));
#2103 = DIRECTION('',(0.,0.,-1.));
#2104 = DIRECTION('',(-1.,0.,0.));
#2105 = PLANE('',#2106);
#2106 = AXIS2_PLACEMENT_3D('',#2107,#2108,#2109);
#2107 = CARTESIAN_POINT('',(6.E+03,0.,2.5E+03));
#2108 = DIRECTION('',(0.,0.,-1.));
#2109 = DIRECTION('',(-1.,0.,0.));
#2110 = ADVANCED_FACE('',(#2111,#2114),#2125,.F.);
#2111 = FACE_BOUND('',#2112,.F.);
#2112 = EDGE_LOOP('',(#2113));
#2113 = ORIENTED_EDGE('',*,*,#2078,.T.);
#2114 = FACE_BOUND('',#2115,.F.);
#2115 = EDGE_LOOP('',(#2116));
#2116 = ORIENTED_EDGE('',*,*,#2117,.F.);
#2117 = EDGE_CURVE('',#2118,#2118,#2120,.T.);
#2118 = VERTEX_POINT('',#2119);
#2119 = CARTESIAN_POINT('',(5.9459E+03,-1.325067836677E-14,3.E+03));
#2120 = CIRCLE('',#2121,54.1);
#2121 = AXIS2_PLACEMENT_3D('',#2122,#2123,#2124);
#2122 = CARTESIAN_POINT('',(6.E+03,0.,3.E+03));
#2123 = DIRECTION('',(0.,0.,-1.));
#2124 = DIRECTION('',(-1.,0.,0.));
#2125 = PLANE('',#2126);
#2126 = AXIS2_PLACEMENT_3D('',#2127,#2128,#2129);
#2127 = CARTESIAN_POINT('',(6.E+03,0.,3.E+03));
#2128 = DIRECTION('',(0.,0.,-1.));
#2129 = DIRECTION('',(-1.,0.,0.));
#2130 = ADVANCED_FACE('',(#2131),#2142,.F.);
#2131 = FACE_BOUND('',#2132,.F.);
#2132 = EDGE_LOOP('',(#2133,#2134,#2140,#2141));
#2133 = ORIENTED_EDGE('',*,*,#2097,.F.);
#2134 = ORIENTED_EDGE('',*,*,#2135,.F.);
#2135 = EDGE_CURVE('',#2118,#2098,#2136,.T.);
#2136 = LINE('',#2137,#2138);
#2137 = CARTESIAN_POINT('',(5.9459E+03,-1.325067836677E-14,3.E+03));
#2138 = VECTOR('',#2139,1.);
#2139 = DIRECTION('',(0.,0.,-1.));
#2140 = ORIENTED_EDGE('',*,*,#2117,.T.);
#2141 = ORIENTED_EDGE('',*,*,#2135,.T.);
#2142 = CYLINDRICAL_SURFACE('',#2143,54.1);
#2143 = AXIS2_PLACEMENT_3D('',#2144,#2145,#2146);
#2144 = CARTESIAN_POINT('',(6.E+03,0.,3.E+03));
#2145 = DIRECTION('',(0.,0.,-1.));
#2146 = DIRECTION('',(-1.,0.,0.));
#2147 = MANIFOLD_SOLID_BREP('',#2148);
#2148 = CLOSED_SHELL('',(#2149,#2183,#2203,#2223));
#2149 = ADVANCED_FACE('',(#2150),#2178,.T.);
#2150 = FACE_BOUND('',#2151,.T.);
#2151 = EDGE_LOOP('',(#2152,#2163,#2170,#2171));
#2152 = ORIENTED_EDGE('',*,*,#2153,.T.);
#2153 = EDGE_CURVE('',#2154,#2156,#2158,.T.);
#2154 = VERTEX_POINT('',#2155);
#2155 = CARTESIAN_POINT('',(6.05715E+03,0.,2.5E+03));
#2156 = VERTEX_POINT('',#2157);
#2157 = CARTESIAN_POINT('',(6.05715E+03,171.45,2.32855E+03));
#2158 = CIRCLE('',#2159,171.45);
#2159 = AXIS2_PLACEMENT_3D('',#2160,#2161,#2162);
#2160 = CARTESIAN_POINT('',(6.05715E+03,171.45,2.5E+03));
#2161 = DIRECTION('',(1.,0.,0.));
#2162 = DIRECTION('',(0.,-1.,-2.652361335004E-15));
#2163 = ORIENTED_EDGE('',*,*,#2164,.T.);
#2164 = EDGE_CURVE('',#2156,#2156,#2165,.T.);
#2165 = CIRCLE('',#2166,57.15);
#2166 = AXIS2_PLACEMENT_3D('',#2167,#2168,#2169);
#2167 = CARTESIAN_POINT('',(6.E+03,171.45,2.32855E+03));
#2168 = DIRECTION('',(0.,-1.,1.627718498529E-15));
#2169 = DIRECTION('',(0.,-1.627718498529E-15,-1.));
#2170 = ORIENTED_EDGE('',*,*,#2153,.F.);
#2171 = ORIENTED_EDGE('',*,*,#2172,.F.);
#2172 = EDGE_CURVE('',#2154,#2154,#2173,.T.);
#2173 = CIRCLE('',#2174,57.15);
#2174 = AXIS2_PLACEMENT_3D('',#2175,#2176,#2177);
#2175 = CARTESIAN_POINT('',(6.E+03,0.,2.5E+03));
#2176 = DIRECTION('',(0.,-2.652361335004E-15,1.));
#2177 = DIRECTION('',(0.,-1.,-2.652361335004E-15));
#2178 = TOROIDAL_SURFACE('',#2179,171.45,57.15);
#2179 = AXIS2_PLACEMENT_3D('',#2180,#2181,#2182);
#2180 = CARTESIAN_POINT('',(6.E+03,171.45,2.5E+03));
#2181 = DIRECTION('',(1.,0.,0.));
#2182 = DIRECTION('',(0.,-1.,-2.652361335004E-15));
#2183 = ADVANCED_FACE('',(#2184,#2187),#2198,.F.);
#2184 = FACE_BOUND('',#2185,.F.);
#2185 = EDGE_LOOP('',(#2186));
#2186 = ORIENTED_EDGE('',*,*,#2172,.F.);
#2187 = FACE_BOUND('',#2188,.F.);
#2188 = EDGE_LOOP('',(#2189));
#2189 = ORIENTED_EDGE('',*,*,#2190,.T.);
#2190 = EDGE_CURVE('',#2191,#2191,#2193,.T.);
#2191 = VERTEX_POINT('',#2192);
#2192 = CARTESIAN_POINT('',(6.0541E+03,0.,2.5E+03));
#2193 = CIRCLE('',#2194,54.1);
#2194 = AXIS2_PLACEMENT_3D('',#2195,#2196,#2197);
#2195 = CARTESIAN_POINT('',(6.E+03,0.,2.5E+03));
#2196 = DIRECTION('',(0.,-2.652361335004E-15,1.));
#2197 = DIRECTION('',(0.,-1.,-2.652361335004E-15));
#2198 = PLANE('',#2199);
#2199 = AXIS2_PLACEMENT_3D('',#2200,#2201,#2202);
#2200 = CARTESIAN_POINT('',(6.E+03,7.756570297524E-15,2.5E+03));
#2201 = DIRECTION('',(-0.,-0.,-1.));
#2202 = DIRECTION('',(-1.,0.,0.));
#2203 = ADVANCED_FACE('',(#2204,#2207),#2218,.T.);
#2204 = FACE_BOUND('',#2205,.T.);
#2205 = EDGE_LOOP('',(#2206));
#2206 = ORIENTED_EDGE('',*,*,#2164,.F.);
#2207 = FACE_BOUND('',#2208,.T.);
#2208 = EDGE_LOOP('',(#2209));
#2209 = ORIENTED_EDGE('',*,*,#2210,.T.);
#2210 = EDGE_CURVE('',#2211,#2211,#2213,.T.);
#2211 = VERTEX_POINT('',#2212);
#2212 = CARTESIAN_POINT('',(6.0541E+03,171.45,2.32855E+03));
#2213 = CIRCLE('',#2214,54.1);
#2214 = AXIS2_PLACEMENT_3D('',#2215,#2216,#2217);
#2215 = CARTESIAN_POINT('',(6.E+03,171.45,2.32855E+03));
#2216 = DIRECTION('',(0.,-1.,1.627718498529E-15));
#2217 = DIRECTION('',(0.,-1.627718498529E-15,-1.));
#2218 = PLANE('',#2219);
#2219 = AXIS2_PLACEMENT_3D('',#2220,#2221,#2222);
#2220 = CARTESIAN_POINT('',(6.E+03,171.45,2.32855E+03));
#2221 = DIRECTION('',(0.,1.,-1.722759222097E-15));
#2222 = DIRECTION('',(0.,1.722759222097E-15,1.));
#2223 = ADVANCED_FACE('',(#2224),#2236,.F.);
#2224 = FACE_BOUND('',#2225,.F.);
#2225 = EDGE_LOOP('',(#2226,#2233,#2234,#2235));
#2226 = ORIENTED_EDGE('',*,*,#2227,.T.);
#2227 = EDGE_CURVE('',#2191,#2211,#2228,.T.);
#2228 = CIRCLE('',#2229,171.45);
#2229 = AXIS2_PLACEMENT_3D('',#2230,#2231,#2232);
#2230 = CARTESIAN_POINT('',(6.0541E+03,171.45,2.5E+03));
#2231 = DIRECTION('',(1.,0.,0.));
#2232 = DIRECTION('',(0.,-1.,-2.652361335004E-15));
#2233 = ORIENTED_EDGE('',*,*,#2210,.T.);
#2234 = ORIENTED_EDGE('',*,*,#2227,.F.);
#2235 = ORIENTED_EDGE('',*,*,#2190,.F.);
#2236 = TOROIDAL_SURFACE('',#2237,171.45,54.1);
#2237 = AXIS2_PLACEMENT_3D('',#2238,#2239,#2240);
#2238 = CARTESIAN_POINT('',(6.E+03,171.45,2.5E+03));
#2239 = DIRECTION('',(1.,0.,0.));
#2240 = DIRECTION('',(0.,-1.,-2.652361335004E-15));
#2241 = MANIFOLD_SOLID_BREP('',#2242);
#2242 = CLOSED_SHELL('',(#2243,#2276,#2296,#2316));
#2243 = ADVANCED_FACE('',(#2244),#2271,.T.);
#2244 = FACE_BOUND('',#2245,.T.);
#2245 = EDGE_LOOP('',(#2246,#2255,#2263,#2270));
#2246 = ORIENTED_EDGE('',*,*,#2247,.F.);
#2247 = EDGE_CURVE('',#2248,#2248,#2250,.T.);
#2248 = VERTEX_POINT('',#2249);
#2249 = CARTESIAN_POINT('',(6.E+03,971.45,2.3857E+03));
#2250 = CIRCLE('',#2251,57.15);
#2251 = AXIS2_PLACEMENT_3D('',#2252,#2253,#2254);
#2252 = CARTESIAN_POINT('',(6.E+03,971.45,2.32855E+03));
#2253 = DIRECTION('',(0.,1.,0.));
#2254 = DIRECTION('',(0.,0.,1.));
#2255 = ORIENTED_EDGE('',*,*,#2256,.F.);
#2256 = EDGE_CURVE('',#2257,#2248,#2259,.T.);
#2257 = VERTEX_POINT('',#2258);
#2258 = CARTESIAN_POINT('',(6.E+03,171.45,2.3857E+03));
#2259 = LINE('',#2260,#2261);
#2260 = CARTESIAN_POINT('',(6.E+03,171.45,2.3857E+03));
#2261 = VECTOR('',#2262,1.);
#2262 = DIRECTION('',(0.,1.,0.));
#2263 = ORIENTED_EDGE('',*,*,#2264,.T.);
#2264 = EDGE_CURVE('',#2257,#2257,#2265,.T.);
#2265 = CIRCLE('',#2266,57.15);
#2266 = AXIS2_PLACEMENT_3D('',#2267,#2268,#2269);
#2267 = CARTESIAN_POINT('',(6.E+03,171.45,2.32855E+03));
#2268 = DIRECTION('',(0.,1.,0.));
#2269 = DIRECTION('',(0.,0.,1.));
#2270 = ORIENTED_EDGE('',*,*,#2256,.T.);
#2271 = CYLINDRICAL_SURFACE('',#2272,57.15);
#2272 = AXIS2_PLACEMENT_3D('',#2273,#2274,#2275);
#2273 = CARTESIAN_POINT('',(6.E+03,171.45,2.32855E+03));
#2274 = DIRECTION('',(0.,1.,0.));
#2275 = DIRECTION('',(0.,0.,1.));
#2276 = ADVANCED_FACE('',(#2277,#2280),#2291,.T.);
#2277 = FACE_BOUND('',#2278,.T.);
#2278 = EDGE_LOOP('',(#2279));
#2279 = ORIENTED_EDGE('',*,*,#2247,.T.);
#2280 = FACE_BOUND('',#2281,.T.);
#2281 = EDGE_LOOP('',(#2282));
#2282 = ORIENTED_EDGE('',*,*,#2283,.F.);
#2283 = EDGE_CURVE('',#2284,#2284,#2286,.T.);
#2284 = VERTEX_POINT('',#2285);
#2285 = CARTESIAN_POINT('',(6.E+03,971.45,2.38265E+03));
#2286 = CIRCLE('',#2287,54.1);
#2287 = AXIS2_PLACEMENT_3D('',#2288,#2289,#2290);
#2288 = CARTESIAN_POINT('',(6.E+03,971.45,2.32855E+03));
#2289 = DIRECTION('',(0.,1.,0.));
#2290 = DIRECTION('',(0.,0.,1.));
#2291 = PLANE('',#2292);
#2292 = AXIS2_PLACEMENT_3D('',#2293,#2294,#2295);
#2293 = CARTESIAN_POINT('',(6.E+03,971.45,2.32855E+03));
#2294 = DIRECTION('',(0.,1.,0.));
#2295 = DIRECTION('',(0.,0.,1.));
#2296 = ADVANCED_FACE('',(#2297,#2300),#2311,.F.);
#2297 = FACE_BOUND('',#2298,.F.);
#2298 = EDGE_LOOP('',(#2299));
#2299 = ORIENTED_EDGE('',*,*,#2264,.T.);
#2300 = FACE_BOUND('',#2301,.F.);
#2301 = EDGE_LOOP('',(#2302));
#2302 = ORIENTED_EDGE('',*,*,#2303,.F.);
#2303 = EDGE_CURVE('',#2304,#2304,#2306,.T.);
#2304 = VERTEX_POINT('',#2305);
#2305 = CARTESIAN_POINT('',(6.E+03,171.45,2.38265E+03));
#2306 = CIRCLE('',#2307,54.1);
#2307 = AXIS2_PLACEMENT_3D('',#2308,#2309,#2310);
#2308 = CARTESIAN_POINT('',(6.E+03,171.45,2.32855E+03));
#2309 = DIRECTION('',(0.,1.,0.));
#2310 = DIRECTION('',(0.,0.,1.));
#2311 = PLANE('',#2312);
#2312 = AXIS2_PLACEMENT_3D('',#2313,#2314,#2315);
#2313 = CARTESIAN_POINT('',(6.E+03,171.45,2.32855E+03));
#2314 = DIRECTION('',(0.,1.,0.));
#2315 = DIRECTION('',(0.,0.,1.));
#2316 = ADVANCED_FACE('',(#2317),#2328,.F.);
#2317 = FACE_BOUND('',#2318,.F.);
#2318 = EDGE_LOOP('',(#2319,#2320,#2326,#2327));
#2319 = ORIENTED_EDGE('',*,*,#2283,.F.);
#2320 = ORIENTED_EDGE('',*,*,#2321,.F.);
#2321 = EDGE_CURVE('',#2304,#2284,#2322,.T.);
#2322 = LINE('',#2323,#2324);
#2323 = CARTESIAN_POINT('',(6.E+03,171.45,2.38265E+03));
#2324 = VECTOR('',#2325,1.);
#2325 = DIRECTION('',(0.,1.,0.));
#2326 = ORIENTED_EDGE('',*,*,#2303,.T.);
#2327 = ORIENTED_EDGE('',*,*,#2321,.T.);
#2328 = CYLINDRICAL_SURFACE('',#2329,54.1);
#2329 = AXIS2_PLACEMENT_3D('',#2330,#2331,#2332);
#2330 = CARTESIAN_POINT('',(6.E+03,171.45,2.32855E+03));
#2331 = DIRECTION('',(0.,1.,0.));
#2332 = DIRECTION('',(0.,0.,1.));
#2333 = MANIFOLD_SOLID_BREP('',#2334);
#2334 = CLOSED_SHELL('',(#2335,#2369,#2389,#2409));
#2335 = ADVANCED_FACE('',(#2336),#2364,.T.);
#2336 = FACE_BOUND('',#2337,.T.);
#2337 = EDGE_LOOP('',(#2338,#2349,#2356,#2357));
#2338 = ORIENTED_EDGE('',*,*,#2339,.T.);
#2339 = EDGE_CURVE('',#2340,#2342,#2344,.T.);
#2340 = VERTEX_POINT('',#2341);
#2341 = CARTESIAN_POINT('',(6.05715E+03,971.45,2.32855E+03));
#2342 = VERTEX_POINT('',#2343);
#2343 = CARTESIAN_POINT('',(6.05715E+03,1.1429E+03,2.1571E+03));
#2344 = CIRCLE('',#2345,171.45);
#2345 = AXIS2_PLACEMENT_3D('',#2346,#2347,#2348);
#2346 = CARTESIAN_POINT('',(6.05715E+03,971.44999999999,2.1571E+03));
#2347 = DIRECTION('',(-1.,0.,0.));
#2348 = DIRECTION('',(0.,3.315451668755E-15,1.));
#2349 = ORIENTED_EDGE('',*,*,#2350,.T.);
#2350 = EDGE_CURVE('',#2342,#2342,#2351,.T.);
#2351 = CIRCLE('',#2352,57.15);
#2352 = AXIS2_PLACEMENT_3D('',#2353,#2354,#2355);
#2353 = CARTESIAN_POINT('',(6.E+03,1.1429E+03,2.1571E+03));
#2354 = DIRECTION('',(0.,-5.405520263278E-15,1.));
#2355 = DIRECTION('',(0.,1.,5.405520263278E-15));
#2356 = ORIENTED_EDGE('',*,*,#2339,.F.);
#2357 = ORIENTED_EDGE('',*,*,#2358,.F.);
#2358 = EDGE_CURVE('',#2340,#2340,#2359,.T.);
#2359 = CIRCLE('',#2360,57.15);
#2360 = AXIS2_PLACEMENT_3D('',#2361,#2362,#2363);
#2361 = CARTESIAN_POINT('',(6.E+03,971.45,2.32855E+03));
#2362 = DIRECTION('',(0.,-1.,3.315451668755E-15));
#2363 = DIRECTION('',(0.,3.315451668755E-15,1.));
#2364 = TOROIDAL_SURFACE('',#2365,171.45,57.15);
#2365 = AXIS2_PLACEMENT_3D('',#2366,#2367,#2368);
#2366 = CARTESIAN_POINT('',(6.E+03,971.44999999999,2.1571E+03));
#2367 = DIRECTION('',(-1.,0.,0.));
#2368 = DIRECTION('',(0.,3.315451668755E-15,1.));
#2369 = ADVANCED_FACE('',(#2370,#2373),#2384,.F.);
#2370 = FACE_BOUND('',#2371,.F.);
#2371 = EDGE_LOOP('',(#2372));
#2372 = ORIENTED_EDGE('',*,*,#2358,.F.);
#2373 = FACE_BOUND('',#2374,.F.);
#2374 = EDGE_LOOP('',(#2375));
#2375 = ORIENTED_EDGE('',*,*,#2376,.T.);
#2376 = EDGE_CURVE('',#2377,#2377,#2379,.T.);
#2377 = VERTEX_POINT('',#2378);
#2378 = CARTESIAN_POINT('',(6.0541E+03,971.45,2.32855E+03));
#2379 = CIRCLE('',#2380,54.1);
#2380 = AXIS2_PLACEMENT_3D('',#2381,#2382,#2383);
#2381 = CARTESIAN_POINT('',(6.E+03,971.45,2.32855E+03));
#2382 = DIRECTION('',(0.,-1.,3.315451668755E-15));
#2383 = DIRECTION('',(0.,3.315451668755E-15,1.));
#2384 = PLANE('',#2385);
#2385 = AXIS2_PLACEMENT_3D('',#2386,#2387,#2388);
#2386 = CARTESIAN_POINT('',(6.E+03,971.45,2.32855E+03));
#2387 = DIRECTION('',(0.,1.,-2.297012296129E-15));
#2388 = DIRECTION('',(0.,2.297012296129E-15,1.));
#2389 = ADVANCED_FACE('',(#2390,#2393),#2404,.T.);
#2390 = FACE_BOUND('',#2391,.T.);
#2391 = EDGE_LOOP('',(#2392));
#2392 = ORIENTED_EDGE('',*,*,#2350,.F.);
#2393 = FACE_BOUND('',#2394,.T.);
#2394 = EDGE_LOOP('',(#2395));
#2395 = ORIENTED_EDGE('',*,*,#2396,.T.);
#2396 = EDGE_CURVE('',#2397,#2397,#2399,.T.);
#2397 = VERTEX_POINT('',#2398);
#2398 = CARTESIAN_POINT('',(6.0541E+03,1.1429E+03,2.1571E+03));
#2399 = CIRCLE('',#2400,54.1);
#2400 = AXIS2_PLACEMENT_3D('',#2401,#2402,#2403);
#2401 = CARTESIAN_POINT('',(6.E+03,1.1429E+03,2.1571E+03));
#2402 = DIRECTION('',(0.,-5.405520263278E-15,1.));
#2403 = DIRECTION('',(0.,1.,5.405520263278E-15));
#2404 = PLANE('',#2405);
#2405 = AXIS2_PLACEMENT_3D('',#2406,#2407,#2408);
#2406 = CARTESIAN_POINT('',(6.E+03,1.1429E+03,2.1571E+03));
#2407 = DIRECTION('',(0.,9.188049184517E-15,-1.));
#2408 = DIRECTION('',(0.,-1.,-9.188049184517E-15));
#2409 = ADVANCED_FACE('',(#2410),#2422,.F.);
#2410 = FACE_BOUND('',#2411,.F.);
#2411 = EDGE_LOOP('',(#2412,#2419,#2420,#2421));
#2412 = ORIENTED_EDGE('',*,*,#2413,.T.);
#2413 = EDGE_CURVE('',#2377,#2397,#2414,.T.);
#2414 = CIRCLE('',#2415,171.45);
#2415 = AXIS2_PLACEMENT_3D('',#2416,#2417,#2418);
#2416 = CARTESIAN_POINT('',(6.0541E+03,971.44999999999,2.1571E+03));
#2417 = DIRECTION('',(-1.,0.,0.));
#2418 = DIRECTION('',(0.,3.315451668755E-15,1.));
#2419 = ORIENTED_EDGE('',*,*,#2396,.T.);
#2420 = ORIENTED_EDGE('',*,*,#2413,.F.);
#2421 = ORIENTED_EDGE('',*,*,#2376,.F.);
#2422 = TOROIDAL_SURFACE('',#2423,171.45,54.1);
#2423 = AXIS2_PLACEMENT_3D('',#2424,#2425,#2426);
#2424 = CARTESIAN_POINT('',(6.E+03,971.44999999999,2.1571E+03));
#2425 = DIRECTION('',(-1.,0.,0.));
#2426 = DIRECTION('',(0.,3.315451668755E-15,1.));
#2427 = MANIFOLD_SOLID_BREP('',#2428);
#2428 = CLOSED_SHELL('',(#2429,#2462,#2482,#2502));
#2429 = ADVANCED_FACE('',(#2430),#2457,.T.);
#2430 = FACE_BOUND('',#2431,.T.);
#2431 = EDGE_LOOP('',(#2432,#2441,#2449,#2456));
#2432 = ORIENTED_EDGE('',*,*,#2433,.F.);
#2433 = EDGE_CURVE('',#2434,#2434,#2436,.T.);
#2434 = VERTEX_POINT('',#2435);
#2435 = CARTESIAN_POINT('',(5.94285E+03,1.1429E+03,657.1));
#2436 = CIRCLE('',#2437,57.15);
#2437 = AXIS2_PLACEMENT_3D('',#2438,#2439,#2440);
#2438 = CARTESIAN_POINT('',(6.E+03,1.1429E+03,657.1));
#2439 = DIRECTION('',(0.,0.,-1.));
#2440 = DIRECTION('',(-1.,0.,0.));
#2441 = ORIENTED_EDGE('',*,*,#2442,.F.);
#2442 = EDGE_CURVE('',#2443,#2434,#2445,.T.);
#2443 = VERTEX_POINT('',#2444);
#2444 = CARTESIAN_POINT('',(5.94285E+03,1.1429E+03,2.1571E+03));
#2445 = LINE('',#2446,#2447);
#2446 = CARTESIAN_POINT('',(5.94285E+03,1.1429E+03,2.1571E+03));
#2447 = VECTOR('',#2448,1.);
#2448 = DIRECTION('',(0.,0.,-1.));
#2449 = ORIENTED_EDGE('',*,*,#2450,.T.);
#2450 = EDGE_CURVE('',#2443,#2443,#2451,.T.);
#2451 = CIRCLE('',#2452,57.15);
#2452 = AXIS2_PLACEMENT_3D('',#2453,#2454,#2455);
#2453 = CARTESIAN_POINT('',(6.E+03,1.1429E+03,2.1571E+03));
#2454 = DIRECTION('',(0.,0.,-1.));
#2455 = DIRECTION('',(-1.,0.,0.));
#2456 = ORIENTED_EDGE('',*,*,#2442,.T.);
#2457 = CYLINDRICAL_SURFACE('',#2458,57.15);
#2458 = AXIS2_PLACEMENT_3D('',#2459,#2460,#2461);
#2459 = CARTESIAN_POINT('',(6.E+03,1.1429E+03,2.1571E+03));
#2460 = DIRECTION('',(0.,0.,-1.));
#2461 = DIRECTION('',(-1.,0.,0.));
#2462 = ADVANCED_FACE('',(#2463,#2466),#2477,.T.);
#2463 = FACE_BOUND('',#2464,.T.);
#2464 = EDGE_LOOP('',(#2465));
#2465 = ORIENTED_EDGE('',*,*,#2433,.T.);
#2466 = FACE_BOUND('',#2467,.T.);
#2467 = EDGE_LOOP('',(#2468));
#2468 = ORIENTED_EDGE('',*,*,#2469,.F.);
#2469 = EDGE_CURVE('',#2470,#2470,#2472,.T.);
#2470 = VERTEX_POINT('',#2471);
#2471 = CARTESIAN_POINT('',(5.9459E+03,1.1429E+03,657.1));
#2472 = CIRCLE('',#2473,54.1);
#2473 = AXIS2_PLACEMENT_3D('',#2474,#2475,#2476);
#2474 = CARTESIAN_POINT('',(6.E+03,1.1429E+03,657.1));
#2475 = DIRECTION('',(0.,0.,-1.));
#2476 = DIRECTION('',(-1.,0.,0.));
#2477 = PLANE('',#2478);
#2478 = AXIS2_PLACEMENT_3D('',#2479,#2480,#2481);
#2479 = CARTESIAN_POINT('',(6.E+03,1.1429E+03,657.1));
#2480 = DIRECTION('',(0.,0.,-1.));
#2481 = DIRECTION('',(-1.,0.,0.));
#2482 = ADVANCED_FACE('',(#2483,#2486),#2497,.F.);
#2483 = FACE_BOUND('',#2484,.F.);
#2484 = EDGE_LOOP('',(#2485));
#2485 = ORIENTED_EDGE('',*,*,#2450,.T.);
#2486 = FACE_BOUND('',#2487,.F.);
#2487 = EDGE_LOOP('',(#2488));
#2488 = ORIENTED_EDGE('',*,*,#2489,.F.);
#2489 = EDGE_CURVE('',#2490,#2490,#2492,.T.);
#2490 = VERTEX_POINT('',#2491);
#2491 = CARTESIAN_POINT('',(5.9459E+03,1.1429E+03,2.1571E+03));
#2492 = CIRCLE('',#2493,54.1);
#2493 = AXIS2_PLACEMENT_3D('',#2494,#2495,#2496);
#2494 = CARTESIAN_POINT('',(6.E+03,1.1429E+03,2.1571E+03));
#2495 = DIRECTION('',(0.,0.,-1.));
#2496 = DIRECTION('',(-1.,0.,0.));
#2497 = PLANE('',#2498);
#2498 = AXIS2_PLACEMENT_3D('',#2499,#2500,#2501);
#2499 = CARTESIAN_POINT('',(6.E+03,1.1429E+03,2.1571E+03));
#2500 = DIRECTION('',(0.,0.,-1.));
#2501 = DIRECTION('',(-1.,0.,0.));
#2502 = ADVANCED_FACE('',(#2503),#2514,.F.);
#2503 = FACE_BOUND('',#2504,.F.);
#2504 = EDGE_LOOP('',(#2505,#2506,#2512,#2513));
#2505 = ORIENTED_EDGE('',*,*,#2469,.F.);
#2506 = ORIENTED_EDGE('',*,*,#2507,.F.);
#2507 = EDGE_CURVE('',#2490,#2470,#2508,.T.);
#2508 = LINE('',#2509,#2510);
#2509 = CARTESIAN_POINT('',(5.9459E+03,1.1429E+03,2.1571E+03));
#2510 = VECTOR('',#2511,1.);
#2511 = DIRECTION('',(0.,0.,-1.));
#2512 = ORIENTED_EDGE('',*,*,#2489,.T.);
#2513 = ORIENTED_EDGE('',*,*,#2507,.T.);
#2514 = CYLINDRICAL_SURFACE('',#2515,54.1);
#2515 = AXIS2_PLACEMENT_3D('',#2516,#2517,#2518);
#2516 = CARTESIAN_POINT('',(6.E+03,1.1429E+03,2.1571E+03));
#2517 = DIRECTION('',(0.,0.,-1.));
#2518 = DIRECTION('',(-1.,0.,0.));
#2519 = MANIFOLD_SOLID_BREP('',#2520);
#2520 = CLOSED_SHELL('',(#2521,#2554,#2574,#2594));
#2521 = ADVANCED_FACE('',(#2522),#2549,.T.);
#2522 = FACE_BOUND('',#2523,.T.);
#2523 = EDGE_LOOP('',(#2524,#2533,#2541,#2548));
#2524 = ORIENTED_EDGE('',*,*,#2525,.F.);
#2525 = EDGE_CURVE('',#2526,#2526,#2528,.T.);
#2526 = VERTEX_POINT('',#2527);
#2527 = CARTESIAN_POINT('',(6.05715E+03,1.E+03,1.5E+03));
#2528 = CIRCLE('',#2529,57.15);
#2529 = AXIS2_PLACEMENT_3D('',#2530,#2531,#2532);
#2530 = CARTESIAN_POINT('',(6.E+03,1.E+03,1.5E+03));
#2531 = DIRECTION('',(0.,0.,1.));
#2532 = DIRECTION('',(1.,0.,0.));
#2533 = ORIENTED_EDGE('',*,*,#2534,.F.);
#2534 = EDGE_CURVE('',#2535,#2526,#2537,.T.);
#2535 = VERTEX_POINT('',#2536);
#2536 = CARTESIAN_POINT('',(6.05715E+03,1.E+03,0.));
#2537 = LINE('',#2538,#2539);
#2538 = CARTESIAN_POINT('',(6.05715E+03,1.E+03,0.));
#2539 = VECTOR('',#2540,1.);
#2540 = DIRECTION('',(0.,0.,1.));
#2541 = ORIENTED_EDGE('',*,*,#2542,.T.);
#2542 = EDGE_CURVE('',#2535,#2535,#2543,.T.);
#2543 = CIRCLE('',#2544,57.15);
#2544 = AXIS2_PLACEMENT_3D('',#2545,#2546,#2547);
#2545 = CARTESIAN_POINT('',(6.E+03,1.E+03,0.));
#2546 = DIRECTION('',(0.,0.,1.));
#2547 = DIRECTION('',(1.,0.,0.));
#2548 = ORIENTED_EDGE('',*,*,#2534,.T.);
#2549 = CYLINDRICAL_SURFACE('',#2550,57.15);
#2550 = AXIS2_PLACEMENT_3D('',#2551,#2552,#2553);
#2551 = CARTESIAN_POINT('',(6.E+03,1.E+03,0.));
#2552 = DIRECTION('',(0.,0.,1.));
#2553 = DIRECTION('',(1.,0.,0.));
#2554 = ADVANCED_FACE('',(#2555,#2558),#2569,.T.);
#2555 = FACE_BOUND('',#2556,.T.);
#2556 = EDGE_LOOP('',(#2557));
#2557 = ORIENTED_EDGE('',*,*,#2525,.T.);
#2558 = FACE_BOUND('',#2559,.T.);
#2559 = EDGE_LOOP('',(#2560));
#2560 = ORIENTED_EDGE('',*,*,#2561,.F.);
#2561 = EDGE_CURVE('',#2562,#2562,#2564,.T.);
#2562 = VERTEX_POINT('',#2563);
#2563 = CARTESIAN_POINT('',(6.0541E+03,1.E+03,1.5E+03));
#2564 = CIRCLE('',#2565,54.1);
#2565 = AXIS2_PLACEMENT_3D('',#2566,#2567,#2568);
#2566 = CARTESIAN_POINT('',(6.E+03,1.E+03,1.5E+03));
#2567 = DIRECTION('',(0.,0.,1.));
#2568 = DIRECTION('',(1.,0.,0.));
#2569 = PLANE('',#2570);
#2570 = AXIS2_PLACEMENT_3D('',#2571,#2572,#2573);
#2571 = CARTESIAN_POINT('',(6.E+03,1.E+03,1.5E+03));
#2572 = DIRECTION('',(0.,0.,1.));
#2573 = DIRECTION('',(1.,0.,0.));
#2574 = ADVANCED_FACE('',(#2575,#2578),#2589,.F.);
#2575 = FACE_BOUND('',#2576,.F.);
#2576 = EDGE_LOOP('',(#2577));
#2577 = ORIENTED_EDGE('',*,*,#2542,.T.);
#2578 = FACE_BOUND('',#2579,.F.);
#2579 = EDGE_LOOP('',(#2580));
#2580 = ORIENTED_EDGE('',*,*,#2581,.F.);
#2581 = EDGE_CURVE('',#2582,#2582,#2584,.T.);
#2582 = VERTEX_POINT('',#2583);
#2583 = CARTESIAN_POINT('',(6.0541E+03,1.E+03,0.));
#2584 = CIRCLE('',#2585,54.1);
#2585 = AXIS2_PLACEMENT_3D('',#2586,#2587,#2588);
#2586 = CARTESIAN_POINT('',(6.E+03,1.E+03,0.));
#2587 = DIRECTION('',(0.,0.,1.));
#2588 = DIRECTION('',(1.,0.,0.));
#2589 = PLANE('',#2590);
#2590 = AXIS2_PLACEMENT_3D('',#2591,#2592,#2593);
#2591 = CARTESIAN_POINT('',(6.E+03,1.E+03,0.));
#2592 = DIRECTION('',(0.,0.,1.));
#2593 = DIRECTION('',(1.,0.,0.));
#2594 = ADVANCED_FACE('',(#2595),#2606,.F.);
#2595 = FACE_BOUND('',#2596,.F.);
#2596 = EDGE_LOOP('',(#2597,#2598,#2604,#2605));
#2597 = ORIENTED_EDGE('',*,*,#2561,.F.);
#2598 = ORIENTED_EDGE('',*,*,#2599,.F.);
#2599 = EDGE_CURVE('',#2582,#2562,#2600,.T.);
#2600 = LINE('',#2601,#2602);
#2601 = CARTESIAN_POINT('',(6.0541E+03,1.E+03,0.));
#2602 = VECTOR('',#2603,1.);
#2603 = DIRECTION('',(0.,0.,1.));
#2604 = ORIENTED_EDGE('',*,*,#2581,.T.);
#2605 = ORIENTED_EDGE('',*,*,#2599,.T.);
#2606 = CYLINDRICAL_SURFACE('',#2607,54.1);
#2607 = AXIS2_PLACEMENT_3D('',#2608,#2609,#2610);
#2608 = CARTESIAN_POINT('',(6.E+03,1.E+03,0.));
#2609 = DIRECTION('',(0.,0.,1.));
#2610 = DIRECTION('',(1.,0.,0.));
#2611 = MANIFOLD_SOLID_BREP('',#2612);
#2612 = CLOSED_SHELL('',(#2613,#2647,#2667,#2687));
#2613 = ADVANCED_FACE('',(#2614),#2642,.T.);
#2614 = FACE_BOUND('',#2615,.T.);
#2615 = EDGE_LOOP('',(#2616,#2627,#2634,#2635));
#2616 = ORIENTED_EDGE('',*,*,#2617,.T.);
#2617 = EDGE_CURVE('',#2618,#2620,#2622,.T.);
#2618 = VERTEX_POINT('',#2619);
#2619 = CARTESIAN_POINT('',(6.05715E+03,1.E+03,1.5E+03));
#2620 = VERTEX_POINT('',#2621);
#2621 = CARTESIAN_POINT('',(6.05715E+03,828.54999999999,1.67145E+03));
#2622 = CIRCLE('',#2623,171.45);
#2623 = AXIS2_PLACEMENT_3D('',#2624,#2625,#2626);
#2624 = CARTESIAN_POINT('',(6.05715E+03,828.55,1.5E+03));
#2625 = DIRECTION('',(1.,0.,-0.));
#2626 = DIRECTION('',(0.,1.,1.326180667502E-15));
#2627 = ORIENTED_EDGE('',*,*,#2628,.T.);
#2628 = EDGE_CURVE('',#2620,#2620,#2629,.T.);
#2629 = CIRCLE('',#2630,57.15);
#2630 = AXIS2_PLACEMENT_3D('',#2631,#2632,#2633);
#2631 = CARTESIAN_POINT('',(6.E+03,828.55,1.67145E+03));
#2632 = DIRECTION('',(0.,1.,-1.399586931556E-15));
#2633 = DIRECTION('',(0.,1.399586931556E-15,1.));
#2634 = ORIENTED_EDGE('',*,*,#2617,.F.);
#2635 = ORIENTED_EDGE('',*,*,#2636,.F.);
#2636 = EDGE_CURVE('',#2618,#2618,#2637,.T.);
#2637 = CIRCLE('',#2638,57.15);
#2638 = AXIS2_PLACEMENT_3D('',#2639,#2640,#2641);
#2639 = CARTESIAN_POINT('',(6.E+03,1.E+03,1.5E+03));
#2640 = DIRECTION('',(0.,1.326180667502E-15,-1.));
#2641 = DIRECTION('',(0.,1.,1.326180667502E-15));
#2642 = TOROIDAL_SURFACE('',#2643,171.45,57.15);
#2643 = AXIS2_PLACEMENT_3D('',#2644,#2645,#2646);
#2644 = CARTESIAN_POINT('',(6.E+03,828.55,1.5E+03));
#2645 = DIRECTION('',(1.,0.,0.));
#2646 = DIRECTION('',(0.,1.,1.326180667502E-15));
#2647 = ADVANCED_FACE('',(#2648,#2651),#2662,.F.);
#2648 = FACE_BOUND('',#2649,.F.);
#2649 = EDGE_LOOP('',(#2650));
#2650 = ORIENTED_EDGE('',*,*,#2636,.F.);
#2651 = FACE_BOUND('',#2652,.F.);
#2652 = EDGE_LOOP('',(#2653));
#2653 = ORIENTED_EDGE('',*,*,#2654,.T.);
#2654 = EDGE_CURVE('',#2655,#2655,#2657,.T.);
#2655 = VERTEX_POINT('',#2656);
#2656 = CARTESIAN_POINT('',(6.0541E+03,1.E+03,1.5E+03));
#2657 = CIRCLE('',#2658,54.1);
#2658 = AXIS2_PLACEMENT_3D('',#2659,#2660,#2661);
#2659 = CARTESIAN_POINT('',(6.E+03,1.E+03,1.5E+03));
#2660 = DIRECTION('',(0.,1.326180667502E-15,-1.));
#2661 = DIRECTION('',(0.,1.,1.326180667502E-15));
#2662 = PLANE('',#2663);
#2663 = AXIS2_PLACEMENT_3D('',#2664,#2665,#2666);
#2664 = CARTESIAN_POINT('',(6.E+03,1000.,1.5E+03));
#2665 = DIRECTION('',(0.,0.,1.));
#2666 = DIRECTION('',(1.,0.,0.));
#2667 = ADVANCED_FACE('',(#2668,#2671),#2682,.T.);
#2668 = FACE_BOUND('',#2669,.T.);
#2669 = EDGE_LOOP('',(#2670));
#2670 = ORIENTED_EDGE('',*,*,#2628,.F.);
#2671 = FACE_BOUND('',#2672,.T.);
#2672 = EDGE_LOOP('',(#2673));
#2673 = ORIENTED_EDGE('',*,*,#2674,.T.);
#2674 = EDGE_CURVE('',#2675,#2675,#2677,.T.);
#2675 = VERTEX_POINT('',#2676);
#2676 = CARTESIAN_POINT('',(6.0541E+03,828.54999999999,1.67145E+03));
#2677 = CIRCLE('',#2678,54.1);
#2678 = AXIS2_PLACEMENT_3D('',#2679,#2680,#2681);
#2679 = CARTESIAN_POINT('',(6.E+03,828.55,1.67145E+03));
#2680 = DIRECTION('',(0.,1.,-1.399586931556E-15));
#2681 = DIRECTION('',(0.,1.399586931556E-15,1.));
#2682 = PLANE('',#2683);
#2683 = AXIS2_PLACEMENT_3D('',#2684,#2685,#2686);
#2684 = CARTESIAN_POINT('',(6.E+03,828.55,1.67145E+03));
#2685 = DIRECTION('',(0.,-1.,2.297012296129E-15));
#2686 = DIRECTION('',(0.,-2.297012296129E-15,-1.));
#2687 = ADVANCED_FACE('',(#2688),#2700,.F.);
#2688 = FACE_BOUND('',#2689,.F.);
#2689 = EDGE_LOOP('',(#2690,#2697,#2698,#2699));
#2690 = ORIENTED_EDGE('',*,*,#2691,.T.);
#2691 = EDGE_CURVE('',#2655,#2675,#2692,.T.);
#2692 = CIRCLE('',#2693,171.45);
#2693 = AXIS2_PLACEMENT_3D('',#2694,#2695,#2696);
#2694 = CARTESIAN_POINT('',(6.0541E+03,828.55,1.5E+03));
#2695 = DIRECTION('',(1.,0.,-0.));
#2696 = DIRECTION('',(0.,1.,1.326180667502E-15));
#2697 = ORIENTED_EDGE('',*,*,#2674,.T.);
#2698 = ORIENTED_EDGE('',*,*,#2691,.F.);
#2699 = ORIENTED_EDGE('',*,*,#2654,.F.);
#2700 = TOROIDAL_SURFACE('',#2701,171.45,54.1);
#2701 = AXIS2_PLACEMENT_3D('',#2702,#2703,#2704);
#2702 = CARTESIAN_POINT('',(6.E+03,828.55,1.5E+03));
#2703 = DIRECTION('',(1.,0.,0.));
#2704 = DIRECTION('',(0.,1.,1.326180667502E-15));
#2705 = MANIFOLD_SOLID_BREP('',#2706);
#2706 = CLOSED_SHELL('',(#2707,#2740,#2760,#2780));
#2707 = ADVANCED_FACE('',(#2708),#2735,.T.);
#2708 = FACE_BOUND('',#2709,.T.);
#2709 = EDGE_LOOP('',(#2710,#2719,#2727,#2734));
#2710 = ORIENTED_EDGE('',*,*,#2711,.F.);
#2711 = EDGE_CURVE('',#2712,#2712,#2714,.T.);
#2712 = VERTEX_POINT('',#2713);
#2713 = CARTESIAN_POINT('',(6.E+03,28.55,1.6143E+03));
#2714 = CIRCLE('',#2715,57.15);
#2715 = AXIS2_PLACEMENT_3D('',#2716,#2717,#2718);
#2716 = CARTESIAN_POINT('',(6.E+03,28.55,1.67145E+03));
#2717 = DIRECTION('',(0.,-1.,0.));
#2718 = DIRECTION('',(0.,0.,-1.));
#2719 = ORIENTED_EDGE('',*,*,#2720,.F.);
#2720 = EDGE_CURVE('',#2721,#2712,#2723,.T.);
#2721 = VERTEX_POINT('',#2722);
#2722 = CARTESIAN_POINT('',(6.E+03,828.55,1.6143E+03));
#2723 = LINE('',#2724,#2725);
#2724 = CARTESIAN_POINT('',(6.E+03,828.55,1.6143E+03));
#2725 = VECTOR('',#2726,1.);
#2726 = DIRECTION('',(0.,-1.,0.));
#2727 = ORIENTED_EDGE('',*,*,#2728,.T.);
#2728 = EDGE_CURVE('',#2721,#2721,#2729,.T.);
#2729 = CIRCLE('',#2730,57.15);
#2730 = AXIS2_PLACEMENT_3D('',#2731,#2732,#2733);
#2731 = CARTESIAN_POINT('',(6.E+03,828.55,1.67145E+03));
#2732 = DIRECTION('',(0.,-1.,0.));
#2733 = DIRECTION('',(0.,0.,-1.));
#2734 = ORIENTED_EDGE('',*,*,#2720,.T.);
#2735 = CYLINDRICAL_SURFACE('',#2736,57.15);
#2736 = AXIS2_PLACEMENT_3D('',#2737,#2738,#2739);
#2737 = CARTESIAN_POINT('',(6.E+03,828.55,1.67145E+03));
#2738 = DIRECTION('',(0.,-1.,0.));
#2739 = DIRECTION('',(0.,0.,-1.));
#2740 = ADVANCED_FACE('',(#2741,#2744),#2755,.T.);
#2741 = FACE_BOUND('',#2742,.T.);
#2742 = EDGE_LOOP('',(#2743));
#2743 = ORIENTED_EDGE('',*,*,#2711,.T.);
#2744 = FACE_BOUND('',#2745,.T.);
#2745 = EDGE_LOOP('',(#2746));
#2746 = ORIENTED_EDGE('',*,*,#2747,.F.);
#2747 = EDGE_CURVE('',#2748,#2748,#2750,.T.);
#2748 = VERTEX_POINT('',#2749);
#2749 = CARTESIAN_POINT('',(6.E+03,28.55,1.61735E+03));
#2750 = CIRCLE('',#2751,54.1);
#2751 = AXIS2_PLACEMENT_3D('',#2752,#2753,#2754);
#2752 = CARTESIAN_POINT('',(6.E+03,28.55,1.67145E+03));
#2753 = DIRECTION('',(0.,-1.,0.));
#2754 = DIRECTION('',(0.,0.,-1.));
#2755 = PLANE('',#2756);
#2756 = AXIS2_PLACEMENT_3D('',#2757,#2758,#2759);
#2757 = CARTESIAN_POINT('',(6.E+03,28.55,1.67145E+03));
#2758 = DIRECTION('',(0.,-1.,0.));
#2759 = DIRECTION('',(0.,0.,-1.));
#2760 = ADVANCED_FACE('',(#2761,#2764),#2775,.F.);
#2761 = FACE_BOUND('',#2762,.F.);
#2762 = EDGE_LOOP('',(#2763));
#2763 = ORIENTED_EDGE('',*,*,#2728,.T.);
#2764 = FACE_BOUND('',#2765,.F.);
#2765 = EDGE_LOOP('',(#2766));
#2766 = ORIENTED_EDGE('',*,*,#2767,.F.);
#2767 = EDGE_CURVE('',#2768,#2768,#2770,.T.);
#2768 = VERTEX_POINT('',#2769);
#2769 = CARTESIAN_POINT('',(6.E+03,828.55,1.61735E+03));
#2770 = CIRCLE('',#2771,54.1);
#2771 = AXIS2_PLACEMENT_3D('',#2772,#2773,#2774);
#2772 = CARTESIAN_POINT('',(6.E+03,828.55,1.67145E+03));
#2773 = DIRECTION('',(0.,-1.,0.));
#2774 = DIRECTION('',(0.,0.,-1.));
#2775 = PLANE('',#2776);
#2776 = AXIS2_PLACEMENT_3D('',#2777,#2778,#2779);
#2777 = CARTESIAN_POINT('',(6.E+03,828.55,1.67145E+03));
#2778 = DIRECTION('',(0.,-1.,0.));
#2779 = DIRECTION('',(0.,0.,-1.));
#2780 = ADVANCED_FACE('',(#2781),#2792,.F.);
#2781 = FACE_BOUND('',#2782,.F.);
#2782 = EDGE_LOOP('',(#2783,#2784,#2790,#2791));
#2783 = ORIENTED_EDGE('',*,*,#2747,.F.);
#2784 = ORIENTED_EDGE('',*,*,#2785,.F.);
#2785 = EDGE_CURVE('',#2768,#2748,#2786,.T.);
#2786 = LINE('',#2787,#2788);
#2787 = CARTESIAN_POINT('',(6.E+03,828.55,1.61735E+03));
#2788 = VECTOR('',#2789,1.);
#2789 = DIRECTION('',(0.,-1.,0.));
#2790 = ORIENTED_EDGE('',*,*,#2767,.T.);
#2791 = ORIENTED_EDGE('',*,*,#2785,.T.);
#2792 = CYLINDRICAL_SURFACE('',#2793,54.1);
#2793 = AXIS2_PLACEMENT_3D('',#2794,#2795,#2796);
#2794 = CARTESIAN_POINT('',(6.E+03,828.55,1.67145E+03));
#2795 = DIRECTION('',(0.,-1.,0.));
#2796 = DIRECTION('',(0.,0.,-1.));
#2797 = MANIFOLD_SOLID_BREP('',#2798);
#2798 = CLOSED_SHELL('',(#2799,#2833,#2853,#2873));
#2799 = ADVANCED_FACE('',(#2800),#2828,.T.);
#2800 = FACE_BOUND('',#2801,.T.);
#2801 = EDGE_LOOP('',(#2802,#2813,#2820,#2821));
#2802 = ORIENTED_EDGE('',*,*,#2803,.T.);
#2803 = EDGE_CURVE('',#2804,#2806,#2808,.T.);
#2804 = VERTEX_POINT('',#2805);
#2805 = CARTESIAN_POINT('',(6.05715E+03,28.55,1.67145E+03));
#2806 = VERTEX_POINT('',#2807);
#2807 = CARTESIAN_POINT('',(6.05715E+03,-142.9,1.8429E+03));
#2808 = CIRCLE('',#2809,171.45);
#2809 = AXIS2_PLACEMENT_3D('',#2810,#2811,#2812);
#2810 = CARTESIAN_POINT('',(6.05715E+03,28.55,1.8429E+03));
#2811 = DIRECTION('',(-1.,-0.,0.));
#2812 = DIRECTION('',(0.,-4.558746044538E-16,-1.));
#2813 = ORIENTED_EDGE('',*,*,#2814,.T.);
#2814 = EDGE_CURVE('',#2806,#2806,#2815,.T.);
#2815 = CIRCLE('',#2816,57.15);
#2816 = AXIS2_PLACEMENT_3D('',#2817,#2818,#2819);
#2817 = CARTESIAN_POINT('',(6.E+03,-142.9,1.8429E+03));
#2818 = DIRECTION('',(0.,4.944694535359E-17,-1.));
#2819 = DIRECTION('',(0.,-1.,-4.944694535359E-17));
#2820 = ORIENTED_EDGE('',*,*,#2803,.F.);
#2821 = ORIENTED_EDGE('',*,*,#2822,.F.);
#2822 = EDGE_CURVE('',#2804,#2804,#2823,.T.);
#2823 = CIRCLE('',#2824,57.15);
#2824 = AXIS2_PLACEMENT_3D('',#2825,#2826,#2827);
#2825 = CARTESIAN_POINT('',(6.E+03,28.55,1.67145E+03));
#2826 = DIRECTION('',(0.,1.,-4.558746044538E-16));
#2827 = DIRECTION('',(0.,-4.558746044538E-16,-1.));
#2828 = TOROIDAL_SURFACE('',#2829,171.45,57.15);
#2829 = AXIS2_PLACEMENT_3D('',#2830,#2831,#2832);
#2830 = CARTESIAN_POINT('',(6.E+03,28.55,1.8429E+03));
#2831 = DIRECTION('',(-1.,0.,0.));
#2832 = DIRECTION('',(0.,-4.558746044538E-16,-1.));
#2833 = ADVANCED_FACE('',(#2834,#2837),#2848,.F.);
#2834 = FACE_BOUND('',#2835,.F.);
#2835 = EDGE_LOOP('',(#2836));
#2836 = ORIENTED_EDGE('',*,*,#2822,.F.);
#2837 = FACE_BOUND('',#2838,.F.);
#2838 = EDGE_LOOP('',(#2839));
#2839 = ORIENTED_EDGE('',*,*,#2840,.T.);
#2840 = EDGE_CURVE('',#2841,#2841,#2843,.T.);
#2841 = VERTEX_POINT('',#2842);
#2842 = CARTESIAN_POINT('',(6.0541E+03,28.55,1.67145E+03));
#2843 = CIRCLE('',#2844,54.1);
#2844 = AXIS2_PLACEMENT_3D('',#2845,#2846,#2847);
#2845 = CARTESIAN_POINT('',(6.E+03,28.55,1.67145E+03));
#2846 = DIRECTION('',(0.,1.,-4.558746044538E-16));
#2847 = DIRECTION('',(0.,-4.558746044538E-16,-1.));
#2848 = PLANE('',#2849);
#2849 = AXIS2_PLACEMENT_3D('',#2850,#2851,#2852);
#2850 = CARTESIAN_POINT('',(6.E+03,28.55,1.67145E+03));
#2851 = DIRECTION('',(0.,-1.,4.306898055242E-16));
#2852 = DIRECTION('',(0.,-4.306898055242E-16,-1.));
#2853 = ADVANCED_FACE('',(#2854,#2857),#2868,.T.);
#2854 = FACE_BOUND('',#2855,.T.);
#2855 = EDGE_LOOP('',(#2856));
#2856 = ORIENTED_EDGE('',*,*,#2814,.F.);
#2857 = FACE_BOUND('',#2858,.T.);
#2858 = EDGE_LOOP('',(#2859));
#2859 = ORIENTED_EDGE('',*,*,#2860,.T.);
#2860 = EDGE_CURVE('',#2861,#2861,#2863,.T.);
#2861 = VERTEX_POINT('',#2862);
#2862 = CARTESIAN_POINT('',(6.0541E+03,-142.9,1.8429E+03));
#2863 = CIRCLE('',#2864,54.1);
#2864 = AXIS2_PLACEMENT_3D('',#2865,#2866,#2867);
#2865 = CARTESIAN_POINT('',(6.E+03,-142.9,1.8429E+03));
#2866 = DIRECTION('',(0.,4.944694535359E-17,-1.));
#2867 = DIRECTION('',(0.,-1.,-4.944694535359E-17));
#2868 = PLANE('',#2869);
#2869 = AXIS2_PLACEMENT_3D('',#2870,#2871,#2872);
#2870 = CARTESIAN_POINT('',(6.E+03,-142.9,1.8429E+03));
#2871 = DIRECTION('',(0.,0.,1.));
#2872 = DIRECTION('',(1.,0.,0.));
#2873 = ADVANCED_FACE('',(#2874),#2886,.F.);
#2874 = FACE_BOUND('',#2875,.F.);
#2875 = EDGE_LOOP('',(#2876,#2883,#2884,#2885));
#2876 = ORIENTED_EDGE('',*,*,#2877,.T.);
#2877 = EDGE_CURVE('',#2841,#2861,#2878,.T.);
#2878 = CIRCLE('',#2879,171.45);
#2879 = AXIS2_PLACEMENT_3D('',#2880,#2881,#2882);
#2880 = CARTESIAN_POINT('',(6.0541E+03,28.55,1.8429E+03));
#2881 = DIRECTION('',(-1.,-0.,0.));
#2882 = DIRECTION('',(0.,-4.558746044538E-16,-1.));
#2883 = ORIENTED_EDGE('',*,*,#2860,.T.);
#2884 = ORIENTED_EDGE('',*,*,#2877,.F.);
#2885 = ORIENTED_EDGE('',*,*,#2840,.F.);
#2886 = TOROIDAL_SURFACE('',#2887,171.45,54.1);
#2887 = AXIS2_PLACEMENT_3D('',#2888,#2889,#2890);
#2888 = CARTESIAN_POINT('',(6.E+03,28.55,1.8429E+03));
#2889 = DIRECTION('',(-1.,0.,0.));
#2890 = DIRECTION('',(0.,-4.558746044538E-16,-1.));
#2891 = MANIFOLD_SOLID_BREP('',#2892);
#2892 = CLOSED_SHELL('',(#2893,#2926,#2946,#2966));
#2893 = ADVANCED_FACE('',(#2894),#2921,.T.);
#2894 = FACE_BOUND('',#2895,.T.);
#2895 = EDGE_LOOP('',(#2896,#2905,#2913,#2920));
#2896 = ORIENTED_EDGE('',*,*,#2897,.F.);
#2897 = EDGE_CURVE('',#2898,#2898,#2900,.T.);
#2898 = VERTEX_POINT('',#2899);
#2899 = CARTESIAN_POINT('',(6.05715E+03,-142.9,2.3429E+03));
#2900 = CIRCLE('',#2901,57.15);
#2901 = AXIS2_PLACEMENT_3D('',#2902,#2903,#2904);
#2902 = CARTESIAN_POINT('',(6.E+03,-142.9,2.3429E+03));
#2903 = DIRECTION('',(0.,0.,1.));
#2904 = DIRECTION('',(1.,0.,0.));
#2905 = ORIENTED_EDGE('',*,*,#2906,.F.);
#2906 = EDGE_CURVE('',#2907,#2898,#2909,.T.);
#2907 = VERTEX_POINT('',#2908);
#2908 = CARTESIAN_POINT('',(6.05715E+03,-142.9,1.8429E+03));
#2909 = LINE('',#2910,#2911);
#2910 = CARTESIAN_POINT('',(6.05715E+03,-142.9,1.8429E+03));
#2911 = VECTOR('',#2912,1.);
#2912 = DIRECTION('',(0.,0.,1.));
#2913 = ORIENTED_EDGE('',*,*,#2914,.T.);
#2914 = EDGE_CURVE('',#2907,#2907,#2915,.T.);
#2915 = CIRCLE('',#2916,57.15);
#2916 = AXIS2_PLACEMENT_3D('',#2917,#2918,#2919);
#2917 = CARTESIAN_POINT('',(6.E+03,-142.9,1.8429E+03));
#2918 = DIRECTION('',(0.,0.,1.));
#2919 = DIRECTION('',(1.,0.,0.));
#2920 = ORIENTED_EDGE('',*,*,#2906,.T.);
#2921 = CYLINDRICAL_SURFACE('',#2922,57.15);
#2922 = AXIS2_PLACEMENT_3D('',#2923,#2924,#2925);
#2923 = CARTESIAN_POINT('',(6.E+03,-142.9,1.8429E+03));
#2924 = DIRECTION('',(0.,0.,1.));
#2925 = DIRECTION('',(1.,0.,0.));
#2926 = ADVANCED_FACE('',(#2927,#2930),#2941,.T.);
#2927 = FACE_BOUND('',#2928,.T.);
#2928 = EDGE_LOOP('',(#2929));
#2929 = ORIENTED_EDGE('',*,*,#2897,.T.);
#2930 = FACE_BOUND('',#2931,.T.);
#2931 = EDGE_LOOP('',(#2932));
#2932 = ORIENTED_EDGE('',*,*,#2933,.F.);
#2933 = EDGE_CURVE('',#2934,#2934,#2936,.T.);
#2934 = VERTEX_POINT('',#2935);
#2935 = CARTESIAN_POINT('',(6.0541E+03,-142.9,2.3429E+03));
#2936 = CIRCLE('',#2937,54.1);
#2937 = AXIS2_PLACEMENT_3D('',#2938,#2939,#2940);
#2938 = CARTESIAN_POINT('',(6.E+03,-142.9,2.3429E+03));
#2939 = DIRECTION('',(0.,0.,1.));
#2940 = DIRECTION('',(1.,0.,0.));
#2941 = PLANE('',#2942);
#2942 = AXIS2_PLACEMENT_3D('',#2943,#2944,#2945);
#2943 = CARTESIAN_POINT('',(6.E+03,-142.9,2.3429E+03));
#2944 = DIRECTION('',(0.,0.,1.));
#2945 = DIRECTION('',(1.,0.,0.));
#2946 = ADVANCED_FACE('',(#2947,#2950),#2961,.F.);
#2947 = FACE_BOUND('',#2948,.F.);
#2948 = EDGE_LOOP('',(#2949));
#2949 = ORIENTED_EDGE('',*,*,#2914,.T.);
#2950 = FACE_BOUND('',#2951,.F.);
#2951 = EDGE_LOOP('',(#2952));
#2952 = ORIENTED_EDGE('',*,*,#2953,.F.);
#2953 = EDGE_CURVE('',#2954,#2954,#2956,.T.);
#2954 = VERTEX_POINT('',#2955);
#2955 = CARTESIAN_POINT('',(6.0541E+03,-142.9,1.8429E+03));
#2956 = CIRCLE('',#2957,54.1);
#2957 = AXIS2_PLACEMENT_3D('',#2958,#2959,#2960);
#2958 = CARTESIAN_POINT('',(6.E+03,-142.9,1.8429E+03));
#2959 = DIRECTION('',(0.,0.,1.));
#2960 = DIRECTION('',(1.,0.,0.));
#2961 = PLANE('',#2962);
#2962 = AXIS2_PLACEMENT_3D('',#2963,#2964,#2965);
#2963 = CARTESIAN_POINT('',(6.E+03,-142.9,1.8429E+03));
#2964 = DIRECTION('',(0.,0.,1.));
#2965 = DIRECTION('',(1.,0.,0.));
#2966 = ADVANCED_FACE('',(#2967),#2978,.F.);
#2967 = FACE_BOUND('',#2968,.F.);
#2968 = EDGE_LOOP('',(#2969,#2970,#2976,#2977));
#2969 = ORIENTED_EDGE('',*,*,#2933,.F.);
#2970 = ORIENTED_EDGE('',*,*,#2971,.F.);
#2971 = EDGE_CURVE('',#2954,#2934,#2972,.T.);
#2972 = LINE('',#2973,#2974);
#2973 = CARTESIAN_POINT('',(6.0541E+03,-142.9,1.8429E+03));
#2974 = VECTOR('',#2975,1.);
#2975 = DIRECTION('',(0.,0.,1.));
#2976 = ORIENTED_EDGE('',*,*,#2953,.T.);
#2977 = ORIENTED_EDGE('',*,*,#2971,.T.);
#2978 = CYLINDRICAL_SURFACE('',#2979,54.1);
#2979 = AXIS2_PLACEMENT_3D('',#2980,#2981,#2982);
#2980 = CARTESIAN_POINT('',(6.E+03,-142.9,1.8429E+03));
#2981 = DIRECTION('',(0.,0.,1.));
#2982 = DIRECTION('',(1.,0.,0.));
#2983 = ( GEOMETRIC_REPRESENTATION_CONTEXT(3) 
GLOBAL_UNCERTAINTY_ASSIGNED_CONTEXT((#2987)) 
GLOBAL_UNIT_ASSIGNED_CONTEXT((#2984,#2985,#2986)) REPRESENTATION_CONTEXT
('Context #1','3D Context with UNIT and UNCERTAINTY') );
#2984 = ( LENGTH_UNIT() NAMED_UNIT(*) SI_UNIT(.MILLI.,.METRE.) );
#2985 = ( NAMED_UNIT(*) PLANE_ANGLE_UNIT() SI_UNIT($,.RADIAN.) );
#2986 = ( NAMED_UNIT(*) SI_UNIT($,.STERADIAN.) SOLID_ANGLE_UNIT() );
#2987 = UNCERTAINTY_MEASURE_WITH_UNIT(LENGTH_MEASURE(1.E-07),#2984,
  'distance_accuracy_value','confusion accuracy');
#2988 = PRODUCT_RELATED_PRODUCT_CATEGORY('part',$,(#7));
ENDSEC;
END-ISO-10303-21;
