ISO-10303-21;
HEADER;
FILE_DESCRIPTION(('FreeCAD Model'),'2;1');
FILE_NAME('Open CASCADE Shape Model','2026-08-17T22:06:40',('FreeCAD'),(
    'FreeCAD'),'Open CASCADE STEP processor 7.9','FreeCAD','Unknown');
FILE_SCHEMA(('AUTOMOTIVE_DESIGN { 1 0 10303 214 1 1 1 1 }'));
ENDSEC;
DATA;
#1 = APPLICATION_PROTOCOL_DEFINITION('international standard',
  'automotive_design',2000,#2);
#2 = APPLICATION_CONTEXT(
  'core data for automotive mechanical design processes');
#3 = SHAPE_DEFINITION_REPRESENTATION(#4,#10);
#4 = PRODUCT_DEFINITION_SHAPE('','',#5);
#5 = PRODUCT_DEFINITION('design','',#6,#9);
#6 = PRODUCT_DEFINITION_FORMATION('','',#7);
#7 = PRODUCT('Open CASCADE STEP translator 7.9 4',
  'Open CASCADE STEP translator 7.9 4','',(#8));
#8 = PRODUCT_CONTEXT('',#2,'mechanical');
#9 = PRODUCT_DEFINITION_CONTEXT('part definition',#2,'design');
#10 = SHAPE_REPRESENTATION('',(#11,#15,#107,#201,#293,#387,#479,#571,
    #665,#757,#851,#943,#1035,#1129,#1221,#1315,#1407,#1501,#1593,#1687,
    #1779,#1873,#1965,#2059,#2153,#2245,#2337,#2429,#2523,#2615,#2709,
    #2801,#2893,#2985,#3077,#3169,#3261,#3353,#3445,#3537,#3629,#3721,
    #3815,#3907,#4001,#4093,#4187,#4279,#4373),#4467);
#11 = AXIS2_PLACEMENT_3D('',#12,#13,#14);
#12 = CARTESIAN_POINT('',(0.,0.,0.));
#13 = DIRECTION('',(0.,0.,1.));
#14 = DIRECTION('',(1.,0.,-0.));
#15 = MANIFOLD_SOLID_BREP('',#16);
#16 = CLOSED_SHELL('',(#17,#50,#70,#90));
#17 = ADVANCED_FACE('',(#18),#45,.T.);
#18 = FACE_BOUND('',#19,.T.);
#19 = EDGE_LOOP('',(#20,#29,#37,#44));
#20 = ORIENTED_EDGE('',*,*,#21,.F.);
#21 = EDGE_CURVE('',#22,#22,#24,.T.);
#22 = VERTEX_POINT('',#23);
#23 = CARTESIAN_POINT('',(84.15,-2.061080562965E-14,2.24755E+03));
#24 = CIRCLE('',#25,84.15);
#25 = AXIS2_PLACEMENT_3D('',#26,#27,#28);
#26 = CARTESIAN_POINT('',(0.,0.,2.24755E+03));
#27 = DIRECTION('',(0.,0.,1.));
#28 = DIRECTION('',(1.,0.,0.));
#29 = ORIENTED_EDGE('',*,*,#30,.F.);
#30 = EDGE_CURVE('',#31,#22,#33,.T.);
#31 = VERTEX_POINT('',#32);
#32 = CARTESIAN_POINT('',(84.15,-2.061080562965E-14,800.));
#33 = LINE('',#34,#35);
#34 = CARTESIAN_POINT('',(84.15,-2.061080562965E-14,800.));
#35 = VECTOR('',#36,1.);
#36 = DIRECTION('',(0.,0.,1.));
#37 = ORIENTED_EDGE('',*,*,#38,.T.);
#38 = EDGE_CURVE('',#31,#31,#39,.T.);
#39 = CIRCLE('',#40,84.15);
#40 = AXIS2_PLACEMENT_3D('',#41,#42,#43);
#41 = CARTESIAN_POINT('',(0.,0.,800.));
#42 = DIRECTION('',(0.,0.,1.));
#43 = DIRECTION('',(1.,0.,0.));
#44 = ORIENTED_EDGE('',*,*,#30,.T.);
#45 = CYLINDRICAL_SURFACE('',#46,84.15);
#46 = AXIS2_PLACEMENT_3D('',#47,#48,#49);
#47 = CARTESIAN_POINT('',(0.,0.,800.));
#48 = DIRECTION('',(0.,0.,1.));
#49 = DIRECTION('',(1.,0.,0.));
#50 = ADVANCED_FACE('',(#51,#54),#65,.T.);
#51 = FACE_BOUND('',#52,.T.);
#52 = EDGE_LOOP('',(#53));
#53 = ORIENTED_EDGE('',*,*,#21,.T.);
#54 = FACE_BOUND('',#55,.T.);
#55 = EDGE_LOOP('',(#56));
#56 = ORIENTED_EDGE('',*,*,#57,.F.);
#57 = EDGE_CURVE('',#58,#58,#60,.T.);
#58 = VERTEX_POINT('',#59);
#59 = CARTESIAN_POINT('',(80.75,-1.977804580623E-14,2.24755E+03));
#60 = CIRCLE('',#61,80.75);
#61 = AXIS2_PLACEMENT_3D('',#62,#63,#64);
#62 = CARTESIAN_POINT('',(0.,0.,2.24755E+03));
#63 = DIRECTION('',(0.,0.,1.));
#64 = DIRECTION('',(1.,0.,0.));
#65 = PLANE('',#66);
#66 = AXIS2_PLACEMENT_3D('',#67,#68,#69);
#67 = CARTESIAN_POINT('',(0.,0.,2.24755E+03));
#68 = DIRECTION('',(0.,0.,1.));
#69 = DIRECTION('',(1.,0.,0.));
#70 = ADVANCED_FACE('',(#71,#74),#85,.F.);
#71 = FACE_BOUND('',#72,.F.);
#72 = EDGE_LOOP('',(#73));
#73 = ORIENTED_EDGE('',*,*,#38,.T.);
#74 = FACE_BOUND('',#75,.F.);
#75 = EDGE_LOOP('',(#76));
#76 = ORIENTED_EDGE('',*,*,#77,.F.);
#77 = EDGE_CURVE('',#78,#78,#80,.T.);
#78 = VERTEX_POINT('',#79);
#79 = CARTESIAN_POINT('',(80.75,-1.977804580623E-14,800.));
#80 = CIRCLE('',#81,80.75);
#81 = AXIS2_PLACEMENT_3D('',#82,#83,#84);
#82 = CARTESIAN_POINT('',(0.,0.,800.));
#83 = DIRECTION('',(0.,0.,1.));
#84 = DIRECTION('',(1.,0.,0.));
#85 = PLANE('',#86);
#86 = AXIS2_PLACEMENT_3D('',#87,#88,#89);
#87 = CARTESIAN_POINT('',(0.,0.,800.));
#88 = DIRECTION('',(0.,0.,1.));
#89 = DIRECTION('',(1.,0.,0.));
#90 = ADVANCED_FACE('',(#91),#102,.F.);
#91 = FACE_BOUND('',#92,.F.);
#92 = EDGE_LOOP('',(#93,#94,#100,#101));
#93 = ORIENTED_EDGE('',*,*,#57,.F.);
#94 = ORIENTED_EDGE('',*,*,#95,.F.);
#95 = EDGE_CURVE('',#78,#58,#96,.T.);
#96 = LINE('',#97,#98);
#97 = CARTESIAN_POINT('',(80.75,-1.977804580623E-14,800.));
#98 = VECTOR('',#99,1.);
#99 = DIRECTION('',(0.,0.,1.));
#100 = ORIENTED_EDGE('',*,*,#77,.T.);
#101 = ORIENTED_EDGE('',*,*,#95,.T.);
#102 = CYLINDRICAL_SURFACE('',#103,80.75);
#103 = AXIS2_PLACEMENT_3D('',#104,#105,#106);
#104 = CARTESIAN_POINT('',(0.,0.,800.));
#105 = DIRECTION('',(0.,0.,1.));
#106 = DIRECTION('',(1.,0.,0.));
#107 = MANIFOLD_SOLID_BREP('',#108);
#108 = CLOSED_SHELL('',(#109,#143,#163,#183));
#109 = ADVANCED_FACE('',(#110),#138,.T.);
#110 = FACE_BOUND('',#111,.T.);
#111 = EDGE_LOOP('',(#112,#123,#130,#131));
#112 = ORIENTED_EDGE('',*,*,#113,.T.);
#113 = EDGE_CURVE('',#114,#116,#118,.T.);
#114 = VERTEX_POINT('',#115);
#115 = CARTESIAN_POINT('',(84.15,0.,2.24755E+03));
#116 = VERTEX_POINT('',#117);
#117 = CARTESIAN_POINT('',(252.45,0.,2.41585E+03));
#118 = CIRCLE('',#119,168.3);
#119 = AXIS2_PLACEMENT_3D('',#120,#121,#122);
#120 = CARTESIAN_POINT('',(252.45,3.091620844447E-14,2.24755E+03));
#121 = DIRECTION('',(0.,1.,-0.));
#122 = DIRECTION('',(-1.,0.,0.));
#123 = ORIENTED_EDGE('',*,*,#124,.T.);
#124 = EDGE_CURVE('',#116,#116,#125,.T.);
#125 = CIRCLE('',#126,84.15);
#126 = AXIS2_PLACEMENT_3D('',#127,#128,#129);
#127 = CARTESIAN_POINT('',(252.45,0.,2.5E+03));
#128 = DIRECTION('',(-1.,0.,6.049014748177E-16));
#129 = DIRECTION('',(6.049014748177E-16,0.,1.));
#130 = ORIENTED_EDGE('',*,*,#113,.F.);
#131 = ORIENTED_EDGE('',*,*,#132,.F.);
#132 = EDGE_CURVE('',#114,#114,#133,.T.);
#133 = CIRCLE('',#134,84.15);
#134 = AXIS2_PLACEMENT_3D('',#135,#136,#137);
#135 = CARTESIAN_POINT('',(0.,0.,2.24755E+03));
#136 = DIRECTION('',(0.,0.,-1.));
#137 = DIRECTION('',(-1.,0.,0.));
#138 = TOROIDAL_SURFACE('',#139,252.45,84.15);
#139 = AXIS2_PLACEMENT_3D('',#140,#141,#142);
#140 = CARTESIAN_POINT('',(252.45,0.,2.24755E+03));
#141 = DIRECTION('',(0.,1.,0.));
#142 = DIRECTION('',(-1.,0.,0.));
#143 = ADVANCED_FACE('',(#144,#147),#158,.F.);
#144 = FACE_BOUND('',#145,.F.);
#145 = EDGE_LOOP('',(#146));
#146 = ORIENTED_EDGE('',*,*,#132,.F.);
#147 = FACE_BOUND('',#148,.F.);
#148 = EDGE_LOOP('',(#149));
#149 = ORIENTED_EDGE('',*,*,#150,.T.);
#150 = EDGE_CURVE('',#151,#151,#153,.T.);
#151 = VERTEX_POINT('',#152);
#152 = CARTESIAN_POINT('',(80.75,0.,2.24755E+03));
#153 = CIRCLE('',#154,80.75);
#154 = AXIS2_PLACEMENT_3D('',#155,#156,#157);
#155 = CARTESIAN_POINT('',(0.,0.,2.24755E+03));
#156 = DIRECTION('',(0.,0.,-1.));
#157 = DIRECTION('',(-1.,0.,0.));
#158 = PLANE('',#159);
#159 = AXIS2_PLACEMENT_3D('',#160,#161,#162);
#160 = CARTESIAN_POINT('',(-1.191113802613E-15,-1.306985118447E-14,
    2.24755E+03));
#161 = DIRECTION('',(0.,0.,1.));
#162 = DIRECTION('',(1.,0.,0.));
#163 = ADVANCED_FACE('',(#164,#167),#178,.T.);
#164 = FACE_BOUND('',#165,.T.);
#165 = EDGE_LOOP('',(#166));
#166 = ORIENTED_EDGE('',*,*,#124,.F.);
#167 = FACE_BOUND('',#168,.T.);
#168 = EDGE_LOOP('',(#169));
#169 = ORIENTED_EDGE('',*,*,#170,.T.);
#170 = EDGE_CURVE('',#171,#171,#173,.T.);
#171 = VERTEX_POINT('',#172);
#172 = CARTESIAN_POINT('',(252.45,0.,2.41925E+03));
#173 = CIRCLE('',#174,80.75);
#174 = AXIS2_PLACEMENT_3D('',#175,#176,#177);
#175 = CARTESIAN_POINT('',(252.45,0.,2.5E+03));
#176 = DIRECTION('',(-1.,0.,6.049014748177E-16));
#177 = DIRECTION('',(6.049014748177E-16,0.,1.));
#178 = PLANE('',#179);
#179 = AXIS2_PLACEMENT_3D('',#180,#181,#182);
#180 = CARTESIAN_POINT('',(252.45,1.477491468288E-14,2.5E+03));
#181 = DIRECTION('',(1.,0.,-6.755011153988E-16));
#182 = DIRECTION('',(6.755011153988E-16,0.,1.));
#183 = ADVANCED_FACE('',(#184),#196,.F.);
#184 = FACE_BOUND('',#185,.F.);
#185 = EDGE_LOOP('',(#186,#193,#194,#195));
#186 = ORIENTED_EDGE('',*,*,#187,.T.);
#187 = EDGE_CURVE('',#151,#171,#188,.T.);
#188 = CIRCLE('',#189,171.7);
#189 = AXIS2_PLACEMENT_3D('',#190,#191,#192);
#190 = CARTESIAN_POINT('',(252.45,2.966706870934E-14,2.24755E+03));
#191 = DIRECTION('',(0.,1.,-0.));
#192 = DIRECTION('',(-1.,0.,0.));
#193 = ORIENTED_EDGE('',*,*,#170,.T.);
#194 = ORIENTED_EDGE('',*,*,#187,.F.);
#195 = ORIENTED_EDGE('',*,*,#150,.F.);
#196 = TOROIDAL_SURFACE('',#197,252.45,80.75);
#197 = AXIS2_PLACEMENT_3D('',#198,#199,#200);
#198 = CARTESIAN_POINT('',(252.45,0.,2.24755E+03));
#199 = DIRECTION('',(0.,1.,0.));
#200 = DIRECTION('',(-1.,0.,0.));
#201 = MANIFOLD_SOLID_BREP('',#202);
#202 = CLOSED_SHELL('',(#203,#236,#256,#276));
#203 = ADVANCED_FACE('',(#204),#231,.T.);
#204 = FACE_BOUND('',#205,.T.);
#205 = EDGE_LOOP('',(#206,#215,#223,#230));
#206 = ORIENTED_EDGE('',*,*,#207,.F.);
#207 = EDGE_CURVE('',#208,#208,#210,.T.);
#208 = VERTEX_POINT('',#209);
#209 = CARTESIAN_POINT('',(5.74755E+03,2.061080562965E-14,2.58415E+03));
#210 = CIRCLE('',#211,84.15);
#211 = AXIS2_PLACEMENT_3D('',#212,#213,#214);
#212 = CARTESIAN_POINT('',(5.74755E+03,0.,2.5E+03));
#213 = DIRECTION('',(1.,0.,-0.));
#214 = DIRECTION('',(0.,0.,1.));
#215 = ORIENTED_EDGE('',*,*,#216,.F.);
#216 = EDGE_CURVE('',#217,#208,#219,.T.);
#217 = VERTEX_POINT('',#218);
#218 = CARTESIAN_POINT('',(252.45,2.061080562965E-14,2.58415E+03));
#219 = LINE('',#220,#221);
#220 = CARTESIAN_POINT('',(252.45,2.061080562965E-14,2.58415E+03));
#221 = VECTOR('',#222,1.);
#222 = DIRECTION('',(1.,0.,0.));
#223 = ORIENTED_EDGE('',*,*,#224,.T.);
#224 = EDGE_CURVE('',#217,#217,#225,.T.);
#225 = CIRCLE('',#226,84.15);
#226 = AXIS2_PLACEMENT_3D('',#227,#228,#229);
#227 = CARTESIAN_POINT('',(252.45,0.,2.5E+03));
#228 = DIRECTION('',(1.,0.,-0.));
#229 = DIRECTION('',(0.,0.,1.));
#230 = ORIENTED_EDGE('',*,*,#216,.T.);
#231 = CYLINDRICAL_SURFACE('',#232,84.15);
#232 = AXIS2_PLACEMENT_3D('',#233,#234,#235);
#233 = CARTESIAN_POINT('',(252.45,0.,2.5E+03));
#234 = DIRECTION('',(1.,0.,0.));
#235 = DIRECTION('',(0.,0.,1.));
#236 = ADVANCED_FACE('',(#237,#240),#251,.T.);
#237 = FACE_BOUND('',#238,.T.);
#238 = EDGE_LOOP('',(#239));
#239 = ORIENTED_EDGE('',*,*,#207,.T.);
#240 = FACE_BOUND('',#241,.T.);
#241 = EDGE_LOOP('',(#242));
#242 = ORIENTED_EDGE('',*,*,#243,.F.);
#243 = EDGE_CURVE('',#244,#244,#246,.T.);
#244 = VERTEX_POINT('',#245);
#245 = CARTESIAN_POINT('',(5.74755E+03,1.977804580623E-14,2.58075E+03));
#246 = CIRCLE('',#247,80.75);
#247 = AXIS2_PLACEMENT_3D('',#248,#249,#250);
#248 = CARTESIAN_POINT('',(5.74755E+03,0.,2.5E+03));
#249 = DIRECTION('',(1.,0.,-0.));
#250 = DIRECTION('',(0.,0.,1.));
#251 = PLANE('',#252);
#252 = AXIS2_PLACEMENT_3D('',#253,#254,#255);
#253 = CARTESIAN_POINT('',(5.74755E+03,0.,2.5E+03));
#254 = DIRECTION('',(1.,0.,0.));
#255 = DIRECTION('',(0.,0.,1.));
#256 = ADVANCED_FACE('',(#257,#260),#271,.F.);
#257 = FACE_BOUND('',#258,.F.);
#258 = EDGE_LOOP('',(#259));
#259 = ORIENTED_EDGE('',*,*,#224,.T.);
#260 = FACE_BOUND('',#261,.F.);
#261 = EDGE_LOOP('',(#262));
#262 = ORIENTED_EDGE('',*,*,#263,.F.);
#263 = EDGE_CURVE('',#264,#264,#266,.T.);
#264 = VERTEX_POINT('',#265);
#265 = CARTESIAN_POINT('',(252.45,1.977804580623E-14,2.58075E+03));
#266 = CIRCLE('',#267,80.75);
#267 = AXIS2_PLACEMENT_3D('',#268,#269,#270);
#268 = CARTESIAN_POINT('',(252.45,0.,2.5E+03));
#269 = DIRECTION('',(1.,0.,-0.));
#270 = DIRECTION('',(0.,0.,1.));
#271 = PLANE('',#272);
#272 = AXIS2_PLACEMENT_3D('',#273,#274,#275);
#273 = CARTESIAN_POINT('',(252.45,0.,2.5E+03));
#274 = DIRECTION('',(1.,0.,0.));
#275 = DIRECTION('',(0.,0.,1.));
#276 = ADVANCED_FACE('',(#277),#288,.F.);
#277 = FACE_BOUND('',#278,.F.);
#278 = EDGE_LOOP('',(#279,#280,#286,#287));
#279 = ORIENTED_EDGE('',*,*,#243,.F.);
#280 = ORIENTED_EDGE('',*,*,#281,.F.);
#281 = EDGE_CURVE('',#264,#244,#282,.T.);
#282 = LINE('',#283,#284);
#283 = CARTESIAN_POINT('',(252.45,1.977804580623E-14,2.58075E+03));
#284 = VECTOR('',#285,1.);
#285 = DIRECTION('',(1.,0.,0.));
#286 = ORIENTED_EDGE('',*,*,#263,.T.);
#287 = ORIENTED_EDGE('',*,*,#281,.T.);
#288 = CYLINDRICAL_SURFACE('',#289,80.75);
#289 = AXIS2_PLACEMENT_3D('',#290,#291,#292);
#290 = CARTESIAN_POINT('',(252.45,0.,2.5E+03));
#291 = DIRECTION('',(1.,0.,0.));
#292 = DIRECTION('',(0.,0.,1.));
#293 = MANIFOLD_SOLID_BREP('',#294);
#294 = CLOSED_SHELL('',(#295,#329,#349,#369));
#295 = ADVANCED_FACE('',(#296),#324,.T.);
#296 = FACE_BOUND('',#297,.T.);
#297 = EDGE_LOOP('',(#298,#309,#316,#317));
#298 = ORIENTED_EDGE('',*,*,#299,.T.);
#299 = EDGE_CURVE('',#300,#302,#304,.T.);
#300 = VERTEX_POINT('',#301);
#301 = CARTESIAN_POINT('',(5.74755E+03,84.15,2.5E+03));
#302 = VERTEX_POINT('',#303);
#303 = CARTESIAN_POINT('',(6.E+03,84.15,2.24755E+03));
#304 = CIRCLE('',#305,252.45);
#305 = AXIS2_PLACEMENT_3D('',#306,#307,#308);
#306 = CARTESIAN_POINT('',(5.74755E+03,84.15,2.24755E+03));
#307 = DIRECTION('',(0.,1.,0.));
#308 = DIRECTION('',(0.,0.,1.));
#309 = ORIENTED_EDGE('',*,*,#310,.T.);
#310 = EDGE_CURVE('',#302,#302,#311,.T.);
#311 = CIRCLE('',#312,84.15);
#312 = AXIS2_PLACEMENT_3D('',#313,#314,#315);
#313 = CARTESIAN_POINT('',(6.E+03,0.,2.24755E+03));
#314 = DIRECTION('',(-6.123233995737E-17,0.,1.));
#315 = DIRECTION('',(1.,0.,6.123233995737E-17));
#316 = ORIENTED_EDGE('',*,*,#299,.F.);
#317 = ORIENTED_EDGE('',*,*,#318,.F.);
#318 = EDGE_CURVE('',#300,#300,#319,.T.);
#319 = CIRCLE('',#320,84.15);
#320 = AXIS2_PLACEMENT_3D('',#321,#322,#323);
#321 = CARTESIAN_POINT('',(5.74755E+03,0.,2.5E+03));
#322 = DIRECTION('',(-1.,0.,0.));
#323 = DIRECTION('',(0.,0.,1.));
#324 = TOROIDAL_SURFACE('',#325,252.45,84.15);
#325 = AXIS2_PLACEMENT_3D('',#326,#327,#328);
#326 = CARTESIAN_POINT('',(5.74755E+03,0.,2.24755E+03));
#327 = DIRECTION('',(0.,1.,0.));
#328 = DIRECTION('',(0.,0.,1.));
#329 = ADVANCED_FACE('',(#330,#333),#344,.F.);
#330 = FACE_BOUND('',#331,.F.);
#331 = EDGE_LOOP('',(#332));
#332 = ORIENTED_EDGE('',*,*,#318,.F.);
#333 = FACE_BOUND('',#334,.F.);
#334 = EDGE_LOOP('',(#335));
#335 = ORIENTED_EDGE('',*,*,#336,.T.);
#336 = EDGE_CURVE('',#337,#337,#339,.T.);
#337 = VERTEX_POINT('',#338);
#338 = CARTESIAN_POINT('',(5.74755E+03,80.75,2.5E+03));
#339 = CIRCLE('',#340,80.75);
#340 = AXIS2_PLACEMENT_3D('',#341,#342,#343);
#341 = CARTESIAN_POINT('',(5.74755E+03,0.,2.5E+03));
#342 = DIRECTION('',(-1.,0.,0.));
#343 = DIRECTION('',(0.,0.,1.));
#344 = PLANE('',#345);
#345 = AXIS2_PLACEMENT_3D('',#346,#347,#348);
#346 = CARTESIAN_POINT('',(5.74755E+03,-2.977166882472E-14,2.5E+03));
#347 = DIRECTION('',(1.,0.,0.));
#348 = DIRECTION('',(0.,0.,1.));
#349 = ADVANCED_FACE('',(#350,#353),#364,.T.);
#350 = FACE_BOUND('',#351,.T.);
#351 = EDGE_LOOP('',(#352));
#352 = ORIENTED_EDGE('',*,*,#310,.F.);
#353 = FACE_BOUND('',#354,.T.);
#354 = EDGE_LOOP('',(#355));
#355 = ORIENTED_EDGE('',*,*,#356,.T.);
#356 = EDGE_CURVE('',#357,#357,#359,.T.);
#357 = VERTEX_POINT('',#358);
#358 = CARTESIAN_POINT('',(6.E+03,80.75,2.24755E+03));
#359 = CIRCLE('',#360,80.75);
#360 = AXIS2_PLACEMENT_3D('',#361,#362,#363);
#361 = CARTESIAN_POINT('',(6.E+03,0.,2.24755E+03));
#362 = DIRECTION('',(-6.123233995737E-17,0.,1.));
#363 = DIRECTION('',(1.,0.,6.123233995737E-17));
#364 = PLANE('',#365);
#365 = AXIS2_PLACEMENT_3D('',#366,#367,#368);
#366 = CARTESIAN_POINT('',(6.E+03,-2.977166882472E-14,2.24755E+03));
#367 = DIRECTION('',(-0.,-0.,-1.));
#368 = DIRECTION('',(-1.,0.,0.));
#369 = ADVANCED_FACE('',(#370),#382,.F.);
#370 = FACE_BOUND('',#371,.F.);
#371 = EDGE_LOOP('',(#372,#379,#380,#381));
#372 = ORIENTED_EDGE('',*,*,#373,.T.);
#373 = EDGE_CURVE('',#337,#357,#374,.T.);
#374 = CIRCLE('',#375,252.45);
#375 = AXIS2_PLACEMENT_3D('',#376,#377,#378);
#376 = CARTESIAN_POINT('',(5.74755E+03,80.75,2.24755E+03));
#377 = DIRECTION('',(0.,1.,0.));
#378 = DIRECTION('',(0.,0.,1.));
#379 = ORIENTED_EDGE('',*,*,#356,.T.);
#380 = ORIENTED_EDGE('',*,*,#373,.F.);
#381 = ORIENTED_EDGE('',*,*,#336,.F.);
#382 = TOROIDAL_SURFACE('',#383,252.45,80.75);
#383 = AXIS2_PLACEMENT_3D('',#384,#385,#386);
#384 = CARTESIAN_POINT('',(5.74755E+03,0.,2.24755E+03));
#385 = DIRECTION('',(0.,1.,0.));
#386 = DIRECTION('',(0.,0.,1.));
#387 = MANIFOLD_SOLID_BREP('',#388);
#388 = CLOSED_SHELL('',(#389,#422,#442,#462));
#389 = ADVANCED_FACE('',(#390),#417,.T.);
#390 = FACE_BOUND('',#391,.T.);
#391 = EDGE_LOOP('',(#392,#401,#409,#416));
#392 = ORIENTED_EDGE('',*,*,#393,.F.);
#393 = EDGE_CURVE('',#394,#394,#396,.T.);
#394 = VERTEX_POINT('',#395);
#395 = CARTESIAN_POINT('',(5.91585E+03,-2.061080562965E-14,1.5E+03));
#396 = CIRCLE('',#397,84.15);
#397 = AXIS2_PLACEMENT_3D('',#398,#399,#400);
#398 = CARTESIAN_POINT('',(6.E+03,0.,1.5E+03));
#399 = DIRECTION('',(0.,0.,-1.));
#400 = DIRECTION('',(-1.,0.,0.));
#401 = ORIENTED_EDGE('',*,*,#402,.F.);
#402 = EDGE_CURVE('',#403,#394,#405,.T.);
#403 = VERTEX_POINT('',#404);
#404 = CARTESIAN_POINT('',(5.91585E+03,-2.061080562965E-14,2.24755E+03)
  );
#405 = LINE('',#406,#407);
#406 = CARTESIAN_POINT('',(5.91585E+03,-2.061080562965E-14,2.24755E+03)
  );
#407 = VECTOR('',#408,1.);
#408 = DIRECTION('',(0.,0.,-1.));
#409 = ORIENTED_EDGE('',*,*,#410,.T.);
#410 = EDGE_CURVE('',#403,#403,#411,.T.);
#411 = CIRCLE('',#412,84.15);
#412 = AXIS2_PLACEMENT_3D('',#413,#414,#415);
#413 = CARTESIAN_POINT('',(6.E+03,0.,2.24755E+03));
#414 = DIRECTION('',(0.,0.,-1.));
#415 = DIRECTION('',(-1.,0.,0.));
#416 = ORIENTED_EDGE('',*,*,#402,.T.);
#417 = CYLINDRICAL_SURFACE('',#418,84.15);
#418 = AXIS2_PLACEMENT_3D('',#419,#420,#421);
#419 = CARTESIAN_POINT('',(6.E+03,0.,2.24755E+03));
#420 = DIRECTION('',(0.,0.,-1.));
#421 = DIRECTION('',(-1.,0.,0.));
#422 = ADVANCED_FACE('',(#423,#426),#437,.T.);
#423 = FACE_BOUND('',#424,.T.);
#424 = EDGE_LOOP('',(#425));
#425 = ORIENTED_EDGE('',*,*,#393,.T.);
#426 = FACE_BOUND('',#427,.T.);
#427 = EDGE_LOOP('',(#428));
#428 = ORIENTED_EDGE('',*,*,#429,.F.);
#429 = EDGE_CURVE('',#430,#430,#432,.T.);
#430 = VERTEX_POINT('',#431);
#431 = CARTESIAN_POINT('',(5.91925E+03,-1.977804580623E-14,1.5E+03));
#432 = CIRCLE('',#433,80.75);
#433 = AXIS2_PLACEMENT_3D('',#434,#435,#436);
#434 = CARTESIAN_POINT('',(6.E+03,0.,1.5E+03));
#435 = DIRECTION('',(0.,0.,-1.));
#436 = DIRECTION('',(-1.,0.,0.));
#437 = PLANE('',#438);
#438 = AXIS2_PLACEMENT_3D('',#439,#440,#441);
#439 = CARTESIAN_POINT('',(6.E+03,0.,1.5E+03));
#440 = DIRECTION('',(0.,0.,-1.));
#441 = DIRECTION('',(-1.,0.,0.));
#442 = ADVANCED_FACE('',(#443,#446),#457,.F.);
#443 = FACE_BOUND('',#444,.F.);
#444 = EDGE_LOOP('',(#445));
#445 = ORIENTED_EDGE('',*,*,#410,.T.);
#446 = FACE_BOUND('',#447,.F.);
#447 = EDGE_LOOP('',(#448));
#448 = ORIENTED_EDGE('',*,*,#449,.F.);
#449 = EDGE_CURVE('',#450,#450,#452,.T.);
#450 = VERTEX_POINT('',#451);
#451 = CARTESIAN_POINT('',(5.91925E+03,-1.977804580623E-14,2.24755E+03)
  );
#452 = CIRCLE('',#453,80.75);
#453 = AXIS2_PLACEMENT_3D('',#454,#455,#456);
#454 = CARTESIAN_POINT('',(6.E+03,0.,2.24755E+03));
#455 = DIRECTION('',(0.,0.,-1.));
#456 = DIRECTION('',(-1.,0.,0.));
#457 = PLANE('',#458);
#458 = AXIS2_PLACEMENT_3D('',#459,#460,#461);
#459 = CARTESIAN_POINT('',(6.E+03,0.,2.24755E+03));
#460 = DIRECTION('',(0.,0.,-1.));
#461 = DIRECTION('',(-1.,0.,0.));
#462 = ADVANCED_FACE('',(#463),#474,.F.);
#463 = FACE_BOUND('',#464,.F.);
#464 = EDGE_LOOP('',(#465,#466,#472,#473));
#465 = ORIENTED_EDGE('',*,*,#429,.F.);
#466 = ORIENTED_EDGE('',*,*,#467,.F.);
#467 = EDGE_CURVE('',#450,#430,#468,.T.);
#468 = LINE('',#469,#470);
#469 = CARTESIAN_POINT('',(5.91925E+03,-1.977804580623E-14,2.24755E+03)
  );
#470 = VECTOR('',#471,1.);
#471 = DIRECTION('',(0.,0.,-1.));
#472 = ORIENTED_EDGE('',*,*,#449,.T.);
#473 = ORIENTED_EDGE('',*,*,#467,.T.);
#474 = CYLINDRICAL_SURFACE('',#475,80.75);
#475 = AXIS2_PLACEMENT_3D('',#476,#477,#478);
#476 = CARTESIAN_POINT('',(6.E+03,0.,2.24755E+03));
#477 = DIRECTION('',(0.,0.,-1.));
#478 = DIRECTION('',(-1.,0.,0.));
#479 = MANIFOLD_SOLID_BREP('',#480);
#480 = CLOSED_SHELL('',(#481,#514,#534,#554));
#481 = ADVANCED_FACE('',(#482),#509,.T.);
#482 = FACE_BOUND('',#483,.T.);
#483 = EDGE_LOOP('',(#484,#493,#501,#508));
#484 = ORIENTED_EDGE('',*,*,#485,.F.);
#485 = EDGE_CURVE('',#486,#486,#488,.T.);
#486 = VERTEX_POINT('',#487);
#487 = CARTESIAN_POINT('',(6.08415E+03,500.,1.74755E+03));
#488 = CIRCLE('',#489,84.15);
#489 = AXIS2_PLACEMENT_3D('',#490,#491,#492);
#490 = CARTESIAN_POINT('',(6.E+03,500.,1.74755E+03));
#491 = DIRECTION('',(0.,0.,1.));
#492 = DIRECTION('',(1.,0.,0.));
#493 = ORIENTED_EDGE('',*,*,#494,.F.);
#494 = EDGE_CURVE('',#495,#486,#497,.T.);
#495 = VERTEX_POINT('',#496);
#496 = CARTESIAN_POINT('',(6.08415E+03,500.,1.5E+03));
#497 = LINE('',#498,#499);
#498 = CARTESIAN_POINT('',(6.08415E+03,500.,1.5E+03));
#499 = VECTOR('',#500,1.);
#500 = DIRECTION('',(0.,0.,1.));
#501 = ORIENTED_EDGE('',*,*,#502,.T.);
#502 = EDGE_CURVE('',#495,#495,#503,.T.);
#503 = CIRCLE('',#504,84.15);
#504 = AXIS2_PLACEMENT_3D('',#505,#506,#507);
#505 = CARTESIAN_POINT('',(6.E+03,500.,1.5E+03));
#506 = DIRECTION('',(0.,0.,1.));
#507 = DIRECTION('',(1.,0.,0.));
#508 = ORIENTED_EDGE('',*,*,#494,.T.);
#509 = CYLINDRICAL_SURFACE('',#510,84.15);
#510 = AXIS2_PLACEMENT_3D('',#511,#512,#513);
#511 = CARTESIAN_POINT('',(6.E+03,500.,1.5E+03));
#512 = DIRECTION('',(0.,0.,1.));
#513 = DIRECTION('',(1.,0.,0.));
#514 = ADVANCED_FACE('',(#515,#518),#529,.T.);
#515 = FACE_BOUND('',#516,.T.);
#516 = EDGE_LOOP('',(#517));
#517 = ORIENTED_EDGE('',*,*,#485,.T.);
#518 = FACE_BOUND('',#519,.T.);
#519 = EDGE_LOOP('',(#520));
#520 = ORIENTED_EDGE('',*,*,#521,.F.);
#521 = EDGE_CURVE('',#522,#522,#524,.T.);
#522 = VERTEX_POINT('',#523);
#523 = CARTESIAN_POINT('',(6.08075E+03,500.,1.74755E+03));
#524 = CIRCLE('',#525,80.75);
#525 = AXIS2_PLACEMENT_3D('',#526,#527,#528);
#526 = CARTESIAN_POINT('',(6.E+03,500.,1.74755E+03));
#527 = DIRECTION('',(0.,0.,1.));
#528 = DIRECTION('',(1.,0.,0.));
#529 = PLANE('',#530);
#530 = AXIS2_PLACEMENT_3D('',#531,#532,#533);
#531 = CARTESIAN_POINT('',(6.E+03,500.,1.74755E+03));
#532 = DIRECTION('',(0.,0.,1.));
#533 = DIRECTION('',(1.,0.,0.));
#534 = ADVANCED_FACE('',(#535,#538),#549,.F.);
#535 = FACE_BOUND('',#536,.F.);
#536 = EDGE_LOOP('',(#537));
#537 = ORIENTED_EDGE('',*,*,#502,.T.);
#538 = FACE_BOUND('',#539,.F.);
#539 = EDGE_LOOP('',(#540));
#540 = ORIENTED_EDGE('',*,*,#541,.F.);
#541 = EDGE_CURVE('',#542,#542,#544,.T.);
#542 = VERTEX_POINT('',#543);
#543 = CARTESIAN_POINT('',(6.08075E+03,500.,1.5E+03));
#544 = CIRCLE('',#545,80.75);
#545 = AXIS2_PLACEMENT_3D('',#546,#547,#548);
#546 = CARTESIAN_POINT('',(6.E+03,500.,1.5E+03));
#547 = DIRECTION('',(0.,0.,1.));
#548 = DIRECTION('',(1.,0.,0.));
#549 = PLANE('',#550);
#550 = AXIS2_PLACEMENT_3D('',#551,#552,#553);
#551 = CARTESIAN_POINT('',(6.E+03,500.,1.5E+03));
#552 = DIRECTION('',(0.,0.,1.));
#553 = DIRECTION('',(1.,0.,0.));
#554 = ADVANCED_FACE('',(#555),#566,.F.);
#555 = FACE_BOUND('',#556,.F.);
#556 = EDGE_LOOP('',(#557,#558,#564,#565));
#557 = ORIENTED_EDGE('',*,*,#521,.F.);
#558 = ORIENTED_EDGE('',*,*,#559,.F.);
#559 = EDGE_CURVE('',#542,#522,#560,.T.);
#560 = LINE('',#561,#562);
#561 = CARTESIAN_POINT('',(6.08075E+03,500.,1.5E+03));
#562 = VECTOR('',#563,1.);
#563 = DIRECTION('',(0.,0.,1.));
#564 = ORIENTED_EDGE('',*,*,#541,.T.);
#565 = ORIENTED_EDGE('',*,*,#559,.T.);
#566 = CYLINDRICAL_SURFACE('',#567,80.75);
#567 = AXIS2_PLACEMENT_3D('',#568,#569,#570);
#568 = CARTESIAN_POINT('',(6.E+03,500.,1.5E+03));
#569 = DIRECTION('',(0.,0.,1.));
#570 = DIRECTION('',(1.,0.,0.));
#571 = MANIFOLD_SOLID_BREP('',#572);
#572 = CLOSED_SHELL('',(#573,#607,#627,#647));
#573 = ADVANCED_FACE('',(#574),#602,.T.);
#574 = FACE_BOUND('',#575,.T.);
#575 = EDGE_LOOP('',(#576,#587,#594,#595));
#576 = ORIENTED_EDGE('',*,*,#577,.T.);
#577 = EDGE_CURVE('',#578,#580,#582,.T.);
#578 = VERTEX_POINT('',#579);
#579 = CARTESIAN_POINT('',(6.08415E+03,500.,1.74755E+03));
#580 = VERTEX_POINT('',#581);
#581 = CARTESIAN_POINT('',(5.74755E+03,500.,2.08415E+03));
#582 = CIRCLE('',#583,336.6);
#583 = AXIS2_PLACEMENT_3D('',#584,#585,#586);
#584 = CARTESIAN_POINT('',(5.74755E+03,500.,1.74755E+03));
#585 = DIRECTION('',(0.,-1.,0.));
#586 = DIRECTION('',(1.,0.,-2.702004461595E-15));
#587 = ORIENTED_EDGE('',*,*,#588,.T.);
#588 = EDGE_CURVE('',#580,#580,#589,.T.);
#589 = CIRCLE('',#590,84.15);
#590 = AXIS2_PLACEMENT_3D('',#591,#592,#593);
#591 = CARTESIAN_POINT('',(5.74755E+03,500.,2.E+03));
#592 = DIRECTION('',(1.,0.,-9.870154245215E-17));
#593 = DIRECTION('',(9.870154245215E-17,0.,1.));
#594 = ORIENTED_EDGE('',*,*,#577,.F.);
#595 = ORIENTED_EDGE('',*,*,#596,.F.);
#596 = EDGE_CURVE('',#578,#578,#597,.T.);
#597 = CIRCLE('',#598,84.15);
#598 = AXIS2_PLACEMENT_3D('',#599,#600,#601);
#599 = CARTESIAN_POINT('',(6.E+03,500.,1.74755E+03));
#600 = DIRECTION('',(-2.702004461595E-15,-0.,-1.));
#601 = DIRECTION('',(1.,0.,-2.702004461595E-15));
#602 = TOROIDAL_SURFACE('',#603,252.45,84.15);
#603 = AXIS2_PLACEMENT_3D('',#604,#605,#606);
#604 = CARTESIAN_POINT('',(5.74755E+03,500.,1.74755E+03));
#605 = DIRECTION('',(0.,-1.,0.));
#606 = DIRECTION('',(1.,0.,-2.702004461595E-15));
#607 = ADVANCED_FACE('',(#608,#611),#622,.F.);
#608 = FACE_BOUND('',#609,.F.);
#609 = EDGE_LOOP('',(#610));
#610 = ORIENTED_EDGE('',*,*,#596,.F.);
#611 = FACE_BOUND('',#612,.F.);
#612 = EDGE_LOOP('',(#613));
#613 = ORIENTED_EDGE('',*,*,#614,.T.);
#614 = EDGE_CURVE('',#615,#615,#617,.T.);
#615 = VERTEX_POINT('',#616);
#616 = CARTESIAN_POINT('',(6.08075E+03,500.,1.74755E+03));
#617 = CIRCLE('',#618,80.75);
#618 = AXIS2_PLACEMENT_3D('',#619,#620,#621);
#619 = CARTESIAN_POINT('',(6.E+03,500.,1.74755E+03));
#620 = DIRECTION('',(-2.702004461595E-15,-0.,-1.));
#621 = DIRECTION('',(1.,0.,-2.702004461595E-15));
#622 = PLANE('',#623);
#623 = AXIS2_PLACEMENT_3D('',#624,#625,#626);
#624 = CARTESIAN_POINT('',(6.E+03,500.,1.74755E+03));
#625 = DIRECTION('',(3.60267261546E-15,0.,1.));
#626 = DIRECTION('',(1.,0.,-3.60267261546E-15));
#627 = ADVANCED_FACE('',(#628,#631),#642,.T.);
#628 = FACE_BOUND('',#629,.T.);
#629 = EDGE_LOOP('',(#630));
#630 = ORIENTED_EDGE('',*,*,#588,.F.);
#631 = FACE_BOUND('',#632,.T.);
#632 = EDGE_LOOP('',(#633));
#633 = ORIENTED_EDGE('',*,*,#634,.T.);
#634 = EDGE_CURVE('',#635,#635,#637,.T.);
#635 = VERTEX_POINT('',#636);
#636 = CARTESIAN_POINT('',(5.74755E+03,500.,2.08075E+03));
#637 = CIRCLE('',#638,80.75);
#638 = AXIS2_PLACEMENT_3D('',#639,#640,#641);
#639 = CARTESIAN_POINT('',(5.74755E+03,500.,2.E+03));
#640 = DIRECTION('',(1.,0.,-9.870154245215E-17));
#641 = DIRECTION('',(9.870154245215E-17,0.,1.));
#642 = PLANE('',#643);
#643 = AXIS2_PLACEMENT_3D('',#644,#645,#646);
#644 = CARTESIAN_POINT('',(5.74755E+03,500.,2.E+03));
#645 = DIRECTION('',(-1.,-0.,-0.));
#646 = DIRECTION('',(0.,0.,-1.));
#647 = ADVANCED_FACE('',(#648),#660,.F.);
#648 = FACE_BOUND('',#649,.F.);
#649 = EDGE_LOOP('',(#650,#657,#658,#659));
#650 = ORIENTED_EDGE('',*,*,#651,.T.);
#651 = EDGE_CURVE('',#615,#635,#652,.T.);
#652 = CIRCLE('',#653,333.2);
#653 = AXIS2_PLACEMENT_3D('',#654,#655,#656);
#654 = CARTESIAN_POINT('',(5.74755E+03,500.,1.74755E+03));
#655 = DIRECTION('',(0.,-1.,0.));
#656 = DIRECTION('',(1.,0.,-2.702004461595E-15));
#657 = ORIENTED_EDGE('',*,*,#634,.T.);
#658 = ORIENTED_EDGE('',*,*,#651,.F.);
#659 = ORIENTED_EDGE('',*,*,#614,.F.);
#660 = TOROIDAL_SURFACE('',#661,252.45,80.75);
#661 = AXIS2_PLACEMENT_3D('',#662,#663,#664);
#662 = CARTESIAN_POINT('',(5.74755E+03,500.,1.74755E+03));
#663 = DIRECTION('',(0.,-1.,0.));
#664 = DIRECTION('',(1.,0.,-2.702004461595E-15));
#665 = MANIFOLD_SOLID_BREP('',#666);
#666 = CLOSED_SHELL('',(#667,#700,#720,#740));
#667 = ADVANCED_FACE('',(#668),#695,.T.);
#668 = FACE_BOUND('',#669,.T.);
#669 = EDGE_LOOP('',(#670,#679,#687,#694));
#670 = ORIENTED_EDGE('',*,*,#671,.F.);
#671 = EDGE_CURVE('',#672,#672,#674,.T.);
#672 = VERTEX_POINT('',#673);
#673 = CARTESIAN_POINT('',(252.45,500.,1.91585E+03));
#674 = CIRCLE('',#675,84.15);
#675 = AXIS2_PLACEMENT_3D('',#676,#677,#678);
#676 = CARTESIAN_POINT('',(252.45,500.,2.E+03));
#677 = DIRECTION('',(-1.,0.,0.));
#678 = DIRECTION('',(0.,0.,-1.));
#679 = ORIENTED_EDGE('',*,*,#680,.F.);
#680 = EDGE_CURVE('',#681,#672,#683,.T.);
#681 = VERTEX_POINT('',#682);
#682 = CARTESIAN_POINT('',(5.74755E+03,500.,1.91585E+03));
#683 = LINE('',#684,#685);
#684 = CARTESIAN_POINT('',(5.74755E+03,500.,1.91585E+03));
#685 = VECTOR('',#686,1.);
#686 = DIRECTION('',(-1.,0.,0.));
#687 = ORIENTED_EDGE('',*,*,#688,.T.);
#688 = EDGE_CURVE('',#681,#681,#689,.T.);
#689 = CIRCLE('',#690,84.15);
#690 = AXIS2_PLACEMENT_3D('',#691,#692,#693);
#691 = CARTESIAN_POINT('',(5.74755E+03,500.,2.E+03));
#692 = DIRECTION('',(-1.,0.,0.));
#693 = DIRECTION('',(0.,0.,-1.));
#694 = ORIENTED_EDGE('',*,*,#680,.T.);
#695 = CYLINDRICAL_SURFACE('',#696,84.15);
#696 = AXIS2_PLACEMENT_3D('',#697,#698,#699);
#697 = CARTESIAN_POINT('',(5.74755E+03,500.,2.E+03));
#698 = DIRECTION('',(-1.,0.,0.));
#699 = DIRECTION('',(0.,0.,-1.));
#700 = ADVANCED_FACE('',(#701,#704),#715,.T.);
#701 = FACE_BOUND('',#702,.T.);
#702 = EDGE_LOOP('',(#703));
#703 = ORIENTED_EDGE('',*,*,#671,.T.);
#704 = FACE_BOUND('',#705,.T.);
#705 = EDGE_LOOP('',(#706));
#706 = ORIENTED_EDGE('',*,*,#707,.F.);
#707 = EDGE_CURVE('',#708,#708,#710,.T.);
#708 = VERTEX_POINT('',#709);
#709 = CARTESIAN_POINT('',(252.45,500.,1.91925E+03));
#710 = CIRCLE('',#711,80.75);
#711 = AXIS2_PLACEMENT_3D('',#712,#713,#714);
#712 = CARTESIAN_POINT('',(252.45,500.,2.E+03));
#713 = DIRECTION('',(-1.,0.,0.));
#714 = DIRECTION('',(0.,0.,-1.));
#715 = PLANE('',#716);
#716 = AXIS2_PLACEMENT_3D('',#717,#718,#719);
#717 = CARTESIAN_POINT('',(252.45,500.,2.E+03));
#718 = DIRECTION('',(-1.,0.,0.));
#719 = DIRECTION('',(0.,0.,-1.));
#720 = ADVANCED_FACE('',(#721,#724),#735,.F.);
#721 = FACE_BOUND('',#722,.F.);
#722 = EDGE_LOOP('',(#723));
#723 = ORIENTED_EDGE('',*,*,#688,.T.);
#724 = FACE_BOUND('',#725,.F.);
#725 = EDGE_LOOP('',(#726));
#726 = ORIENTED_EDGE('',*,*,#727,.F.);
#727 = EDGE_CURVE('',#728,#728,#730,.T.);
#728 = VERTEX_POINT('',#729);
#729 = CARTESIAN_POINT('',(5.74755E+03,500.,1.91925E+03));
#730 = CIRCLE('',#731,80.75);
#731 = AXIS2_PLACEMENT_3D('',#732,#733,#734);
#732 = CARTESIAN_POINT('',(5.74755E+03,500.,2.E+03));
#733 = DIRECTION('',(-1.,0.,0.));
#734 = DIRECTION('',(0.,0.,-1.));
#735 = PLANE('',#736);
#736 = AXIS2_PLACEMENT_3D('',#737,#738,#739);
#737 = CARTESIAN_POINT('',(5.74755E+03,500.,2.E+03));
#738 = DIRECTION('',(-1.,0.,0.));
#739 = DIRECTION('',(0.,0.,-1.));
#740 = ADVANCED_FACE('',(#741),#752,.F.);
#741 = FACE_BOUND('',#742,.F.);
#742 = EDGE_LOOP('',(#743,#744,#750,#751));
#743 = ORIENTED_EDGE('',*,*,#707,.F.);
#744 = ORIENTED_EDGE('',*,*,#745,.F.);
#745 = EDGE_CURVE('',#728,#708,#746,.T.);
#746 = LINE('',#747,#748);
#747 = CARTESIAN_POINT('',(5.74755E+03,500.,1.91925E+03));
#748 = VECTOR('',#749,1.);
#749 = DIRECTION('',(-1.,0.,0.));
#750 = ORIENTED_EDGE('',*,*,#727,.T.);
#751 = ORIENTED_EDGE('',*,*,#745,.T.);
#752 = CYLINDRICAL_SURFACE('',#753,80.75);
#753 = AXIS2_PLACEMENT_3D('',#754,#755,#756);
#754 = CARTESIAN_POINT('',(5.74755E+03,500.,2.E+03));
#755 = DIRECTION('',(-1.,0.,0.));
#756 = DIRECTION('',(0.,0.,-1.));
#757 = MANIFOLD_SOLID_BREP('',#758);
#758 = CLOSED_SHELL('',(#759,#793,#813,#833));
#759 = ADVANCED_FACE('',(#760),#788,.T.);
#760 = FACE_BOUND('',#761,.T.);
#761 = EDGE_LOOP('',(#762,#773,#780,#781));
#762 = ORIENTED_EDGE('',*,*,#763,.T.);
#763 = EDGE_CURVE('',#764,#766,#768,.T.);
#764 = VERTEX_POINT('',#765);
#765 = CARTESIAN_POINT('',(252.45,500.,2.08415E+03));
#766 = VERTEX_POINT('',#767);
#767 = CARTESIAN_POINT('',(-84.15,500.,1.74755E+03));
#768 = CIRCLE('',#769,336.6);
#769 = AXIS2_PLACEMENT_3D('',#770,#771,#772);
#770 = CARTESIAN_POINT('',(252.45,500.,1.74755E+03));
#771 = DIRECTION('',(0.,-1.,0.));
#772 = DIRECTION('',(1.125835192331E-16,0.,1.));
#773 = ORIENTED_EDGE('',*,*,#774,.T.);
#774 = EDGE_CURVE('',#766,#766,#775,.T.);
#775 = CIRCLE('',#776,84.15);
#776 = AXIS2_PLACEMENT_3D('',#777,#778,#779);
#777 = CARTESIAN_POINT('',(-2.84217094304E-14,500.,1.74755E+03));
#778 = DIRECTION('',(-9.364071654347E-16,0.,1.));
#779 = DIRECTION('',(-1.,0.,-9.364071654347E-16));
#780 = ORIENTED_EDGE('',*,*,#763,.F.);
#781 = ORIENTED_EDGE('',*,*,#782,.F.);
#782 = EDGE_CURVE('',#764,#764,#783,.T.);
#783 = CIRCLE('',#784,84.15);
#784 = AXIS2_PLACEMENT_3D('',#785,#786,#787);
#785 = CARTESIAN_POINT('',(252.45,500.,2.E+03));
#786 = DIRECTION('',(1.,0.,-1.125835192331E-16));
#787 = DIRECTION('',(1.125835192331E-16,0.,1.));
#788 = TOROIDAL_SURFACE('',#789,252.45,84.15);
#789 = AXIS2_PLACEMENT_3D('',#790,#791,#792);
#790 = CARTESIAN_POINT('',(252.45,500.,1.74755E+03));
#791 = DIRECTION('',(0.,-1.,0.));
#792 = DIRECTION('',(1.125835192331E-16,0.,1.));
#793 = ADVANCED_FACE('',(#794,#797),#808,.F.);
#794 = FACE_BOUND('',#795,.F.);
#795 = EDGE_LOOP('',(#796));
#796 = ORIENTED_EDGE('',*,*,#782,.F.);
#797 = FACE_BOUND('',#798,.F.);
#798 = EDGE_LOOP('',(#799));
#799 = ORIENTED_EDGE('',*,*,#800,.T.);
#800 = EDGE_CURVE('',#801,#801,#803,.T.);
#801 = VERTEX_POINT('',#802);
#802 = CARTESIAN_POINT('',(252.45,500.,2.08075E+03));
#803 = CIRCLE('',#804,80.75);
#804 = AXIS2_PLACEMENT_3D('',#805,#806,#807);
#805 = CARTESIAN_POINT('',(252.45,500.,2.E+03));
#806 = DIRECTION('',(1.,0.,-1.125835192331E-16));
#807 = DIRECTION('',(1.125835192331E-16,0.,1.));
#808 = PLANE('',#809);
#809 = AXIS2_PLACEMENT_3D('',#810,#811,#812);
#810 = CARTESIAN_POINT('',(252.45,500.,2.E+03));
#811 = DIRECTION('',(-1.,-0.,-0.));
#812 = DIRECTION('',(0.,0.,-1.));
#813 = ADVANCED_FACE('',(#814,#817),#828,.T.);
#814 = FACE_BOUND('',#815,.T.);
#815 = EDGE_LOOP('',(#816));
#816 = ORIENTED_EDGE('',*,*,#774,.F.);
#817 = FACE_BOUND('',#818,.T.);
#818 = EDGE_LOOP('',(#819));
#819 = ORIENTED_EDGE('',*,*,#820,.T.);
#820 = EDGE_CURVE('',#821,#821,#823,.T.);
#821 = VERTEX_POINT('',#822);
#822 = CARTESIAN_POINT('',(-80.75,500.,1.74755E+03));
#823 = CIRCLE('',#824,80.75);
#824 = AXIS2_PLACEMENT_3D('',#825,#826,#827);
#825 = CARTESIAN_POINT('',(-2.84217094304E-14,500.,1.74755E+03));
#826 = DIRECTION('',(-9.364071654347E-16,0.,1.));
#827 = DIRECTION('',(-1.,0.,-9.364071654347E-16));
#828 = PLANE('',#829);
#829 = AXIS2_PLACEMENT_3D('',#830,#831,#832);
#830 = CARTESIAN_POINT('',(-3.058588982552E-14,500.,1.74755E+03));
#831 = DIRECTION('',(-0.,-0.,-1.));
#832 = DIRECTION('',(-1.,0.,0.));
#833 = ADVANCED_FACE('',(#834),#846,.F.);
#834 = FACE_BOUND('',#835,.F.);
#835 = EDGE_LOOP('',(#836,#843,#844,#845));
#836 = ORIENTED_EDGE('',*,*,#837,.T.);
#837 = EDGE_CURVE('',#801,#821,#838,.T.);
#838 = CIRCLE('',#839,333.2);
#839 = AXIS2_PLACEMENT_3D('',#840,#841,#842);
#840 = CARTESIAN_POINT('',(252.45,500.,1.74755E+03));
#841 = DIRECTION('',(0.,-1.,0.));
#842 = DIRECTION('',(1.125835192331E-16,0.,1.));
#843 = ORIENTED_EDGE('',*,*,#820,.T.);
#844 = ORIENTED_EDGE('',*,*,#837,.F.);
#845 = ORIENTED_EDGE('',*,*,#800,.F.);
#846 = TOROIDAL_SURFACE('',#847,252.45,80.75);
#847 = AXIS2_PLACEMENT_3D('',#848,#849,#850);
#848 = CARTESIAN_POINT('',(252.45,500.,1.74755E+03));
#849 = DIRECTION('',(0.,-1.,0.));
#850 = DIRECTION('',(1.125835192331E-16,0.,1.));
#851 = MANIFOLD_SOLID_BREP('',#852);
#852 = CLOSED_SHELL('',(#853,#886,#906,#926));
#853 = ADVANCED_FACE('',(#854),#881,.T.);
#854 = FACE_BOUND('',#855,.T.);
#855 = EDGE_LOOP('',(#856,#865,#873,#880));
#856 = ORIENTED_EDGE('',*,*,#857,.F.);
#857 = EDGE_CURVE('',#858,#858,#860,.T.);
#858 = VERTEX_POINT('',#859);
#859 = CARTESIAN_POINT('',(-84.15,500.,800.));
#860 = CIRCLE('',#861,84.15);
#861 = AXIS2_PLACEMENT_3D('',#862,#863,#864);
#862 = CARTESIAN_POINT('',(-1.989519660128E-13,500.,800.));
#863 = DIRECTION('',(0.,0.,-1.));
#864 = DIRECTION('',(-1.,0.,0.));
#865 = ORIENTED_EDGE('',*,*,#866,.F.);
#866 = EDGE_CURVE('',#867,#858,#869,.T.);
#867 = VERTEX_POINT('',#868);
#868 = CARTESIAN_POINT('',(-84.15,500.,1.74755E+03));
#869 = LINE('',#870,#871);
#870 = CARTESIAN_POINT('',(-84.15,500.,1.74755E+03));
#871 = VECTOR('',#872,1.);
#872 = DIRECTION('',(0.,0.,-1.));
#873 = ORIENTED_EDGE('',*,*,#874,.T.);
#874 = EDGE_CURVE('',#867,#867,#875,.T.);
#875 = CIRCLE('',#876,84.15);
#876 = AXIS2_PLACEMENT_3D('',#877,#878,#879);
#877 = CARTESIAN_POINT('',(-1.989519660128E-13,500.,1.74755E+03));
#878 = DIRECTION('',(0.,0.,-1.));
#879 = DIRECTION('',(-1.,0.,0.));
#880 = ORIENTED_EDGE('',*,*,#866,.T.);
#881 = CYLINDRICAL_SURFACE('',#882,84.15);
#882 = AXIS2_PLACEMENT_3D('',#883,#884,#885);
#883 = CARTESIAN_POINT('',(-1.989519660128E-13,500.,1.74755E+03));
#884 = DIRECTION('',(0.,0.,-1.));
#885 = DIRECTION('',(-1.,0.,0.));
#886 = ADVANCED_FACE('',(#887,#890),#901,.T.);
#887 = FACE_BOUND('',#888,.T.);
#888 = EDGE_LOOP('',(#889));
#889 = ORIENTED_EDGE('',*,*,#857,.T.);
#890 = FACE_BOUND('',#891,.T.);
#891 = EDGE_LOOP('',(#892));
#892 = ORIENTED_EDGE('',*,*,#893,.F.);
#893 = EDGE_CURVE('',#894,#894,#896,.T.);
#894 = VERTEX_POINT('',#895);
#895 = CARTESIAN_POINT('',(-80.75,500.,800.));
#896 = CIRCLE('',#897,80.75);
#897 = AXIS2_PLACEMENT_3D('',#898,#899,#900);
#898 = CARTESIAN_POINT('',(-1.989519660128E-13,500.,800.));
#899 = DIRECTION('',(0.,0.,-1.));
#900 = DIRECTION('',(-1.,0.,0.));
#901 = PLANE('',#902);
#902 = AXIS2_PLACEMENT_3D('',#903,#904,#905);
#903 = CARTESIAN_POINT('',(-1.989519660128E-13,500.,800.));
#904 = DIRECTION('',(0.,0.,-1.));
#905 = DIRECTION('',(-1.,0.,0.));
#906 = ADVANCED_FACE('',(#907,#910),#921,.F.);
#907 = FACE_BOUND('',#908,.F.);
#908 = EDGE_LOOP('',(#909));
#909 = ORIENTED_EDGE('',*,*,#874,.T.);
#910 = FACE_BOUND('',#911,.F.);
#911 = EDGE_LOOP('',(#912));
#912 = ORIENTED_EDGE('',*,*,#913,.F.);
#913 = EDGE_CURVE('',#914,#914,#916,.T.);
#914 = VERTEX_POINT('',#915);
#915 = CARTESIAN_POINT('',(-80.75,500.,1.74755E+03));
#916 = CIRCLE('',#917,80.75);
#917 = AXIS2_PLACEMENT_3D('',#918,#919,#920);
#918 = CARTESIAN_POINT('',(-1.989519660128E-13,500.,1.74755E+03));
#919 = DIRECTION('',(0.,0.,-1.));
#920 = DIRECTION('',(-1.,0.,0.));
#921 = PLANE('',#922);
#922 = AXIS2_PLACEMENT_3D('',#923,#924,#925);
#923 = CARTESIAN_POINT('',(-1.989519660128E-13,500.,1.74755E+03));
#924 = DIRECTION('',(0.,0.,-1.));
#925 = DIRECTION('',(-1.,0.,0.));
#926 = ADVANCED_FACE('',(#927),#938,.F.);
#927 = FACE_BOUND('',#928,.F.);
#928 = EDGE_LOOP('',(#929,#930,#936,#937));
#929 = ORIENTED_EDGE('',*,*,#893,.F.);
#930 = ORIENTED_EDGE('',*,*,#931,.F.);
#931 = EDGE_CURVE('',#914,#894,#932,.T.);
#932 = LINE('',#933,#934);
#933 = CARTESIAN_POINT('',(-80.75,500.,1.74755E+03));
#934 = VECTOR('',#935,1.);
#935 = DIRECTION('',(0.,0.,-1.));
#936 = ORIENTED_EDGE('',*,*,#913,.T.);
#937 = ORIENTED_EDGE('',*,*,#931,.T.);
#938 = CYLINDRICAL_SURFACE('',#939,80.75);
#939 = AXIS2_PLACEMENT_3D('',#940,#941,#942);
#940 = CARTESIAN_POINT('',(-1.989519660128E-13,500.,1.74755E+03));
#941 = DIRECTION('',(0.,0.,-1.));
#942 = DIRECTION('',(-1.,0.,0.));
#943 = MANIFOLD_SOLID_BREP('',#944);
#944 = CLOSED_SHELL('',(#945,#978,#998,#1018));
#945 = ADVANCED_FACE('',(#946),#973,.T.);
#946 = FACE_BOUND('',#947,.T.);
#947 = EDGE_LOOP('',(#948,#957,#965,#972));
#948 = ORIENTED_EDGE('',*,*,#949,.F.);
#949 = EDGE_CURVE('',#950,#950,#952,.T.);
#950 = VERTEX_POINT('',#951);
#951 = CARTESIAN_POINT('',(1.2E+04,2.683201136932E-14,2.60955E+03));
#952 = CIRCLE('',#953,109.55);
#953 = AXIS2_PLACEMENT_3D('',#954,#955,#956);
#954 = CARTESIAN_POINT('',(1.2E+04,0.,2.5E+03));
#955 = DIRECTION('',(1.,0.,-0.));
#956 = DIRECTION('',(0.,0.,1.));
#957 = ORIENTED_EDGE('',*,*,#958,.F.);
#958 = EDGE_CURVE('',#959,#950,#961,.T.);
#959 = VERTEX_POINT('',#960);
#960 = CARTESIAN_POINT('',(0.,2.683201136932E-14,2.60955E+03));
#961 = LINE('',#962,#963);
#962 = CARTESIAN_POINT('',(0.,2.683201136932E-14,2.60955E+03));
#963 = VECTOR('',#964,1.);
#964 = DIRECTION('',(1.,0.,0.));
#965 = ORIENTED_EDGE('',*,*,#966,.T.);
#966 = EDGE_CURVE('',#959,#959,#967,.T.);
#967 = CIRCLE('',#968,109.55);
#968 = AXIS2_PLACEMENT_3D('',#969,#970,#971);
#969 = CARTESIAN_POINT('',(0.,0.,2.5E+03));
#970 = DIRECTION('',(1.,0.,-0.));
#971 = DIRECTION('',(0.,0.,1.));
#972 = ORIENTED_EDGE('',*,*,#958,.T.);
#973 = CYLINDRICAL_SURFACE('',#974,109.55);
#974 = AXIS2_PLACEMENT_3D('',#975,#976,#977);
#975 = CARTESIAN_POINT('',(0.,0.,2.5E+03));
#976 = DIRECTION('',(1.,0.,0.));
#977 = DIRECTION('',(0.,0.,1.));
#978 = ADVANCED_FACE('',(#979,#982),#993,.T.);
#979 = FACE_BOUND('',#980,.T.);
#980 = EDGE_LOOP('',(#981));
#981 = ORIENTED_EDGE('',*,*,#949,.T.);
#982 = FACE_BOUND('',#983,.T.);
#983 = EDGE_LOOP('',(#984));
#984 = ORIENTED_EDGE('',*,*,#985,.F.);
#985 = EDGE_CURVE('',#986,#986,#988,.T.);
#986 = VERTEX_POINT('',#987);
#987 = CARTESIAN_POINT('',(1.2E+04,2.591107697636E-14,2.60579E+03));
#988 = CIRCLE('',#989,105.79);
#989 = AXIS2_PLACEMENT_3D('',#990,#991,#992);
#990 = CARTESIAN_POINT('',(1.2E+04,0.,2.5E+03));
#991 = DIRECTION('',(1.,0.,-0.));
#992 = DIRECTION('',(0.,0.,1.));
#993 = PLANE('',#994);
#994 = AXIS2_PLACEMENT_3D('',#995,#996,#997);
#995 = CARTESIAN_POINT('',(1.2E+04,0.,2.5E+03));
#996 = DIRECTION('',(1.,0.,0.));
#997 = DIRECTION('',(0.,0.,1.));
#998 = ADVANCED_FACE('',(#999,#1002),#1013,.F.);
#999 = FACE_BOUND('',#1000,.F.);
#1000 = EDGE_LOOP('',(#1001));
#1001 = ORIENTED_EDGE('',*,*,#966,.T.);
#1002 = FACE_BOUND('',#1003,.F.);
#1003 = EDGE_LOOP('',(#1004));
#1004 = ORIENTED_EDGE('',*,*,#1005,.F.);
#1005 = EDGE_CURVE('',#1006,#1006,#1008,.T.);
#1006 = VERTEX_POINT('',#1007);
#1007 = CARTESIAN_POINT('',(0.,2.591107697636E-14,2.60579E+03));
#1008 = CIRCLE('',#1009,105.79);
#1009 = AXIS2_PLACEMENT_3D('',#1010,#1011,#1012);
#1010 = CARTESIAN_POINT('',(0.,0.,2.5E+03));
#1011 = DIRECTION('',(1.,0.,-0.));
#1012 = DIRECTION('',(0.,0.,1.));
#1013 = PLANE('',#1014);
#1014 = AXIS2_PLACEMENT_3D('',#1015,#1016,#1017);
#1015 = CARTESIAN_POINT('',(0.,0.,2.5E+03));
#1016 = DIRECTION('',(1.,0.,0.));
#1017 = DIRECTION('',(0.,0.,1.));
#1018 = ADVANCED_FACE('',(#1019),#1030,.F.);
#1019 = FACE_BOUND('',#1020,.F.);
#1020 = EDGE_LOOP('',(#1021,#1022,#1028,#1029));
#1021 = ORIENTED_EDGE('',*,*,#985,.F.);
#1022 = ORIENTED_EDGE('',*,*,#1023,.F.);
#1023 = EDGE_CURVE('',#1006,#986,#1024,.T.);
#1024 = LINE('',#1025,#1026);
#1025 = CARTESIAN_POINT('',(0.,2.591107697636E-14,2.60579E+03));
#1026 = VECTOR('',#1027,1.);
#1027 = DIRECTION('',(1.,0.,0.));
#1028 = ORIENTED_EDGE('',*,*,#1005,.T.);
#1029 = ORIENTED_EDGE('',*,*,#1023,.T.);
#1030 = CYLINDRICAL_SURFACE('',#1031,105.79);
#1031 = AXIS2_PLACEMENT_3D('',#1032,#1033,#1034);
#1032 = CARTESIAN_POINT('',(0.,0.,2.5E+03));
#1033 = DIRECTION('',(1.,0.,0.));
#1034 = DIRECTION('',(0.,0.,1.));
#1035 = MANIFOLD_SOLID_BREP('',#1036);
#1036 = CLOSED_SHELL('',(#1037,#1071,#1091,#1111));
#1037 = ADVANCED_FACE('',(#1038),#1066,.T.);
#1038 = FACE_BOUND('',#1039,.T.);
#1039 = EDGE_LOOP('',(#1040,#1051,#1058,#1059));
#1040 = ORIENTED_EDGE('',*,*,#1041,.T.);
#1041 = EDGE_CURVE('',#1042,#1044,#1046,.T.);
#1042 = VERTEX_POINT('',#1043);
#1043 = CARTESIAN_POINT('',(1.2E+04,109.55,2.5E+03));
#1044 = VERTEX_POINT('',#1045);
#1045 = CARTESIAN_POINT('',(1.22191E+04,328.65,2.5E+03));
#1046 = CIRCLE('',#1047,219.1);
#1047 = AXIS2_PLACEMENT_3D('',#1048,#1049,#1050);
#1048 = CARTESIAN_POINT('',(1.2E+04,328.65,2.5E+03));
#1049 = DIRECTION('',(-0.,0.,1.));
#1050 = DIRECTION('',(5.53473118377E-15,-1.,0.));
#1051 = ORIENTED_EDGE('',*,*,#1052,.T.);
#1052 = EDGE_CURVE('',#1044,#1044,#1053,.T.);
#1053 = CIRCLE('',#1054,109.55);
#1054 = AXIS2_PLACEMENT_3D('',#1055,#1056,#1057);
#1055 = CARTESIAN_POINT('',(1.232865E+04,328.65,2.5E+03));
#1056 = DIRECTION('',(-3.408285353189E-15,-1.,0.));
#1057 = DIRECTION('',(1.,-3.408285353189E-15,0.));
#1058 = ORIENTED_EDGE('',*,*,#1041,.F.);
#1059 = ORIENTED_EDGE('',*,*,#1060,.F.);
#1060 = EDGE_CURVE('',#1042,#1042,#1061,.T.);
#1061 = CIRCLE('',#1062,109.55);
#1062 = AXIS2_PLACEMENT_3D('',#1063,#1064,#1065);
#1063 = CARTESIAN_POINT('',(1.2E+04,0.,2.5E+03));
#1064 = DIRECTION('',(-1.,-5.53473118377E-15,0.));
#1065 = DIRECTION('',(5.53473118377E-15,-1.,0.));
#1066 = TOROIDAL_SURFACE('',#1067,328.65,109.55);
#1067 = AXIS2_PLACEMENT_3D('',#1068,#1069,#1070);
#1068 = CARTESIAN_POINT('',(1.2E+04,328.65,2.5E+03));
#1069 = DIRECTION('',(0.,0.,1.));
#1070 = DIRECTION('',(5.53473118377E-15,-1.,0.));
#1071 = ADVANCED_FACE('',(#1072,#1075),#1086,.F.);
#1072 = FACE_BOUND('',#1073,.F.);
#1073 = EDGE_LOOP('',(#1074));
#1074 = ORIENTED_EDGE('',*,*,#1060,.F.);
#1075 = FACE_BOUND('',#1076,.F.);
#1076 = EDGE_LOOP('',(#1077));
#1077 = ORIENTED_EDGE('',*,*,#1078,.T.);
#1078 = EDGE_CURVE('',#1079,#1079,#1081,.T.);
#1079 = VERTEX_POINT('',#1080);
#1080 = CARTESIAN_POINT('',(1.2E+04,105.79,2.5E+03));
#1081 = CIRCLE('',#1082,105.79);
#1082 = AXIS2_PLACEMENT_3D('',#1083,#1084,#1085);
#1083 = CARTESIAN_POINT('',(1.2E+04,0.,2.5E+03));
#1084 = DIRECTION('',(-1.,-5.53473118377E-15,0.));
#1085 = DIRECTION('',(5.53473118377E-15,-1.,0.));
#1086 = PLANE('',#1087);
#1087 = AXIS2_PLACEMENT_3D('',#1088,#1089,#1090);
#1088 = CARTESIAN_POINT('',(1.2E+04,1.981384886306E-14,2.5E+03));
#1089 = DIRECTION('',(1.,0.,0.));
#1090 = DIRECTION('',(0.,0.,1.));
#1091 = ADVANCED_FACE('',(#1092,#1095),#1106,.T.);
#1092 = FACE_BOUND('',#1093,.T.);
#1093 = EDGE_LOOP('',(#1094));
#1094 = ORIENTED_EDGE('',*,*,#1052,.F.);
#1095 = FACE_BOUND('',#1096,.T.);
#1096 = EDGE_LOOP('',(#1097));
#1097 = ORIENTED_EDGE('',*,*,#1098,.T.);
#1098 = EDGE_CURVE('',#1099,#1099,#1101,.T.);
#1099 = VERTEX_POINT('',#1100);
#1100 = CARTESIAN_POINT('',(1.222286E+04,328.65,2.5E+03));
#1101 = CIRCLE('',#1102,105.79);
#1102 = AXIS2_PLACEMENT_3D('',#1103,#1104,#1105);
#1103 = CARTESIAN_POINT('',(1.232865E+04,328.65,2.5E+03));
#1104 = DIRECTION('',(-3.408285353189E-15,-1.,0.));
#1105 = DIRECTION('',(1.,-3.408285353189E-15,0.));
#1106 = PLANE('',#1107);
#1107 = AXIS2_PLACEMENT_3D('',#1108,#1109,#1110);
#1108 = CARTESIAN_POINT('',(1.232865E+04,328.65,2.5E+03));
#1109 = DIRECTION('',(3.459206989856E-15,1.,0.));
#1110 = DIRECTION('',(1.,-3.459206989856E-15,0.));
#1111 = ADVANCED_FACE('',(#1112),#1124,.F.);
#1112 = FACE_BOUND('',#1113,.F.);
#1113 = EDGE_LOOP('',(#1114,#1121,#1122,#1123));
#1114 = ORIENTED_EDGE('',*,*,#1115,.T.);
#1115 = EDGE_CURVE('',#1079,#1099,#1116,.T.);
#1116 = CIRCLE('',#1117,222.86);
#1117 = AXIS2_PLACEMENT_3D('',#1118,#1119,#1120);
#1118 = CARTESIAN_POINT('',(1.2E+04,328.65,2.5E+03));
#1119 = DIRECTION('',(-0.,0.,1.));
#1120 = DIRECTION('',(5.53473118377E-15,-1.,0.));
#1121 = ORIENTED_EDGE('',*,*,#1098,.T.);
#1122 = ORIENTED_EDGE('',*,*,#1115,.F.);
#1123 = ORIENTED_EDGE('',*,*,#1078,.F.);
#1124 = TOROIDAL_SURFACE('',#1125,328.65,105.79);
#1125 = AXIS2_PLACEMENT_3D('',#1126,#1127,#1128);
#1126 = CARTESIAN_POINT('',(1.2E+04,328.65,2.5E+03));
#1127 = DIRECTION('',(0.,0.,1.));
#1128 = DIRECTION('',(5.53473118377E-15,-1.,0.));
#1129 = MANIFOLD_SOLID_BREP('',#1130);
#1130 = CLOSED_SHELL('',(#1131,#1164,#1184,#1204));
#1131 = ADVANCED_FACE('',(#1132),#1159,.T.);
#1132 = FACE_BOUND('',#1133,.T.);
#1133 = EDGE_LOOP('',(#1134,#1143,#1151,#1158));
#1134 = ORIENTED_EDGE('',*,*,#1135,.F.);
#1135 = EDGE_CURVE('',#1136,#1136,#1138,.T.);
#1136 = VERTEX_POINT('',#1137);
#1137 = CARTESIAN_POINT('',(1.232865E+04,6.32865E+03,2.60955E+03));
#1138 = CIRCLE('',#1139,109.55);
#1139 = AXIS2_PLACEMENT_3D('',#1140,#1141,#1142);
#1140 = CARTESIAN_POINT('',(1.232865E+04,6.32865E+03,2.5E+03));
#1141 = DIRECTION('',(0.,1.,0.));
#1142 = DIRECTION('',(0.,0.,1.));
#1143 = ORIENTED_EDGE('',*,*,#1144,.F.);
#1144 = EDGE_CURVE('',#1145,#1136,#1147,.T.);
#1145 = VERTEX_POINT('',#1146);
#1146 = CARTESIAN_POINT('',(1.232865E+04,328.65,2.60955E+03));
#1147 = LINE('',#1148,#1149);
#1148 = CARTESIAN_POINT('',(1.232865E+04,328.65,2.60955E+03));
#1149 = VECTOR('',#1150,1.);
#1150 = DIRECTION('',(0.,1.,0.));
#1151 = ORIENTED_EDGE('',*,*,#1152,.T.);
#1152 = EDGE_CURVE('',#1145,#1145,#1153,.T.);
#1153 = CIRCLE('',#1154,109.55);
#1154 = AXIS2_PLACEMENT_3D('',#1155,#1156,#1157);
#1155 = CARTESIAN_POINT('',(1.232865E+04,328.65,2.5E+03));
#1156 = DIRECTION('',(0.,1.,0.));
#1157 = DIRECTION('',(0.,0.,1.));
#1158 = ORIENTED_EDGE('',*,*,#1144,.T.);
#1159 = CYLINDRICAL_SURFACE('',#1160,109.55);
#1160 = AXIS2_PLACEMENT_3D('',#1161,#1162,#1163);
#1161 = CARTESIAN_POINT('',(1.232865E+04,328.65,2.5E+03));
#1162 = DIRECTION('',(0.,1.,0.));
#1163 = DIRECTION('',(0.,0.,1.));
#1164 = ADVANCED_FACE('',(#1165,#1168),#1179,.T.);
#1165 = FACE_BOUND('',#1166,.T.);
#1166 = EDGE_LOOP('',(#1167));
#1167 = ORIENTED_EDGE('',*,*,#1135,.T.);
#1168 = FACE_BOUND('',#1169,.T.);
#1169 = EDGE_LOOP('',(#1170));
#1170 = ORIENTED_EDGE('',*,*,#1171,.F.);
#1171 = EDGE_CURVE('',#1172,#1172,#1174,.T.);
#1172 = VERTEX_POINT('',#1173);
#1173 = CARTESIAN_POINT('',(1.232865E+04,6.32865E+03,2.60579E+03));
#1174 = CIRCLE('',#1175,105.79);
#1175 = AXIS2_PLACEMENT_3D('',#1176,#1177,#1178);
#1176 = CARTESIAN_POINT('',(1.232865E+04,6.32865E+03,2.5E+03));
#1177 = DIRECTION('',(0.,1.,0.));
#1178 = DIRECTION('',(0.,0.,1.));
#1179 = PLANE('',#1180);
#1180 = AXIS2_PLACEMENT_3D('',#1181,#1182,#1183);
#1181 = CARTESIAN_POINT('',(1.232865E+04,6.32865E+03,2.5E+03));
#1182 = DIRECTION('',(0.,1.,0.));
#1183 = DIRECTION('',(0.,0.,1.));
#1184 = ADVANCED_FACE('',(#1185,#1188),#1199,.F.);
#1185 = FACE_BOUND('',#1186,.F.);
#1186 = EDGE_LOOP('',(#1187));
#1187 = ORIENTED_EDGE('',*,*,#1152,.T.);
#1188 = FACE_BOUND('',#1189,.F.);
#1189 = EDGE_LOOP('',(#1190));
#1190 = ORIENTED_EDGE('',*,*,#1191,.F.);
#1191 = EDGE_CURVE('',#1192,#1192,#1194,.T.);
#1192 = VERTEX_POINT('',#1193);
#1193 = CARTESIAN_POINT('',(1.232865E+04,328.65,2.60579E+03));
#1194 = CIRCLE('',#1195,105.79);
#1195 = AXIS2_PLACEMENT_3D('',#1196,#1197,#1198);
#1196 = CARTESIAN_POINT('',(1.232865E+04,328.65,2.5E+03));
#1197 = DIRECTION('',(0.,1.,0.));
#1198 = DIRECTION('',(0.,0.,1.));
#1199 = PLANE('',#1200);
#1200 = AXIS2_PLACEMENT_3D('',#1201,#1202,#1203);
#1201 = CARTESIAN_POINT('',(1.232865E+04,328.65,2.5E+03));
#1202 = DIRECTION('',(0.,1.,0.));
#1203 = DIRECTION('',(0.,0.,1.));
#1204 = ADVANCED_FACE('',(#1205),#1216,.F.);
#1205 = FACE_BOUND('',#1206,.F.);
#1206 = EDGE_LOOP('',(#1207,#1208,#1214,#1215));
#1207 = ORIENTED_EDGE('',*,*,#1171,.F.);
#1208 = ORIENTED_EDGE('',*,*,#1209,.F.);
#1209 = EDGE_CURVE('',#1192,#1172,#1210,.T.);
#1210 = LINE('',#1211,#1212);
#1211 = CARTESIAN_POINT('',(1.232865E+04,328.65,2.60579E+03));
#1212 = VECTOR('',#1213,1.);
#1213 = DIRECTION('',(0.,1.,0.));
#1214 = ORIENTED_EDGE('',*,*,#1191,.T.);
#1215 = ORIENTED_EDGE('',*,*,#1209,.T.);
#1216 = CYLINDRICAL_SURFACE('',#1217,105.79);
#1217 = AXIS2_PLACEMENT_3D('',#1218,#1219,#1220);
#1218 = CARTESIAN_POINT('',(1.232865E+04,328.65,2.5E+03));
#1219 = DIRECTION('',(0.,1.,0.));
#1220 = DIRECTION('',(0.,0.,1.));
#1221 = MANIFOLD_SOLID_BREP('',#1222);
#1222 = CLOSED_SHELL('',(#1223,#1257,#1277,#1297));
#1223 = ADVANCED_FACE('',(#1224),#1252,.T.);
#1224 = FACE_BOUND('',#1225,.T.);
#1225 = EDGE_LOOP('',(#1226,#1237,#1244,#1245));
#1226 = ORIENTED_EDGE('',*,*,#1227,.T.);
#1227 = EDGE_CURVE('',#1228,#1230,#1232,.T.);
#1228 = VERTEX_POINT('',#1229);
#1229 = CARTESIAN_POINT('',(1.24382E+04,6.32865E+03,2.5E+03));
#1230 = VERTEX_POINT('',#1231);
#1231 = CARTESIAN_POINT('',(1.2E+04,6.76685E+03,2.5E+03));
#1232 = CIRCLE('',#1233,438.2);
#1233 = AXIS2_PLACEMENT_3D('',#1234,#1235,#1236);
#1234 = CARTESIAN_POINT('',(1.2E+04,6.32865E+03,2.5E+03));
#1235 = DIRECTION('',(0.,-0.,1.));
#1236 = DIRECTION('',(1.,5.53473118377E-15,0.));
#1237 = ORIENTED_EDGE('',*,*,#1238,.T.);
#1238 = EDGE_CURVE('',#1230,#1230,#1239,.T.);
#1239 = CIRCLE('',#1240,109.55);
#1240 = AXIS2_PLACEMENT_3D('',#1241,#1242,#1243);
#1241 = CARTESIAN_POINT('',(1.2E+04,6.6573E+03,2.5E+03));
#1242 = DIRECTION('',(1.,-5.628731402439E-15,0.));
#1243 = DIRECTION('',(5.628731402439E-15,1.,0.));
#1244 = ORIENTED_EDGE('',*,*,#1227,.F.);
#1245 = ORIENTED_EDGE('',*,*,#1246,.F.);
#1246 = EDGE_CURVE('',#1228,#1228,#1247,.T.);
#1247 = CIRCLE('',#1248,109.55);
#1248 = AXIS2_PLACEMENT_3D('',#1249,#1250,#1251);
#1249 = CARTESIAN_POINT('',(1.232865E+04,6.32865E+03,2.5E+03));
#1250 = DIRECTION('',(5.53473118377E-15,-1.,0.));
#1251 = DIRECTION('',(1.,5.53473118377E-15,0.));
#1252 = TOROIDAL_SURFACE('',#1253,328.65,109.55);
#1253 = AXIS2_PLACEMENT_3D('',#1254,#1255,#1256);
#1254 = CARTESIAN_POINT('',(1.2E+04,6.32865E+03,2.5E+03));
#1255 = DIRECTION('',(0.,0.,1.));
#1256 = DIRECTION('',(1.,5.53473118377E-15,0.));
#1257 = ADVANCED_FACE('',(#1258,#1261),#1272,.F.);
#1258 = FACE_BOUND('',#1259,.F.);
#1259 = EDGE_LOOP('',(#1260));
#1260 = ORIENTED_EDGE('',*,*,#1246,.F.);
#1261 = FACE_BOUND('',#1262,.F.);
#1262 = EDGE_LOOP('',(#1263));
#1263 = ORIENTED_EDGE('',*,*,#1264,.T.);
#1264 = EDGE_CURVE('',#1265,#1265,#1267,.T.);
#1265 = VERTEX_POINT('',#1266);
#1266 = CARTESIAN_POINT('',(1.243444E+04,6.32865E+03,2.5E+03));
#1267 = CIRCLE('',#1268,105.79);
#1268 = AXIS2_PLACEMENT_3D('',#1269,#1270,#1271);
#1269 = CARTESIAN_POINT('',(1.232865E+04,6.32865E+03,2.5E+03));
#1270 = DIRECTION('',(5.53473118377E-15,-1.,0.));
#1271 = DIRECTION('',(1.,5.53473118377E-15,0.));
#1272 = PLANE('',#1273);
#1273 = AXIS2_PLACEMENT_3D('',#1274,#1275,#1276);
#1274 = CARTESIAN_POINT('',(1.232865E+04,6.32865E+03,2.5E+03));
#1275 = DIRECTION('',(-5.53473118377E-15,1.,0.));
#1276 = DIRECTION('',(1.,5.53473118377E-15,0.));
#1277 = ADVANCED_FACE('',(#1278,#1281),#1292,.T.);
#1278 = FACE_BOUND('',#1279,.T.);
#1279 = EDGE_LOOP('',(#1280));
#1280 = ORIENTED_EDGE('',*,*,#1238,.F.);
#1281 = FACE_BOUND('',#1282,.T.);
#1282 = EDGE_LOOP('',(#1283));
#1283 = ORIENTED_EDGE('',*,*,#1284,.T.);
#1284 = EDGE_CURVE('',#1285,#1285,#1287,.T.);
#1285 = VERTEX_POINT('',#1286);
#1286 = CARTESIAN_POINT('',(1.2E+04,6.76309E+03,2.5E+03));
#1287 = CIRCLE('',#1288,105.79);
#1288 = AXIS2_PLACEMENT_3D('',#1289,#1290,#1291);
#1289 = CARTESIAN_POINT('',(1.2E+04,6.6573E+03,2.5E+03));
#1290 = DIRECTION('',(1.,-5.628731402439E-15,0.));
#1291 = DIRECTION('',(5.628731402439E-15,1.,0.));
#1292 = PLANE('',#1293);
#1293 = AXIS2_PLACEMENT_3D('',#1294,#1295,#1296);
#1294 = CARTESIAN_POINT('',(1.2E+04,6.6573E+03,2.5E+03));
#1295 = DIRECTION('',(-1.,-0.,-0.));
#1296 = DIRECTION('',(0.,0.,-1.));
#1297 = ADVANCED_FACE('',(#1298),#1310,.F.);
#1298 = FACE_BOUND('',#1299,.F.);
#1299 = EDGE_LOOP('',(#1300,#1307,#1308,#1309));
#1300 = ORIENTED_EDGE('',*,*,#1301,.T.);
#1301 = EDGE_CURVE('',#1265,#1285,#1302,.T.);
#1302 = CIRCLE('',#1303,434.44);
#1303 = AXIS2_PLACEMENT_3D('',#1304,#1305,#1306);
#1304 = CARTESIAN_POINT('',(1.2E+04,6.32865E+03,2.5E+03));
#1305 = DIRECTION('',(0.,-0.,1.));
#1306 = DIRECTION('',(1.,5.53473118377E-15,0.));
#1307 = ORIENTED_EDGE('',*,*,#1284,.T.);
#1308 = ORIENTED_EDGE('',*,*,#1301,.F.);
#1309 = ORIENTED_EDGE('',*,*,#1264,.F.);
#1310 = TOROIDAL_SURFACE('',#1311,328.65,105.79);
#1311 = AXIS2_PLACEMENT_3D('',#1312,#1313,#1314);
#1312 = CARTESIAN_POINT('',(1.2E+04,6.32865E+03,2.5E+03));
#1313 = DIRECTION('',(0.,0.,1.));
#1314 = DIRECTION('',(1.,5.53473118377E-15,0.));
#1315 = MANIFOLD_SOLID_BREP('',#1316);
#1316 = CLOSED_SHELL('',(#1317,#1350,#1370,#1390));
#1317 = ADVANCED_FACE('',(#1318),#1345,.T.);
#1318 = FACE_BOUND('',#1319,.T.);
#1319 = EDGE_LOOP('',(#1320,#1329,#1337,#1344));
#1320 = ORIENTED_EDGE('',*,*,#1321,.F.);
#1321 = EDGE_CURVE('',#1322,#1322,#1324,.T.);
#1322 = VERTEX_POINT('',#1323);
#1323 = CARTESIAN_POINT('',(0.,6.6573E+03,2.39045E+03));
#1324 = CIRCLE('',#1325,109.55);
#1325 = AXIS2_PLACEMENT_3D('',#1326,#1327,#1328);
#1326 = CARTESIAN_POINT('',(0.,6.6573E+03,2.5E+03));
#1327 = DIRECTION('',(-1.,0.,0.));
#1328 = DIRECTION('',(0.,0.,-1.));
#1329 = ORIENTED_EDGE('',*,*,#1330,.F.);
#1330 = EDGE_CURVE('',#1331,#1322,#1333,.T.);
#1331 = VERTEX_POINT('',#1332);
#1332 = CARTESIAN_POINT('',(1.2E+04,6.6573E+03,2.39045E+03));
#1333 = LINE('',#1334,#1335);
#1334 = CARTESIAN_POINT('',(1.2E+04,6.6573E+03,2.39045E+03));
#1335 = VECTOR('',#1336,1.);
#1336 = DIRECTION('',(-1.,0.,0.));
#1337 = ORIENTED_EDGE('',*,*,#1338,.T.);
#1338 = EDGE_CURVE('',#1331,#1331,#1339,.T.);
#1339 = CIRCLE('',#1340,109.55);
#1340 = AXIS2_PLACEMENT_3D('',#1341,#1342,#1343);
#1341 = CARTESIAN_POINT('',(1.2E+04,6.6573E+03,2.5E+03));
#1342 = DIRECTION('',(-1.,0.,0.));
#1343 = DIRECTION('',(0.,0.,-1.));
#1344 = ORIENTED_EDGE('',*,*,#1330,.T.);
#1345 = CYLINDRICAL_SURFACE('',#1346,109.55);
#1346 = AXIS2_PLACEMENT_3D('',#1347,#1348,#1349);
#1347 = CARTESIAN_POINT('',(1.2E+04,6.6573E+03,2.5E+03));
#1348 = DIRECTION('',(-1.,0.,0.));
#1349 = DIRECTION('',(0.,0.,-1.));
#1350 = ADVANCED_FACE('',(#1351,#1354),#1365,.T.);
#1351 = FACE_BOUND('',#1352,.T.);
#1352 = EDGE_LOOP('',(#1353));
#1353 = ORIENTED_EDGE('',*,*,#1321,.T.);
#1354 = FACE_BOUND('',#1355,.T.);
#1355 = EDGE_LOOP('',(#1356));
#1356 = ORIENTED_EDGE('',*,*,#1357,.F.);
#1357 = EDGE_CURVE('',#1358,#1358,#1360,.T.);
#1358 = VERTEX_POINT('',#1359);
#1359 = CARTESIAN_POINT('',(0.,6.6573E+03,2.39421E+03));
#1360 = CIRCLE('',#1361,105.79);
#1361 = AXIS2_PLACEMENT_3D('',#1362,#1363,#1364);
#1362 = CARTESIAN_POINT('',(0.,6.6573E+03,2.5E+03));
#1363 = DIRECTION('',(-1.,0.,0.));
#1364 = DIRECTION('',(0.,0.,-1.));
#1365 = PLANE('',#1366);
#1366 = AXIS2_PLACEMENT_3D('',#1367,#1368,#1369);
#1367 = CARTESIAN_POINT('',(0.,6.6573E+03,2.5E+03));
#1368 = DIRECTION('',(-1.,0.,0.));
#1369 = DIRECTION('',(0.,0.,-1.));
#1370 = ADVANCED_FACE('',(#1371,#1374),#1385,.F.);
#1371 = FACE_BOUND('',#1372,.F.);
#1372 = EDGE_LOOP('',(#1373));
#1373 = ORIENTED_EDGE('',*,*,#1338,.T.);
#1374 = FACE_BOUND('',#1375,.F.);
#1375 = EDGE_LOOP('',(#1376));
#1376 = ORIENTED_EDGE('',*,*,#1377,.F.);
#1377 = EDGE_CURVE('',#1378,#1378,#1380,.T.);
#1378 = VERTEX_POINT('',#1379);
#1379 = CARTESIAN_POINT('',(1.2E+04,6.6573E+03,2.39421E+03));
#1380 = CIRCLE('',#1381,105.79);
#1381 = AXIS2_PLACEMENT_3D('',#1382,#1383,#1384);
#1382 = CARTESIAN_POINT('',(1.2E+04,6.6573E+03,2.5E+03));
#1383 = DIRECTION('',(-1.,0.,0.));
#1384 = DIRECTION('',(0.,0.,-1.));
#1385 = PLANE('',#1386);
#1386 = AXIS2_PLACEMENT_3D('',#1387,#1388,#1389);
#1387 = CARTESIAN_POINT('',(1.2E+04,6.6573E+03,2.5E+03));
#1388 = DIRECTION('',(-1.,0.,0.));
#1389 = DIRECTION('',(0.,0.,-1.));
#1390 = ADVANCED_FACE('',(#1391),#1402,.F.);
#1391 = FACE_BOUND('',#1392,.F.);
#1392 = EDGE_LOOP('',(#1393,#1394,#1400,#1401));
#1393 = ORIENTED_EDGE('',*,*,#1357,.F.);
#1394 = ORIENTED_EDGE('',*,*,#1395,.F.);
#1395 = EDGE_CURVE('',#1378,#1358,#1396,.T.);
#1396 = LINE('',#1397,#1398);
#1397 = CARTESIAN_POINT('',(1.2E+04,6.6573E+03,2.39421E+03));
#1398 = VECTOR('',#1399,1.);
#1399 = DIRECTION('',(-1.,0.,0.));
#1400 = ORIENTED_EDGE('',*,*,#1377,.T.);
#1401 = ORIENTED_EDGE('',*,*,#1395,.T.);
#1402 = CYLINDRICAL_SURFACE('',#1403,105.79);
#1403 = AXIS2_PLACEMENT_3D('',#1404,#1405,#1406);
#1404 = CARTESIAN_POINT('',(1.2E+04,6.6573E+03,2.5E+03));
#1405 = DIRECTION('',(-1.,0.,0.));
#1406 = DIRECTION('',(0.,0.,-1.));
#1407 = MANIFOLD_SOLID_BREP('',#1408);
#1408 = CLOSED_SHELL('',(#1409,#1443,#1463,#1483));
#1409 = ADVANCED_FACE('',(#1410),#1438,.T.);
#1410 = FACE_BOUND('',#1411,.T.);
#1411 = EDGE_LOOP('',(#1412,#1423,#1430,#1431));
#1412 = ORIENTED_EDGE('',*,*,#1413,.T.);
#1413 = EDGE_CURVE('',#1414,#1416,#1418,.T.);
#1414 = VERTEX_POINT('',#1415);
#1415 = CARTESIAN_POINT('',(1.009741958683E-28,6.6573E+03,2.60955E+03));
#1416 = VERTEX_POINT('',#1417);
#1417 = CARTESIAN_POINT('',(-328.65,6.32865E+03,2.60955E+03));
#1418 = CIRCLE('',#1419,328.65);
#1419 = AXIS2_PLACEMENT_3D('',#1420,#1421,#1422);
#1420 = CARTESIAN_POINT('',(-3.17083312133E-13,6.32865E+03,2.60955E+03)
  );
#1421 = DIRECTION('',(0.,-0.,1.));
#1422 = DIRECTION('',(9.648054530138E-16,1.,0.));
#1423 = ORIENTED_EDGE('',*,*,#1424,.T.);
#1424 = EDGE_CURVE('',#1416,#1416,#1425,.T.);
#1425 = CIRCLE('',#1426,109.55);
#1426 = AXIS2_PLACEMENT_3D('',#1427,#1428,#1429);
#1427 = CARTESIAN_POINT('',(-328.65,6.32865E+03,2.5E+03));
#1428 = DIRECTION('',(-8.418523165404E-17,1.,0.));
#1429 = DIRECTION('',(-1.,-8.418523165404E-17,0.));
#1430 = ORIENTED_EDGE('',*,*,#1413,.F.);
#1431 = ORIENTED_EDGE('',*,*,#1432,.F.);
#1432 = EDGE_CURVE('',#1414,#1414,#1433,.T.);
#1433 = CIRCLE('',#1434,109.55);
#1434 = AXIS2_PLACEMENT_3D('',#1435,#1436,#1437);
#1435 = CARTESIAN_POINT('',(9.626037187331E-29,6.6573E+03,2.5E+03));
#1436 = DIRECTION('',(1.,-9.648054530138E-16,0.));
#1437 = DIRECTION('',(9.648054530138E-16,1.,0.));
#1438 = TOROIDAL_SURFACE('',#1439,328.65,109.55);
#1439 = AXIS2_PLACEMENT_3D('',#1440,#1441,#1442);
#1440 = CARTESIAN_POINT('',(-3.17083312133E-13,6.32865E+03,2.5E+03));
#1441 = DIRECTION('',(0.,0.,1.));
#1442 = DIRECTION('',(9.648054530138E-16,1.,0.));
#1443 = ADVANCED_FACE('',(#1444,#1447),#1458,.F.);
#1444 = FACE_BOUND('',#1445,.F.);
#1445 = EDGE_LOOP('',(#1446));
#1446 = ORIENTED_EDGE('',*,*,#1432,.F.);
#1447 = FACE_BOUND('',#1448,.F.);
#1448 = EDGE_LOOP('',(#1449));
#1449 = ORIENTED_EDGE('',*,*,#1450,.T.);
#1450 = EDGE_CURVE('',#1451,#1451,#1453,.T.);
#1451 = VERTEX_POINT('',#1452);
#1452 = CARTESIAN_POINT('',(1.009741958683E-28,6.6573E+03,2.60579E+03));
#1453 = CIRCLE('',#1454,105.79);
#1454 = AXIS2_PLACEMENT_3D('',#1455,#1456,#1457);
#1455 = CARTESIAN_POINT('',(9.626037187331E-29,6.6573E+03,2.5E+03));
#1456 = DIRECTION('',(1.,-9.648054530138E-16,0.));
#1457 = DIRECTION('',(9.648054530138E-16,1.,0.));
#1458 = PLANE('',#1459);
#1459 = AXIS2_PLACEMENT_3D('',#1460,#1461,#1462);
#1460 = CARTESIAN_POINT('',(9.285523567255E-29,6.6573E+03,2.5E+03));
#1461 = DIRECTION('',(-1.,9.648054530138E-16,0.));
#1462 = DIRECTION('',(-9.648054530138E-16,-1.,0.));
#1463 = ADVANCED_FACE('',(#1464,#1467),#1478,.T.);
#1464 = FACE_BOUND('',#1465,.T.);
#1465 = EDGE_LOOP('',(#1466));
#1466 = ORIENTED_EDGE('',*,*,#1424,.F.);
#1467 = FACE_BOUND('',#1468,.T.);
#1468 = EDGE_LOOP('',(#1469));
#1469 = ORIENTED_EDGE('',*,*,#1470,.T.);
#1470 = EDGE_CURVE('',#1471,#1471,#1473,.T.);
#1471 = VERTEX_POINT('',#1472);
#1472 = CARTESIAN_POINT('',(-328.65,6.32865E+03,2.60579E+03));
#1473 = CIRCLE('',#1474,105.79);
#1474 = AXIS2_PLACEMENT_3D('',#1475,#1476,#1477);
#1475 = CARTESIAN_POINT('',(-328.65,6.32865E+03,2.5E+03));
#1476 = DIRECTION('',(-8.418523165404E-17,1.,0.));
#1477 = DIRECTION('',(-1.,-8.418523165404E-17,0.));
#1478 = PLANE('',#1479);
#1479 = AXIS2_PLACEMENT_3D('',#1480,#1481,#1482);
#1480 = CARTESIAN_POINT('',(-328.65,6.32865E+03,2.5E+03));
#1481 = DIRECTION('',(-0.,-1.,-0.));
#1482 = DIRECTION('',(0.,0.,-1.));
#1483 = ADVANCED_FACE('',(#1484),#1496,.F.);
#1484 = FACE_BOUND('',#1485,.F.);
#1485 = EDGE_LOOP('',(#1486,#1493,#1494,#1495));
#1486 = ORIENTED_EDGE('',*,*,#1487,.T.);
#1487 = EDGE_CURVE('',#1451,#1471,#1488,.T.);
#1488 = CIRCLE('',#1489,328.65);
#1489 = AXIS2_PLACEMENT_3D('',#1490,#1491,#1492);
#1490 = CARTESIAN_POINT('',(-3.17083312133E-13,6.32865E+03,2.60579E+03)
  );
#1491 = DIRECTION('',(0.,-0.,1.));
#1492 = DIRECTION('',(9.648054530138E-16,1.,0.));
#1493 = ORIENTED_EDGE('',*,*,#1470,.T.);
#1494 = ORIENTED_EDGE('',*,*,#1487,.F.);
#1495 = ORIENTED_EDGE('',*,*,#1450,.F.);
#1496 = TOROIDAL_SURFACE('',#1497,328.65,105.79);
#1497 = AXIS2_PLACEMENT_3D('',#1498,#1499,#1500);
#1498 = CARTESIAN_POINT('',(-3.17083312133E-13,6.32865E+03,2.5E+03));
#1499 = DIRECTION('',(0.,0.,1.));
#1500 = DIRECTION('',(9.648054530138E-16,1.,0.));
#1501 = MANIFOLD_SOLID_BREP('',#1502);
#1502 = CLOSED_SHELL('',(#1503,#1536,#1556,#1576));
#1503 = ADVANCED_FACE('',(#1504),#1531,.T.);
#1504 = FACE_BOUND('',#1505,.T.);
#1505 = EDGE_LOOP('',(#1506,#1515,#1523,#1530));
#1506 = ORIENTED_EDGE('',*,*,#1507,.F.);
#1507 = EDGE_CURVE('',#1508,#1508,#1510,.T.);
#1508 = VERTEX_POINT('',#1509);
#1509 = CARTESIAN_POINT('',(-328.65,328.65,2.39045E+03));
#1510 = CIRCLE('',#1511,109.55);
#1511 = AXIS2_PLACEMENT_3D('',#1512,#1513,#1514);
#1512 = CARTESIAN_POINT('',(-328.65,328.65,2.5E+03));
#1513 = DIRECTION('',(0.,-1.,0.));
#1514 = DIRECTION('',(0.,0.,-1.));
#1515 = ORIENTED_EDGE('',*,*,#1516,.F.);
#1516 = EDGE_CURVE('',#1517,#1508,#1519,.T.);
#1517 = VERTEX_POINT('',#1518);
#1518 = CARTESIAN_POINT('',(-328.65,6.32865E+03,2.39045E+03));
#1519 = LINE('',#1520,#1521);
#1520 = CARTESIAN_POINT('',(-328.65,6.32865E+03,2.39045E+03));
#1521 = VECTOR('',#1522,1.);
#1522 = DIRECTION('',(0.,-1.,0.));
#1523 = ORIENTED_EDGE('',*,*,#1524,.T.);
#1524 = EDGE_CURVE('',#1517,#1517,#1525,.T.);
#1525 = CIRCLE('',#1526,109.55);
#1526 = AXIS2_PLACEMENT_3D('',#1527,#1528,#1529);
#1527 = CARTESIAN_POINT('',(-328.65,6.32865E+03,2.5E+03));
#1528 = DIRECTION('',(0.,-1.,0.));
#1529 = DIRECTION('',(0.,0.,-1.));
#1530 = ORIENTED_EDGE('',*,*,#1516,.T.);
#1531 = CYLINDRICAL_SURFACE('',#1532,109.55);
#1532 = AXIS2_PLACEMENT_3D('',#1533,#1534,#1535);
#1533 = CARTESIAN_POINT('',(-328.65,6.32865E+03,2.5E+03));
#1534 = DIRECTION('',(0.,-1.,0.));
#1535 = DIRECTION('',(0.,0.,-1.));
#1536 = ADVANCED_FACE('',(#1537,#1540),#1551,.T.);
#1537 = FACE_BOUND('',#1538,.T.);
#1538 = EDGE_LOOP('',(#1539));
#1539 = ORIENTED_EDGE('',*,*,#1507,.T.);
#1540 = FACE_BOUND('',#1541,.T.);
#1541 = EDGE_LOOP('',(#1542));
#1542 = ORIENTED_EDGE('',*,*,#1543,.F.);
#1543 = EDGE_CURVE('',#1544,#1544,#1546,.T.);
#1544 = VERTEX_POINT('',#1545);
#1545 = CARTESIAN_POINT('',(-328.65,328.65,2.39421E+03));
#1546 = CIRCLE('',#1547,105.79);
#1547 = AXIS2_PLACEMENT_3D('',#1548,#1549,#1550);
#1548 = CARTESIAN_POINT('',(-328.65,328.65,2.5E+03));
#1549 = DIRECTION('',(0.,-1.,0.));
#1550 = DIRECTION('',(0.,0.,-1.));
#1551 = PLANE('',#1552);
#1552 = AXIS2_PLACEMENT_3D('',#1553,#1554,#1555);
#1553 = CARTESIAN_POINT('',(-328.65,328.65,2.5E+03));
#1554 = DIRECTION('',(0.,-1.,0.));
#1555 = DIRECTION('',(0.,0.,-1.));
#1556 = ADVANCED_FACE('',(#1557,#1560),#1571,.F.);
#1557 = FACE_BOUND('',#1558,.F.);
#1558 = EDGE_LOOP('',(#1559));
#1559 = ORIENTED_EDGE('',*,*,#1524,.T.);
#1560 = FACE_BOUND('',#1561,.F.);
#1561 = EDGE_LOOP('',(#1562));
#1562 = ORIENTED_EDGE('',*,*,#1563,.F.);
#1563 = EDGE_CURVE('',#1564,#1564,#1566,.T.);
#1564 = VERTEX_POINT('',#1565);
#1565 = CARTESIAN_POINT('',(-328.65,6.32865E+03,2.39421E+03));
#1566 = CIRCLE('',#1567,105.79);
#1567 = AXIS2_PLACEMENT_3D('',#1568,#1569,#1570);
#1568 = CARTESIAN_POINT('',(-328.65,6.32865E+03,2.5E+03));
#1569 = DIRECTION('',(0.,-1.,0.));
#1570 = DIRECTION('',(0.,0.,-1.));
#1571 = PLANE('',#1572);
#1572 = AXIS2_PLACEMENT_3D('',#1573,#1574,#1575);
#1573 = CARTESIAN_POINT('',(-328.65,6.32865E+03,2.5E+03));
#1574 = DIRECTION('',(0.,-1.,0.));
#1575 = DIRECTION('',(0.,0.,-1.));
#1576 = ADVANCED_FACE('',(#1577),#1588,.F.);
#1577 = FACE_BOUND('',#1578,.F.);
#1578 = EDGE_LOOP('',(#1579,#1580,#1586,#1587));
#1579 = ORIENTED_EDGE('',*,*,#1543,.F.);
#1580 = ORIENTED_EDGE('',*,*,#1581,.F.);
#1581 = EDGE_CURVE('',#1564,#1544,#1582,.T.);
#1582 = LINE('',#1583,#1584);
#1583 = CARTESIAN_POINT('',(-328.65,6.32865E+03,2.39421E+03));
#1584 = VECTOR('',#1585,1.);
#1585 = DIRECTION('',(0.,-1.,0.));
#1586 = ORIENTED_EDGE('',*,*,#1563,.T.);
#1587 = ORIENTED_EDGE('',*,*,#1581,.T.);
#1588 = CYLINDRICAL_SURFACE('',#1589,105.79);
#1589 = AXIS2_PLACEMENT_3D('',#1590,#1591,#1592);
#1590 = CARTESIAN_POINT('',(-328.65,6.32865E+03,2.5E+03));
#1591 = DIRECTION('',(0.,-1.,0.));
#1592 = DIRECTION('',(0.,0.,-1.));
#1593 = MANIFOLD_SOLID_BREP('',#1594);
#1594 = CLOSED_SHELL('',(#1595,#1629,#1649,#1669));
#1595 = ADVANCED_FACE('',(#1596),#1624,.T.);
#1596 = FACE_BOUND('',#1597,.T.);
#1597 = EDGE_LOOP('',(#1598,#1609,#1616,#1617));
#1598 = ORIENTED_EDGE('',*,*,#1599,.T.);
#1599 = EDGE_CURVE('',#1600,#1602,#1604,.T.);
#1600 = VERTEX_POINT('',#1601);
#1601 = CARTESIAN_POINT('',(-219.1,328.65,2.5E+03));
#1602 = VERTEX_POINT('',#1603);
#1603 = CARTESIAN_POINT('',(-1.835705852323E-14,109.55,2.5E+03));
#1604 = CIRCLE('',#1605,219.1);
#1605 = AXIS2_PLACEMENT_3D('',#1606,#1607,#1608);
#1606 = CARTESIAN_POINT('',(-1.835705852323E-14,328.65,2.5E+03));
#1607 = DIRECTION('',(0.,0.,1.));
#1608 = DIRECTION('',(-1.,0.,0.));
#1609 = ORIENTED_EDGE('',*,*,#1610,.T.);
#1610 = EDGE_CURVE('',#1602,#1602,#1611,.T.);
#1611 = CIRCLE('',#1612,109.55);
#1612 = AXIS2_PLACEMENT_3D('',#1613,#1614,#1615);
#1613 = CARTESIAN_POINT('',(3.44938923584E-14,-3.410605131648E-13,
    2.5E+03));
#1614 = DIRECTION('',(-1.,-1.608122649677E-16,0.));
#1615 = DIRECTION('',(1.608122649677E-16,-1.,0.));
#1616 = ORIENTED_EDGE('',*,*,#1599,.F.);
#1617 = ORIENTED_EDGE('',*,*,#1618,.F.);
#1618 = EDGE_CURVE('',#1600,#1600,#1619,.T.);
#1619 = CIRCLE('',#1620,109.55);
#1620 = AXIS2_PLACEMENT_3D('',#1621,#1622,#1623);
#1621 = CARTESIAN_POINT('',(-328.65,328.65,2.5E+03));
#1622 = DIRECTION('',(0.,1.,-0.));
#1623 = DIRECTION('',(-1.,0.,0.));
#1624 = TOROIDAL_SURFACE('',#1625,328.65,109.55);
#1625 = AXIS2_PLACEMENT_3D('',#1626,#1627,#1628);
#1626 = CARTESIAN_POINT('',(-1.835705852323E-14,328.65,2.5E+03));
#1627 = DIRECTION('',(0.,0.,1.));
#1628 = DIRECTION('',(-1.,0.,0.));
#1629 = ADVANCED_FACE('',(#1630,#1633),#1644,.F.);
#1630 = FACE_BOUND('',#1631,.F.);
#1631 = EDGE_LOOP('',(#1632));
#1632 = ORIENTED_EDGE('',*,*,#1618,.F.);
#1633 = FACE_BOUND('',#1634,.F.);
#1634 = EDGE_LOOP('',(#1635));
#1635 = ORIENTED_EDGE('',*,*,#1636,.T.);
#1636 = EDGE_CURVE('',#1637,#1637,#1639,.T.);
#1637 = VERTEX_POINT('',#1638);
#1638 = CARTESIAN_POINT('',(-222.86,328.65,2.5E+03));
#1639 = CIRCLE('',#1640,105.79);
#1640 = AXIS2_PLACEMENT_3D('',#1641,#1642,#1643);
#1641 = CARTESIAN_POINT('',(-328.65,328.65,2.5E+03));
#1642 = DIRECTION('',(0.,1.,-0.));
#1643 = DIRECTION('',(-1.,0.,0.));
#1644 = PLANE('',#1645);
#1645 = AXIS2_PLACEMENT_3D('',#1646,#1647,#1648);
#1646 = CARTESIAN_POINT('',(-328.65,328.65,2.5E+03));
#1647 = DIRECTION('',(-0.,-1.,-0.));
#1648 = DIRECTION('',(0.,0.,-1.));
#1649 = ADVANCED_FACE('',(#1650,#1653),#1664,.T.);
#1650 = FACE_BOUND('',#1651,.T.);
#1651 = EDGE_LOOP('',(#1652));
#1652 = ORIENTED_EDGE('',*,*,#1610,.F.);
#1653 = FACE_BOUND('',#1654,.T.);
#1654 = EDGE_LOOP('',(#1655));
#1655 = ORIENTED_EDGE('',*,*,#1656,.T.);
#1656 = EDGE_CURVE('',#1657,#1657,#1659,.T.);
#1657 = VERTEX_POINT('',#1658);
#1658 = CARTESIAN_POINT('',(-1.835705852323E-14,105.79,2.5E+03));
#1659 = CIRCLE('',#1660,105.79);
#1660 = AXIS2_PLACEMENT_3D('',#1661,#1662,#1663);
#1661 = CARTESIAN_POINT('',(3.44938923584E-14,-3.410605131648E-13,
    2.5E+03));
#1662 = DIRECTION('',(-1.,-1.608122649677E-16,0.));
#1663 = DIRECTION('',(1.608122649677E-16,-1.,0.));
#1664 = PLANE('',#1665);
#1665 = AXIS2_PLACEMENT_3D('',#1666,#1667,#1668);
#1666 = CARTESIAN_POINT('',(3.44938923584E-14,-3.598016117982E-13,
    2.5E+03));
#1667 = DIRECTION('',(1.,0.,0.));
#1668 = DIRECTION('',(0.,0.,1.));
#1669 = ADVANCED_FACE('',(#1670),#1682,.F.);
#1670 = FACE_BOUND('',#1671,.F.);
#1671 = EDGE_LOOP('',(#1672,#1679,#1680,#1681));
#1672 = ORIENTED_EDGE('',*,*,#1673,.T.);
#1673 = EDGE_CURVE('',#1637,#1657,#1674,.T.);
#1674 = CIRCLE('',#1675,222.86);
#1675 = AXIS2_PLACEMENT_3D('',#1676,#1677,#1678);
#1676 = CARTESIAN_POINT('',(-1.835705852323E-14,328.65,2.5E+03));
#1677 = DIRECTION('',(0.,0.,1.));
#1678 = DIRECTION('',(-1.,0.,0.));
#1679 = ORIENTED_EDGE('',*,*,#1656,.T.);
#1680 = ORIENTED_EDGE('',*,*,#1673,.F.);
#1681 = ORIENTED_EDGE('',*,*,#1636,.F.);
#1682 = TOROIDAL_SURFACE('',#1683,328.65,105.79);
#1683 = AXIS2_PLACEMENT_3D('',#1684,#1685,#1686);
#1684 = CARTESIAN_POINT('',(-1.835705852323E-14,328.65,2.5E+03));
#1685 = DIRECTION('',(0.,0.,1.));
#1686 = DIRECTION('',(-1.,0.,0.));
#1687 = MANIFOLD_SOLID_BREP('',#1688);
#1688 = CLOSED_SHELL('',(#1689,#1722,#1742,#1762));
#1689 = ADVANCED_FACE('',(#1690),#1717,.T.);
#1690 = FACE_BOUND('',#1691,.T.);
#1691 = EDGE_LOOP('',(#1692,#1701,#1709,#1716));
#1692 = ORIENTED_EDGE('',*,*,#1693,.F.);
#1693 = EDGE_CURVE('',#1694,#1694,#1696,.T.);
#1694 = VERTEX_POINT('',#1695);
#1695 = CARTESIAN_POINT('',(821.625,2.E+03,2.10955E+03));
#1696 = CIRCLE('',#1697,109.55);
#1697 = AXIS2_PLACEMENT_3D('',#1698,#1699,#1700);
#1698 = CARTESIAN_POINT('',(821.625,2.E+03,2.E+03));
#1699 = DIRECTION('',(1.,0.,-0.));
#1700 = DIRECTION('',(0.,0.,1.));
#1701 = ORIENTED_EDGE('',*,*,#1702,.F.);
#1702 = EDGE_CURVE('',#1703,#1694,#1705,.T.);
#1703 = VERTEX_POINT('',#1704);
#1704 = CARTESIAN_POINT('',(0.,2.E+03,2.10955E+03));
#1705 = LINE('',#1706,#1707);
#1706 = CARTESIAN_POINT('',(0.,2.E+03,2.10955E+03));
#1707 = VECTOR('',#1708,1.);
#1708 = DIRECTION('',(1.,0.,0.));
#1709 = ORIENTED_EDGE('',*,*,#1710,.T.);
#1710 = EDGE_CURVE('',#1703,#1703,#1711,.T.);
#1711 = CIRCLE('',#1712,109.55);
#1712 = AXIS2_PLACEMENT_3D('',#1713,#1714,#1715);
#1713 = CARTESIAN_POINT('',(0.,2.E+03,2.E+03));
#1714 = DIRECTION('',(1.,0.,-0.));
#1715 = DIRECTION('',(0.,0.,1.));
#1716 = ORIENTED_EDGE('',*,*,#1702,.T.);
#1717 = CYLINDRICAL_SURFACE('',#1718,109.55);
#1718 = AXIS2_PLACEMENT_3D('',#1719,#1720,#1721);
#1719 = CARTESIAN_POINT('',(0.,2.E+03,2.E+03));
#1720 = DIRECTION('',(1.,0.,0.));
#1721 = DIRECTION('',(0.,0.,1.));
#1722 = ADVANCED_FACE('',(#1723,#1726),#1737,.T.);
#1723 = FACE_BOUND('',#1724,.T.);
#1724 = EDGE_LOOP('',(#1725));
#1725 = ORIENTED_EDGE('',*,*,#1693,.T.);
#1726 = FACE_BOUND('',#1727,.T.);
#1727 = EDGE_LOOP('',(#1728));
#1728 = ORIENTED_EDGE('',*,*,#1729,.F.);
#1729 = EDGE_CURVE('',#1730,#1730,#1732,.T.);
#1730 = VERTEX_POINT('',#1731);
#1731 = CARTESIAN_POINT('',(821.625,2.E+03,2.10579E+03));
#1732 = CIRCLE('',#1733,105.79);
#1733 = AXIS2_PLACEMENT_3D('',#1734,#1735,#1736);
#1734 = CARTESIAN_POINT('',(821.625,2.E+03,2.E+03));
#1735 = DIRECTION('',(1.,0.,-0.));
#1736 = DIRECTION('',(0.,0.,1.));
#1737 = PLANE('',#1738);
#1738 = AXIS2_PLACEMENT_3D('',#1739,#1740,#1741);
#1739 = CARTESIAN_POINT('',(821.625,2.E+03,2.E+03));
#1740 = DIRECTION('',(1.,0.,0.));
#1741 = DIRECTION('',(0.,0.,1.));
#1742 = ADVANCED_FACE('',(#1743,#1746),#1757,.F.);
#1743 = FACE_BOUND('',#1744,.F.);
#1744 = EDGE_LOOP('',(#1745));
#1745 = ORIENTED_EDGE('',*,*,#1710,.T.);
#1746 = FACE_BOUND('',#1747,.F.);
#1747 = EDGE_LOOP('',(#1748));
#1748 = ORIENTED_EDGE('',*,*,#1749,.F.);
#1749 = EDGE_CURVE('',#1750,#1750,#1752,.T.);
#1750 = VERTEX_POINT('',#1751);
#1751 = CARTESIAN_POINT('',(0.,2.E+03,2.10579E+03));
#1752 = CIRCLE('',#1753,105.79);
#1753 = AXIS2_PLACEMENT_3D('',#1754,#1755,#1756);
#1754 = CARTESIAN_POINT('',(0.,2.E+03,2.E+03));
#1755 = DIRECTION('',(1.,0.,-0.));
#1756 = DIRECTION('',(0.,0.,1.));
#1757 = PLANE('',#1758);
#1758 = AXIS2_PLACEMENT_3D('',#1759,#1760,#1761);
#1759 = CARTESIAN_POINT('',(0.,2.E+03,2.E+03));
#1760 = DIRECTION('',(1.,0.,0.));
#1761 = DIRECTION('',(0.,0.,1.));
#1762 = ADVANCED_FACE('',(#1763),#1774,.F.);
#1763 = FACE_BOUND('',#1764,.F.);
#1764 = EDGE_LOOP('',(#1765,#1766,#1772,#1773));
#1765 = ORIENTED_EDGE('',*,*,#1729,.F.);
#1766 = ORIENTED_EDGE('',*,*,#1767,.F.);
#1767 = EDGE_CURVE('',#1750,#1730,#1768,.T.);
#1768 = LINE('',#1769,#1770);
#1769 = CARTESIAN_POINT('',(0.,2.E+03,2.10579E+03));
#1770 = VECTOR('',#1771,1.);
#1771 = DIRECTION('',(1.,0.,0.));
#1772 = ORIENTED_EDGE('',*,*,#1749,.T.);
#1773 = ORIENTED_EDGE('',*,*,#1767,.T.);
#1774 = CYLINDRICAL_SURFACE('',#1775,105.79);
#1775 = AXIS2_PLACEMENT_3D('',#1776,#1777,#1778);
#1776 = CARTESIAN_POINT('',(0.,2.E+03,2.E+03));
#1777 = DIRECTION('',(1.,0.,0.));
#1778 = DIRECTION('',(0.,0.,1.));
#1779 = MANIFOLD_SOLID_BREP('',#1780);
#1780 = CLOSED_SHELL('',(#1781,#1815,#1835,#1855));
#1781 = ADVANCED_FACE('',(#1782),#1810,.T.);
#1782 = FACE_BOUND('',#1783,.T.);
#1783 = EDGE_LOOP('',(#1784,#1795,#1802,#1803));
#1784 = ORIENTED_EDGE('',*,*,#1785,.T.);
#1785 = EDGE_CURVE('',#1786,#1788,#1790,.T.);
#1786 = VERTEX_POINT('',#1787);
#1787 = CARTESIAN_POINT('',(821.625,2.10955E+03,2.E+03));
#1788 = VERTEX_POINT('',#1789);
#1789 = CARTESIAN_POINT('',(1.150275E+03,2.10955E+03,2.32865E+03));
#1790 = CIRCLE('',#1791,328.65);
#1791 = AXIS2_PLACEMENT_3D('',#1792,#1793,#1794);
#1792 = CARTESIAN_POINT('',(821.625,2.10955E+03,2.32865E+03));
#1793 = DIRECTION('',(0.,-1.,0.));
#1794 = DIRECTION('',(0.,0.,-1.));
#1795 = ORIENTED_EDGE('',*,*,#1796,.T.);
#1796 = EDGE_CURVE('',#1788,#1788,#1797,.T.);
#1797 = CIRCLE('',#1798,109.55);
#1798 = AXIS2_PLACEMENT_3D('',#1799,#1800,#1801);
#1799 = CARTESIAN_POINT('',(1.150275E+03,2.E+03,2.32865E+03));
#1800 = DIRECTION('',(-6.123233995737E-17,-0.,-1.));
#1801 = DIRECTION('',(1.,0.,-6.123233995737E-17));
#1802 = ORIENTED_EDGE('',*,*,#1785,.F.);
#1803 = ORIENTED_EDGE('',*,*,#1804,.F.);
#1804 = EDGE_CURVE('',#1786,#1786,#1805,.T.);
#1805 = CIRCLE('',#1806,109.55);
#1806 = AXIS2_PLACEMENT_3D('',#1807,#1808,#1809);
#1807 = CARTESIAN_POINT('',(821.625,2.E+03,2.E+03));
#1808 = DIRECTION('',(-1.,-0.,-0.));
#1809 = DIRECTION('',(0.,0.,-1.));
#1810 = TOROIDAL_SURFACE('',#1811,328.65,109.55);
#1811 = AXIS2_PLACEMENT_3D('',#1812,#1813,#1814);
#1812 = CARTESIAN_POINT('',(821.625,2.E+03,2.32865E+03));
#1813 = DIRECTION('',(0.,-1.,0.));
#1814 = DIRECTION('',(0.,0.,-1.));
#1815 = ADVANCED_FACE('',(#1816,#1819),#1830,.F.);
#1816 = FACE_BOUND('',#1817,.F.);
#1817 = EDGE_LOOP('',(#1818));
#1818 = ORIENTED_EDGE('',*,*,#1804,.F.);
#1819 = FACE_BOUND('',#1820,.F.);
#1820 = EDGE_LOOP('',(#1821));
#1821 = ORIENTED_EDGE('',*,*,#1822,.T.);
#1822 = EDGE_CURVE('',#1823,#1823,#1825,.T.);
#1823 = VERTEX_POINT('',#1824);
#1824 = CARTESIAN_POINT('',(821.625,2.10579E+03,2.E+03));
#1825 = CIRCLE('',#1826,105.79);
#1826 = AXIS2_PLACEMENT_3D('',#1827,#1828,#1829);
#1827 = CARTESIAN_POINT('',(821.625,2.E+03,2.E+03));
#1828 = DIRECTION('',(-1.,-0.,-0.));
#1829 = DIRECTION('',(0.,0.,-1.));
#1830 = PLANE('',#1831);
#1831 = AXIS2_PLACEMENT_3D('',#1832,#1833,#1834);
#1832 = CARTESIAN_POINT('',(821.625,2.E+03,2.E+03));
#1833 = DIRECTION('',(1.,0.,0.));
#1834 = DIRECTION('',(0.,0.,1.));
#1835 = ADVANCED_FACE('',(#1836,#1839),#1850,.T.);
#1836 = FACE_BOUND('',#1837,.T.);
#1837 = EDGE_LOOP('',(#1838));
#1838 = ORIENTED_EDGE('',*,*,#1796,.F.);
#1839 = FACE_BOUND('',#1840,.T.);
#1840 = EDGE_LOOP('',(#1841));
#1841 = ORIENTED_EDGE('',*,*,#1842,.T.);
#1842 = EDGE_CURVE('',#1843,#1843,#1845,.T.);
#1843 = VERTEX_POINT('',#1844);
#1844 = CARTESIAN_POINT('',(1.150275E+03,2.10579E+03,2.32865E+03));
#1845 = CIRCLE('',#1846,105.79);
#1846 = AXIS2_PLACEMENT_3D('',#1847,#1848,#1849);
#1847 = CARTESIAN_POINT('',(1.150275E+03,2.E+03,2.32865E+03));
#1848 = DIRECTION('',(-6.123233995737E-17,-0.,-1.));
#1849 = DIRECTION('',(1.,0.,-6.123233995737E-17));
#1850 = PLANE('',#1851);
#1851 = AXIS2_PLACEMENT_3D('',#1852,#1853,#1854);
#1852 = CARTESIAN_POINT('',(1.150275E+03,2.E+03,2.32865E+03));
#1853 = DIRECTION('',(0.,0.,1.));
#1854 = DIRECTION('',(1.,0.,0.));
#1855 = ADVANCED_FACE('',(#1856),#1868,.F.);
#1856 = FACE_BOUND('',#1857,.F.);
#1857 = EDGE_LOOP('',(#1858,#1865,#1866,#1867));
#1858 = ORIENTED_EDGE('',*,*,#1859,.T.);
#1859 = EDGE_CURVE('',#1823,#1843,#1860,.T.);
#1860 = CIRCLE('',#1861,328.65);
#1861 = AXIS2_PLACEMENT_3D('',#1862,#1863,#1864);
#1862 = CARTESIAN_POINT('',(821.625,2.10579E+03,2.32865E+03));
#1863 = DIRECTION('',(0.,-1.,0.));
#1864 = DIRECTION('',(0.,0.,-1.));
#1865 = ORIENTED_EDGE('',*,*,#1842,.T.);
#1866 = ORIENTED_EDGE('',*,*,#1859,.F.);
#1867 = ORIENTED_EDGE('',*,*,#1822,.F.);
#1868 = TOROIDAL_SURFACE('',#1869,328.65,105.79);
#1869 = AXIS2_PLACEMENT_3D('',#1870,#1871,#1872);
#1870 = CARTESIAN_POINT('',(821.625,2.E+03,2.32865E+03));
#1871 = DIRECTION('',(0.,-1.,0.));
#1872 = DIRECTION('',(0.,0.,-1.));
#1873 = MANIFOLD_SOLID_BREP('',#1874);
#1874 = CLOSED_SHELL('',(#1875,#1908,#1928,#1948));
#1875 = ADVANCED_FACE('',(#1876),#1903,.T.);
#1876 = FACE_BOUND('',#1877,.T.);
#1877 = EDGE_LOOP('',(#1878,#1887,#1895,#1902));
#1878 = ORIENTED_EDGE('',*,*,#1879,.F.);
#1879 = EDGE_CURVE('',#1880,#1880,#1882,.T.);
#1880 = VERTEX_POINT('',#1881);
#1881 = CARTESIAN_POINT('',(1.259825E+03,2.E+03,3.150275E+03));
#1882 = CIRCLE('',#1883,109.55);
#1883 = AXIS2_PLACEMENT_3D('',#1884,#1885,#1886);
#1884 = CARTESIAN_POINT('',(1.150275E+03,2.E+03,3.150275E+03));
#1885 = DIRECTION('',(0.,0.,1.));
#1886 = DIRECTION('',(1.,0.,0.));
#1887 = ORIENTED_EDGE('',*,*,#1888,.F.);
#1888 = EDGE_CURVE('',#1889,#1880,#1891,.T.);
#1889 = VERTEX_POINT('',#1890);
#1890 = CARTESIAN_POINT('',(1.259825E+03,2.E+03,2.32865E+03));
#1891 = LINE('',#1892,#1893);
#1892 = CARTESIAN_POINT('',(1.259825E+03,2.E+03,2.32865E+03));
#1893 = VECTOR('',#1894,1.);
#1894 = DIRECTION('',(0.,0.,1.));
#1895 = ORIENTED_EDGE('',*,*,#1896,.T.);
#1896 = EDGE_CURVE('',#1889,#1889,#1897,.T.);
#1897 = CIRCLE('',#1898,109.55);
#1898 = AXIS2_PLACEMENT_3D('',#1899,#1900,#1901);
#1899 = CARTESIAN_POINT('',(1.150275E+03,2.E+03,2.32865E+03));
#1900 = DIRECTION('',(0.,0.,1.));
#1901 = DIRECTION('',(1.,0.,0.));
#1902 = ORIENTED_EDGE('',*,*,#1888,.T.);
#1903 = CYLINDRICAL_SURFACE('',#1904,109.55);
#1904 = AXIS2_PLACEMENT_3D('',#1905,#1906,#1907);
#1905 = CARTESIAN_POINT('',(1.150275E+03,2.E+03,2.32865E+03));
#1906 = DIRECTION('',(0.,0.,1.));
#1907 = DIRECTION('',(1.,0.,0.));
#1908 = ADVANCED_FACE('',(#1909,#1912),#1923,.T.);
#1909 = FACE_BOUND('',#1910,.T.);
#1910 = EDGE_LOOP('',(#1911));
#1911 = ORIENTED_EDGE('',*,*,#1879,.T.);
#1912 = FACE_BOUND('',#1913,.T.);
#1913 = EDGE_LOOP('',(#1914));
#1914 = ORIENTED_EDGE('',*,*,#1915,.F.);
#1915 = EDGE_CURVE('',#1916,#1916,#1918,.T.);
#1916 = VERTEX_POINT('',#1917);
#1917 = CARTESIAN_POINT('',(1.256065E+03,2.E+03,3.150275E+03));
#1918 = CIRCLE('',#1919,105.79);
#1919 = AXIS2_PLACEMENT_3D('',#1920,#1921,#1922);
#1920 = CARTESIAN_POINT('',(1.150275E+03,2.E+03,3.150275E+03));
#1921 = DIRECTION('',(0.,0.,1.));
#1922 = DIRECTION('',(1.,0.,0.));
#1923 = PLANE('',#1924);
#1924 = AXIS2_PLACEMENT_3D('',#1925,#1926,#1927);
#1925 = CARTESIAN_POINT('',(1.150275E+03,2.E+03,3.150275E+03));
#1926 = DIRECTION('',(0.,0.,1.));
#1927 = DIRECTION('',(1.,0.,0.));
#1928 = ADVANCED_FACE('',(#1929,#1932),#1943,.F.);
#1929 = FACE_BOUND('',#1930,.F.);
#1930 = EDGE_LOOP('',(#1931));
#1931 = ORIENTED_EDGE('',*,*,#1896,.T.);
#1932 = FACE_BOUND('',#1933,.F.);
#1933 = EDGE_LOOP('',(#1934));
#1934 = ORIENTED_EDGE('',*,*,#1935,.F.);
#1935 = EDGE_CURVE('',#1936,#1936,#1938,.T.);
#1936 = VERTEX_POINT('',#1937);
#1937 = CARTESIAN_POINT('',(1.256065E+03,2.E+03,2.32865E+03));
#1938 = CIRCLE('',#1939,105.79);
#1939 = AXIS2_PLACEMENT_3D('',#1940,#1941,#1942);
#1940 = CARTESIAN_POINT('',(1.150275E+03,2.E+03,2.32865E+03));
#1941 = DIRECTION('',(0.,0.,1.));
#1942 = DIRECTION('',(1.,0.,0.));
#1943 = PLANE('',#1944);
#1944 = AXIS2_PLACEMENT_3D('',#1945,#1946,#1947);
#1945 = CARTESIAN_POINT('',(1.150275E+03,2.E+03,2.32865E+03));
#1946 = DIRECTION('',(0.,0.,1.));
#1947 = DIRECTION('',(1.,0.,0.));
#1948 = ADVANCED_FACE('',(#1949),#1960,.F.);
#1949 = FACE_BOUND('',#1950,.F.);
#1950 = EDGE_LOOP('',(#1951,#1952,#1958,#1959));
#1951 = ORIENTED_EDGE('',*,*,#1915,.F.);
#1952 = ORIENTED_EDGE('',*,*,#1953,.F.);
#1953 = EDGE_CURVE('',#1936,#1916,#1954,.T.);
#1954 = LINE('',#1955,#1956);
#1955 = CARTESIAN_POINT('',(1.256065E+03,2.E+03,2.32865E+03));
#1956 = VECTOR('',#1957,1.);
#1957 = DIRECTION('',(0.,0.,1.));
#1958 = ORIENTED_EDGE('',*,*,#1935,.T.);
#1959 = ORIENTED_EDGE('',*,*,#1953,.T.);
#1960 = CYLINDRICAL_SURFACE('',#1961,105.79);
#1961 = AXIS2_PLACEMENT_3D('',#1962,#1963,#1964);
#1962 = CARTESIAN_POINT('',(1.150275E+03,2.E+03,2.32865E+03));
#1963 = DIRECTION('',(0.,0.,1.));
#1964 = DIRECTION('',(1.,0.,0.));
#1965 = MANIFOLD_SOLID_BREP('',#1966);
#1966 = CLOSED_SHELL('',(#1967,#2001,#2021,#2041));
#1967 = ADVANCED_FACE('',(#1968),#1996,.T.);
#1968 = FACE_BOUND('',#1969,.T.);
#1969 = EDGE_LOOP('',(#1970,#1981,#1988,#1989));
#1970 = ORIENTED_EDGE('',*,*,#1971,.T.);
#1971 = EDGE_CURVE('',#1972,#1974,#1976,.T.);
#1972 = VERTEX_POINT('',#1973);
#1973 = CARTESIAN_POINT('',(1.259825E+03,2.E+03,3.150275E+03));
#1974 = VERTEX_POINT('',#1975);
#1975 = CARTESIAN_POINT('',(821.625,2.E+03,3.588475E+03));
#1976 = CIRCLE('',#1977,438.2);
#1977 = AXIS2_PLACEMENT_3D('',#1978,#1979,#1980);
#1978 = CARTESIAN_POINT('',(821.625,2.E+03,3.150275E+03));
#1979 = DIRECTION('',(0.,-1.,0.));
#1980 = DIRECTION('',(1.,0.,0.));
#1981 = ORIENTED_EDGE('',*,*,#1982,.T.);
#1982 = EDGE_CURVE('',#1974,#1974,#1983,.T.);
#1983 = CIRCLE('',#1984,109.55);
#1984 = AXIS2_PLACEMENT_3D('',#1985,#1986,#1987);
#1985 = CARTESIAN_POINT('',(821.625,2.E+03,3.478925E+03));
#1986 = DIRECTION('',(1.,0.,-2.832769448824E-16));
#1987 = DIRECTION('',(2.832769448824E-16,0.,1.));
#1988 = ORIENTED_EDGE('',*,*,#1971,.F.);
#1989 = ORIENTED_EDGE('',*,*,#1990,.F.);
#1990 = EDGE_CURVE('',#1972,#1972,#1991,.T.);
#1991 = CIRCLE('',#1992,109.55);
#1992 = AXIS2_PLACEMENT_3D('',#1993,#1994,#1995);
#1993 = CARTESIAN_POINT('',(1.150275E+03,2.E+03,3.150275E+03));
#1994 = DIRECTION('',(0.,0.,-1.));
#1995 = DIRECTION('',(1.,0.,0.));
#1996 = TOROIDAL_SURFACE('',#1997,328.65,109.55);
#1997 = AXIS2_PLACEMENT_3D('',#1998,#1999,#2000);
#1998 = CARTESIAN_POINT('',(821.625,2.E+03,3.150275E+03));
#1999 = DIRECTION('',(0.,-1.,0.));
#2000 = DIRECTION('',(1.,0.,0.));
#2001 = ADVANCED_FACE('',(#2002,#2005),#2016,.F.);
#2002 = FACE_BOUND('',#2003,.F.);
#2003 = EDGE_LOOP('',(#2004));
#2004 = ORIENTED_EDGE('',*,*,#1990,.F.);
#2005 = FACE_BOUND('',#2006,.F.);
#2006 = EDGE_LOOP('',(#2007));
#2007 = ORIENTED_EDGE('',*,*,#2008,.T.);
#2008 = EDGE_CURVE('',#2009,#2009,#2011,.T.);
#2009 = VERTEX_POINT('',#2010);
#2010 = CARTESIAN_POINT('',(1.256065E+03,2.E+03,3.150275E+03));
#2011 = CIRCLE('',#2012,105.79);
#2012 = AXIS2_PLACEMENT_3D('',#2013,#2014,#2015);
#2013 = CARTESIAN_POINT('',(1.150275E+03,2.E+03,3.150275E+03));
#2014 = DIRECTION('',(0.,0.,-1.));
#2015 = DIRECTION('',(1.,0.,0.));
#2016 = PLANE('',#2017);
#2017 = AXIS2_PLACEMENT_3D('',#2018,#2019,#2020);
#2018 = CARTESIAN_POINT('',(1.150275E+03,2.E+03,3.150275E+03));
#2019 = DIRECTION('',(0.,0.,1.));
#2020 = DIRECTION('',(1.,0.,0.));
#2021 = ADVANCED_FACE('',(#2022,#2025),#2036,.T.);
#2022 = FACE_BOUND('',#2023,.T.);
#2023 = EDGE_LOOP('',(#2024));
#2024 = ORIENTED_EDGE('',*,*,#1982,.F.);
#2025 = FACE_BOUND('',#2026,.T.);
#2026 = EDGE_LOOP('',(#2027));
#2027 = ORIENTED_EDGE('',*,*,#2028,.T.);
#2028 = EDGE_CURVE('',#2029,#2029,#2031,.T.);
#2029 = VERTEX_POINT('',#2030);
#2030 = CARTESIAN_POINT('',(821.625,2.E+03,3.584715E+03));
#2031 = CIRCLE('',#2032,105.79);
#2032 = AXIS2_PLACEMENT_3D('',#2033,#2034,#2035);
#2033 = CARTESIAN_POINT('',(821.625,2.E+03,3.478925E+03));
#2034 = DIRECTION('',(1.,0.,-2.832769448824E-16));
#2035 = DIRECTION('',(2.832769448824E-16,0.,1.));
#2036 = PLANE('',#2037);
#2037 = AXIS2_PLACEMENT_3D('',#2038,#2039,#2040);
#2038 = CARTESIAN_POINT('',(821.625,2.E+03,3.478925E+03));
#2039 = DIRECTION('',(-1.,-0.,-0.));
#2040 = DIRECTION('',(0.,0.,-1.));
#2041 = ADVANCED_FACE('',(#2042),#2054,.F.);
#2042 = FACE_BOUND('',#2043,.F.);
#2043 = EDGE_LOOP('',(#2044,#2051,#2052,#2053));
#2044 = ORIENTED_EDGE('',*,*,#2045,.T.);
#2045 = EDGE_CURVE('',#2009,#2029,#2046,.T.);
#2046 = CIRCLE('',#2047,434.44);
#2047 = AXIS2_PLACEMENT_3D('',#2048,#2049,#2050);
#2048 = CARTESIAN_POINT('',(821.625,2.E+03,3.150275E+03));
#2049 = DIRECTION('',(0.,-1.,0.));
#2050 = DIRECTION('',(1.,0.,0.));
#2051 = ORIENTED_EDGE('',*,*,#2028,.T.);
#2052 = ORIENTED_EDGE('',*,*,#2045,.F.);
#2053 = ORIENTED_EDGE('',*,*,#2008,.F.);
#2054 = TOROIDAL_SURFACE('',#2055,328.65,105.79);
#2055 = AXIS2_PLACEMENT_3D('',#2056,#2057,#2058);
#2056 = CARTESIAN_POINT('',(821.625,2.E+03,3.150275E+03));
#2057 = DIRECTION('',(0.,-1.,0.));
#2058 = DIRECTION('',(1.,0.,0.));
#2059 = MANIFOLD_SOLID_BREP('',#2060);
#2060 = CLOSED_SHELL('',(#2061,#2095,#2115,#2135));
#2061 = ADVANCED_FACE('',(#2062),#2090,.T.);
#2062 = FACE_BOUND('',#2063,.T.);
#2063 = EDGE_LOOP('',(#2064,#2075,#2082,#2083));
#2064 = ORIENTED_EDGE('',*,*,#2065,.T.);
#2065 = EDGE_CURVE('',#2066,#2068,#2070,.T.);
#2066 = VERTEX_POINT('',#2067);
#2067 = CARTESIAN_POINT('',(821.625,2.E+03,3.588475E+03));
#2068 = VERTEX_POINT('',#2069);
#2069 = CARTESIAN_POINT('',(602.525,2.E+03,3.807575E+03));
#2070 = CIRCLE('',#2071,219.1);
#2071 = AXIS2_PLACEMENT_3D('',#2072,#2073,#2074);
#2072 = CARTESIAN_POINT('',(821.625,2.E+03,3.807575E+03));
#2073 = DIRECTION('',(0.,1.,0.));
#2074 = DIRECTION('',(-3.459206989856E-16,0.,-1.));
#2075 = ORIENTED_EDGE('',*,*,#2076,.T.);
#2076 = EDGE_CURVE('',#2068,#2068,#2077,.T.);
#2077 = CIRCLE('',#2078,109.55);
#2078 = AXIS2_PLACEMENT_3D('',#2079,#2080,#2081);
#2079 = CARTESIAN_POINT('',(492.975,2.E+03,3.807575E+03));
#2080 = DIRECTION('',(-6.26437541032E-17,0.,-1.));
#2081 = DIRECTION('',(-1.,0.,6.26437541032E-17));
#2082 = ORIENTED_EDGE('',*,*,#2065,.F.);
#2083 = ORIENTED_EDGE('',*,*,#2084,.F.);
#2084 = EDGE_CURVE('',#2066,#2066,#2085,.T.);
#2085 = CIRCLE('',#2086,109.55);
#2086 = AXIS2_PLACEMENT_3D('',#2087,#2088,#2089);
#2087 = CARTESIAN_POINT('',(821.625,2.E+03,3.478925E+03));
#2088 = DIRECTION('',(1.,0.,-3.459206989856E-16));
#2089 = DIRECTION('',(-3.459206989856E-16,0.,-1.));
#2090 = TOROIDAL_SURFACE('',#2091,328.65,109.55);
#2091 = AXIS2_PLACEMENT_3D('',#2092,#2093,#2094);
#2092 = CARTESIAN_POINT('',(821.625,2.E+03,3.807575E+03));
#2093 = DIRECTION('',(0.,1.,0.));
#2094 = DIRECTION('',(-3.459206989856E-16,0.,-1.));
#2095 = ADVANCED_FACE('',(#2096,#2099),#2110,.F.);
#2096 = FACE_BOUND('',#2097,.F.);
#2097 = EDGE_LOOP('',(#2098));
#2098 = ORIENTED_EDGE('',*,*,#2084,.F.);
#2099 = FACE_BOUND('',#2100,.F.);
#2100 = EDGE_LOOP('',(#2101));
#2101 = ORIENTED_EDGE('',*,*,#2102,.T.);
#2102 = EDGE_CURVE('',#2103,#2103,#2105,.T.);
#2103 = VERTEX_POINT('',#2104);
#2104 = CARTESIAN_POINT('',(821.625,2.E+03,3.584715E+03));
#2105 = CIRCLE('',#2106,105.79);
#2106 = AXIS2_PLACEMENT_3D('',#2107,#2108,#2109);
#2107 = CARTESIAN_POINT('',(821.625,2.E+03,3.478925E+03));
#2108 = DIRECTION('',(1.,0.,-3.459206989856E-16));
#2109 = DIRECTION('',(-3.459206989856E-16,0.,-1.));
#2110 = PLANE('',#2111);
#2111 = AXIS2_PLACEMENT_3D('',#2112,#2113,#2114);
#2112 = CARTESIAN_POINT('',(821.625,2.E+03,3.478925E+03));
#2113 = DIRECTION('',(-1.,-0.,-0.));
#2114 = DIRECTION('',(0.,0.,-1.));
#2115 = ADVANCED_FACE('',(#2116,#2119),#2130,.T.);
#2116 = FACE_BOUND('',#2117,.T.);
#2117 = EDGE_LOOP('',(#2118));
#2118 = ORIENTED_EDGE('',*,*,#2076,.F.);
#2119 = FACE_BOUND('',#2120,.T.);
#2120 = EDGE_LOOP('',(#2121));
#2121 = ORIENTED_EDGE('',*,*,#2122,.T.);
#2122 = EDGE_CURVE('',#2123,#2123,#2125,.T.);
#2123 = VERTEX_POINT('',#2124);
#2124 = CARTESIAN_POINT('',(598.765,2.E+03,3.807575E+03));
#2125 = CIRCLE('',#2126,105.79);
#2126 = AXIS2_PLACEMENT_3D('',#2127,#2128,#2129);
#2127 = CARTESIAN_POINT('',(492.975,2.E+03,3.807575E+03));
#2128 = DIRECTION('',(-6.26437541032E-17,0.,-1.));
#2129 = DIRECTION('',(-1.,0.,6.26437541032E-17));
#2130 = PLANE('',#2131);
#2131 = AXIS2_PLACEMENT_3D('',#2132,#2133,#2134);
#2132 = CARTESIAN_POINT('',(492.975,2.E+03,3.807575E+03));
#2133 = DIRECTION('',(0.,0.,1.));
#2134 = DIRECTION('',(1.,0.,0.));
#2135 = ADVANCED_FACE('',(#2136),#2148,.F.);
#2136 = FACE_BOUND('',#2137,.F.);
#2137 = EDGE_LOOP('',(#2138,#2145,#2146,#2147));
#2138 = ORIENTED_EDGE('',*,*,#2139,.T.);
#2139 = EDGE_CURVE('',#2103,#2123,#2140,.T.);
#2140 = CIRCLE('',#2141,222.86);
#2141 = AXIS2_PLACEMENT_3D('',#2142,#2143,#2144);
#2142 = CARTESIAN_POINT('',(821.625,2.E+03,3.807575E+03));
#2143 = DIRECTION('',(0.,1.,0.));
#2144 = DIRECTION('',(-3.459206989856E-16,0.,-1.));
#2145 = ORIENTED_EDGE('',*,*,#2122,.T.);
#2146 = ORIENTED_EDGE('',*,*,#2139,.F.);
#2147 = ORIENTED_EDGE('',*,*,#2102,.F.);
#2148 = TOROIDAL_SURFACE('',#2149,328.65,105.79);
#2149 = AXIS2_PLACEMENT_3D('',#2150,#2151,#2152);
#2150 = CARTESIAN_POINT('',(821.625,2.E+03,3.807575E+03));
#2151 = DIRECTION('',(0.,1.,0.));
#2152 = DIRECTION('',(-3.459206989856E-16,0.,-1.));
#2153 = MANIFOLD_SOLID_BREP('',#2154);
#2154 = CLOSED_SHELL('',(#2155,#2188,#2208,#2228));
#2155 = ADVANCED_FACE('',(#2156),#2183,.T.);
#2156 = FACE_BOUND('',#2157,.T.);
#2157 = EDGE_LOOP('',(#2158,#2167,#2175,#2182));
#2158 = ORIENTED_EDGE('',*,*,#2159,.F.);
#2159 = EDGE_CURVE('',#2160,#2160,#2162,.T.);
#2160 = VERTEX_POINT('',#2161);
#2161 = CARTESIAN_POINT('',(602.525,2.E+03,4.278925E+03));
#2162 = CIRCLE('',#2163,109.55);
#2163 = AXIS2_PLACEMENT_3D('',#2164,#2165,#2166);
#2164 = CARTESIAN_POINT('',(492.975,2.E+03,4.278925E+03));
#2165 = DIRECTION('',(0.,0.,1.));
#2166 = DIRECTION('',(1.,0.,0.));
#2167 = ORIENTED_EDGE('',*,*,#2168,.F.);
#2168 = EDGE_CURVE('',#2169,#2160,#2171,.T.);
#2169 = VERTEX_POINT('',#2170);
#2170 = CARTESIAN_POINT('',(602.525,2.E+03,3.807575E+03));
#2171 = LINE('',#2172,#2173);
#2172 = CARTESIAN_POINT('',(602.525,2.E+03,3.807575E+03));
#2173 = VECTOR('',#2174,1.);
#2174 = DIRECTION('',(0.,0.,1.));
#2175 = ORIENTED_EDGE('',*,*,#2176,.T.);
#2176 = EDGE_CURVE('',#2169,#2169,#2177,.T.);
#2177 = CIRCLE('',#2178,109.55);
#2178 = AXIS2_PLACEMENT_3D('',#2179,#2180,#2181);
#2179 = CARTESIAN_POINT('',(492.975,2.E+03,3.807575E+03));
#2180 = DIRECTION('',(0.,0.,1.));
#2181 = DIRECTION('',(1.,0.,0.));
#2182 = ORIENTED_EDGE('',*,*,#2168,.T.);
#2183 = CYLINDRICAL_SURFACE('',#2184,109.55);
#2184 = AXIS2_PLACEMENT_3D('',#2185,#2186,#2187);
#2185 = CARTESIAN_POINT('',(492.975,2.E+03,3.807575E+03));
#2186 = DIRECTION('',(0.,0.,1.));
#2187 = DIRECTION('',(1.,0.,0.));
#2188 = ADVANCED_FACE('',(#2189,#2192),#2203,.T.);
#2189 = FACE_BOUND('',#2190,.T.);
#2190 = EDGE_LOOP('',(#2191));
#2191 = ORIENTED_EDGE('',*,*,#2159,.T.);
#2192 = FACE_BOUND('',#2193,.T.);
#2193 = EDGE_LOOP('',(#2194));
#2194 = ORIENTED_EDGE('',*,*,#2195,.F.);
#2195 = EDGE_CURVE('',#2196,#2196,#2198,.T.);
#2196 = VERTEX_POINT('',#2197);
#2197 = CARTESIAN_POINT('',(598.765,2.E+03,4.278925E+03));
#2198 = CIRCLE('',#2199,105.79);
#2199 = AXIS2_PLACEMENT_3D('',#2200,#2201,#2202);
#2200 = CARTESIAN_POINT('',(492.975,2.E+03,4.278925E+03));
#2201 = DIRECTION('',(0.,0.,1.));
#2202 = DIRECTION('',(1.,0.,0.));
#2203 = PLANE('',#2204);
#2204 = AXIS2_PLACEMENT_3D('',#2205,#2206,#2207);
#2205 = CARTESIAN_POINT('',(492.975,2.E+03,4.278925E+03));
#2206 = DIRECTION('',(0.,0.,1.));
#2207 = DIRECTION('',(1.,0.,0.));
#2208 = ADVANCED_FACE('',(#2209,#2212),#2223,.F.);
#2209 = FACE_BOUND('',#2210,.F.);
#2210 = EDGE_LOOP('',(#2211));
#2211 = ORIENTED_EDGE('',*,*,#2176,.T.);
#2212 = FACE_BOUND('',#2213,.F.);
#2213 = EDGE_LOOP('',(#2214));
#2214 = ORIENTED_EDGE('',*,*,#2215,.F.);
#2215 = EDGE_CURVE('',#2216,#2216,#2218,.T.);
#2216 = VERTEX_POINT('',#2217);
#2217 = CARTESIAN_POINT('',(598.765,2.E+03,3.807575E+03));
#2218 = CIRCLE('',#2219,105.79);
#2219 = AXIS2_PLACEMENT_3D('',#2220,#2221,#2222);
#2220 = CARTESIAN_POINT('',(492.975,2.E+03,3.807575E+03));
#2221 = DIRECTION('',(0.,0.,1.));
#2222 = DIRECTION('',(1.,0.,0.));
#2223 = PLANE('',#2224);
#2224 = AXIS2_PLACEMENT_3D('',#2225,#2226,#2227);
#2225 = CARTESIAN_POINT('',(492.975,2.E+03,3.807575E+03));
#2226 = DIRECTION('',(0.,0.,1.));
#2227 = DIRECTION('',(1.,0.,0.));
#2228 = ADVANCED_FACE('',(#2229),#2240,.F.);
#2229 = FACE_BOUND('',#2230,.F.);
#2230 = EDGE_LOOP('',(#2231,#2232,#2238,#2239));
#2231 = ORIENTED_EDGE('',*,*,#2195,.F.);
#2232 = ORIENTED_EDGE('',*,*,#2233,.F.);
#2233 = EDGE_CURVE('',#2216,#2196,#2234,.T.);
#2234 = LINE('',#2235,#2236);
#2235 = CARTESIAN_POINT('',(598.765,2.E+03,3.807575E+03));
#2236 = VECTOR('',#2237,1.);
#2237 = DIRECTION('',(0.,0.,1.));
#2238 = ORIENTED_EDGE('',*,*,#2215,.T.);
#2239 = ORIENTED_EDGE('',*,*,#2233,.T.);
#2240 = CYLINDRICAL_SURFACE('',#2241,105.79);
#2241 = AXIS2_PLACEMENT_3D('',#2242,#2243,#2244);
#2242 = CARTESIAN_POINT('',(492.975,2.E+03,3.807575E+03));
#2243 = DIRECTION('',(0.,0.,1.));
#2244 = DIRECTION('',(1.,0.,0.));
#2245 = MANIFOLD_SOLID_BREP('',#2246);
#2246 = CLOSED_SHELL('',(#2247,#2280,#2300,#2320));
#2247 = ADVANCED_FACE('',(#2248),#2275,.T.);
#2248 = FACE_BOUND('',#2249,.T.);
#2249 = EDGE_LOOP('',(#2250,#2259,#2267,#2274));
#2250 = ORIENTED_EDGE('',*,*,#2251,.F.);
#2251 = EDGE_CURVE('',#2252,#2252,#2254,.T.);
#2252 = VERTEX_POINT('',#2253);
#2253 = CARTESIAN_POINT('',(821.625,2.E+03,2.90955E+03));
#2254 = CIRCLE('',#2255,109.55);
#2255 = AXIS2_PLACEMENT_3D('',#2256,#2257,#2258);
#2256 = CARTESIAN_POINT('',(821.625,2.E+03,2.8E+03));
#2257 = DIRECTION('',(1.,0.,-0.));
#2258 = DIRECTION('',(0.,0.,1.));
#2259 = ORIENTED_EDGE('',*,*,#2260,.F.);
#2260 = EDGE_CURVE('',#2261,#2252,#2263,.T.);
#2261 = VERTEX_POINT('',#2262);
#2262 = CARTESIAN_POINT('',(0.,2.E+03,2.90955E+03));
#2263 = LINE('',#2264,#2265);
#2264 = CARTESIAN_POINT('',(0.,2.E+03,2.90955E+03));
#2265 = VECTOR('',#2266,1.);
#2266 = DIRECTION('',(1.,0.,0.));
#2267 = ORIENTED_EDGE('',*,*,#2268,.T.);
#2268 = EDGE_CURVE('',#2261,#2261,#2269,.T.);
#2269 = CIRCLE('',#2270,109.55);
#2270 = AXIS2_PLACEMENT_3D('',#2271,#2272,#2273);
#2271 = CARTESIAN_POINT('',(0.,2.E+03,2.8E+03));
#2272 = DIRECTION('',(1.,0.,-0.));
#2273 = DIRECTION('',(0.,0.,1.));
#2274 = ORIENTED_EDGE('',*,*,#2260,.T.);
#2275 = CYLINDRICAL_SURFACE('',#2276,109.55);
#2276 = AXIS2_PLACEMENT_3D('',#2277,#2278,#2279);
#2277 = CARTESIAN_POINT('',(0.,2.E+03,2.8E+03));
#2278 = DIRECTION('',(1.,0.,0.));
#2279 = DIRECTION('',(0.,0.,1.));
#2280 = ADVANCED_FACE('',(#2281,#2284),#2295,.T.);
#2281 = FACE_BOUND('',#2282,.T.);
#2282 = EDGE_LOOP('',(#2283));
#2283 = ORIENTED_EDGE('',*,*,#2251,.T.);
#2284 = FACE_BOUND('',#2285,.T.);
#2285 = EDGE_LOOP('',(#2286));
#2286 = ORIENTED_EDGE('',*,*,#2287,.F.);
#2287 = EDGE_CURVE('',#2288,#2288,#2290,.T.);
#2288 = VERTEX_POINT('',#2289);
#2289 = CARTESIAN_POINT('',(821.625,2.E+03,2.90579E+03));
#2290 = CIRCLE('',#2291,105.79);
#2291 = AXIS2_PLACEMENT_3D('',#2292,#2293,#2294);
#2292 = CARTESIAN_POINT('',(821.625,2.E+03,2.8E+03));
#2293 = DIRECTION('',(1.,0.,-0.));
#2294 = DIRECTION('',(0.,0.,1.));
#2295 = PLANE('',#2296);
#2296 = AXIS2_PLACEMENT_3D('',#2297,#2298,#2299);
#2297 = CARTESIAN_POINT('',(821.625,2.E+03,2.8E+03));
#2298 = DIRECTION('',(1.,0.,0.));
#2299 = DIRECTION('',(0.,0.,1.));
#2300 = ADVANCED_FACE('',(#2301,#2304),#2315,.F.);
#2301 = FACE_BOUND('',#2302,.F.);
#2302 = EDGE_LOOP('',(#2303));
#2303 = ORIENTED_EDGE('',*,*,#2268,.T.);
#2304 = FACE_BOUND('',#2305,.F.);
#2305 = EDGE_LOOP('',(#2306));
#2306 = ORIENTED_EDGE('',*,*,#2307,.F.);
#2307 = EDGE_CURVE('',#2308,#2308,#2310,.T.);
#2308 = VERTEX_POINT('',#2309);
#2309 = CARTESIAN_POINT('',(0.,2.E+03,2.90579E+03));
#2310 = CIRCLE('',#2311,105.79);
#2311 = AXIS2_PLACEMENT_3D('',#2312,#2313,#2314);
#2312 = CARTESIAN_POINT('',(0.,2.E+03,2.8E+03));
#2313 = DIRECTION('',(1.,0.,-0.));
#2314 = DIRECTION('',(0.,0.,1.));
#2315 = PLANE('',#2316);
#2316 = AXIS2_PLACEMENT_3D('',#2317,#2318,#2319);
#2317 = CARTESIAN_POINT('',(0.,2.E+03,2.8E+03));
#2318 = DIRECTION('',(1.,0.,0.));
#2319 = DIRECTION('',(0.,0.,1.));
#2320 = ADVANCED_FACE('',(#2321),#2332,.F.);
#2321 = FACE_BOUND('',#2322,.F.);
#2322 = EDGE_LOOP('',(#2323,#2324,#2330,#2331));
#2323 = ORIENTED_EDGE('',*,*,#2287,.F.);
#2324 = ORIENTED_EDGE('',*,*,#2325,.F.);
#2325 = EDGE_CURVE('',#2308,#2288,#2326,.T.);
#2326 = LINE('',#2327,#2328);
#2327 = CARTESIAN_POINT('',(0.,2.E+03,2.90579E+03));
#2328 = VECTOR('',#2329,1.);
#2329 = DIRECTION('',(1.,0.,0.));
#2330 = ORIENTED_EDGE('',*,*,#2307,.T.);
#2331 = ORIENTED_EDGE('',*,*,#2325,.T.);
#2332 = CYLINDRICAL_SURFACE('',#2333,105.79);
#2333 = AXIS2_PLACEMENT_3D('',#2334,#2335,#2336);
#2334 = CARTESIAN_POINT('',(0.,2.E+03,2.8E+03));
#2335 = DIRECTION('',(1.,0.,0.));
#2336 = DIRECTION('',(0.,0.,1.));
#2337 = MANIFOLD_SOLID_BREP('',#2338);
#2338 = CLOSED_SHELL('',(#2339,#2372,#2392,#2412));
#2339 = ADVANCED_FACE('',(#2340),#2367,.T.);
#2340 = FACE_BOUND('',#2341,.T.);
#2341 = EDGE_LOOP('',(#2342,#2351,#2359,#2366));
#2342 = ORIENTED_EDGE('',*,*,#2343,.F.);
#2343 = EDGE_CURVE('',#2344,#2344,#2346,.T.);
#2344 = VERTEX_POINT('',#2345);
#2345 = CARTESIAN_POINT('',(4.E+03,2.E+03,2.90955E+03));
#2346 = CIRCLE('',#2347,109.55);
#2347 = AXIS2_PLACEMENT_3D('',#2348,#2349,#2350);
#2348 = CARTESIAN_POINT('',(4.E+03,2.E+03,2.8E+03));
#2349 = DIRECTION('',(1.,0.,-0.));
#2350 = DIRECTION('',(0.,0.,1.));
#2351 = ORIENTED_EDGE('',*,*,#2352,.F.);
#2352 = EDGE_CURVE('',#2353,#2344,#2355,.T.);
#2353 = VERTEX_POINT('',#2354);
#2354 = CARTESIAN_POINT('',(821.625,2.E+03,2.90955E+03));
#2355 = LINE('',#2356,#2357);
#2356 = CARTESIAN_POINT('',(821.625,2.E+03,2.90955E+03));
#2357 = VECTOR('',#2358,1.);
#2358 = DIRECTION('',(1.,0.,0.));
#2359 = ORIENTED_EDGE('',*,*,#2360,.T.);
#2360 = EDGE_CURVE('',#2353,#2353,#2361,.T.);
#2361 = CIRCLE('',#2362,109.55);
#2362 = AXIS2_PLACEMENT_3D('',#2363,#2364,#2365);
#2363 = CARTESIAN_POINT('',(821.625,2.E+03,2.8E+03));
#2364 = DIRECTION('',(1.,0.,-0.));
#2365 = DIRECTION('',(0.,0.,1.));
#2366 = ORIENTED_EDGE('',*,*,#2352,.T.);
#2367 = CYLINDRICAL_SURFACE('',#2368,109.55);
#2368 = AXIS2_PLACEMENT_3D('',#2369,#2370,#2371);
#2369 = CARTESIAN_POINT('',(821.625,2.E+03,2.8E+03));
#2370 = DIRECTION('',(1.,0.,0.));
#2371 = DIRECTION('',(0.,0.,1.));
#2372 = ADVANCED_FACE('',(#2373,#2376),#2387,.T.);
#2373 = FACE_BOUND('',#2374,.T.);
#2374 = EDGE_LOOP('',(#2375));
#2375 = ORIENTED_EDGE('',*,*,#2343,.T.);
#2376 = FACE_BOUND('',#2377,.T.);
#2377 = EDGE_LOOP('',(#2378));
#2378 = ORIENTED_EDGE('',*,*,#2379,.F.);
#2379 = EDGE_CURVE('',#2380,#2380,#2382,.T.);
#2380 = VERTEX_POINT('',#2381);
#2381 = CARTESIAN_POINT('',(4.E+03,2.E+03,2.90579E+03));
#2382 = CIRCLE('',#2383,105.79);
#2383 = AXIS2_PLACEMENT_3D('',#2384,#2385,#2386);
#2384 = CARTESIAN_POINT('',(4.E+03,2.E+03,2.8E+03));
#2385 = DIRECTION('',(1.,0.,-0.));
#2386 = DIRECTION('',(0.,0.,1.));
#2387 = PLANE('',#2388);
#2388 = AXIS2_PLACEMENT_3D('',#2389,#2390,#2391);
#2389 = CARTESIAN_POINT('',(4.E+03,2.E+03,2.8E+03));
#2390 = DIRECTION('',(1.,0.,0.));
#2391 = DIRECTION('',(0.,0.,1.));
#2392 = ADVANCED_FACE('',(#2393,#2396),#2407,.F.);
#2393 = FACE_BOUND('',#2394,.F.);
#2394 = EDGE_LOOP('',(#2395));
#2395 = ORIENTED_EDGE('',*,*,#2360,.T.);
#2396 = FACE_BOUND('',#2397,.F.);
#2397 = EDGE_LOOP('',(#2398));
#2398 = ORIENTED_EDGE('',*,*,#2399,.F.);
#2399 = EDGE_CURVE('',#2400,#2400,#2402,.T.);
#2400 = VERTEX_POINT('',#2401);
#2401 = CARTESIAN_POINT('',(821.625,2.E+03,2.90579E+03));
#2402 = CIRCLE('',#2403,105.79);
#2403 = AXIS2_PLACEMENT_3D('',#2404,#2405,#2406);
#2404 = CARTESIAN_POINT('',(821.625,2.E+03,2.8E+03));
#2405 = DIRECTION('',(1.,0.,-0.));
#2406 = DIRECTION('',(0.,0.,1.));
#2407 = PLANE('',#2408);
#2408 = AXIS2_PLACEMENT_3D('',#2409,#2410,#2411);
#2409 = CARTESIAN_POINT('',(821.625,2.E+03,2.8E+03));
#2410 = DIRECTION('',(1.,0.,0.));
#2411 = DIRECTION('',(0.,0.,1.));
#2412 = ADVANCED_FACE('',(#2413),#2424,.F.);
#2413 = FACE_BOUND('',#2414,.F.);
#2414 = EDGE_LOOP('',(#2415,#2416,#2422,#2423));
#2415 = ORIENTED_EDGE('',*,*,#2379,.F.);
#2416 = ORIENTED_EDGE('',*,*,#2417,.F.);
#2417 = EDGE_CURVE('',#2400,#2380,#2418,.T.);
#2418 = LINE('',#2419,#2420);
#2419 = CARTESIAN_POINT('',(821.625,2.E+03,2.90579E+03));
#2420 = VECTOR('',#2421,1.);
#2421 = DIRECTION('',(1.,0.,0.));
#2422 = ORIENTED_EDGE('',*,*,#2399,.T.);
#2423 = ORIENTED_EDGE('',*,*,#2417,.T.);
#2424 = CYLINDRICAL_SURFACE('',#2425,105.79);
#2425 = AXIS2_PLACEMENT_3D('',#2426,#2427,#2428);
#2426 = CARTESIAN_POINT('',(821.625,2.E+03,2.8E+03));
#2427 = DIRECTION('',(1.,0.,0.));
#2428 = DIRECTION('',(0.,0.,1.));
#2429 = MANIFOLD_SOLID_BREP('',#2430);
#2430 = CLOSED_SHELL('',(#2431,#2465,#2485,#2505));
#2431 = ADVANCED_FACE('',(#2432),#2460,.T.);
#2432 = FACE_BOUND('',#2433,.T.);
#2433 = EDGE_LOOP('',(#2434,#2445,#2452,#2453));
#2434 = ORIENTED_EDGE('',*,*,#2435,.T.);
#2435 = EDGE_CURVE('',#2436,#2438,#2440,.T.);
#2436 = VERTEX_POINT('',#2437);
#2437 = CARTESIAN_POINT('',(4.E+03,2.10955E+03,2.8E+03));
#2438 = VERTEX_POINT('',#2439);
#2439 = CARTESIAN_POINT('',(4.2191E+03,2.32865E+03,2.8E+03));
#2440 = CIRCLE('',#2441,219.1);
#2441 = AXIS2_PLACEMENT_3D('',#2442,#2443,#2444);
#2442 = CARTESIAN_POINT('',(4.E+03,2.32865E+03,2.8E+03));
#2443 = DIRECTION('',(-0.,0.,1.));
#2444 = DIRECTION('',(1.383682795942E-15,-1.,0.));
#2445 = ORIENTED_EDGE('',*,*,#2446,.T.);
#2446 = EDGE_CURVE('',#2438,#2438,#2447,.T.);
#2447 = CIRCLE('',#2448,109.55);
#2448 = AXIS2_PLACEMENT_3D('',#2449,#2450,#2451);
#2449 = CARTESIAN_POINT('',(4.32865E+03,2.32865E+03,2.8E+03));
#2450 = DIRECTION('',(-9.817173565173E-18,-1.,0.));
#2451 = DIRECTION('',(1.,-9.817173565173E-18,0.));
#2452 = ORIENTED_EDGE('',*,*,#2435,.F.);
#2453 = ORIENTED_EDGE('',*,*,#2454,.F.);
#2454 = EDGE_CURVE('',#2436,#2436,#2455,.T.);
#2455 = CIRCLE('',#2456,109.55);
#2456 = AXIS2_PLACEMENT_3D('',#2457,#2458,#2459);
#2457 = CARTESIAN_POINT('',(4.E+03,2.E+03,2.8E+03));
#2458 = DIRECTION('',(-1.,-1.383682795942E-15,0.));
#2459 = DIRECTION('',(1.383682795942E-15,-1.,0.));
#2460 = TOROIDAL_SURFACE('',#2461,328.65,109.55);
#2461 = AXIS2_PLACEMENT_3D('',#2462,#2463,#2464);
#2462 = CARTESIAN_POINT('',(4.E+03,2.32865E+03,2.8E+03));
#2463 = DIRECTION('',(0.,0.,1.));
#2464 = DIRECTION('',(1.383682795942E-15,-1.,0.));
#2465 = ADVANCED_FACE('',(#2466,#2469),#2480,.F.);
#2466 = FACE_BOUND('',#2467,.F.);
#2467 = EDGE_LOOP('',(#2468));
#2468 = ORIENTED_EDGE('',*,*,#2454,.F.);
#2469 = FACE_BOUND('',#2470,.F.);
#2470 = EDGE_LOOP('',(#2471));
#2471 = ORIENTED_EDGE('',*,*,#2472,.T.);
#2472 = EDGE_CURVE('',#2473,#2473,#2475,.T.);
#2473 = VERTEX_POINT('',#2474);
#2474 = CARTESIAN_POINT('',(4.E+03,2.10579E+03,2.8E+03));
#2475 = CIRCLE('',#2476,105.79);
#2476 = AXIS2_PLACEMENT_3D('',#2477,#2478,#2479);
#2477 = CARTESIAN_POINT('',(4.E+03,2.E+03,2.8E+03));
#2478 = DIRECTION('',(-1.,-1.383682795942E-15,0.));
#2479 = DIRECTION('',(1.383682795942E-15,-1.,0.));
#2480 = PLANE('',#2481);
#2481 = AXIS2_PLACEMENT_3D('',#2482,#2483,#2484);
#2482 = CARTESIAN_POINT('',(4.E+03,2.E+03,2.8E+03));
#2483 = DIRECTION('',(1.,0.,0.));
#2484 = DIRECTION('',(0.,0.,1.));
#2485 = ADVANCED_FACE('',(#2486,#2489),#2500,.T.);
#2486 = FACE_BOUND('',#2487,.T.);
#2487 = EDGE_LOOP('',(#2488));
#2488 = ORIENTED_EDGE('',*,*,#2446,.F.);
#2489 = FACE_BOUND('',#2490,.T.);
#2490 = EDGE_LOOP('',(#2491));
#2491 = ORIENTED_EDGE('',*,*,#2492,.T.);
#2492 = EDGE_CURVE('',#2493,#2493,#2495,.T.);
#2493 = VERTEX_POINT('',#2494);
#2494 = CARTESIAN_POINT('',(4.22286E+03,2.32865E+03,2.8E+03));
#2495 = CIRCLE('',#2496,105.79);
#2496 = AXIS2_PLACEMENT_3D('',#2497,#2498,#2499);
#2497 = CARTESIAN_POINT('',(4.32865E+03,2.32865E+03,2.8E+03));
#2498 = DIRECTION('',(-9.817173565173E-18,-1.,0.));
#2499 = DIRECTION('',(1.,-9.817173565173E-18,0.));
#2500 = PLANE('',#2501);
#2501 = AXIS2_PLACEMENT_3D('',#2502,#2503,#2504);
#2502 = CARTESIAN_POINT('',(4.32865E+03,2.32865E+03,2.8E+03));
#2503 = DIRECTION('',(0.,1.,0.));
#2504 = DIRECTION('',(0.,0.,1.));
#2505 = ADVANCED_FACE('',(#2506),#2518,.F.);
#2506 = FACE_BOUND('',#2507,.F.);
#2507 = EDGE_LOOP('',(#2508,#2515,#2516,#2517));
#2508 = ORIENTED_EDGE('',*,*,#2509,.T.);
#2509 = EDGE_CURVE('',#2473,#2493,#2510,.T.);
#2510 = CIRCLE('',#2511,222.86);
#2511 = AXIS2_PLACEMENT_3D('',#2512,#2513,#2514);
#2512 = CARTESIAN_POINT('',(4.E+03,2.32865E+03,2.8E+03));
#2513 = DIRECTION('',(-0.,0.,1.));
#2514 = DIRECTION('',(1.383682795942E-15,-1.,0.));
#2515 = ORIENTED_EDGE('',*,*,#2492,.T.);
#2516 = ORIENTED_EDGE('',*,*,#2509,.F.);
#2517 = ORIENTED_EDGE('',*,*,#2472,.F.);
#2518 = TOROIDAL_SURFACE('',#2519,328.65,105.79);
#2519 = AXIS2_PLACEMENT_3D('',#2520,#2521,#2522);
#2520 = CARTESIAN_POINT('',(4.E+03,2.32865E+03,2.8E+03));
#2521 = DIRECTION('',(0.,0.,1.));
#2522 = DIRECTION('',(1.383682795942E-15,-1.,0.));
#2523 = MANIFOLD_SOLID_BREP('',#2524);
#2524 = CLOSED_SHELL('',(#2525,#2558,#2578,#2598));
#2525 = ADVANCED_FACE('',(#2526),#2553,.T.);
#2526 = FACE_BOUND('',#2527,.T.);
#2527 = EDGE_LOOP('',(#2528,#2537,#2545,#2552));
#2528 = ORIENTED_EDGE('',*,*,#2529,.F.);
#2529 = EDGE_CURVE('',#2530,#2530,#2532,.T.);
#2530 = VERTEX_POINT('',#2531);
#2531 = CARTESIAN_POINT('',(4.32865E+03,5.5E+03,2.90955E+03));
#2532 = CIRCLE('',#2533,109.55);
#2533 = AXIS2_PLACEMENT_3D('',#2534,#2535,#2536);
#2534 = CARTESIAN_POINT('',(4.32865E+03,5.5E+03,2.8E+03));
#2535 = DIRECTION('',(0.,1.,0.));
#2536 = DIRECTION('',(0.,0.,1.));
#2537 = ORIENTED_EDGE('',*,*,#2538,.F.);
#2538 = EDGE_CURVE('',#2539,#2530,#2541,.T.);
#2539 = VERTEX_POINT('',#2540);
#2540 = CARTESIAN_POINT('',(4.32865E+03,2.32865E+03,2.90955E+03));
#2541 = LINE('',#2542,#2543);
#2542 = CARTESIAN_POINT('',(4.32865E+03,2.32865E+03,2.90955E+03));
#2543 = VECTOR('',#2544,1.);
#2544 = DIRECTION('',(0.,1.,0.));
#2545 = ORIENTED_EDGE('',*,*,#2546,.T.);
#2546 = EDGE_CURVE('',#2539,#2539,#2547,.T.);
#2547 = CIRCLE('',#2548,109.55);
#2548 = AXIS2_PLACEMENT_3D('',#2549,#2550,#2551);
#2549 = CARTESIAN_POINT('',(4.32865E+03,2.32865E+03,2.8E+03));
#2550 = DIRECTION('',(0.,1.,0.));
#2551 = DIRECTION('',(0.,0.,1.));
#2552 = ORIENTED_EDGE('',*,*,#2538,.T.);
#2553 = CYLINDRICAL_SURFACE('',#2554,109.55);
#2554 = AXIS2_PLACEMENT_3D('',#2555,#2556,#2557);
#2555 = CARTESIAN_POINT('',(4.32865E+03,2.32865E+03,2.8E+03));
#2556 = DIRECTION('',(0.,1.,0.));
#2557 = DIRECTION('',(0.,0.,1.));
#2558 = ADVANCED_FACE('',(#2559,#2562),#2573,.T.);
#2559 = FACE_BOUND('',#2560,.T.);
#2560 = EDGE_LOOP('',(#2561));
#2561 = ORIENTED_EDGE('',*,*,#2529,.T.);
#2562 = FACE_BOUND('',#2563,.T.);
#2563 = EDGE_LOOP('',(#2564));
#2564 = ORIENTED_EDGE('',*,*,#2565,.F.);
#2565 = EDGE_CURVE('',#2566,#2566,#2568,.T.);
#2566 = VERTEX_POINT('',#2567);
#2567 = CARTESIAN_POINT('',(4.32865E+03,5.5E+03,2.90579E+03));
#2568 = CIRCLE('',#2569,105.79);
#2569 = AXIS2_PLACEMENT_3D('',#2570,#2571,#2572);
#2570 = CARTESIAN_POINT('',(4.32865E+03,5.5E+03,2.8E+03));
#2571 = DIRECTION('',(0.,1.,0.));
#2572 = DIRECTION('',(0.,0.,1.));
#2573 = PLANE('',#2574);
#2574 = AXIS2_PLACEMENT_3D('',#2575,#2576,#2577);
#2575 = CARTESIAN_POINT('',(4.32865E+03,5.5E+03,2.8E+03));
#2576 = DIRECTION('',(0.,1.,0.));
#2577 = DIRECTION('',(0.,0.,1.));
#2578 = ADVANCED_FACE('',(#2579,#2582),#2593,.F.);
#2579 = FACE_BOUND('',#2580,.F.);
#2580 = EDGE_LOOP('',(#2581));
#2581 = ORIENTED_EDGE('',*,*,#2546,.T.);
#2582 = FACE_BOUND('',#2583,.F.);
#2583 = EDGE_LOOP('',(#2584));
#2584 = ORIENTED_EDGE('',*,*,#2585,.F.);
#2585 = EDGE_CURVE('',#2586,#2586,#2588,.T.);
#2586 = VERTEX_POINT('',#2587);
#2587 = CARTESIAN_POINT('',(4.32865E+03,2.32865E+03,2.90579E+03));
#2588 = CIRCLE('',#2589,105.79);
#2589 = AXIS2_PLACEMENT_3D('',#2590,#2591,#2592);
#2590 = CARTESIAN_POINT('',(4.32865E+03,2.32865E+03,2.8E+03));
#2591 = DIRECTION('',(0.,1.,0.));
#2592 = DIRECTION('',(0.,0.,1.));
#2593 = PLANE('',#2594);
#2594 = AXIS2_PLACEMENT_3D('',#2595,#2596,#2597);
#2595 = CARTESIAN_POINT('',(4.32865E+03,2.32865E+03,2.8E+03));
#2596 = DIRECTION('',(0.,1.,0.));
#2597 = DIRECTION('',(0.,0.,1.));
#2598 = ADVANCED_FACE('',(#2599),#2610,.F.);
#2599 = FACE_BOUND('',#2600,.F.);
#2600 = EDGE_LOOP('',(#2601,#2602,#2608,#2609));
#2601 = ORIENTED_EDGE('',*,*,#2565,.F.);
#2602 = ORIENTED_EDGE('',*,*,#2603,.F.);
#2603 = EDGE_CURVE('',#2586,#2566,#2604,.T.);
#2604 = LINE('',#2605,#2606);
#2605 = CARTESIAN_POINT('',(4.32865E+03,2.32865E+03,2.90579E+03));
#2606 = VECTOR('',#2607,1.);
#2607 = DIRECTION('',(0.,1.,0.));
#2608 = ORIENTED_EDGE('',*,*,#2585,.T.);
#2609 = ORIENTED_EDGE('',*,*,#2603,.T.);
#2610 = CYLINDRICAL_SURFACE('',#2611,105.79);
#2611 = AXIS2_PLACEMENT_3D('',#2612,#2613,#2614);
#2612 = CARTESIAN_POINT('',(4.32865E+03,2.32865E+03,2.8E+03));
#2613 = DIRECTION('',(0.,1.,0.));
#2614 = DIRECTION('',(0.,0.,1.));
#2615 = MANIFOLD_SOLID_BREP('',#2616);
#2616 = CLOSED_SHELL('',(#2617,#2651,#2671,#2691));
#2617 = ADVANCED_FACE('',(#2618),#2646,.T.);
#2618 = FACE_BOUND('',#2619,.T.);
#2619 = EDGE_LOOP('',(#2620,#2631,#2638,#2639));
#2620 = ORIENTED_EDGE('',*,*,#2621,.T.);
#2621 = EDGE_CURVE('',#2622,#2624,#2626,.T.);
#2622 = VERTEX_POINT('',#2623);
#2623 = CARTESIAN_POINT('',(4.4382E+03,5.5E+03,2.8E+03));
#2624 = VERTEX_POINT('',#2625);
#2625 = CARTESIAN_POINT('',(4.E+03,5.9382E+03,2.8E+03));
#2626 = CIRCLE('',#2627,438.2);
#2627 = AXIS2_PLACEMENT_3D('',#2628,#2629,#2630);
#2628 = CARTESIAN_POINT('',(4.E+03,5.5E+03,2.8E+03));
#2629 = DIRECTION('',(0.,0.,1.));
#2630 = DIRECTION('',(1.,0.,0.));
#2631 = ORIENTED_EDGE('',*,*,#2632,.T.);
#2632 = EDGE_CURVE('',#2624,#2624,#2633,.T.);
#2633 = CIRCLE('',#2634,109.55);
#2634 = AXIS2_PLACEMENT_3D('',#2635,#2636,#2637);
#2635 = CARTESIAN_POINT('',(4.E+03,5.82865E+03,2.8E+03));
#2636 = DIRECTION('',(1.,1.493079894518E-15,-0.));
#2637 = DIRECTION('',(-1.493079894518E-15,1.,0.));
#2638 = ORIENTED_EDGE('',*,*,#2621,.F.);
#2639 = ORIENTED_EDGE('',*,*,#2640,.F.);
#2640 = EDGE_CURVE('',#2622,#2622,#2641,.T.);
#2641 = CIRCLE('',#2642,109.55);
#2642 = AXIS2_PLACEMENT_3D('',#2643,#2644,#2645);
#2643 = CARTESIAN_POINT('',(4.32865E+03,5.5E+03,2.8E+03));
#2644 = DIRECTION('',(0.,-1.,0.));
#2645 = DIRECTION('',(1.,0.,0.));
#2646 = TOROIDAL_SURFACE('',#2647,328.65,109.55);
#2647 = AXIS2_PLACEMENT_3D('',#2648,#2649,#2650);
#2648 = CARTESIAN_POINT('',(4.E+03,5.5E+03,2.8E+03));
#2649 = DIRECTION('',(0.,0.,1.));
#2650 = DIRECTION('',(1.,0.,0.));
#2651 = ADVANCED_FACE('',(#2652,#2655),#2666,.F.);
#2652 = FACE_BOUND('',#2653,.F.);
#2653 = EDGE_LOOP('',(#2654));
#2654 = ORIENTED_EDGE('',*,*,#2640,.F.);
#2655 = FACE_BOUND('',#2656,.F.);
#2656 = EDGE_LOOP('',(#2657));
#2657 = ORIENTED_EDGE('',*,*,#2658,.T.);
#2658 = EDGE_CURVE('',#2659,#2659,#2661,.T.);
#2659 = VERTEX_POINT('',#2660);
#2660 = CARTESIAN_POINT('',(4.43444E+03,5.5E+03,2.8E+03));
#2661 = CIRCLE('',#2662,105.79);
#2662 = AXIS2_PLACEMENT_3D('',#2663,#2664,#2665);
#2663 = CARTESIAN_POINT('',(4.32865E+03,5.5E+03,2.8E+03));
#2664 = DIRECTION('',(0.,-1.,0.));
#2665 = DIRECTION('',(1.,0.,0.));
#2666 = PLANE('',#2667);
#2667 = AXIS2_PLACEMENT_3D('',#2668,#2669,#2670);
#2668 = CARTESIAN_POINT('',(4.32865E+03,5.5E+03,2.8E+03));
#2669 = DIRECTION('',(0.,1.,0.));
#2670 = DIRECTION('',(0.,0.,1.));
#2671 = ADVANCED_FACE('',(#2672,#2675),#2686,.T.);
#2672 = FACE_BOUND('',#2673,.T.);
#2673 = EDGE_LOOP('',(#2674));
#2674 = ORIENTED_EDGE('',*,*,#2632,.F.);
#2675 = FACE_BOUND('',#2676,.T.);
#2676 = EDGE_LOOP('',(#2677));
#2677 = ORIENTED_EDGE('',*,*,#2678,.T.);
#2678 = EDGE_CURVE('',#2679,#2679,#2681,.T.);
#2679 = VERTEX_POINT('',#2680);
#2680 = CARTESIAN_POINT('',(4.E+03,5.93444E+03,2.8E+03));
#2681 = CIRCLE('',#2682,105.79);
#2682 = AXIS2_PLACEMENT_3D('',#2683,#2684,#2685);
#2683 = CARTESIAN_POINT('',(4.E+03,5.82865E+03,2.8E+03));
#2684 = DIRECTION('',(1.,1.493079894518E-15,-0.));
#2685 = DIRECTION('',(-1.493079894518E-15,1.,0.));
#2686 = PLANE('',#2687);
#2687 = AXIS2_PLACEMENT_3D('',#2688,#2689,#2690);
#2688 = CARTESIAN_POINT('',(4.E+03,5.82865E+03,2.8E+03));
#2689 = DIRECTION('',(-1.,-0.,-0.));
#2690 = DIRECTION('',(0.,0.,-1.));
#2691 = ADVANCED_FACE('',(#2692),#2704,.F.);
#2692 = FACE_BOUND('',#2693,.F.);
#2693 = EDGE_LOOP('',(#2694,#2701,#2702,#2703));
#2694 = ORIENTED_EDGE('',*,*,#2695,.T.);
#2695 = EDGE_CURVE('',#2659,#2679,#2696,.T.);
#2696 = CIRCLE('',#2697,434.44);
#2697 = AXIS2_PLACEMENT_3D('',#2698,#2699,#2700);
#2698 = CARTESIAN_POINT('',(4.E+03,5.5E+03,2.8E+03));
#2699 = DIRECTION('',(0.,0.,1.));
#2700 = DIRECTION('',(1.,0.,0.));
#2701 = ORIENTED_EDGE('',*,*,#2678,.T.);
#2702 = ORIENTED_EDGE('',*,*,#2695,.F.);
#2703 = ORIENTED_EDGE('',*,*,#2658,.F.);
#2704 = TOROIDAL_SURFACE('',#2705,328.65,105.79);
#2705 = AXIS2_PLACEMENT_3D('',#2706,#2707,#2708);
#2706 = CARTESIAN_POINT('',(4.E+03,5.5E+03,2.8E+03));
#2707 = DIRECTION('',(0.,0.,1.));
#2708 = DIRECTION('',(1.,0.,0.));
#2709 = MANIFOLD_SOLID_BREP('',#2710);
#2710 = CLOSED_SHELL('',(#2711,#2744,#2764,#2784));
#2711 = ADVANCED_FACE('',(#2712),#2739,.T.);
#2712 = FACE_BOUND('',#2713,.T.);
#2713 = EDGE_LOOP('',(#2714,#2723,#2731,#2738));
#2714 = ORIENTED_EDGE('',*,*,#2715,.F.);
#2715 = EDGE_CURVE('',#2716,#2716,#2718,.T.);
#2716 = VERTEX_POINT('',#2717);
#2717 = CARTESIAN_POINT('',(3.94285E+03,1000.,2.371375E+03));
#2718 = CIRCLE('',#2719,57.15);
#2719 = AXIS2_PLACEMENT_3D('',#2720,#2721,#2722);
#2720 = CARTESIAN_POINT('',(4.E+03,1.E+03,2.371375E+03));
#2721 = DIRECTION('',(0.,0.,-1.));
#2722 = DIRECTION('',(-1.,0.,0.));
#2723 = ORIENTED_EDGE('',*,*,#2724,.F.);
#2724 = EDGE_CURVE('',#2725,#2716,#2727,.T.);
#2725 = VERTEX_POINT('',#2726);
#2726 = CARTESIAN_POINT('',(3.94285E+03,1000.,2.8E+03));
#2727 = LINE('',#2728,#2729);
#2728 = CARTESIAN_POINT('',(3.94285E+03,1000.,2.8E+03));
#2729 = VECTOR('',#2730,1.);
#2730 = DIRECTION('',(0.,0.,-1.));
#2731 = ORIENTED_EDGE('',*,*,#2732,.T.);
#2732 = EDGE_CURVE('',#2725,#2725,#2733,.T.);
#2733 = CIRCLE('',#2734,57.15);
#2734 = AXIS2_PLACEMENT_3D('',#2735,#2736,#2737);
#2735 = CARTESIAN_POINT('',(4.E+03,1.E+03,2.8E+03));
#2736 = DIRECTION('',(0.,0.,-1.));
#2737 = DIRECTION('',(-1.,0.,0.));
#2738 = ORIENTED_EDGE('',*,*,#2724,.T.);
#2739 = CYLINDRICAL_SURFACE('',#2740,57.15);
#2740 = AXIS2_PLACEMENT_3D('',#2741,#2742,#2743);
#2741 = CARTESIAN_POINT('',(4.E+03,1.E+03,2.8E+03));
#2742 = DIRECTION('',(0.,0.,-1.));
#2743 = DIRECTION('',(-1.,0.,0.));
#2744 = ADVANCED_FACE('',(#2745,#2748),#2759,.T.);
#2745 = FACE_BOUND('',#2746,.T.);
#2746 = EDGE_LOOP('',(#2747));
#2747 = ORIENTED_EDGE('',*,*,#2715,.T.);
#2748 = FACE_BOUND('',#2749,.T.);
#2749 = EDGE_LOOP('',(#2750));
#2750 = ORIENTED_EDGE('',*,*,#2751,.F.);
#2751 = EDGE_CURVE('',#2752,#2752,#2754,.T.);
#2752 = VERTEX_POINT('',#2753);
#2753 = CARTESIAN_POINT('',(3.9459E+03,1.E+03,2.371375E+03));
#2754 = CIRCLE('',#2755,54.1);
#2755 = AXIS2_PLACEMENT_3D('',#2756,#2757,#2758);
#2756 = CARTESIAN_POINT('',(4.E+03,1.E+03,2.371375E+03));
#2757 = DIRECTION('',(0.,0.,-1.));
#2758 = DIRECTION('',(-1.,0.,0.));
#2759 = PLANE('',#2760);
#2760 = AXIS2_PLACEMENT_3D('',#2761,#2762,#2763);
#2761 = CARTESIAN_POINT('',(4.E+03,1.E+03,2.371375E+03));
#2762 = DIRECTION('',(0.,0.,-1.));
#2763 = DIRECTION('',(-1.,0.,0.));
#2764 = ADVANCED_FACE('',(#2765,#2768),#2779,.F.);
#2765 = FACE_BOUND('',#2766,.F.);
#2766 = EDGE_LOOP('',(#2767));
#2767 = ORIENTED_EDGE('',*,*,#2732,.T.);
#2768 = FACE_BOUND('',#2769,.F.);
#2769 = EDGE_LOOP('',(#2770));
#2770 = ORIENTED_EDGE('',*,*,#2771,.F.);
#2771 = EDGE_CURVE('',#2772,#2772,#2774,.T.);
#2772 = VERTEX_POINT('',#2773);
#2773 = CARTESIAN_POINT('',(3.9459E+03,1.E+03,2.8E+03));
#2774 = CIRCLE('',#2775,54.1);
#2775 = AXIS2_PLACEMENT_3D('',#2776,#2777,#2778);
#2776 = CARTESIAN_POINT('',(4.E+03,1.E+03,2.8E+03));
#2777 = DIRECTION('',(0.,0.,-1.));
#2778 = DIRECTION('',(-1.,0.,0.));
#2779 = PLANE('',#2780);
#2780 = AXIS2_PLACEMENT_3D('',#2781,#2782,#2783);
#2781 = CARTESIAN_POINT('',(4.E+03,1.E+03,2.8E+03));
#2782 = DIRECTION('',(0.,0.,-1.));
#2783 = DIRECTION('',(-1.,0.,0.));
#2784 = ADVANCED_FACE('',(#2785),#2796,.F.);
#2785 = FACE_BOUND('',#2786,.F.);
#2786 = EDGE_LOOP('',(#2787,#2788,#2794,#2795));
#2787 = ORIENTED_EDGE('',*,*,#2751,.F.);
#2788 = ORIENTED_EDGE('',*,*,#2789,.F.);
#2789 = EDGE_CURVE('',#2772,#2752,#2790,.T.);
#2790 = LINE('',#2791,#2792);
#2791 = CARTESIAN_POINT('',(3.9459E+03,1.E+03,2.8E+03));
#2792 = VECTOR('',#2793,1.);
#2793 = DIRECTION('',(0.,0.,-1.));
#2794 = ORIENTED_EDGE('',*,*,#2771,.T.);
#2795 = ORIENTED_EDGE('',*,*,#2789,.T.);
#2796 = CYLINDRICAL_SURFACE('',#2797,54.1);
#2797 = AXIS2_PLACEMENT_3D('',#2798,#2799,#2800);
#2798 = CARTESIAN_POINT('',(4.E+03,1.E+03,2.8E+03));
#2799 = DIRECTION('',(0.,0.,-1.));
#2800 = DIRECTION('',(-1.,0.,0.));
#2801 = MANIFOLD_SOLID_BREP('',#2802);
#2802 = CLOSED_SHELL('',(#2803,#2836,#2856,#2876));
#2803 = ADVANCED_FACE('',(#2804),#2831,.T.);
#2804 = FACE_BOUND('',#2805,.T.);
#2805 = EDGE_LOOP('',(#2806,#2815,#2823,#2830));
#2806 = ORIENTED_EDGE('',*,*,#2807,.F.);
#2807 = EDGE_CURVE('',#2808,#2808,#2810,.T.);
#2808 = VERTEX_POINT('',#2809);
#2809 = CARTESIAN_POINT('',(3.94285E+03,1000.,1.8E+03));
#2810 = CIRCLE('',#2811,57.15);
#2811 = AXIS2_PLACEMENT_3D('',#2812,#2813,#2814);
#2812 = CARTESIAN_POINT('',(4.E+03,1.E+03,1.8E+03));
#2813 = DIRECTION('',(0.,0.,-1.));
#2814 = DIRECTION('',(-1.,0.,0.));
#2815 = ORIENTED_EDGE('',*,*,#2816,.F.);
#2816 = EDGE_CURVE('',#2817,#2808,#2819,.T.);
#2817 = VERTEX_POINT('',#2818);
#2818 = CARTESIAN_POINT('',(3.94285E+03,1000.,2.371375E+03));
#2819 = LINE('',#2820,#2821);
#2820 = CARTESIAN_POINT('',(3.94285E+03,1000.,2.371375E+03));
#2821 = VECTOR('',#2822,1.);
#2822 = DIRECTION('',(0.,0.,-1.));
#2823 = ORIENTED_EDGE('',*,*,#2824,.T.);
#2824 = EDGE_CURVE('',#2817,#2817,#2825,.T.);
#2825 = CIRCLE('',#2826,57.15);
#2826 = AXIS2_PLACEMENT_3D('',#2827,#2828,#2829);
#2827 = CARTESIAN_POINT('',(4.E+03,1.E+03,2.371375E+03));
#2828 = DIRECTION('',(0.,0.,-1.));
#2829 = DIRECTION('',(-1.,0.,0.));
#2830 = ORIENTED_EDGE('',*,*,#2816,.T.);
#2831 = CYLINDRICAL_SURFACE('',#2832,57.15);
#2832 = AXIS2_PLACEMENT_3D('',#2833,#2834,#2835);
#2833 = CARTESIAN_POINT('',(4.E+03,1.E+03,2.371375E+03));
#2834 = DIRECTION('',(0.,0.,-1.));
#2835 = DIRECTION('',(-1.,0.,0.));
#2836 = ADVANCED_FACE('',(#2837,#2840),#2851,.T.);
#2837 = FACE_BOUND('',#2838,.T.);
#2838 = EDGE_LOOP('',(#2839));
#2839 = ORIENTED_EDGE('',*,*,#2807,.T.);
#2840 = FACE_BOUND('',#2841,.T.);
#2841 = EDGE_LOOP('',(#2842));
#2842 = ORIENTED_EDGE('',*,*,#2843,.F.);
#2843 = EDGE_CURVE('',#2844,#2844,#2846,.T.);
#2844 = VERTEX_POINT('',#2845);
#2845 = CARTESIAN_POINT('',(3.9459E+03,1.E+03,1.8E+03));
#2846 = CIRCLE('',#2847,54.1);
#2847 = AXIS2_PLACEMENT_3D('',#2848,#2849,#2850);
#2848 = CARTESIAN_POINT('',(4.E+03,1.E+03,1.8E+03));
#2849 = DIRECTION('',(0.,0.,-1.));
#2850 = DIRECTION('',(-1.,0.,0.));
#2851 = PLANE('',#2852);
#2852 = AXIS2_PLACEMENT_3D('',#2853,#2854,#2855);
#2853 = CARTESIAN_POINT('',(4.E+03,1.E+03,1.8E+03));
#2854 = DIRECTION('',(0.,0.,-1.));
#2855 = DIRECTION('',(-1.,0.,0.));
#2856 = ADVANCED_FACE('',(#2857,#2860),#2871,.F.);
#2857 = FACE_BOUND('',#2858,.F.);
#2858 = EDGE_LOOP('',(#2859));
#2859 = ORIENTED_EDGE('',*,*,#2824,.T.);
#2860 = FACE_BOUND('',#2861,.F.);
#2861 = EDGE_LOOP('',(#2862));
#2862 = ORIENTED_EDGE('',*,*,#2863,.F.);
#2863 = EDGE_CURVE('',#2864,#2864,#2866,.T.);
#2864 = VERTEX_POINT('',#2865);
#2865 = CARTESIAN_POINT('',(3.9459E+03,1.E+03,2.371375E+03));
#2866 = CIRCLE('',#2867,54.1);
#2867 = AXIS2_PLACEMENT_3D('',#2868,#2869,#2870);
#2868 = CARTESIAN_POINT('',(4.E+03,1.E+03,2.371375E+03));
#2869 = DIRECTION('',(0.,0.,-1.));
#2870 = DIRECTION('',(-1.,0.,0.));
#2871 = PLANE('',#2872);
#2872 = AXIS2_PLACEMENT_3D('',#2873,#2874,#2875);
#2873 = CARTESIAN_POINT('',(4.E+03,1.E+03,2.371375E+03));
#2874 = DIRECTION('',(0.,0.,-1.));
#2875 = DIRECTION('',(-1.,0.,0.));
#2876 = ADVANCED_FACE('',(#2877),#2888,.F.);
#2877 = FACE_BOUND('',#2878,.F.);
#2878 = EDGE_LOOP('',(#2879,#2880,#2886,#2887));
#2879 = ORIENTED_EDGE('',*,*,#2843,.F.);
#2880 = ORIENTED_EDGE('',*,*,#2881,.F.);
#2881 = EDGE_CURVE('',#2864,#2844,#2882,.T.);
#2882 = LINE('',#2883,#2884);
#2883 = CARTESIAN_POINT('',(3.9459E+03,1.E+03,2.371375E+03));
#2884 = VECTOR('',#2885,1.);
#2885 = DIRECTION('',(0.,0.,-1.));
#2886 = ORIENTED_EDGE('',*,*,#2863,.T.);
#2887 = ORIENTED_EDGE('',*,*,#2881,.T.);
#2888 = CYLINDRICAL_SURFACE('',#2889,54.1);
#2889 = AXIS2_PLACEMENT_3D('',#2890,#2891,#2892);
#2890 = CARTESIAN_POINT('',(4.E+03,1.E+03,2.371375E+03));
#2891 = DIRECTION('',(0.,0.,-1.));
#2892 = DIRECTION('',(-1.,0.,0.));
#2893 = MANIFOLD_SOLID_BREP('',#2894);
#2894 = CLOSED_SHELL('',(#2895,#2928,#2948,#2968));
#2895 = ADVANCED_FACE('',(#2896),#2923,.T.);
#2896 = FACE_BOUND('',#2897,.T.);
#2897 = EDGE_LOOP('',(#2898,#2907,#2915,#2922));
#2898 = ORIENTED_EDGE('',*,*,#2899,.F.);
#2899 = EDGE_CURVE('',#2900,#2900,#2902,.T.);
#2900 = VERTEX_POINT('',#2901);
#2901 = CARTESIAN_POINT('',(3.94285E+03,3.E+03,2.371375E+03));
#2902 = CIRCLE('',#2903,57.15);
#2903 = AXIS2_PLACEMENT_3D('',#2904,#2905,#2906);
#2904 = CARTESIAN_POINT('',(4.E+03,3.E+03,2.371375E+03));
#2905 = DIRECTION('',(0.,0.,-1.));
#2906 = DIRECTION('',(-1.,0.,0.));
#2907 = ORIENTED_EDGE('',*,*,#2908,.F.);
#2908 = EDGE_CURVE('',#2909,#2900,#2911,.T.);
#2909 = VERTEX_POINT('',#2910);
#2910 = CARTESIAN_POINT('',(3.94285E+03,3.E+03,2.8E+03));
#2911 = LINE('',#2912,#2913);
#2912 = CARTESIAN_POINT('',(3.94285E+03,3.E+03,2.8E+03));
#2913 = VECTOR('',#2914,1.);
#2914 = DIRECTION('',(0.,0.,-1.));
#2915 = ORIENTED_EDGE('',*,*,#2916,.T.);
#2916 = EDGE_CURVE('',#2909,#2909,#2917,.T.);
#2917 = CIRCLE('',#2918,57.15);
#2918 = AXIS2_PLACEMENT_3D('',#2919,#2920,#2921);
#2919 = CARTESIAN_POINT('',(4.E+03,3.E+03,2.8E+03));
#2920 = DIRECTION('',(0.,0.,-1.));
#2921 = DIRECTION('',(-1.,0.,0.));
#2922 = ORIENTED_EDGE('',*,*,#2908,.T.);
#2923 = CYLINDRICAL_SURFACE('',#2924,57.15);
#2924 = AXIS2_PLACEMENT_3D('',#2925,#2926,#2927);
#2925 = CARTESIAN_POINT('',(4.E+03,3.E+03,2.8E+03));
#2926 = DIRECTION('',(0.,0.,-1.));
#2927 = DIRECTION('',(-1.,0.,0.));
#2928 = ADVANCED_FACE('',(#2929,#2932),#2943,.T.);
#2929 = FACE_BOUND('',#2930,.T.);
#2930 = EDGE_LOOP('',(#2931));
#2931 = ORIENTED_EDGE('',*,*,#2899,.T.);
#2932 = FACE_BOUND('',#2933,.T.);
#2933 = EDGE_LOOP('',(#2934));
#2934 = ORIENTED_EDGE('',*,*,#2935,.F.);
#2935 = EDGE_CURVE('',#2936,#2936,#2938,.T.);
#2936 = VERTEX_POINT('',#2937);
#2937 = CARTESIAN_POINT('',(3.9459E+03,3.E+03,2.371375E+03));
#2938 = CIRCLE('',#2939,54.1);
#2939 = AXIS2_PLACEMENT_3D('',#2940,#2941,#2942);
#2940 = CARTESIAN_POINT('',(4.E+03,3.E+03,2.371375E+03));
#2941 = DIRECTION('',(0.,0.,-1.));
#2942 = DIRECTION('',(-1.,0.,0.));
#2943 = PLANE('',#2944);
#2944 = AXIS2_PLACEMENT_3D('',#2945,#2946,#2947);
#2945 = CARTESIAN_POINT('',(4.E+03,3.E+03,2.371375E+03));
#2946 = DIRECTION('',(0.,0.,-1.));
#2947 = DIRECTION('',(-1.,0.,0.));
#2948 = ADVANCED_FACE('',(#2949,#2952),#2963,.F.);
#2949 = FACE_BOUND('',#2950,.F.);
#2950 = EDGE_LOOP('',(#2951));
#2951 = ORIENTED_EDGE('',*,*,#2916,.T.);
#2952 = FACE_BOUND('',#2953,.F.);
#2953 = EDGE_LOOP('',(#2954));
#2954 = ORIENTED_EDGE('',*,*,#2955,.F.);
#2955 = EDGE_CURVE('',#2956,#2956,#2958,.T.);
#2956 = VERTEX_POINT('',#2957);
#2957 = CARTESIAN_POINT('',(3.9459E+03,3.E+03,2.8E+03));
#2958 = CIRCLE('',#2959,54.1);
#2959 = AXIS2_PLACEMENT_3D('',#2960,#2961,#2962);
#2960 = CARTESIAN_POINT('',(4.E+03,3.E+03,2.8E+03));
#2961 = DIRECTION('',(0.,0.,-1.));
#2962 = DIRECTION('',(-1.,0.,0.));
#2963 = PLANE('',#2964);
#2964 = AXIS2_PLACEMENT_3D('',#2965,#2966,#2967);
#2965 = CARTESIAN_POINT('',(4.E+03,3.E+03,2.8E+03));
#2966 = DIRECTION('',(0.,0.,-1.));
#2967 = DIRECTION('',(-1.,0.,0.));
#2968 = ADVANCED_FACE('',(#2969),#2980,.F.);
#2969 = FACE_BOUND('',#2970,.F.);
#2970 = EDGE_LOOP('',(#2971,#2972,#2978,#2979));
#2971 = ORIENTED_EDGE('',*,*,#2935,.F.);
#2972 = ORIENTED_EDGE('',*,*,#2973,.F.);
#2973 = EDGE_CURVE('',#2956,#2936,#2974,.T.);
#2974 = LINE('',#2975,#2976);
#2975 = CARTESIAN_POINT('',(3.9459E+03,3.E+03,2.8E+03));
#2976 = VECTOR('',#2977,1.);
#2977 = DIRECTION('',(0.,0.,-1.));
#2978 = ORIENTED_EDGE('',*,*,#2955,.T.);
#2979 = ORIENTED_EDGE('',*,*,#2973,.T.);
#2980 = CYLINDRICAL_SURFACE('',#2981,54.1);
#2981 = AXIS2_PLACEMENT_3D('',#2982,#2983,#2984);
#2982 = CARTESIAN_POINT('',(4.E+03,3.E+03,2.8E+03));
#2983 = DIRECTION('',(0.,0.,-1.));
#2984 = DIRECTION('',(-1.,0.,0.));
#2985 = MANIFOLD_SOLID_BREP('',#2986);
#2986 = CLOSED_SHELL('',(#2987,#3020,#3040,#3060));
#2987 = ADVANCED_FACE('',(#2988),#3015,.T.);
#2988 = FACE_BOUND('',#2989,.T.);
#2989 = EDGE_LOOP('',(#2990,#2999,#3007,#3014));
#2990 = ORIENTED_EDGE('',*,*,#2991,.F.);
#2991 = EDGE_CURVE('',#2992,#2992,#2994,.T.);
#2992 = VERTEX_POINT('',#2993);
#2993 = CARTESIAN_POINT('',(3.94285E+03,3.E+03,1.8E+03));
#2994 = CIRCLE('',#2995,57.15);
#2995 = AXIS2_PLACEMENT_3D('',#2996,#2997,#2998);
#2996 = CARTESIAN_POINT('',(4.E+03,3.E+03,1.8E+03));
#2997 = DIRECTION('',(0.,0.,-1.));
#2998 = DIRECTION('',(-1.,0.,0.));
#2999 = ORIENTED_EDGE('',*,*,#3000,.F.);
#3000 = EDGE_CURVE('',#3001,#2992,#3003,.T.);
#3001 = VERTEX_POINT('',#3002);
#3002 = CARTESIAN_POINT('',(3.94285E+03,3.E+03,2.371375E+03));
#3003 = LINE('',#3004,#3005);
#3004 = CARTESIAN_POINT('',(3.94285E+03,3.E+03,2.371375E+03));
#3005 = VECTOR('',#3006,1.);
#3006 = DIRECTION('',(0.,0.,-1.));
#3007 = ORIENTED_EDGE('',*,*,#3008,.T.);
#3008 = EDGE_CURVE('',#3001,#3001,#3009,.T.);
#3009 = CIRCLE('',#3010,57.15);
#3010 = AXIS2_PLACEMENT_3D('',#3011,#3012,#3013);
#3011 = CARTESIAN_POINT('',(4.E+03,3.E+03,2.371375E+03));
#3012 = DIRECTION('',(0.,0.,-1.));
#3013 = DIRECTION('',(-1.,0.,0.));
#3014 = ORIENTED_EDGE('',*,*,#3000,.T.);
#3015 = CYLINDRICAL_SURFACE('',#3016,57.15);
#3016 = AXIS2_PLACEMENT_3D('',#3017,#3018,#3019);
#3017 = CARTESIAN_POINT('',(4.E+03,3.E+03,2.371375E+03));
#3018 = DIRECTION('',(0.,0.,-1.));
#3019 = DIRECTION('',(-1.,0.,0.));
#3020 = ADVANCED_FACE('',(#3021,#3024),#3035,.T.);
#3021 = FACE_BOUND('',#3022,.T.);
#3022 = EDGE_LOOP('',(#3023));
#3023 = ORIENTED_EDGE('',*,*,#2991,.T.);
#3024 = FACE_BOUND('',#3025,.T.);
#3025 = EDGE_LOOP('',(#3026));
#3026 = ORIENTED_EDGE('',*,*,#3027,.F.);
#3027 = EDGE_CURVE('',#3028,#3028,#3030,.T.);
#3028 = VERTEX_POINT('',#3029);
#3029 = CARTESIAN_POINT('',(3.9459E+03,3.E+03,1.8E+03));
#3030 = CIRCLE('',#3031,54.1);
#3031 = AXIS2_PLACEMENT_3D('',#3032,#3033,#3034);
#3032 = CARTESIAN_POINT('',(4.E+03,3.E+03,1.8E+03));
#3033 = DIRECTION('',(0.,0.,-1.));
#3034 = DIRECTION('',(-1.,0.,0.));
#3035 = PLANE('',#3036);
#3036 = AXIS2_PLACEMENT_3D('',#3037,#3038,#3039);
#3037 = CARTESIAN_POINT('',(4.E+03,3.E+03,1.8E+03));
#3038 = DIRECTION('',(0.,0.,-1.));
#3039 = DIRECTION('',(-1.,0.,0.));
#3040 = ADVANCED_FACE('',(#3041,#3044),#3055,.F.);
#3041 = FACE_BOUND('',#3042,.F.);
#3042 = EDGE_LOOP('',(#3043));
#3043 = ORIENTED_EDGE('',*,*,#3008,.T.);
#3044 = FACE_BOUND('',#3045,.F.);
#3045 = EDGE_LOOP('',(#3046));
#3046 = ORIENTED_EDGE('',*,*,#3047,.F.);
#3047 = EDGE_CURVE('',#3048,#3048,#3050,.T.);
#3048 = VERTEX_POINT('',#3049);
#3049 = CARTESIAN_POINT('',(3.9459E+03,3.E+03,2.371375E+03));
#3050 = CIRCLE('',#3051,54.1);
#3051 = AXIS2_PLACEMENT_3D('',#3052,#3053,#3054);
#3052 = CARTESIAN_POINT('',(4.E+03,3.E+03,2.371375E+03));
#3053 = DIRECTION('',(0.,0.,-1.));
#3054 = DIRECTION('',(-1.,0.,0.));
#3055 = PLANE('',#3056);
#3056 = AXIS2_PLACEMENT_3D('',#3057,#3058,#3059);
#3057 = CARTESIAN_POINT('',(4.E+03,3.E+03,2.371375E+03));
#3058 = DIRECTION('',(0.,0.,-1.));
#3059 = DIRECTION('',(-1.,0.,0.));
#3060 = ADVANCED_FACE('',(#3061),#3072,.F.);
#3061 = FACE_BOUND('',#3062,.F.);
#3062 = EDGE_LOOP('',(#3063,#3064,#3070,#3071));
#3063 = ORIENTED_EDGE('',*,*,#3027,.F.);
#3064 = ORIENTED_EDGE('',*,*,#3065,.F.);
#3065 = EDGE_CURVE('',#3048,#3028,#3066,.T.);
#3066 = LINE('',#3067,#3068);
#3067 = CARTESIAN_POINT('',(3.9459E+03,3.E+03,2.371375E+03));
#3068 = VECTOR('',#3069,1.);
#3069 = DIRECTION('',(0.,0.,-1.));
#3070 = ORIENTED_EDGE('',*,*,#3047,.T.);
#3071 = ORIENTED_EDGE('',*,*,#3065,.T.);
#3072 = CYLINDRICAL_SURFACE('',#3073,54.1);
#3073 = AXIS2_PLACEMENT_3D('',#3074,#3075,#3076);
#3074 = CARTESIAN_POINT('',(4.E+03,3.E+03,2.371375E+03));
#3075 = DIRECTION('',(0.,0.,-1.));
#3076 = DIRECTION('',(-1.,0.,0.));
#3077 = MANIFOLD_SOLID_BREP('',#3078);
#3078 = CLOSED_SHELL('',(#3079,#3112,#3132,#3152));
#3079 = ADVANCED_FACE('',(#3080),#3107,.T.);
#3080 = FACE_BOUND('',#3081,.T.);
#3081 = EDGE_LOOP('',(#3082,#3091,#3099,#3106));
#3082 = ORIENTED_EDGE('',*,*,#3083,.F.);
#3083 = EDGE_CURVE('',#3084,#3084,#3086,.T.);
#3084 = VERTEX_POINT('',#3085);
#3085 = CARTESIAN_POINT('',(3.94285E+03,5.E+03,2.371375E+03));
#3086 = CIRCLE('',#3087,57.15);
#3087 = AXIS2_PLACEMENT_3D('',#3088,#3089,#3090);
#3088 = CARTESIAN_POINT('',(4.E+03,5.E+03,2.371375E+03));
#3089 = DIRECTION('',(0.,0.,-1.));
#3090 = DIRECTION('',(-1.,0.,0.));
#3091 = ORIENTED_EDGE('',*,*,#3092,.F.);
#3092 = EDGE_CURVE('',#3093,#3084,#3095,.T.);
#3093 = VERTEX_POINT('',#3094);
#3094 = CARTESIAN_POINT('',(3.94285E+03,5.E+03,2.8E+03));
#3095 = LINE('',#3096,#3097);
#3096 = CARTESIAN_POINT('',(3.94285E+03,5.E+03,2.8E+03));
#3097 = VECTOR('',#3098,1.);
#3098 = DIRECTION('',(0.,0.,-1.));
#3099 = ORIENTED_EDGE('',*,*,#3100,.T.);
#3100 = EDGE_CURVE('',#3093,#3093,#3101,.T.);
#3101 = CIRCLE('',#3102,57.15);
#3102 = AXIS2_PLACEMENT_3D('',#3103,#3104,#3105);
#3103 = CARTESIAN_POINT('',(4.E+03,5.E+03,2.8E+03));
#3104 = DIRECTION('',(0.,0.,-1.));
#3105 = DIRECTION('',(-1.,0.,0.));
#3106 = ORIENTED_EDGE('',*,*,#3092,.T.);
#3107 = CYLINDRICAL_SURFACE('',#3108,57.15);
#3108 = AXIS2_PLACEMENT_3D('',#3109,#3110,#3111);
#3109 = CARTESIAN_POINT('',(4.E+03,5.E+03,2.8E+03));
#3110 = DIRECTION('',(0.,0.,-1.));
#3111 = DIRECTION('',(-1.,0.,0.));
#3112 = ADVANCED_FACE('',(#3113,#3116),#3127,.T.);
#3113 = FACE_BOUND('',#3114,.T.);
#3114 = EDGE_LOOP('',(#3115));
#3115 = ORIENTED_EDGE('',*,*,#3083,.T.);
#3116 = FACE_BOUND('',#3117,.T.);
#3117 = EDGE_LOOP('',(#3118));
#3118 = ORIENTED_EDGE('',*,*,#3119,.F.);
#3119 = EDGE_CURVE('',#3120,#3120,#3122,.T.);
#3120 = VERTEX_POINT('',#3121);
#3121 = CARTESIAN_POINT('',(3.9459E+03,5.E+03,2.371375E+03));
#3122 = CIRCLE('',#3123,54.1);
#3123 = AXIS2_PLACEMENT_3D('',#3124,#3125,#3126);
#3124 = CARTESIAN_POINT('',(4.E+03,5.E+03,2.371375E+03));
#3125 = DIRECTION('',(0.,0.,-1.));
#3126 = DIRECTION('',(-1.,0.,0.));
#3127 = PLANE('',#3128);
#3128 = AXIS2_PLACEMENT_3D('',#3129,#3130,#3131);
#3129 = CARTESIAN_POINT('',(4.E+03,5.E+03,2.371375E+03));
#3130 = DIRECTION('',(0.,0.,-1.));
#3131 = DIRECTION('',(-1.,0.,0.));
#3132 = ADVANCED_FACE('',(#3133,#3136),#3147,.F.);
#3133 = FACE_BOUND('',#3134,.F.);
#3134 = EDGE_LOOP('',(#3135));
#3135 = ORIENTED_EDGE('',*,*,#3100,.T.);
#3136 = FACE_BOUND('',#3137,.F.);
#3137 = EDGE_LOOP('',(#3138));
#3138 = ORIENTED_EDGE('',*,*,#3139,.F.);
#3139 = EDGE_CURVE('',#3140,#3140,#3142,.T.);
#3140 = VERTEX_POINT('',#3141);
#3141 = CARTESIAN_POINT('',(3.9459E+03,5.E+03,2.8E+03));
#3142 = CIRCLE('',#3143,54.1);
#3143 = AXIS2_PLACEMENT_3D('',#3144,#3145,#3146);
#3144 = CARTESIAN_POINT('',(4.E+03,5.E+03,2.8E+03));
#3145 = DIRECTION('',(0.,0.,-1.));
#3146 = DIRECTION('',(-1.,0.,0.));
#3147 = PLANE('',#3148);
#3148 = AXIS2_PLACEMENT_3D('',#3149,#3150,#3151);
#3149 = CARTESIAN_POINT('',(4.E+03,5.E+03,2.8E+03));
#3150 = DIRECTION('',(0.,0.,-1.));
#3151 = DIRECTION('',(-1.,0.,0.));
#3152 = ADVANCED_FACE('',(#3153),#3164,.F.);
#3153 = FACE_BOUND('',#3154,.F.);
#3154 = EDGE_LOOP('',(#3155,#3156,#3162,#3163));
#3155 = ORIENTED_EDGE('',*,*,#3119,.F.);
#3156 = ORIENTED_EDGE('',*,*,#3157,.F.);
#3157 = EDGE_CURVE('',#3140,#3120,#3158,.T.);
#3158 = LINE('',#3159,#3160);
#3159 = CARTESIAN_POINT('',(3.9459E+03,5.E+03,2.8E+03));
#3160 = VECTOR('',#3161,1.);
#3161 = DIRECTION('',(0.,0.,-1.));
#3162 = ORIENTED_EDGE('',*,*,#3139,.T.);
#3163 = ORIENTED_EDGE('',*,*,#3157,.T.);
#3164 = CYLINDRICAL_SURFACE('',#3165,54.1);
#3165 = AXIS2_PLACEMENT_3D('',#3166,#3167,#3168);
#3166 = CARTESIAN_POINT('',(4.E+03,5.E+03,2.8E+03));
#3167 = DIRECTION('',(0.,0.,-1.));
#3168 = DIRECTION('',(-1.,0.,0.));
#3169 = MANIFOLD_SOLID_BREP('',#3170);
#3170 = CLOSED_SHELL('',(#3171,#3204,#3224,#3244));
#3171 = ADVANCED_FACE('',(#3172),#3199,.T.);
#3172 = FACE_BOUND('',#3173,.T.);
#3173 = EDGE_LOOP('',(#3174,#3183,#3191,#3198));
#3174 = ORIENTED_EDGE('',*,*,#3175,.F.);
#3175 = EDGE_CURVE('',#3176,#3176,#3178,.T.);
#3176 = VERTEX_POINT('',#3177);
#3177 = CARTESIAN_POINT('',(3.94285E+03,5.E+03,1.8E+03));
#3178 = CIRCLE('',#3179,57.15);
#3179 = AXIS2_PLACEMENT_3D('',#3180,#3181,#3182);
#3180 = CARTESIAN_POINT('',(4.E+03,5.E+03,1.8E+03));
#3181 = DIRECTION('',(0.,0.,-1.));
#3182 = DIRECTION('',(-1.,0.,0.));
#3183 = ORIENTED_EDGE('',*,*,#3184,.F.);
#3184 = EDGE_CURVE('',#3185,#3176,#3187,.T.);
#3185 = VERTEX_POINT('',#3186);
#3186 = CARTESIAN_POINT('',(3.94285E+03,5.E+03,2.371375E+03));
#3187 = LINE('',#3188,#3189);
#3188 = CARTESIAN_POINT('',(3.94285E+03,5.E+03,2.371375E+03));
#3189 = VECTOR('',#3190,1.);
#3190 = DIRECTION('',(0.,0.,-1.));
#3191 = ORIENTED_EDGE('',*,*,#3192,.T.);
#3192 = EDGE_CURVE('',#3185,#3185,#3193,.T.);
#3193 = CIRCLE('',#3194,57.15);
#3194 = AXIS2_PLACEMENT_3D('',#3195,#3196,#3197);
#3195 = CARTESIAN_POINT('',(4.E+03,5.E+03,2.371375E+03));
#3196 = DIRECTION('',(0.,0.,-1.));
#3197 = DIRECTION('',(-1.,0.,0.));
#3198 = ORIENTED_EDGE('',*,*,#3184,.T.);
#3199 = CYLINDRICAL_SURFACE('',#3200,57.15);
#3200 = AXIS2_PLACEMENT_3D('',#3201,#3202,#3203);
#3201 = CARTESIAN_POINT('',(4.E+03,5.E+03,2.371375E+03));
#3202 = DIRECTION('',(0.,0.,-1.));
#3203 = DIRECTION('',(-1.,0.,0.));
#3204 = ADVANCED_FACE('',(#3205,#3208),#3219,.T.);
#3205 = FACE_BOUND('',#3206,.T.);
#3206 = EDGE_LOOP('',(#3207));
#3207 = ORIENTED_EDGE('',*,*,#3175,.T.);
#3208 = FACE_BOUND('',#3209,.T.);
#3209 = EDGE_LOOP('',(#3210));
#3210 = ORIENTED_EDGE('',*,*,#3211,.F.);
#3211 = EDGE_CURVE('',#3212,#3212,#3214,.T.);
#3212 = VERTEX_POINT('',#3213);
#3213 = CARTESIAN_POINT('',(3.9459E+03,5.E+03,1.8E+03));
#3214 = CIRCLE('',#3215,54.1);
#3215 = AXIS2_PLACEMENT_3D('',#3216,#3217,#3218);
#3216 = CARTESIAN_POINT('',(4.E+03,5.E+03,1.8E+03));
#3217 = DIRECTION('',(0.,0.,-1.));
#3218 = DIRECTION('',(-1.,0.,0.));
#3219 = PLANE('',#3220);
#3220 = AXIS2_PLACEMENT_3D('',#3221,#3222,#3223);
#3221 = CARTESIAN_POINT('',(4.E+03,5.E+03,1.8E+03));
#3222 = DIRECTION('',(0.,0.,-1.));
#3223 = DIRECTION('',(-1.,0.,0.));
#3224 = ADVANCED_FACE('',(#3225,#3228),#3239,.F.);
#3225 = FACE_BOUND('',#3226,.F.);
#3226 = EDGE_LOOP('',(#3227));
#3227 = ORIENTED_EDGE('',*,*,#3192,.T.);
#3228 = FACE_BOUND('',#3229,.F.);
#3229 = EDGE_LOOP('',(#3230));
#3230 = ORIENTED_EDGE('',*,*,#3231,.F.);
#3231 = EDGE_CURVE('',#3232,#3232,#3234,.T.);
#3232 = VERTEX_POINT('',#3233);
#3233 = CARTESIAN_POINT('',(3.9459E+03,5.E+03,2.371375E+03));
#3234 = CIRCLE('',#3235,54.1);
#3235 = AXIS2_PLACEMENT_3D('',#3236,#3237,#3238);
#3236 = CARTESIAN_POINT('',(4.E+03,5.E+03,2.371375E+03));
#3237 = DIRECTION('',(0.,0.,-1.));
#3238 = DIRECTION('',(-1.,0.,0.));
#3239 = PLANE('',#3240);
#3240 = AXIS2_PLACEMENT_3D('',#3241,#3242,#3243);
#3241 = CARTESIAN_POINT('',(4.E+03,5.E+03,2.371375E+03));
#3242 = DIRECTION('',(0.,0.,-1.));
#3243 = DIRECTION('',(-1.,0.,0.));
#3244 = ADVANCED_FACE('',(#3245),#3256,.F.);
#3245 = FACE_BOUND('',#3246,.F.);
#3246 = EDGE_LOOP('',(#3247,#3248,#3254,#3255));
#3247 = ORIENTED_EDGE('',*,*,#3211,.F.);
#3248 = ORIENTED_EDGE('',*,*,#3249,.F.);
#3249 = EDGE_CURVE('',#3232,#3212,#3250,.T.);
#3250 = LINE('',#3251,#3252);
#3251 = CARTESIAN_POINT('',(3.9459E+03,5.E+03,2.371375E+03));
#3252 = VECTOR('',#3253,1.);
#3253 = DIRECTION('',(0.,0.,-1.));
#3254 = ORIENTED_EDGE('',*,*,#3231,.T.);
#3255 = ORIENTED_EDGE('',*,*,#3249,.T.);
#3256 = CYLINDRICAL_SURFACE('',#3257,54.1);
#3257 = AXIS2_PLACEMENT_3D('',#3258,#3259,#3260);
#3258 = CARTESIAN_POINT('',(4.E+03,5.E+03,2.371375E+03));
#3259 = DIRECTION('',(0.,0.,-1.));
#3260 = DIRECTION('',(-1.,0.,0.));
#3261 = MANIFOLD_SOLID_BREP('',#3262);
#3262 = CLOSED_SHELL('',(#3263,#3296,#3316,#3336));
#3263 = ADVANCED_FACE('',(#3264),#3291,.T.);
#3264 = FACE_BOUND('',#3265,.T.);
#3265 = EDGE_LOOP('',(#3266,#3275,#3283,#3290));
#3266 = ORIENTED_EDGE('',*,*,#3267,.F.);
#3267 = EDGE_CURVE('',#3268,#3268,#3270,.T.);
#3268 = VERTEX_POINT('',#3269);
#3269 = CARTESIAN_POINT('',(4.25715E+03,1.E+03,2.228625E+03));
#3270 = CIRCLE('',#3271,57.15);
#3271 = AXIS2_PLACEMENT_3D('',#3272,#3273,#3274);
#3272 = CARTESIAN_POINT('',(4.2E+03,1.E+03,2.228625E+03));
#3273 = DIRECTION('',(0.,0.,1.));
#3274 = DIRECTION('',(1.,0.,0.));
#3275 = ORIENTED_EDGE('',*,*,#3276,.F.);
#3276 = EDGE_CURVE('',#3277,#3268,#3279,.T.);
#3277 = VERTEX_POINT('',#3278);
#3278 = CARTESIAN_POINT('',(4.25715E+03,1.E+03,1.8E+03));
#3279 = LINE('',#3280,#3281);
#3280 = CARTESIAN_POINT('',(4.25715E+03,1.E+03,1.8E+03));
#3281 = VECTOR('',#3282,1.);
#3282 = DIRECTION('',(0.,0.,1.));
#3283 = ORIENTED_EDGE('',*,*,#3284,.T.);
#3284 = EDGE_CURVE('',#3277,#3277,#3285,.T.);
#3285 = CIRCLE('',#3286,57.15);
#3286 = AXIS2_PLACEMENT_3D('',#3287,#3288,#3289);
#3287 = CARTESIAN_POINT('',(4.2E+03,1.E+03,1.8E+03));
#3288 = DIRECTION('',(0.,0.,1.));
#3289 = DIRECTION('',(1.,0.,0.));
#3290 = ORIENTED_EDGE('',*,*,#3276,.T.);
#3291 = CYLINDRICAL_SURFACE('',#3292,57.15);
#3292 = AXIS2_PLACEMENT_3D('',#3293,#3294,#3295);
#3293 = CARTESIAN_POINT('',(4.2E+03,1.E+03,1.8E+03));
#3294 = DIRECTION('',(0.,0.,1.));
#3295 = DIRECTION('',(1.,0.,0.));
#3296 = ADVANCED_FACE('',(#3297,#3300),#3311,.T.);
#3297 = FACE_BOUND('',#3298,.T.);
#3298 = EDGE_LOOP('',(#3299));
#3299 = ORIENTED_EDGE('',*,*,#3267,.T.);
#3300 = FACE_BOUND('',#3301,.T.);
#3301 = EDGE_LOOP('',(#3302));
#3302 = ORIENTED_EDGE('',*,*,#3303,.F.);
#3303 = EDGE_CURVE('',#3304,#3304,#3306,.T.);
#3304 = VERTEX_POINT('',#3305);
#3305 = CARTESIAN_POINT('',(4.2541E+03,1.E+03,2.228625E+03));
#3306 = CIRCLE('',#3307,54.1);
#3307 = AXIS2_PLACEMENT_3D('',#3308,#3309,#3310);
#3308 = CARTESIAN_POINT('',(4.2E+03,1.E+03,2.228625E+03));
#3309 = DIRECTION('',(0.,0.,1.));
#3310 = DIRECTION('',(1.,0.,0.));
#3311 = PLANE('',#3312);
#3312 = AXIS2_PLACEMENT_3D('',#3313,#3314,#3315);
#3313 = CARTESIAN_POINT('',(4.2E+03,1.E+03,2.228625E+03));
#3314 = DIRECTION('',(0.,0.,1.));
#3315 = DIRECTION('',(1.,0.,0.));
#3316 = ADVANCED_FACE('',(#3317,#3320),#3331,.F.);
#3317 = FACE_BOUND('',#3318,.F.);
#3318 = EDGE_LOOP('',(#3319));
#3319 = ORIENTED_EDGE('',*,*,#3284,.T.);
#3320 = FACE_BOUND('',#3321,.F.);
#3321 = EDGE_LOOP('',(#3322));
#3322 = ORIENTED_EDGE('',*,*,#3323,.F.);
#3323 = EDGE_CURVE('',#3324,#3324,#3326,.T.);
#3324 = VERTEX_POINT('',#3325);
#3325 = CARTESIAN_POINT('',(4.2541E+03,1.E+03,1.8E+03));
#3326 = CIRCLE('',#3327,54.1);
#3327 = AXIS2_PLACEMENT_3D('',#3328,#3329,#3330);
#3328 = CARTESIAN_POINT('',(4.2E+03,1.E+03,1.8E+03));
#3329 = DIRECTION('',(0.,0.,1.));
#3330 = DIRECTION('',(1.,0.,0.));
#3331 = PLANE('',#3332);
#3332 = AXIS2_PLACEMENT_3D('',#3333,#3334,#3335);
#3333 = CARTESIAN_POINT('',(4.2E+03,1.E+03,1.8E+03));
#3334 = DIRECTION('',(0.,0.,1.));
#3335 = DIRECTION('',(1.,0.,0.));
#3336 = ADVANCED_FACE('',(#3337),#3348,.F.);
#3337 = FACE_BOUND('',#3338,.F.);
#3338 = EDGE_LOOP('',(#3339,#3340,#3346,#3347));
#3339 = ORIENTED_EDGE('',*,*,#3303,.F.);
#3340 = ORIENTED_EDGE('',*,*,#3341,.F.);
#3341 = EDGE_CURVE('',#3324,#3304,#3342,.T.);
#3342 = LINE('',#3343,#3344);
#3343 = CARTESIAN_POINT('',(4.2541E+03,1.E+03,1.8E+03));
#3344 = VECTOR('',#3345,1.);
#3345 = DIRECTION('',(0.,0.,1.));
#3346 = ORIENTED_EDGE('',*,*,#3323,.T.);
#3347 = ORIENTED_EDGE('',*,*,#3341,.T.);
#3348 = CYLINDRICAL_SURFACE('',#3349,54.1);
#3349 = AXIS2_PLACEMENT_3D('',#3350,#3351,#3352);
#3350 = CARTESIAN_POINT('',(4.2E+03,1.E+03,1.8E+03));
#3351 = DIRECTION('',(0.,0.,1.));
#3352 = DIRECTION('',(1.,0.,0.));
#3353 = MANIFOLD_SOLID_BREP('',#3354);
#3354 = CLOSED_SHELL('',(#3355,#3388,#3408,#3428));
#3355 = ADVANCED_FACE('',(#3356),#3383,.T.);
#3356 = FACE_BOUND('',#3357,.T.);
#3357 = EDGE_LOOP('',(#3358,#3367,#3375,#3382));
#3358 = ORIENTED_EDGE('',*,*,#3359,.F.);
#3359 = EDGE_CURVE('',#3360,#3360,#3362,.T.);
#3360 = VERTEX_POINT('',#3361);
#3361 = CARTESIAN_POINT('',(4.25715E+03,3.E+03,2.228625E+03));
#3362 = CIRCLE('',#3363,57.15);
#3363 = AXIS2_PLACEMENT_3D('',#3364,#3365,#3366);
#3364 = CARTESIAN_POINT('',(4.2E+03,3.E+03,2.228625E+03));
#3365 = DIRECTION('',(0.,0.,1.));
#3366 = DIRECTION('',(1.,0.,0.));
#3367 = ORIENTED_EDGE('',*,*,#3368,.F.);
#3368 = EDGE_CURVE('',#3369,#3360,#3371,.T.);
#3369 = VERTEX_POINT('',#3370);
#3370 = CARTESIAN_POINT('',(4.25715E+03,3.E+03,1.8E+03));
#3371 = LINE('',#3372,#3373);
#3372 = CARTESIAN_POINT('',(4.25715E+03,3.E+03,1.8E+03));
#3373 = VECTOR('',#3374,1.);
#3374 = DIRECTION('',(0.,0.,1.));
#3375 = ORIENTED_EDGE('',*,*,#3376,.T.);
#3376 = EDGE_CURVE('',#3369,#3369,#3377,.T.);
#3377 = CIRCLE('',#3378,57.15);
#3378 = AXIS2_PLACEMENT_3D('',#3379,#3380,#3381);
#3379 = CARTESIAN_POINT('',(4.2E+03,3.E+03,1.8E+03));
#3380 = DIRECTION('',(0.,0.,1.));
#3381 = DIRECTION('',(1.,0.,0.));
#3382 = ORIENTED_EDGE('',*,*,#3368,.T.);
#3383 = CYLINDRICAL_SURFACE('',#3384,57.15);
#3384 = AXIS2_PLACEMENT_3D('',#3385,#3386,#3387);
#3385 = CARTESIAN_POINT('',(4.2E+03,3.E+03,1.8E+03));
#3386 = DIRECTION('',(0.,0.,1.));
#3387 = DIRECTION('',(1.,0.,0.));
#3388 = ADVANCED_FACE('',(#3389,#3392),#3403,.T.);
#3389 = FACE_BOUND('',#3390,.T.);
#3390 = EDGE_LOOP('',(#3391));
#3391 = ORIENTED_EDGE('',*,*,#3359,.T.);
#3392 = FACE_BOUND('',#3393,.T.);
#3393 = EDGE_LOOP('',(#3394));
#3394 = ORIENTED_EDGE('',*,*,#3395,.F.);
#3395 = EDGE_CURVE('',#3396,#3396,#3398,.T.);
#3396 = VERTEX_POINT('',#3397);
#3397 = CARTESIAN_POINT('',(4.2541E+03,3.E+03,2.228625E+03));
#3398 = CIRCLE('',#3399,54.1);
#3399 = AXIS2_PLACEMENT_3D('',#3400,#3401,#3402);
#3400 = CARTESIAN_POINT('',(4.2E+03,3.E+03,2.228625E+03));
#3401 = DIRECTION('',(0.,0.,1.));
#3402 = DIRECTION('',(1.,0.,0.));
#3403 = PLANE('',#3404);
#3404 = AXIS2_PLACEMENT_3D('',#3405,#3406,#3407);
#3405 = CARTESIAN_POINT('',(4.2E+03,3.E+03,2.228625E+03));
#3406 = DIRECTION('',(0.,0.,1.));
#3407 = DIRECTION('',(1.,0.,0.));
#3408 = ADVANCED_FACE('',(#3409,#3412),#3423,.F.);
#3409 = FACE_BOUND('',#3410,.F.);
#3410 = EDGE_LOOP('',(#3411));
#3411 = ORIENTED_EDGE('',*,*,#3376,.T.);
#3412 = FACE_BOUND('',#3413,.F.);
#3413 = EDGE_LOOP('',(#3414));
#3414 = ORIENTED_EDGE('',*,*,#3415,.F.);
#3415 = EDGE_CURVE('',#3416,#3416,#3418,.T.);
#3416 = VERTEX_POINT('',#3417);
#3417 = CARTESIAN_POINT('',(4.2541E+03,3.E+03,1.8E+03));
#3418 = CIRCLE('',#3419,54.1);
#3419 = AXIS2_PLACEMENT_3D('',#3420,#3421,#3422);
#3420 = CARTESIAN_POINT('',(4.2E+03,3.E+03,1.8E+03));
#3421 = DIRECTION('',(0.,0.,1.));
#3422 = DIRECTION('',(1.,0.,0.));
#3423 = PLANE('',#3424);
#3424 = AXIS2_PLACEMENT_3D('',#3425,#3426,#3427);
#3425 = CARTESIAN_POINT('',(4.2E+03,3.E+03,1.8E+03));
#3426 = DIRECTION('',(0.,0.,1.));
#3427 = DIRECTION('',(1.,0.,0.));
#3428 = ADVANCED_FACE('',(#3429),#3440,.F.);
#3429 = FACE_BOUND('',#3430,.F.);
#3430 = EDGE_LOOP('',(#3431,#3432,#3438,#3439));
#3431 = ORIENTED_EDGE('',*,*,#3395,.F.);
#3432 = ORIENTED_EDGE('',*,*,#3433,.F.);
#3433 = EDGE_CURVE('',#3416,#3396,#3434,.T.);
#3434 = LINE('',#3435,#3436);
#3435 = CARTESIAN_POINT('',(4.2541E+03,3.E+03,1.8E+03));
#3436 = VECTOR('',#3437,1.);
#3437 = DIRECTION('',(0.,0.,1.));
#3438 = ORIENTED_EDGE('',*,*,#3415,.T.);
#3439 = ORIENTED_EDGE('',*,*,#3433,.T.);
#3440 = CYLINDRICAL_SURFACE('',#3441,54.1);
#3441 = AXIS2_PLACEMENT_3D('',#3442,#3443,#3444);
#3442 = CARTESIAN_POINT('',(4.2E+03,3.E+03,1.8E+03));
#3443 = DIRECTION('',(0.,0.,1.));
#3444 = DIRECTION('',(1.,0.,0.));
#3445 = MANIFOLD_SOLID_BREP('',#3446);
#3446 = CLOSED_SHELL('',(#3447,#3480,#3500,#3520));
#3447 = ADVANCED_FACE('',(#3448),#3475,.T.);
#3448 = FACE_BOUND('',#3449,.T.);
#3449 = EDGE_LOOP('',(#3450,#3459,#3467,#3474));
#3450 = ORIENTED_EDGE('',*,*,#3451,.F.);
#3451 = EDGE_CURVE('',#3452,#3452,#3454,.T.);
#3452 = VERTEX_POINT('',#3453);
#3453 = CARTESIAN_POINT('',(4.25715E+03,5.E+03,2.228625E+03));
#3454 = CIRCLE('',#3455,57.15);
#3455 = AXIS2_PLACEMENT_3D('',#3456,#3457,#3458);
#3456 = CARTESIAN_POINT('',(4.2E+03,5.E+03,2.228625E+03));
#3457 = DIRECTION('',(0.,0.,1.));
#3458 = DIRECTION('',(1.,0.,0.));
#3459 = ORIENTED_EDGE('',*,*,#3460,.F.);
#3460 = EDGE_CURVE('',#3461,#3452,#3463,.T.);
#3461 = VERTEX_POINT('',#3462);
#3462 = CARTESIAN_POINT('',(4.25715E+03,5.E+03,1.8E+03));
#3463 = LINE('',#3464,#3465);
#3464 = CARTESIAN_POINT('',(4.25715E+03,5.E+03,1.8E+03));
#3465 = VECTOR('',#3466,1.);
#3466 = DIRECTION('',(0.,0.,1.));
#3467 = ORIENTED_EDGE('',*,*,#3468,.T.);
#3468 = EDGE_CURVE('',#3461,#3461,#3469,.T.);
#3469 = CIRCLE('',#3470,57.15);
#3470 = AXIS2_PLACEMENT_3D('',#3471,#3472,#3473);
#3471 = CARTESIAN_POINT('',(4.2E+03,5.E+03,1.8E+03));
#3472 = DIRECTION('',(0.,0.,1.));
#3473 = DIRECTION('',(1.,0.,0.));
#3474 = ORIENTED_EDGE('',*,*,#3460,.T.);
#3475 = CYLINDRICAL_SURFACE('',#3476,57.15);
#3476 = AXIS2_PLACEMENT_3D('',#3477,#3478,#3479);
#3477 = CARTESIAN_POINT('',(4.2E+03,5.E+03,1.8E+03));
#3478 = DIRECTION('',(0.,0.,1.));
#3479 = DIRECTION('',(1.,0.,0.));
#3480 = ADVANCED_FACE('',(#3481,#3484),#3495,.T.);
#3481 = FACE_BOUND('',#3482,.T.);
#3482 = EDGE_LOOP('',(#3483));
#3483 = ORIENTED_EDGE('',*,*,#3451,.T.);
#3484 = FACE_BOUND('',#3485,.T.);
#3485 = EDGE_LOOP('',(#3486));
#3486 = ORIENTED_EDGE('',*,*,#3487,.F.);
#3487 = EDGE_CURVE('',#3488,#3488,#3490,.T.);
#3488 = VERTEX_POINT('',#3489);
#3489 = CARTESIAN_POINT('',(4.2541E+03,5.E+03,2.228625E+03));
#3490 = CIRCLE('',#3491,54.1);
#3491 = AXIS2_PLACEMENT_3D('',#3492,#3493,#3494);
#3492 = CARTESIAN_POINT('',(4.2E+03,5.E+03,2.228625E+03));
#3493 = DIRECTION('',(0.,0.,1.));
#3494 = DIRECTION('',(1.,0.,0.));
#3495 = PLANE('',#3496);
#3496 = AXIS2_PLACEMENT_3D('',#3497,#3498,#3499);
#3497 = CARTESIAN_POINT('',(4.2E+03,5.E+03,2.228625E+03));
#3498 = DIRECTION('',(0.,0.,1.));
#3499 = DIRECTION('',(1.,0.,0.));
#3500 = ADVANCED_FACE('',(#3501,#3504),#3515,.F.);
#3501 = FACE_BOUND('',#3502,.F.);
#3502 = EDGE_LOOP('',(#3503));
#3503 = ORIENTED_EDGE('',*,*,#3468,.T.);
#3504 = FACE_BOUND('',#3505,.F.);
#3505 = EDGE_LOOP('',(#3506));
#3506 = ORIENTED_EDGE('',*,*,#3507,.F.);
#3507 = EDGE_CURVE('',#3508,#3508,#3510,.T.);
#3508 = VERTEX_POINT('',#3509);
#3509 = CARTESIAN_POINT('',(4.2541E+03,5.E+03,1.8E+03));
#3510 = CIRCLE('',#3511,54.1);
#3511 = AXIS2_PLACEMENT_3D('',#3512,#3513,#3514);
#3512 = CARTESIAN_POINT('',(4.2E+03,5.E+03,1.8E+03));
#3513 = DIRECTION('',(0.,0.,1.));
#3514 = DIRECTION('',(1.,0.,0.));
#3515 = PLANE('',#3516);
#3516 = AXIS2_PLACEMENT_3D('',#3517,#3518,#3519);
#3517 = CARTESIAN_POINT('',(4.2E+03,5.E+03,1.8E+03));
#3518 = DIRECTION('',(0.,0.,1.));
#3519 = DIRECTION('',(1.,0.,0.));
#3520 = ADVANCED_FACE('',(#3521),#3532,.F.);
#3521 = FACE_BOUND('',#3522,.F.);
#3522 = EDGE_LOOP('',(#3523,#3524,#3530,#3531));
#3523 = ORIENTED_EDGE('',*,*,#3487,.F.);
#3524 = ORIENTED_EDGE('',*,*,#3525,.F.);
#3525 = EDGE_CURVE('',#3508,#3488,#3526,.T.);
#3526 = LINE('',#3527,#3528);
#3527 = CARTESIAN_POINT('',(4.2541E+03,5.E+03,1.8E+03));
#3528 = VECTOR('',#3529,1.);
#3529 = DIRECTION('',(0.,0.,1.));
#3530 = ORIENTED_EDGE('',*,*,#3507,.T.);
#3531 = ORIENTED_EDGE('',*,*,#3525,.T.);
#3532 = CYLINDRICAL_SURFACE('',#3533,54.1);
#3533 = AXIS2_PLACEMENT_3D('',#3534,#3535,#3536);
#3534 = CARTESIAN_POINT('',(4.2E+03,5.E+03,1.8E+03));
#3535 = DIRECTION('',(0.,0.,1.));
#3536 = DIRECTION('',(1.,0.,0.));
#3537 = MANIFOLD_SOLID_BREP('',#3538);
#3538 = CLOSED_SHELL('',(#3539,#3572,#3592,#3612));
#3539 = ADVANCED_FACE('',(#3540),#3567,.T.);
#3540 = FACE_BOUND('',#3541,.T.);
#3541 = EDGE_LOOP('',(#3542,#3551,#3559,#3566));
#3542 = ORIENTED_EDGE('',*,*,#3543,.F.);
#3543 = EDGE_CURVE('',#3544,#3544,#3546,.T.);
#3544 = VERTEX_POINT('',#3545);
#3545 = CARTESIAN_POINT('',(3.178375E+03,5.5E+03,2.29045E+03));
#3546 = CIRCLE('',#3547,109.55);
#3547 = AXIS2_PLACEMENT_3D('',#3548,#3549,#3550);
#3548 = CARTESIAN_POINT('',(3.178375E+03,5.5E+03,2.4E+03));
#3549 = DIRECTION('',(-1.,0.,0.));
#3550 = DIRECTION('',(0.,0.,-1.));
#3551 = ORIENTED_EDGE('',*,*,#3552,.F.);
#3552 = EDGE_CURVE('',#3553,#3544,#3555,.T.);
#3553 = VERTEX_POINT('',#3554);
#3554 = CARTESIAN_POINT('',(4.E+03,5.5E+03,2.29045E+03));
#3555 = LINE('',#3556,#3557);
#3556 = CARTESIAN_POINT('',(4.E+03,5.5E+03,2.29045E+03));
#3557 = VECTOR('',#3558,1.);
#3558 = DIRECTION('',(-1.,0.,0.));
#3559 = ORIENTED_EDGE('',*,*,#3560,.T.);
#3560 = EDGE_CURVE('',#3553,#3553,#3561,.T.);
#3561 = CIRCLE('',#3562,109.55);
#3562 = AXIS2_PLACEMENT_3D('',#3563,#3564,#3565);
#3563 = CARTESIAN_POINT('',(4.E+03,5.5E+03,2.4E+03));
#3564 = DIRECTION('',(-1.,0.,0.));
#3565 = DIRECTION('',(0.,0.,-1.));
#3566 = ORIENTED_EDGE('',*,*,#3552,.T.);
#3567 = CYLINDRICAL_SURFACE('',#3568,109.55);
#3568 = AXIS2_PLACEMENT_3D('',#3569,#3570,#3571);
#3569 = CARTESIAN_POINT('',(4.E+03,5.5E+03,2.4E+03));
#3570 = DIRECTION('',(-1.,0.,0.));
#3571 = DIRECTION('',(0.,0.,-1.));
#3572 = ADVANCED_FACE('',(#3573,#3576),#3587,.T.);
#3573 = FACE_BOUND('',#3574,.T.);
#3574 = EDGE_LOOP('',(#3575));
#3575 = ORIENTED_EDGE('',*,*,#3543,.T.);
#3576 = FACE_BOUND('',#3577,.T.);
#3577 = EDGE_LOOP('',(#3578));
#3578 = ORIENTED_EDGE('',*,*,#3579,.F.);
#3579 = EDGE_CURVE('',#3580,#3580,#3582,.T.);
#3580 = VERTEX_POINT('',#3581);
#3581 = CARTESIAN_POINT('',(3.178375E+03,5.5E+03,2.29421E+03));
#3582 = CIRCLE('',#3583,105.79);
#3583 = AXIS2_PLACEMENT_3D('',#3584,#3585,#3586);
#3584 = CARTESIAN_POINT('',(3.178375E+03,5.5E+03,2.4E+03));
#3585 = DIRECTION('',(-1.,0.,0.));
#3586 = DIRECTION('',(0.,0.,-1.));
#3587 = PLANE('',#3588);
#3588 = AXIS2_PLACEMENT_3D('',#3589,#3590,#3591);
#3589 = CARTESIAN_POINT('',(3.178375E+03,5.5E+03,2.4E+03));
#3590 = DIRECTION('',(-1.,0.,0.));
#3591 = DIRECTION('',(0.,0.,-1.));
#3592 = ADVANCED_FACE('',(#3593,#3596),#3607,.F.);
#3593 = FACE_BOUND('',#3594,.F.);
#3594 = EDGE_LOOP('',(#3595));
#3595 = ORIENTED_EDGE('',*,*,#3560,.T.);
#3596 = FACE_BOUND('',#3597,.F.);
#3597 = EDGE_LOOP('',(#3598));
#3598 = ORIENTED_EDGE('',*,*,#3599,.F.);
#3599 = EDGE_CURVE('',#3600,#3600,#3602,.T.);
#3600 = VERTEX_POINT('',#3601);
#3601 = CARTESIAN_POINT('',(4.E+03,5.5E+03,2.29421E+03));
#3602 = CIRCLE('',#3603,105.79);
#3603 = AXIS2_PLACEMENT_3D('',#3604,#3605,#3606);
#3604 = CARTESIAN_POINT('',(4.E+03,5.5E+03,2.4E+03));
#3605 = DIRECTION('',(-1.,0.,0.));
#3606 = DIRECTION('',(0.,0.,-1.));
#3607 = PLANE('',#3608);
#3608 = AXIS2_PLACEMENT_3D('',#3609,#3610,#3611);
#3609 = CARTESIAN_POINT('',(4.E+03,5.5E+03,2.4E+03));
#3610 = DIRECTION('',(-1.,0.,0.));
#3611 = DIRECTION('',(0.,0.,-1.));
#3612 = ADVANCED_FACE('',(#3613),#3624,.F.);
#3613 = FACE_BOUND('',#3614,.F.);
#3614 = EDGE_LOOP('',(#3615,#3616,#3622,#3623));
#3615 = ORIENTED_EDGE('',*,*,#3579,.F.);
#3616 = ORIENTED_EDGE('',*,*,#3617,.F.);
#3617 = EDGE_CURVE('',#3600,#3580,#3618,.T.);
#3618 = LINE('',#3619,#3620);
#3619 = CARTESIAN_POINT('',(4.E+03,5.5E+03,2.29421E+03));
#3620 = VECTOR('',#3621,1.);
#3621 = DIRECTION('',(-1.,0.,0.));
#3622 = ORIENTED_EDGE('',*,*,#3599,.T.);
#3623 = ORIENTED_EDGE('',*,*,#3617,.T.);
#3624 = CYLINDRICAL_SURFACE('',#3625,105.79);
#3625 = AXIS2_PLACEMENT_3D('',#3626,#3627,#3628);
#3626 = CARTESIAN_POINT('',(4.E+03,5.5E+03,2.4E+03));
#3627 = DIRECTION('',(-1.,0.,0.));
#3628 = DIRECTION('',(0.,0.,-1.));
#3629 = MANIFOLD_SOLID_BREP('',#3630);
#3630 = CLOSED_SHELL('',(#3631,#3664,#3684,#3704));
#3631 = ADVANCED_FACE('',(#3632),#3659,.T.);
#3632 = FACE_BOUND('',#3633,.T.);
#3633 = EDGE_LOOP('',(#3634,#3643,#3651,#3658));
#3634 = ORIENTED_EDGE('',*,*,#3635,.F.);
#3635 = EDGE_CURVE('',#3636,#3636,#3638,.T.);
#3636 = VERTEX_POINT('',#3637);
#3637 = CARTESIAN_POINT('',(0.,5.5E+03,2.29045E+03));
#3638 = CIRCLE('',#3639,109.55);
#3639 = AXIS2_PLACEMENT_3D('',#3640,#3641,#3642);
#3640 = CARTESIAN_POINT('',(0.,5.5E+03,2.4E+03));
#3641 = DIRECTION('',(-1.,0.,0.));
#3642 = DIRECTION('',(0.,0.,-1.));
#3643 = ORIENTED_EDGE('',*,*,#3644,.F.);
#3644 = EDGE_CURVE('',#3645,#3636,#3647,.T.);
#3645 = VERTEX_POINT('',#3646);
#3646 = CARTESIAN_POINT('',(3.178375E+03,5.5E+03,2.29045E+03));
#3647 = LINE('',#3648,#3649);
#3648 = CARTESIAN_POINT('',(3.178375E+03,5.5E+03,2.29045E+03));
#3649 = VECTOR('',#3650,1.);
#3650 = DIRECTION('',(-1.,0.,0.));
#3651 = ORIENTED_EDGE('',*,*,#3652,.T.);
#3652 = EDGE_CURVE('',#3645,#3645,#3653,.T.);
#3653 = CIRCLE('',#3654,109.55);
#3654 = AXIS2_PLACEMENT_3D('',#3655,#3656,#3657);
#3655 = CARTESIAN_POINT('',(3.178375E+03,5.5E+03,2.4E+03));
#3656 = DIRECTION('',(-1.,0.,0.));
#3657 = DIRECTION('',(0.,0.,-1.));
#3658 = ORIENTED_EDGE('',*,*,#3644,.T.);
#3659 = CYLINDRICAL_SURFACE('',#3660,109.55);
#3660 = AXIS2_PLACEMENT_3D('',#3661,#3662,#3663);
#3661 = CARTESIAN_POINT('',(3.178375E+03,5.5E+03,2.4E+03));
#3662 = DIRECTION('',(-1.,0.,0.));
#3663 = DIRECTION('',(0.,0.,-1.));
#3664 = ADVANCED_FACE('',(#3665,#3668),#3679,.T.);
#3665 = FACE_BOUND('',#3666,.T.);
#3666 = EDGE_LOOP('',(#3667));
#3667 = ORIENTED_EDGE('',*,*,#3635,.T.);
#3668 = FACE_BOUND('',#3669,.T.);
#3669 = EDGE_LOOP('',(#3670));
#3670 = ORIENTED_EDGE('',*,*,#3671,.F.);
#3671 = EDGE_CURVE('',#3672,#3672,#3674,.T.);
#3672 = VERTEX_POINT('',#3673);
#3673 = CARTESIAN_POINT('',(0.,5.5E+03,2.29421E+03));
#3674 = CIRCLE('',#3675,105.79);
#3675 = AXIS2_PLACEMENT_3D('',#3676,#3677,#3678);
#3676 = CARTESIAN_POINT('',(0.,5.5E+03,2.4E+03));
#3677 = DIRECTION('',(-1.,0.,0.));
#3678 = DIRECTION('',(0.,0.,-1.));
#3679 = PLANE('',#3680);
#3680 = AXIS2_PLACEMENT_3D('',#3681,#3682,#3683);
#3681 = CARTESIAN_POINT('',(0.,5.5E+03,2.4E+03));
#3682 = DIRECTION('',(-1.,0.,0.));
#3683 = DIRECTION('',(0.,0.,-1.));
#3684 = ADVANCED_FACE('',(#3685,#3688),#3699,.F.);
#3685 = FACE_BOUND('',#3686,.F.);
#3686 = EDGE_LOOP('',(#3687));
#3687 = ORIENTED_EDGE('',*,*,#3652,.T.);
#3688 = FACE_BOUND('',#3689,.F.);
#3689 = EDGE_LOOP('',(#3690));
#3690 = ORIENTED_EDGE('',*,*,#3691,.F.);
#3691 = EDGE_CURVE('',#3692,#3692,#3694,.T.);
#3692 = VERTEX_POINT('',#3693);
#3693 = CARTESIAN_POINT('',(3.178375E+03,5.5E+03,2.29421E+03));
#3694 = CIRCLE('',#3695,105.79);
#3695 = AXIS2_PLACEMENT_3D('',#3696,#3697,#3698);
#3696 = CARTESIAN_POINT('',(3.178375E+03,5.5E+03,2.4E+03));
#3697 = DIRECTION('',(-1.,0.,0.));
#3698 = DIRECTION('',(0.,0.,-1.));
#3699 = PLANE('',#3700);
#3700 = AXIS2_PLACEMENT_3D('',#3701,#3702,#3703);
#3701 = CARTESIAN_POINT('',(3.178375E+03,5.5E+03,2.4E+03));
#3702 = DIRECTION('',(-1.,0.,0.));
#3703 = DIRECTION('',(0.,0.,-1.));
#3704 = ADVANCED_FACE('',(#3705),#3716,.F.);
#3705 = FACE_BOUND('',#3706,.F.);
#3706 = EDGE_LOOP('',(#3707,#3708,#3714,#3715));
#3707 = ORIENTED_EDGE('',*,*,#3671,.F.);
#3708 = ORIENTED_EDGE('',*,*,#3709,.F.);
#3709 = EDGE_CURVE('',#3692,#3672,#3710,.T.);
#3710 = LINE('',#3711,#3712);
#3711 = CARTESIAN_POINT('',(3.178375E+03,5.5E+03,2.29421E+03));
#3712 = VECTOR('',#3713,1.);
#3713 = DIRECTION('',(-1.,0.,0.));
#3714 = ORIENTED_EDGE('',*,*,#3691,.T.);
#3715 = ORIENTED_EDGE('',*,*,#3709,.T.);
#3716 = CYLINDRICAL_SURFACE('',#3717,105.79);
#3717 = AXIS2_PLACEMENT_3D('',#3718,#3719,#3720);
#3718 = CARTESIAN_POINT('',(3.178375E+03,5.5E+03,2.4E+03));
#3719 = DIRECTION('',(-1.,0.,0.));
#3720 = DIRECTION('',(0.,0.,-1.));
#3721 = MANIFOLD_SOLID_BREP('',#3722);
#3722 = CLOSED_SHELL('',(#3723,#3757,#3777,#3797));
#3723 = ADVANCED_FACE('',(#3724),#3752,.T.);
#3724 = FACE_BOUND('',#3725,.T.);
#3725 = EDGE_LOOP('',(#3726,#3737,#3744,#3745));
#3726 = ORIENTED_EDGE('',*,*,#3727,.T.);
#3727 = EDGE_CURVE('',#3728,#3730,#3732,.T.);
#3728 = VERTEX_POINT('',#3729);
#3729 = CARTESIAN_POINT('',(1.009741958683E-28,5.5E+03,2.50955E+03));
#3730 = VERTEX_POINT('',#3731);
#3731 = CARTESIAN_POINT('',(-328.65,5.17135E+03,2.50955E+03));
#3732 = CIRCLE('',#3733,328.65);
#3733 = AXIS2_PLACEMENT_3D('',#3734,#3735,#3736);
#3734 = CARTESIAN_POINT('',(-3.17083312133E-13,5.17135E+03,2.50955E+03)
  );
#3735 = DIRECTION('',(0.,-0.,1.));
#3736 = DIRECTION('',(9.648054530138E-16,1.,0.));
#3737 = ORIENTED_EDGE('',*,*,#3738,.T.);
#3738 = EDGE_CURVE('',#3730,#3730,#3739,.T.);
#3739 = CIRCLE('',#3740,109.55);
#3740 = AXIS2_PLACEMENT_3D('',#3741,#3742,#3743);
#3741 = CARTESIAN_POINT('',(-328.65,5.17135E+03,2.4E+03));
#3742 = DIRECTION('',(-8.418523165404E-17,1.,0.));
#3743 = DIRECTION('',(-1.,-8.418523165404E-17,0.));
#3744 = ORIENTED_EDGE('',*,*,#3727,.F.);
#3745 = ORIENTED_EDGE('',*,*,#3746,.F.);
#3746 = EDGE_CURVE('',#3728,#3728,#3747,.T.);
#3747 = CIRCLE('',#3748,109.55);
#3748 = AXIS2_PLACEMENT_3D('',#3749,#3750,#3751);
#3749 = CARTESIAN_POINT('',(9.626037187331E-29,5.5E+03,2.4E+03));
#3750 = DIRECTION('',(1.,-9.648054530138E-16,0.));
#3751 = DIRECTION('',(9.648054530138E-16,1.,0.));
#3752 = TOROIDAL_SURFACE('',#3753,328.65,109.55);
#3753 = AXIS2_PLACEMENT_3D('',#3754,#3755,#3756);
#3754 = CARTESIAN_POINT('',(-3.17083312133E-13,5.17135E+03,2.4E+03));
#3755 = DIRECTION('',(0.,0.,1.));
#3756 = DIRECTION('',(9.648054530138E-16,1.,0.));
#3757 = ADVANCED_FACE('',(#3758,#3761),#3772,.F.);
#3758 = FACE_BOUND('',#3759,.F.);
#3759 = EDGE_LOOP('',(#3760));
#3760 = ORIENTED_EDGE('',*,*,#3746,.F.);
#3761 = FACE_BOUND('',#3762,.F.);
#3762 = EDGE_LOOP('',(#3763));
#3763 = ORIENTED_EDGE('',*,*,#3764,.T.);
#3764 = EDGE_CURVE('',#3765,#3765,#3767,.T.);
#3765 = VERTEX_POINT('',#3766);
#3766 = CARTESIAN_POINT('',(1.009741958683E-28,5.5E+03,2.50579E+03));
#3767 = CIRCLE('',#3768,105.79);
#3768 = AXIS2_PLACEMENT_3D('',#3769,#3770,#3771);
#3769 = CARTESIAN_POINT('',(9.626037187331E-29,5.5E+03,2.4E+03));
#3770 = DIRECTION('',(1.,-9.648054530138E-16,0.));
#3771 = DIRECTION('',(9.648054530138E-16,1.,0.));
#3772 = PLANE('',#3773);
#3773 = AXIS2_PLACEMENT_3D('',#3774,#3775,#3776);
#3774 = CARTESIAN_POINT('',(9.285523567255E-29,5.5E+03,2.4E+03));
#3775 = DIRECTION('',(-1.,9.648054530138E-16,0.));
#3776 = DIRECTION('',(-9.648054530138E-16,-1.,0.));
#3777 = ADVANCED_FACE('',(#3778,#3781),#3792,.T.);
#3778 = FACE_BOUND('',#3779,.T.);
#3779 = EDGE_LOOP('',(#3780));
#3780 = ORIENTED_EDGE('',*,*,#3738,.F.);
#3781 = FACE_BOUND('',#3782,.T.);
#3782 = EDGE_LOOP('',(#3783));
#3783 = ORIENTED_EDGE('',*,*,#3784,.T.);
#3784 = EDGE_CURVE('',#3785,#3785,#3787,.T.);
#3785 = VERTEX_POINT('',#3786);
#3786 = CARTESIAN_POINT('',(-328.65,5.17135E+03,2.50579E+03));
#3787 = CIRCLE('',#3788,105.79);
#3788 = AXIS2_PLACEMENT_3D('',#3789,#3790,#3791);
#3789 = CARTESIAN_POINT('',(-328.65,5.17135E+03,2.4E+03));
#3790 = DIRECTION('',(-8.418523165404E-17,1.,0.));
#3791 = DIRECTION('',(-1.,-8.418523165404E-17,0.));
#3792 = PLANE('',#3793);
#3793 = AXIS2_PLACEMENT_3D('',#3794,#3795,#3796);
#3794 = CARTESIAN_POINT('',(-328.65,5.17135E+03,2.4E+03));
#3795 = DIRECTION('',(-0.,-1.,-0.));
#3796 = DIRECTION('',(0.,0.,-1.));
#3797 = ADVANCED_FACE('',(#3798),#3810,.F.);
#3798 = FACE_BOUND('',#3799,.F.);
#3799 = EDGE_LOOP('',(#3800,#3807,#3808,#3809));
#3800 = ORIENTED_EDGE('',*,*,#3801,.T.);
#3801 = EDGE_CURVE('',#3765,#3785,#3802,.T.);
#3802 = CIRCLE('',#3803,328.65);
#3803 = AXIS2_PLACEMENT_3D('',#3804,#3805,#3806);
#3804 = CARTESIAN_POINT('',(-3.17083312133E-13,5.17135E+03,2.50579E+03)
  );
#3805 = DIRECTION('',(0.,-0.,1.));
#3806 = DIRECTION('',(9.648054530138E-16,1.,0.));
#3807 = ORIENTED_EDGE('',*,*,#3784,.T.);
#3808 = ORIENTED_EDGE('',*,*,#3801,.F.);
#3809 = ORIENTED_EDGE('',*,*,#3764,.F.);
#3810 = TOROIDAL_SURFACE('',#3811,328.65,105.79);
#3811 = AXIS2_PLACEMENT_3D('',#3812,#3813,#3814);
#3812 = CARTESIAN_POINT('',(-3.17083312133E-13,5.17135E+03,2.4E+03));
#3813 = DIRECTION('',(0.,0.,1.));
#3814 = DIRECTION('',(9.648054530138E-16,1.,0.));
#3815 = MANIFOLD_SOLID_BREP('',#3816);
#3816 = CLOSED_SHELL('',(#3817,#3850,#3870,#3890));
#3817 = ADVANCED_FACE('',(#3818),#3845,.T.);
#3818 = FACE_BOUND('',#3819,.T.);
#3819 = EDGE_LOOP('',(#3820,#3829,#3837,#3844));
#3820 = ORIENTED_EDGE('',*,*,#3821,.F.);
#3821 = EDGE_CURVE('',#3822,#3822,#3824,.T.);
#3822 = VERTEX_POINT('',#3823);
#3823 = CARTESIAN_POINT('',(-328.65,2.5E+03,2.29045E+03));
#3824 = CIRCLE('',#3825,109.55);
#3825 = AXIS2_PLACEMENT_3D('',#3826,#3827,#3828);
#3826 = CARTESIAN_POINT('',(-328.65,2.5E+03,2.4E+03));
#3827 = DIRECTION('',(0.,-1.,0.));
#3828 = DIRECTION('',(0.,0.,-1.));
#3829 = ORIENTED_EDGE('',*,*,#3830,.F.);
#3830 = EDGE_CURVE('',#3831,#3822,#3833,.T.);
#3831 = VERTEX_POINT('',#3832);
#3832 = CARTESIAN_POINT('',(-328.65,5.17135E+03,2.29045E+03));
#3833 = LINE('',#3834,#3835);
#3834 = CARTESIAN_POINT('',(-328.65,5.17135E+03,2.29045E+03));
#3835 = VECTOR('',#3836,1.);
#3836 = DIRECTION('',(0.,-1.,0.));
#3837 = ORIENTED_EDGE('',*,*,#3838,.T.);
#3838 = EDGE_CURVE('',#3831,#3831,#3839,.T.);
#3839 = CIRCLE('',#3840,109.55);
#3840 = AXIS2_PLACEMENT_3D('',#3841,#3842,#3843);
#3841 = CARTESIAN_POINT('',(-328.65,5.17135E+03,2.4E+03));
#3842 = DIRECTION('',(0.,-1.,0.));
#3843 = DIRECTION('',(0.,0.,-1.));
#3844 = ORIENTED_EDGE('',*,*,#3830,.T.);
#3845 = CYLINDRICAL_SURFACE('',#3846,109.55);
#3846 = AXIS2_PLACEMENT_3D('',#3847,#3848,#3849);
#3847 = CARTESIAN_POINT('',(-328.65,5.17135E+03,2.4E+03));
#3848 = DIRECTION('',(0.,-1.,0.));
#3849 = DIRECTION('',(0.,0.,-1.));
#3850 = ADVANCED_FACE('',(#3851,#3854),#3865,.T.);
#3851 = FACE_BOUND('',#3852,.T.);
#3852 = EDGE_LOOP('',(#3853));
#3853 = ORIENTED_EDGE('',*,*,#3821,.T.);
#3854 = FACE_BOUND('',#3855,.T.);
#3855 = EDGE_LOOP('',(#3856));
#3856 = ORIENTED_EDGE('',*,*,#3857,.F.);
#3857 = EDGE_CURVE('',#3858,#3858,#3860,.T.);
#3858 = VERTEX_POINT('',#3859);
#3859 = CARTESIAN_POINT('',(-328.65,2.5E+03,2.29421E+03));
#3860 = CIRCLE('',#3861,105.79);
#3861 = AXIS2_PLACEMENT_3D('',#3862,#3863,#3864);
#3862 = CARTESIAN_POINT('',(-328.65,2.5E+03,2.4E+03));
#3863 = DIRECTION('',(0.,-1.,0.));
#3864 = DIRECTION('',(0.,0.,-1.));
#3865 = PLANE('',#3866);
#3866 = AXIS2_PLACEMENT_3D('',#3867,#3868,#3869);
#3867 = CARTESIAN_POINT('',(-328.65,2.5E+03,2.4E+03));
#3868 = DIRECTION('',(0.,-1.,0.));
#3869 = DIRECTION('',(0.,0.,-1.));
#3870 = ADVANCED_FACE('',(#3871,#3874),#3885,.F.);
#3871 = FACE_BOUND('',#3872,.F.);
#3872 = EDGE_LOOP('',(#3873));
#3873 = ORIENTED_EDGE('',*,*,#3838,.T.);
#3874 = FACE_BOUND('',#3875,.F.);
#3875 = EDGE_LOOP('',(#3876));
#3876 = ORIENTED_EDGE('',*,*,#3877,.F.);
#3877 = EDGE_CURVE('',#3878,#3878,#3880,.T.);
#3878 = VERTEX_POINT('',#3879);
#3879 = CARTESIAN_POINT('',(-328.65,5.17135E+03,2.29421E+03));
#3880 = CIRCLE('',#3881,105.79);
#3881 = AXIS2_PLACEMENT_3D('',#3882,#3883,#3884);
#3882 = CARTESIAN_POINT('',(-328.65,5.17135E+03,2.4E+03));
#3883 = DIRECTION('',(0.,-1.,0.));
#3884 = DIRECTION('',(0.,0.,-1.));
#3885 = PLANE('',#3886);
#3886 = AXIS2_PLACEMENT_3D('',#3887,#3888,#3889);
#3887 = CARTESIAN_POINT('',(-328.65,5.17135E+03,2.4E+03));
#3888 = DIRECTION('',(0.,-1.,0.));
#3889 = DIRECTION('',(0.,0.,-1.));
#3890 = ADVANCED_FACE('',(#3891),#3902,.F.);
#3891 = FACE_BOUND('',#3892,.F.);
#3892 = EDGE_LOOP('',(#3893,#3894,#3900,#3901));
#3893 = ORIENTED_EDGE('',*,*,#3857,.F.);
#3894 = ORIENTED_EDGE('',*,*,#3895,.F.);
#3895 = EDGE_CURVE('',#3878,#3858,#3896,.T.);
#3896 = LINE('',#3897,#3898);
#3897 = CARTESIAN_POINT('',(-328.65,5.17135E+03,2.29421E+03));
#3898 = VECTOR('',#3899,1.);
#3899 = DIRECTION('',(0.,-1.,0.));
#3900 = ORIENTED_EDGE('',*,*,#3877,.T.);
#3901 = ORIENTED_EDGE('',*,*,#3895,.T.);
#3902 = CYLINDRICAL_SURFACE('',#3903,105.79);
#3903 = AXIS2_PLACEMENT_3D('',#3904,#3905,#3906);
#3904 = CARTESIAN_POINT('',(-328.65,5.17135E+03,2.4E+03));
#3905 = DIRECTION('',(0.,-1.,0.));
#3906 = DIRECTION('',(0.,0.,-1.));
#3907 = MANIFOLD_SOLID_BREP('',#3908);
#3908 = CLOSED_SHELL('',(#3909,#3943,#3963,#3983));
#3909 = ADVANCED_FACE('',(#3910),#3938,.T.);
#3910 = FACE_BOUND('',#3911,.T.);
#3911 = EDGE_LOOP('',(#3912,#3923,#3930,#3931));
#3912 = ORIENTED_EDGE('',*,*,#3913,.T.);
#3913 = EDGE_CURVE('',#3914,#3916,#3918,.T.);
#3914 = VERTEX_POINT('',#3915);
#3915 = CARTESIAN_POINT('',(-219.1,2.5E+03,2.4E+03));
#3916 = VERTEX_POINT('',#3917);
#3917 = CARTESIAN_POINT('',(-9.022462631541E-16,2.2809E+03,2.4E+03));
#3918 = CIRCLE('',#3919,219.1);
#3919 = AXIS2_PLACEMENT_3D('',#3920,#3921,#3922);
#3920 = CARTESIAN_POINT('',(-9.022462631541E-16,2.5E+03,2.4E+03));
#3921 = DIRECTION('',(0.,0.,1.));
#3922 = DIRECTION('',(-1.,0.,0.));
#3923 = ORIENTED_EDGE('',*,*,#3924,.T.);
#3924 = EDGE_CURVE('',#3916,#3916,#3925,.T.);
#3925 = CIRCLE('',#3926,109.55);
#3926 = AXIS2_PLACEMENT_3D('',#3927,#3928,#3929);
#3927 = CARTESIAN_POINT('',(-2.102625479014E-14,2.17135E+03,2.4E+03));
#3928 = DIRECTION('',(-1.,6.123233995737E-17,0.));
#3929 = DIRECTION('',(-6.123233995737E-17,-1.,0.));
#3930 = ORIENTED_EDGE('',*,*,#3913,.F.);
#3931 = ORIENTED_EDGE('',*,*,#3932,.F.);
#3932 = EDGE_CURVE('',#3914,#3914,#3933,.T.);
#3933 = CIRCLE('',#3934,109.55);
#3934 = AXIS2_PLACEMENT_3D('',#3935,#3936,#3937);
#3935 = CARTESIAN_POINT('',(-328.65,2.5E+03,2.4E+03));
#3936 = DIRECTION('',(0.,1.,-0.));
#3937 = DIRECTION('',(-1.,0.,0.));
#3938 = TOROIDAL_SURFACE('',#3939,328.65,109.55);
#3939 = AXIS2_PLACEMENT_3D('',#3940,#3941,#3942);
#3940 = CARTESIAN_POINT('',(-9.022462631541E-16,2.5E+03,2.4E+03));
#3941 = DIRECTION('',(0.,0.,1.));
#3942 = DIRECTION('',(-1.,0.,0.));
#3943 = ADVANCED_FACE('',(#3944,#3947),#3958,.F.);
#3944 = FACE_BOUND('',#3945,.F.);
#3945 = EDGE_LOOP('',(#3946));
#3946 = ORIENTED_EDGE('',*,*,#3932,.F.);
#3947 = FACE_BOUND('',#3948,.F.);
#3948 = EDGE_LOOP('',(#3949));
#3949 = ORIENTED_EDGE('',*,*,#3950,.T.);
#3950 = EDGE_CURVE('',#3951,#3951,#3953,.T.);
#3951 = VERTEX_POINT('',#3952);
#3952 = CARTESIAN_POINT('',(-222.86,2.5E+03,2.4E+03));
#3953 = CIRCLE('',#3954,105.79);
#3954 = AXIS2_PLACEMENT_3D('',#3955,#3956,#3957);
#3955 = CARTESIAN_POINT('',(-328.65,2.5E+03,2.4E+03));
#3956 = DIRECTION('',(0.,1.,-0.));
#3957 = DIRECTION('',(-1.,0.,0.));
#3958 = PLANE('',#3959);
#3959 = AXIS2_PLACEMENT_3D('',#3960,#3961,#3962);
#3960 = CARTESIAN_POINT('',(-328.65,2.5E+03,2.4E+03));
#3961 = DIRECTION('',(-0.,-1.,-0.));
#3962 = DIRECTION('',(0.,0.,-1.));
#3963 = ADVANCED_FACE('',(#3964,#3967),#3978,.T.);
#3964 = FACE_BOUND('',#3965,.T.);
#3965 = EDGE_LOOP('',(#3966));
#3966 = ORIENTED_EDGE('',*,*,#3924,.F.);
#3967 = FACE_BOUND('',#3968,.T.);
#3968 = EDGE_LOOP('',(#3969));
#3969 = ORIENTED_EDGE('',*,*,#3970,.T.);
#3970 = EDGE_CURVE('',#3971,#3971,#3973,.T.);
#3971 = VERTEX_POINT('',#3972);
#3972 = CARTESIAN_POINT('',(-9.022462631541E-16,2.27714E+03,2.4E+03));
#3973 = CIRCLE('',#3974,105.79);
#3974 = AXIS2_PLACEMENT_3D('',#3975,#3976,#3977);
#3975 = CARTESIAN_POINT('',(-2.102625479014E-14,2.17135E+03,2.4E+03));
#3976 = DIRECTION('',(-1.,6.123233995737E-17,0.));
#3977 = DIRECTION('',(-6.123233995737E-17,-1.,0.));
#3978 = PLANE('',#3979);
#3979 = AXIS2_PLACEMENT_3D('',#3980,#3981,#3982);
#3980 = CARTESIAN_POINT('',(-2.102625479014E-14,2.17135E+03,2.4E+03));
#3981 = DIRECTION('',(1.,0.,0.));
#3982 = DIRECTION('',(0.,0.,1.));
#3983 = ADVANCED_FACE('',(#3984),#3996,.F.);
#3984 = FACE_BOUND('',#3985,.F.);
#3985 = EDGE_LOOP('',(#3986,#3993,#3994,#3995));
#3986 = ORIENTED_EDGE('',*,*,#3987,.T.);
#3987 = EDGE_CURVE('',#3951,#3971,#3988,.T.);
#3988 = CIRCLE('',#3989,222.86);
#3989 = AXIS2_PLACEMENT_3D('',#3990,#3991,#3992);
#3990 = CARTESIAN_POINT('',(-9.022462631541E-16,2.5E+03,2.4E+03));
#3991 = DIRECTION('',(0.,0.,1.));
#3992 = DIRECTION('',(-1.,0.,0.));
#3993 = ORIENTED_EDGE('',*,*,#3970,.T.);
#3994 = ORIENTED_EDGE('',*,*,#3987,.F.);
#3995 = ORIENTED_EDGE('',*,*,#3950,.F.);
#3996 = TOROIDAL_SURFACE('',#3997,328.65,105.79);
#3997 = AXIS2_PLACEMENT_3D('',#3998,#3999,#4000);
#3998 = CARTESIAN_POINT('',(-9.022462631541E-16,2.5E+03,2.4E+03));
#3999 = DIRECTION('',(0.,0.,1.));
#4000 = DIRECTION('',(-1.,0.,0.));
#4001 = MANIFOLD_SOLID_BREP('',#4002);
#4002 = CLOSED_SHELL('',(#4003,#4036,#4056,#4076));
#4003 = ADVANCED_FACE('',(#4004),#4031,.T.);
#4004 = FACE_BOUND('',#4005,.T.);
#4005 = EDGE_LOOP('',(#4006,#4015,#4023,#4030));
#4006 = ORIENTED_EDGE('',*,*,#4007,.F.);
#4007 = EDGE_CURVE('',#4008,#4008,#4010,.T.);
#4008 = VERTEX_POINT('',#4009);
#4009 = CARTESIAN_POINT('',(-109.55,2.5E+03,1.578375E+03));
#4010 = CIRCLE('',#4011,109.55);
#4011 = AXIS2_PLACEMENT_3D('',#4012,#4013,#4014);
#4012 = CARTESIAN_POINT('',(0.,2.5E+03,1.578375E+03));
#4013 = DIRECTION('',(0.,0.,-1.));
#4014 = DIRECTION('',(-1.,0.,0.));
#4015 = ORIENTED_EDGE('',*,*,#4016,.F.);
#4016 = EDGE_CURVE('',#4017,#4008,#4019,.T.);
#4017 = VERTEX_POINT('',#4018);
#4018 = CARTESIAN_POINT('',(-109.55,2.5E+03,2.4E+03));
#4019 = LINE('',#4020,#4021);
#4020 = CARTESIAN_POINT('',(-109.55,2.5E+03,2.4E+03));
#4021 = VECTOR('',#4022,1.);
#4022 = DIRECTION('',(0.,0.,-1.));
#4023 = ORIENTED_EDGE('',*,*,#4024,.T.);
#4024 = EDGE_CURVE('',#4017,#4017,#4025,.T.);
#4025 = CIRCLE('',#4026,109.55);
#4026 = AXIS2_PLACEMENT_3D('',#4027,#4028,#4029);
#4027 = CARTESIAN_POINT('',(0.,2.5E+03,2.4E+03));
#4028 = DIRECTION('',(0.,0.,-1.));
#4029 = DIRECTION('',(-1.,0.,0.));
#4030 = ORIENTED_EDGE('',*,*,#4016,.T.);
#4031 = CYLINDRICAL_SURFACE('',#4032,109.55);
#4032 = AXIS2_PLACEMENT_3D('',#4033,#4034,#4035);
#4033 = CARTESIAN_POINT('',(0.,2.5E+03,2.4E+03));
#4034 = DIRECTION('',(0.,0.,-1.));
#4035 = DIRECTION('',(-1.,0.,0.));
#4036 = ADVANCED_FACE('',(#4037,#4040),#4051,.T.);
#4037 = FACE_BOUND('',#4038,.T.);
#4038 = EDGE_LOOP('',(#4039));
#4039 = ORIENTED_EDGE('',*,*,#4007,.T.);
#4040 = FACE_BOUND('',#4041,.T.);
#4041 = EDGE_LOOP('',(#4042));
#4042 = ORIENTED_EDGE('',*,*,#4043,.F.);
#4043 = EDGE_CURVE('',#4044,#4044,#4046,.T.);
#4044 = VERTEX_POINT('',#4045);
#4045 = CARTESIAN_POINT('',(-105.79,2.5E+03,1.578375E+03));
#4046 = CIRCLE('',#4047,105.79);
#4047 = AXIS2_PLACEMENT_3D('',#4048,#4049,#4050);
#4048 = CARTESIAN_POINT('',(0.,2.5E+03,1.578375E+03));
#4049 = DIRECTION('',(0.,0.,-1.));
#4050 = DIRECTION('',(-1.,0.,0.));
#4051 = PLANE('',#4052);
#4052 = AXIS2_PLACEMENT_3D('',#4053,#4054,#4055);
#4053 = CARTESIAN_POINT('',(0.,2.5E+03,1.578375E+03));
#4054 = DIRECTION('',(0.,0.,-1.));
#4055 = DIRECTION('',(-1.,0.,0.));
#4056 = ADVANCED_FACE('',(#4057,#4060),#4071,.F.);
#4057 = FACE_BOUND('',#4058,.F.);
#4058 = EDGE_LOOP('',(#4059));
#4059 = ORIENTED_EDGE('',*,*,#4024,.T.);
#4060 = FACE_BOUND('',#4061,.F.);
#4061 = EDGE_LOOP('',(#4062));
#4062 = ORIENTED_EDGE('',*,*,#4063,.F.);
#4063 = EDGE_CURVE('',#4064,#4064,#4066,.T.);
#4064 = VERTEX_POINT('',#4065);
#4065 = CARTESIAN_POINT('',(-105.79,2.5E+03,2.4E+03));
#4066 = CIRCLE('',#4067,105.79);
#4067 = AXIS2_PLACEMENT_3D('',#4068,#4069,#4070);
#4068 = CARTESIAN_POINT('',(0.,2.5E+03,2.4E+03));
#4069 = DIRECTION('',(0.,0.,-1.));
#4070 = DIRECTION('',(-1.,0.,0.));
#4071 = PLANE('',#4072);
#4072 = AXIS2_PLACEMENT_3D('',#4073,#4074,#4075);
#4073 = CARTESIAN_POINT('',(0.,2.5E+03,2.4E+03));
#4074 = DIRECTION('',(0.,0.,-1.));
#4075 = DIRECTION('',(-1.,0.,0.));
#4076 = ADVANCED_FACE('',(#4077),#4088,.F.);
#4077 = FACE_BOUND('',#4078,.F.);
#4078 = EDGE_LOOP('',(#4079,#4080,#4086,#4087));
#4079 = ORIENTED_EDGE('',*,*,#4043,.F.);
#4080 = ORIENTED_EDGE('',*,*,#4081,.F.);
#4081 = EDGE_CURVE('',#4064,#4044,#4082,.T.);
#4082 = LINE('',#4083,#4084);
#4083 = CARTESIAN_POINT('',(-105.79,2.5E+03,2.4E+03));
#4084 = VECTOR('',#4085,1.);
#4085 = DIRECTION('',(0.,0.,-1.));
#4086 = ORIENTED_EDGE('',*,*,#4063,.T.);
#4087 = ORIENTED_EDGE('',*,*,#4081,.T.);
#4088 = CYLINDRICAL_SURFACE('',#4089,105.79);
#4089 = AXIS2_PLACEMENT_3D('',#4090,#4091,#4092);
#4090 = CARTESIAN_POINT('',(0.,2.5E+03,2.4E+03));
#4091 = DIRECTION('',(0.,0.,-1.));
#4092 = DIRECTION('',(-1.,0.,0.));
#4093 = MANIFOLD_SOLID_BREP('',#4094);
#4094 = CLOSED_SHELL('',(#4095,#4129,#4149,#4169));
#4095 = ADVANCED_FACE('',(#4096),#4124,.T.);
#4096 = FACE_BOUND('',#4097,.T.);
#4097 = EDGE_LOOP('',(#4098,#4109,#4116,#4117));
#4098 = ORIENTED_EDGE('',*,*,#4099,.T.);
#4099 = EDGE_CURVE('',#4100,#4102,#4104,.T.);
#4100 = VERTEX_POINT('',#4101);
#4101 = CARTESIAN_POINT('',(109.55,2.5E+03,1.578375E+03));
#4102 = VERTEX_POINT('',#4103);
#4103 = CARTESIAN_POINT('',(328.65,2.5E+03,1.359275E+03));
#4104 = CIRCLE('',#4105,219.1);
#4105 = AXIS2_PLACEMENT_3D('',#4106,#4107,#4108);
#4106 = CARTESIAN_POINT('',(328.65,2.5E+03,1.578375E+03));
#4107 = DIRECTION('',(-0.,-1.,-0.));
#4108 = DIRECTION('',(-1.,0.,0.));
#4109 = ORIENTED_EDGE('',*,*,#4110,.T.);
#4110 = EDGE_CURVE('',#4102,#4102,#4111,.T.);
#4111 = CIRCLE('',#4112,109.55);
#4112 = AXIS2_PLACEMENT_3D('',#4113,#4114,#4115);
#4113 = CARTESIAN_POINT('',(328.65,2.5E+03,1.249725E+03));
#4114 = DIRECTION('',(-1.,0.,2.832769448824E-16));
#4115 = DIRECTION('',(-2.832769448824E-16,0.,-1.));
#4116 = ORIENTED_EDGE('',*,*,#4099,.F.);
#4117 = ORIENTED_EDGE('',*,*,#4118,.F.);
#4118 = EDGE_CURVE('',#4100,#4100,#4119,.T.);
#4119 = CIRCLE('',#4120,109.55);
#4120 = AXIS2_PLACEMENT_3D('',#4121,#4122,#4123);
#4121 = CARTESIAN_POINT('',(0.,2.5E+03,1.578375E+03));
#4122 = DIRECTION('',(0.,0.,1.));
#4123 = DIRECTION('',(-1.,0.,0.));
#4124 = TOROIDAL_SURFACE('',#4125,328.65,109.55);
#4125 = AXIS2_PLACEMENT_3D('',#4126,#4127,#4128);
#4126 = CARTESIAN_POINT('',(328.65,2.5E+03,1.578375E+03));
#4127 = DIRECTION('',(-0.,-1.,-0.));
#4128 = DIRECTION('',(-1.,0.,0.));
#4129 = ADVANCED_FACE('',(#4130,#4133),#4144,.F.);
#4130 = FACE_BOUND('',#4131,.F.);
#4131 = EDGE_LOOP('',(#4132));
#4132 = ORIENTED_EDGE('',*,*,#4118,.F.);
#4133 = FACE_BOUND('',#4134,.F.);
#4134 = EDGE_LOOP('',(#4135));
#4135 = ORIENTED_EDGE('',*,*,#4136,.T.);
#4136 = EDGE_CURVE('',#4137,#4137,#4139,.T.);
#4137 = VERTEX_POINT('',#4138);
#4138 = CARTESIAN_POINT('',(105.79,2.5E+03,1.578375E+03));
#4139 = CIRCLE('',#4140,105.79);
#4140 = AXIS2_PLACEMENT_3D('',#4141,#4142,#4143);
#4141 = CARTESIAN_POINT('',(0.,2.5E+03,1.578375E+03));
#4142 = DIRECTION('',(0.,0.,1.));
#4143 = DIRECTION('',(-1.,0.,0.));
#4144 = PLANE('',#4145);
#4145 = AXIS2_PLACEMENT_3D('',#4146,#4147,#4148);
#4146 = CARTESIAN_POINT('',(-1.856060298054E-14,2.5E+03,1.578375E+03));
#4147 = DIRECTION('',(-0.,-0.,-1.));
#4148 = DIRECTION('',(-1.,0.,0.));
#4149 = ADVANCED_FACE('',(#4150,#4153),#4164,.T.);
#4150 = FACE_BOUND('',#4151,.T.);
#4151 = EDGE_LOOP('',(#4152));
#4152 = ORIENTED_EDGE('',*,*,#4110,.F.);
#4153 = FACE_BOUND('',#4154,.T.);
#4154 = EDGE_LOOP('',(#4155));
#4155 = ORIENTED_EDGE('',*,*,#4156,.T.);
#4156 = EDGE_CURVE('',#4157,#4157,#4159,.T.);
#4157 = VERTEX_POINT('',#4158);
#4158 = CARTESIAN_POINT('',(328.65,2.5E+03,1.355515E+03));
#4159 = CIRCLE('',#4160,105.79);
#4160 = AXIS2_PLACEMENT_3D('',#4161,#4162,#4163);
#4161 = CARTESIAN_POINT('',(328.65,2.5E+03,1.249725E+03));
#4162 = DIRECTION('',(-1.,0.,2.832769448824E-16));
#4163 = DIRECTION('',(-2.832769448824E-16,0.,-1.));
#4164 = PLANE('',#4165);
#4165 = AXIS2_PLACEMENT_3D('',#4166,#4167,#4168);
#4166 = CARTESIAN_POINT('',(328.65,2.5E+03,1.249725E+03));
#4167 = DIRECTION('',(1.,0.,-3.459206989856E-16));
#4168 = DIRECTION('',(3.459206989856E-16,0.,1.));
#4169 = ADVANCED_FACE('',(#4170),#4182,.F.);
#4170 = FACE_BOUND('',#4171,.F.);
#4171 = EDGE_LOOP('',(#4172,#4179,#4180,#4181));
#4172 = ORIENTED_EDGE('',*,*,#4173,.T.);
#4173 = EDGE_CURVE('',#4137,#4157,#4174,.T.);
#4174 = CIRCLE('',#4175,222.86);
#4175 = AXIS2_PLACEMENT_3D('',#4176,#4177,#4178);
#4176 = CARTESIAN_POINT('',(328.65,2.5E+03,1.578375E+03));
#4177 = DIRECTION('',(-0.,-1.,-0.));
#4178 = DIRECTION('',(-1.,0.,0.));
#4179 = ORIENTED_EDGE('',*,*,#4156,.T.);
#4180 = ORIENTED_EDGE('',*,*,#4173,.F.);
#4181 = ORIENTED_EDGE('',*,*,#4136,.F.);
#4182 = TOROIDAL_SURFACE('',#4183,328.65,105.79);
#4183 = AXIS2_PLACEMENT_3D('',#4184,#4185,#4186);
#4184 = CARTESIAN_POINT('',(328.65,2.5E+03,1.578375E+03));
#4185 = DIRECTION('',(-0.,-1.,-0.));
#4186 = DIRECTION('',(-1.,0.,0.));
#4187 = MANIFOLD_SOLID_BREP('',#4188);
#4188 = CLOSED_SHELL('',(#4189,#4222,#4242,#4262));
#4189 = ADVANCED_FACE('',(#4190),#4217,.T.);
#4190 = FACE_BOUND('',#4191,.T.);
#4191 = EDGE_LOOP('',(#4192,#4201,#4209,#4216));
#4192 = ORIENTED_EDGE('',*,*,#4193,.F.);
#4193 = EDGE_CURVE('',#4194,#4194,#4196,.T.);
#4194 = VERTEX_POINT('',#4195);
#4195 = CARTESIAN_POINT('',(1.150275E+03,2.5E+03,1.359275E+03));
#4196 = CIRCLE('',#4197,109.55);
#4197 = AXIS2_PLACEMENT_3D('',#4198,#4199,#4200);
#4198 = CARTESIAN_POINT('',(1.150275E+03,2.5E+03,1.249725E+03));
#4199 = DIRECTION('',(1.,0.,-0.));
#4200 = DIRECTION('',(0.,0.,1.));
#4201 = ORIENTED_EDGE('',*,*,#4202,.F.);
#4202 = EDGE_CURVE('',#4203,#4194,#4205,.T.);
#4203 = VERTEX_POINT('',#4204);
#4204 = CARTESIAN_POINT('',(328.65,2.5E+03,1.359275E+03));
#4205 = LINE('',#4206,#4207);
#4206 = CARTESIAN_POINT('',(328.65,2.5E+03,1.359275E+03));
#4207 = VECTOR('',#4208,1.);
#4208 = DIRECTION('',(1.,0.,0.));
#4209 = ORIENTED_EDGE('',*,*,#4210,.T.);
#4210 = EDGE_CURVE('',#4203,#4203,#4211,.T.);
#4211 = CIRCLE('',#4212,109.55);
#4212 = AXIS2_PLACEMENT_3D('',#4213,#4214,#4215);
#4213 = CARTESIAN_POINT('',(328.65,2.5E+03,1.249725E+03));
#4214 = DIRECTION('',(1.,0.,-0.));
#4215 = DIRECTION('',(0.,0.,1.));
#4216 = ORIENTED_EDGE('',*,*,#4202,.T.);
#4217 = CYLINDRICAL_SURFACE('',#4218,109.55);
#4218 = AXIS2_PLACEMENT_3D('',#4219,#4220,#4221);
#4219 = CARTESIAN_POINT('',(328.65,2.5E+03,1.249725E+03));
#4220 = DIRECTION('',(1.,0.,0.));
#4221 = DIRECTION('',(0.,0.,1.));
#4222 = ADVANCED_FACE('',(#4223,#4226),#4237,.T.);
#4223 = FACE_BOUND('',#4224,.T.);
#4224 = EDGE_LOOP('',(#4225));
#4225 = ORIENTED_EDGE('',*,*,#4193,.T.);
#4226 = FACE_BOUND('',#4227,.T.);
#4227 = EDGE_LOOP('',(#4228));
#4228 = ORIENTED_EDGE('',*,*,#4229,.F.);
#4229 = EDGE_CURVE('',#4230,#4230,#4232,.T.);
#4230 = VERTEX_POINT('',#4231);
#4231 = CARTESIAN_POINT('',(1.150275E+03,2.5E+03,1.355515E+03));
#4232 = CIRCLE('',#4233,105.79);
#4233 = AXIS2_PLACEMENT_3D('',#4234,#4235,#4236);
#4234 = CARTESIAN_POINT('',(1.150275E+03,2.5E+03,1.249725E+03));
#4235 = DIRECTION('',(1.,0.,-0.));
#4236 = DIRECTION('',(0.,0.,1.));
#4237 = PLANE('',#4238);
#4238 = AXIS2_PLACEMENT_3D('',#4239,#4240,#4241);
#4239 = CARTESIAN_POINT('',(1.150275E+03,2.5E+03,1.249725E+03));
#4240 = DIRECTION('',(1.,0.,0.));
#4241 = DIRECTION('',(0.,0.,1.));
#4242 = ADVANCED_FACE('',(#4243,#4246),#4257,.F.);
#4243 = FACE_BOUND('',#4244,.F.);
#4244 = EDGE_LOOP('',(#4245));
#4245 = ORIENTED_EDGE('',*,*,#4210,.T.);
#4246 = FACE_BOUND('',#4247,.F.);
#4247 = EDGE_LOOP('',(#4248));
#4248 = ORIENTED_EDGE('',*,*,#4249,.F.);
#4249 = EDGE_CURVE('',#4250,#4250,#4252,.T.);
#4250 = VERTEX_POINT('',#4251);
#4251 = CARTESIAN_POINT('',(328.65,2.5E+03,1.355515E+03));
#4252 = CIRCLE('',#4253,105.79);
#4253 = AXIS2_PLACEMENT_3D('',#4254,#4255,#4256);
#4254 = CARTESIAN_POINT('',(328.65,2.5E+03,1.249725E+03));
#4255 = DIRECTION('',(1.,0.,-0.));
#4256 = DIRECTION('',(0.,0.,1.));
#4257 = PLANE('',#4258);
#4258 = AXIS2_PLACEMENT_3D('',#4259,#4260,#4261);
#4259 = CARTESIAN_POINT('',(328.65,2.5E+03,1.249725E+03));
#4260 = DIRECTION('',(1.,0.,0.));
#4261 = DIRECTION('',(0.,0.,1.));
#4262 = ADVANCED_FACE('',(#4263),#4274,.F.);
#4263 = FACE_BOUND('',#4264,.F.);
#4264 = EDGE_LOOP('',(#4265,#4266,#4272,#4273));
#4265 = ORIENTED_EDGE('',*,*,#4229,.F.);
#4266 = ORIENTED_EDGE('',*,*,#4267,.F.);
#4267 = EDGE_CURVE('',#4250,#4230,#4268,.T.);
#4268 = LINE('',#4269,#4270);
#4269 = CARTESIAN_POINT('',(328.65,2.5E+03,1.355515E+03));
#4270 = VECTOR('',#4271,1.);
#4271 = DIRECTION('',(1.,0.,0.));
#4272 = ORIENTED_EDGE('',*,*,#4249,.T.);
#4273 = ORIENTED_EDGE('',*,*,#4267,.T.);
#4274 = CYLINDRICAL_SURFACE('',#4275,105.79);
#4275 = AXIS2_PLACEMENT_3D('',#4276,#4277,#4278);
#4276 = CARTESIAN_POINT('',(328.65,2.5E+03,1.249725E+03));
#4277 = DIRECTION('',(1.,0.,0.));
#4278 = DIRECTION('',(0.,0.,1.));
#4279 = MANIFOLD_SOLID_BREP('',#4280);
#4280 = CLOSED_SHELL('',(#4281,#4315,#4335,#4355));
#4281 = ADVANCED_FACE('',(#4282),#4310,.T.);
#4282 = FACE_BOUND('',#4283,.T.);
#4283 = EDGE_LOOP('',(#4284,#4295,#4302,#4303));
#4284 = ORIENTED_EDGE('',*,*,#4285,.T.);
#4285 = EDGE_CURVE('',#4286,#4288,#4290,.T.);
#4286 = VERTEX_POINT('',#4287);
#4287 = CARTESIAN_POINT('',(1.150275E+03,2.60955E+03,1.249725E+03));
#4288 = VERTEX_POINT('',#4289);
#4289 = CARTESIAN_POINT('',(1.478925E+03,2.60955E+03,1.578375E+03));
#4290 = CIRCLE('',#4291,328.65);
#4291 = AXIS2_PLACEMENT_3D('',#4292,#4293,#4294);
#4292 = CARTESIAN_POINT('',(1.150275E+03,2.60955E+03,1.578375E+03));
#4293 = DIRECTION('',(0.,-1.,0.));
#4294 = DIRECTION('',(0.,0.,-1.));
#4295 = ORIENTED_EDGE('',*,*,#4296,.T.);
#4296 = EDGE_CURVE('',#4288,#4288,#4297,.T.);
#4297 = CIRCLE('',#4298,109.55);
#4298 = AXIS2_PLACEMENT_3D('',#4299,#4300,#4301);
#4299 = CARTESIAN_POINT('',(1.478925E+03,2.5E+03,1.578375E+03));
#4300 = DIRECTION('',(-6.123233995737E-17,-0.,-1.));
#4301 = DIRECTION('',(1.,0.,-6.123233995737E-17));
#4302 = ORIENTED_EDGE('',*,*,#4285,.F.);
#4303 = ORIENTED_EDGE('',*,*,#4304,.F.);
#4304 = EDGE_CURVE('',#4286,#4286,#4305,.T.);
#4305 = CIRCLE('',#4306,109.55);
#4306 = AXIS2_PLACEMENT_3D('',#4307,#4308,#4309);
#4307 = CARTESIAN_POINT('',(1.150275E+03,2.5E+03,1.249725E+03));
#4308 = DIRECTION('',(-1.,-0.,-0.));
#4309 = DIRECTION('',(0.,0.,-1.));
#4310 = TOROIDAL_SURFACE('',#4311,328.65,109.55);
#4311 = AXIS2_PLACEMENT_3D('',#4312,#4313,#4314);
#4312 = CARTESIAN_POINT('',(1.150275E+03,2.5E+03,1.578375E+03));
#4313 = DIRECTION('',(0.,-1.,0.));
#4314 = DIRECTION('',(0.,0.,-1.));
#4315 = ADVANCED_FACE('',(#4316,#4319),#4330,.F.);
#4316 = FACE_BOUND('',#4317,.F.);
#4317 = EDGE_LOOP('',(#4318));
#4318 = ORIENTED_EDGE('',*,*,#4304,.F.);
#4319 = FACE_BOUND('',#4320,.F.);
#4320 = EDGE_LOOP('',(#4321));
#4321 = ORIENTED_EDGE('',*,*,#4322,.T.);
#4322 = EDGE_CURVE('',#4323,#4323,#4325,.T.);
#4323 = VERTEX_POINT('',#4324);
#4324 = CARTESIAN_POINT('',(1.150275E+03,2.60579E+03,1.249725E+03));
#4325 = CIRCLE('',#4326,105.79);
#4326 = AXIS2_PLACEMENT_3D('',#4327,#4328,#4329);
#4327 = CARTESIAN_POINT('',(1.150275E+03,2.5E+03,1.249725E+03));
#4328 = DIRECTION('',(-1.,-0.,-0.));
#4329 = DIRECTION('',(0.,0.,-1.));
#4330 = PLANE('',#4331);
#4331 = AXIS2_PLACEMENT_3D('',#4332,#4333,#4334);
#4332 = CARTESIAN_POINT('',(1.150275E+03,2.5E+03,1.249725E+03));
#4333 = DIRECTION('',(1.,0.,0.));
#4334 = DIRECTION('',(0.,0.,1.));
#4335 = ADVANCED_FACE('',(#4336,#4339),#4350,.T.);
#4336 = FACE_BOUND('',#4337,.T.);
#4337 = EDGE_LOOP('',(#4338));
#4338 = ORIENTED_EDGE('',*,*,#4296,.F.);
#4339 = FACE_BOUND('',#4340,.T.);
#4340 = EDGE_LOOP('',(#4341));
#4341 = ORIENTED_EDGE('',*,*,#4342,.T.);
#4342 = EDGE_CURVE('',#4343,#4343,#4345,.T.);
#4343 = VERTEX_POINT('',#4344);
#4344 = CARTESIAN_POINT('',(1.478925E+03,2.60579E+03,1.578375E+03));
#4345 = CIRCLE('',#4346,105.79);
#4346 = AXIS2_PLACEMENT_3D('',#4347,#4348,#4349);
#4347 = CARTESIAN_POINT('',(1.478925E+03,2.5E+03,1.578375E+03));
#4348 = DIRECTION('',(-6.123233995737E-17,-0.,-1.));
#4349 = DIRECTION('',(1.,0.,-6.123233995737E-17));
#4350 = PLANE('',#4351);
#4351 = AXIS2_PLACEMENT_3D('',#4352,#4353,#4354);
#4352 = CARTESIAN_POINT('',(1.478925E+03,2.5E+03,1.578375E+03));
#4353 = DIRECTION('',(0.,0.,1.));
#4354 = DIRECTION('',(1.,0.,0.));
#4355 = ADVANCED_FACE('',(#4356),#4368,.F.);
#4356 = FACE_BOUND('',#4357,.F.);
#4357 = EDGE_LOOP('',(#4358,#4365,#4366,#4367));
#4358 = ORIENTED_EDGE('',*,*,#4359,.T.);
#4359 = EDGE_CURVE('',#4323,#4343,#4360,.T.);
#4360 = CIRCLE('',#4361,328.65);
#4361 = AXIS2_PLACEMENT_3D('',#4362,#4363,#4364);
#4362 = CARTESIAN_POINT('',(1.150275E+03,2.60579E+03,1.578375E+03));
#4363 = DIRECTION('',(0.,-1.,0.));
#4364 = DIRECTION('',(0.,0.,-1.));
#4365 = ORIENTED_EDGE('',*,*,#4342,.T.);
#4366 = ORIENTED_EDGE('',*,*,#4359,.F.);
#4367 = ORIENTED_EDGE('',*,*,#4322,.F.);
#4368 = TOROIDAL_SURFACE('',#4369,328.65,105.79);
#4369 = AXIS2_PLACEMENT_3D('',#4370,#4371,#4372);
#4370 = CARTESIAN_POINT('',(1.150275E+03,2.5E+03,1.578375E+03));
#4371 = DIRECTION('',(0.,-1.,0.));
#4372 = DIRECTION('',(0.,0.,-1.));
#4373 = MANIFOLD_SOLID_BREP('',#4374);
#4374 = CLOSED_SHELL('',(#4375,#4409,#4429,#4449));
#4375 = ADVANCED_FACE('',(#4376),#4404,.T.);
#4376 = FACE_BOUND('',#4377,.T.);
#4377 = EDGE_LOOP('',(#4378,#4389,#4396,#4397));
#4378 = ORIENTED_EDGE('',*,*,#4379,.T.);
#4379 = EDGE_CURVE('',#4380,#4382,#4384,.T.);
#4380 = VERTEX_POINT('',#4381);
#4381 = CARTESIAN_POINT('',(1.588475E+03,2.5E+03,1.578375E+03));
#4382 = VERTEX_POINT('',#4383);
#4383 = CARTESIAN_POINT('',(1.807575E+03,2.5E+03,1.797475E+03));
#4384 = CIRCLE('',#4385,219.1);
#4385 = AXIS2_PLACEMENT_3D('',#4386,#4387,#4388);
#4386 = CARTESIAN_POINT('',(1.807575E+03,2.5E+03,1.578375E+03));
#4387 = DIRECTION('',(0.,1.,-0.));
#4388 = DIRECTION('',(-1.,0.,0.));
#4389 = ORIENTED_EDGE('',*,*,#4390,.T.);
#4390 = EDGE_CURVE('',#4382,#4382,#4391,.T.);
#4391 = CIRCLE('',#4392,109.55);
#4392 = AXIS2_PLACEMENT_3D('',#4393,#4394,#4395);
#4393 = CARTESIAN_POINT('',(1.807575E+03,2.5E+03,1.907025E+03));
#4394 = DIRECTION('',(-1.,0.,-6.123233995737E-17));
#4395 = DIRECTION('',(-6.123233995737E-17,0.,1.));
#4396 = ORIENTED_EDGE('',*,*,#4379,.F.);
#4397 = ORIENTED_EDGE('',*,*,#4398,.F.);
#4398 = EDGE_CURVE('',#4380,#4380,#4399,.T.);
#4399 = CIRCLE('',#4400,109.55);
#4400 = AXIS2_PLACEMENT_3D('',#4401,#4402,#4403);
#4401 = CARTESIAN_POINT('',(1.478925E+03,2.5E+03,1.578375E+03));
#4402 = DIRECTION('',(0.,0.,-1.));
#4403 = DIRECTION('',(-1.,0.,0.));
#4404 = TOROIDAL_SURFACE('',#4405,328.65,109.55);
#4405 = AXIS2_PLACEMENT_3D('',#4406,#4407,#4408);
#4406 = CARTESIAN_POINT('',(1.807575E+03,2.5E+03,1.578375E+03));
#4407 = DIRECTION('',(0.,1.,0.));
#4408 = DIRECTION('',(-1.,0.,0.));
#4409 = ADVANCED_FACE('',(#4410,#4413),#4424,.F.);
#4410 = FACE_BOUND('',#4411,.F.);
#4411 = EDGE_LOOP('',(#4412));
#4412 = ORIENTED_EDGE('',*,*,#4398,.F.);
#4413 = FACE_BOUND('',#4414,.F.);
#4414 = EDGE_LOOP('',(#4415));
#4415 = ORIENTED_EDGE('',*,*,#4416,.T.);
#4416 = EDGE_CURVE('',#4417,#4417,#4419,.T.);
#4417 = VERTEX_POINT('',#4418);
#4418 = CARTESIAN_POINT('',(1.584715E+03,2.5E+03,1.578375E+03));
#4419 = CIRCLE('',#4420,105.79);
#4420 = AXIS2_PLACEMENT_3D('',#4421,#4422,#4423);
#4421 = CARTESIAN_POINT('',(1.478925E+03,2.5E+03,1.578375E+03));
#4422 = DIRECTION('',(0.,0.,-1.));
#4423 = DIRECTION('',(-1.,0.,0.));
#4424 = PLANE('',#4425);
#4425 = AXIS2_PLACEMENT_3D('',#4426,#4427,#4428);
#4426 = CARTESIAN_POINT('',(1.478925E+03,2.5E+03,1.578375E+03));
#4427 = DIRECTION('',(0.,0.,1.));
#4428 = DIRECTION('',(1.,0.,0.));
#4429 = ADVANCED_FACE('',(#4430,#4433),#4444,.T.);
#4430 = FACE_BOUND('',#4431,.T.);
#4431 = EDGE_LOOP('',(#4432));
#4432 = ORIENTED_EDGE('',*,*,#4390,.F.);
#4433 = FACE_BOUND('',#4434,.T.);
#4434 = EDGE_LOOP('',(#4435));
#4435 = ORIENTED_EDGE('',*,*,#4436,.T.);
#4436 = EDGE_CURVE('',#4437,#4437,#4439,.T.);
#4437 = VERTEX_POINT('',#4438);
#4438 = CARTESIAN_POINT('',(1.807575E+03,2.5E+03,1.801235E+03));
#4439 = CIRCLE('',#4440,105.79);
#4440 = AXIS2_PLACEMENT_3D('',#4441,#4442,#4443);
#4441 = CARTESIAN_POINT('',(1.807575E+03,2.5E+03,1.907025E+03));
#4442 = DIRECTION('',(-1.,0.,-6.123233995737E-17));
#4443 = DIRECTION('',(-6.123233995737E-17,0.,1.));
#4444 = PLANE('',#4445);
#4445 = AXIS2_PLACEMENT_3D('',#4446,#4447,#4448);
#4446 = CARTESIAN_POINT('',(1.807575E+03,2.5E+03,1.907025E+03));
#4447 = DIRECTION('',(1.,0.,0.));
#4448 = DIRECTION('',(0.,0.,1.));
#4449 = ADVANCED_FACE('',(#4450),#4462,.F.);
#4450 = FACE_BOUND('',#4451,.F.);
#4451 = EDGE_LOOP('',(#4452,#4459,#4460,#4461));
#4452 = ORIENTED_EDGE('',*,*,#4453,.T.);
#4453 = EDGE_CURVE('',#4417,#4437,#4454,.T.);
#4454 = CIRCLE('',#4455,222.86);
#4455 = AXIS2_PLACEMENT_3D('',#4456,#4457,#4458);
#4456 = CARTESIAN_POINT('',(1.807575E+03,2.5E+03,1.578375E+03));
#4457 = DIRECTION('',(0.,1.,-0.));
#4458 = DIRECTION('',(-1.,0.,0.));
#4459 = ORIENTED_EDGE('',*,*,#4436,.T.);
#4460 = ORIENTED_EDGE('',*,*,#4453,.F.);
#4461 = ORIENTED_EDGE('',*,*,#4416,.F.);
#4462 = TOROIDAL_SURFACE('',#4463,328.65,105.79);
#4463 = AXIS2_PLACEMENT_3D('',#4464,#4465,#4466);
#4464 = CARTESIAN_POINT('',(1.807575E+03,2.5E+03,1.578375E+03));
#4465 = DIRECTION('',(0.,1.,0.));
#4466 = DIRECTION('',(-1.,0.,0.));
#4467 = ( GEOMETRIC_REPRESENTATION_CONTEXT(3) 
GLOBAL_UNCERTAINTY_ASSIGNED_CONTEXT((#4471)) 
GLOBAL_UNIT_ASSIGNED_CONTEXT((#4468,#4469,#4470)) REPRESENTATION_CONTEXT
('Context #1','3D Context with UNIT and UNCERTAINTY') );
#4468 = ( LENGTH_UNIT() NAMED_UNIT(*) SI_UNIT(.MILLI.,.METRE.) );
#4469 = ( NAMED_UNIT(*) PLANE_ANGLE_UNIT() SI_UNIT($,.RADIAN.) );
#4470 = ( NAMED_UNIT(*) SI_UNIT($,.STERADIAN.) SOLID_ANGLE_UNIT() );
#4471 = UNCERTAINTY_MEASURE_WITH_UNIT(LENGTH_MEASURE(1.E-07),#4468,
  'distance_accuracy_value','confusion accuracy');
#4472 = PRODUCT_RELATED_PRODUCT_CATEGORY('part',$,(#7));
ENDSEC;
END-ISO-10303-21;
