ISO-10303-21;
HEADER;
FILE_DESCRIPTION(('FreeCAD Model'),'2;1');
FILE_NAME('Open CASCADE Shape Model','2026-08-19T00:33:30',('FreeCAD'),(
    'FreeCAD'),'Open CASCADE STEP processor 7.9','FreeCAD','Unknown');
FILE_SCHEMA(('AUTOMOTIVE_DESIGN { 1 0 10303 214 1 1 1 1 }'));
ENDSEC;
DATA;
#1 = APPLICATION_PROTOCOL_DEFINITION('international standard',
  'automotive_design',2000,#2);
#2 = APPLICATION_CONTEXT(
  'core data for automotive mechanical design processes');
#3 = SHAPE_DEFINITION_REPRESENTATION(#4,#10);
#4 = PRODUCT_DEFINITION_SHAPE('','',#5);
#5 = PRODUCT_DEFINITION('design','',#6,#9);
#6 = PRODUCT_DEFINITION_FORMATION('','',#7);
#7 = PRODUCT('Open CASCADE STEP translator 7.9 21',
  'Open CASCADE STEP translator 7.9 21','',(#8));
#8 = PRODUCT_CONTEXT('',#2,'mechanical');
#9 = PRODUCT_DEFINITION_CONTEXT('part definition',#2,'design');
#10 = SHAPE_REPRESENTATION('',(#11,#15,#68,#121,#271,#324,#377,#527,#580
    ,#730,#880,#1030,#1180,#1233,#1286,#1436,#1528,#1622,#1714,#1808,
    #1900,#1992,#2086,#2178,#2272,#2364,#2458,#2552,#2644,#2738),#2830);
#11 = AXIS2_PLACEMENT_3D('',#12,#13,#14);
#12 = CARTESIAN_POINT('',(0.,0.,0.));
#13 = DIRECTION('',(0.,0.,1.));
#14 = DIRECTION('',(1.,0.,-0.));
#15 = MANIFOLD_SOLID_BREP('',#16);
#16 = CLOSED_SHELL('',(#17,#50,#59));
#17 = ADVANCED_FACE('',(#18),#45,.T.);
#18 = FACE_BOUND('',#19,.F.);
#19 = EDGE_LOOP('',(#20,#30,#37,#38));
#20 = ORIENTED_EDGE('',*,*,#21,.T.);
#21 = EDGE_CURVE('',#22,#24,#26,.T.);
#22 = VERTEX_POINT('',#23);
#23 = CARTESIAN_POINT('',(200.,-4.898587196589E-14,300.));
#24 = VERTEX_POINT('',#25);
#25 = CARTESIAN_POINT('',(200.,-4.898587196589E-14,550.));
#26 = LINE('',#27,#28);
#27 = CARTESIAN_POINT('',(200.,-4.898587196589E-14,300.));
#28 = VECTOR('',#29,1.);
#29 = DIRECTION('',(0.,0.,1.));
#30 = ORIENTED_EDGE('',*,*,#31,.T.);
#31 = EDGE_CURVE('',#24,#24,#32,.T.);
#32 = CIRCLE('',#33,200.);
#33 = AXIS2_PLACEMENT_3D('',#34,#35,#36);
#34 = CARTESIAN_POINT('',(0.,0.,550.));
#35 = DIRECTION('',(0.,0.,1.));
#36 = DIRECTION('',(1.,0.,0.));
#37 = ORIENTED_EDGE('',*,*,#21,.F.);
#38 = ORIENTED_EDGE('',*,*,#39,.F.);
#39 = EDGE_CURVE('',#22,#22,#40,.T.);
#40 = CIRCLE('',#41,200.);
#41 = AXIS2_PLACEMENT_3D('',#42,#43,#44);
#42 = CARTESIAN_POINT('',(0.,0.,300.));
#43 = DIRECTION('',(0.,0.,1.));
#44 = DIRECTION('',(1.,0.,0.));
#45 = CYLINDRICAL_SURFACE('',#46,200.);
#46 = AXIS2_PLACEMENT_3D('',#47,#48,#49);
#47 = CARTESIAN_POINT('',(0.,0.,300.));
#48 = DIRECTION('',(-0.,-0.,-1.));
#49 = DIRECTION('',(1.,0.,0.));
#50 = ADVANCED_FACE('',(#51),#54,.F.);
#51 = FACE_BOUND('',#52,.T.);
#52 = EDGE_LOOP('',(#53));
#53 = ORIENTED_EDGE('',*,*,#39,.F.);
#54 = PLANE('',#55);
#55 = AXIS2_PLACEMENT_3D('',#56,#57,#58);
#56 = CARTESIAN_POINT('',(0.,0.,300.));
#57 = DIRECTION('',(0.,0.,1.));
#58 = DIRECTION('',(1.,0.,0.));
#59 = ADVANCED_FACE('',(#60),#63,.T.);
#60 = FACE_BOUND('',#61,.F.);
#61 = EDGE_LOOP('',(#62));
#62 = ORIENTED_EDGE('',*,*,#31,.F.);
#63 = PLANE('',#64);
#64 = AXIS2_PLACEMENT_3D('',#65,#66,#67);
#65 = CARTESIAN_POINT('',(0.,0.,550.));
#66 = DIRECTION('',(0.,0.,1.));
#67 = DIRECTION('',(1.,0.,0.));
#68 = MANIFOLD_SOLID_BREP('',#69);
#69 = CLOSED_SHELL('',(#70,#103,#112));
#70 = ADVANCED_FACE('',(#71),#98,.T.);
#71 = FACE_BOUND('',#72,.F.);
#72 = EDGE_LOOP('',(#73,#83,#90,#91));
#73 = ORIENTED_EDGE('',*,*,#74,.T.);
#74 = EDGE_CURVE('',#75,#77,#79,.T.);
#75 = VERTEX_POINT('',#76);
#76 = CARTESIAN_POINT('',(120.,-2.939152317954E-14,550.));
#77 = VERTEX_POINT('',#78);
#78 = CARTESIAN_POINT('',(120.,-2.939152317954E-14,900.));
#79 = LINE('',#80,#81);
#80 = CARTESIAN_POINT('',(120.,-2.939152317954E-14,550.));
#81 = VECTOR('',#82,1.);
#82 = DIRECTION('',(0.,0.,1.));
#83 = ORIENTED_EDGE('',*,*,#84,.T.);
#84 = EDGE_CURVE('',#77,#77,#85,.T.);
#85 = CIRCLE('',#86,120.);
#86 = AXIS2_PLACEMENT_3D('',#87,#88,#89);
#87 = CARTESIAN_POINT('',(0.,0.,900.));
#88 = DIRECTION('',(0.,0.,1.));
#89 = DIRECTION('',(1.,0.,0.));
#90 = ORIENTED_EDGE('',*,*,#74,.F.);
#91 = ORIENTED_EDGE('',*,*,#92,.F.);
#92 = EDGE_CURVE('',#75,#75,#93,.T.);
#93 = CIRCLE('',#94,120.);
#94 = AXIS2_PLACEMENT_3D('',#95,#96,#97);
#95 = CARTESIAN_POINT('',(0.,0.,550.));
#96 = DIRECTION('',(0.,0.,1.));
#97 = DIRECTION('',(1.,0.,0.));
#98 = CYLINDRICAL_SURFACE('',#99,120.);
#99 = AXIS2_PLACEMENT_3D('',#100,#101,#102);
#100 = CARTESIAN_POINT('',(0.,0.,550.));
#101 = DIRECTION('',(-0.,-0.,-1.));
#102 = DIRECTION('',(1.,0.,0.));
#103 = ADVANCED_FACE('',(#104),#107,.F.);
#104 = FACE_BOUND('',#105,.T.);
#105 = EDGE_LOOP('',(#106));
#106 = ORIENTED_EDGE('',*,*,#92,.F.);
#107 = PLANE('',#108);
#108 = AXIS2_PLACEMENT_3D('',#109,#110,#111);
#109 = CARTESIAN_POINT('',(0.,0.,550.));
#110 = DIRECTION('',(0.,0.,1.));
#111 = DIRECTION('',(1.,0.,0.));
#112 = ADVANCED_FACE('',(#113),#116,.T.);
#113 = FACE_BOUND('',#114,.F.);
#114 = EDGE_LOOP('',(#115));
#115 = ORIENTED_EDGE('',*,*,#84,.F.);
#116 = PLANE('',#117);
#117 = AXIS2_PLACEMENT_3D('',#118,#119,#120);
#118 = CARTESIAN_POINT('',(0.,0.,900.));
#119 = DIRECTION('',(0.,0.,1.));
#120 = DIRECTION('',(1.,0.,0.));
#121 = MANIFOLD_SOLID_BREP('',#122);
#122 = CLOSED_SHELL('',(#123,#163,#203,#225,#247,#259));
#123 = ADVANCED_FACE('',(#124),#158,.F.);
#124 = FACE_BOUND('',#125,.F.);
#125 = EDGE_LOOP('',(#126,#136,#144,#152));
#126 = ORIENTED_EDGE('',*,*,#127,.F.);
#127 = EDGE_CURVE('',#128,#130,#132,.T.);
#128 = VERTEX_POINT('',#129);
#129 = CARTESIAN_POINT('',(-300.,-250.,0.));
#130 = VERTEX_POINT('',#131);
#131 = CARTESIAN_POINT('',(-300.,-250.,300.));
#132 = LINE('',#133,#134);
#133 = CARTESIAN_POINT('',(-300.,-250.,0.));
#134 = VECTOR('',#135,1.);
#135 = DIRECTION('',(0.,0.,1.));
#136 = ORIENTED_EDGE('',*,*,#137,.T.);
#137 = EDGE_CURVE('',#128,#138,#140,.T.);
#138 = VERTEX_POINT('',#139);
#139 = CARTESIAN_POINT('',(-300.,250.,0.));
#140 = LINE('',#141,#142);
#141 = CARTESIAN_POINT('',(-300.,-250.,0.));
#142 = VECTOR('',#143,1.);
#143 = DIRECTION('',(0.,1.,0.));
#144 = ORIENTED_EDGE('',*,*,#145,.T.);
#145 = EDGE_CURVE('',#138,#146,#148,.T.);
#146 = VERTEX_POINT('',#147);
#147 = CARTESIAN_POINT('',(-300.,250.,300.));
#148 = LINE('',#149,#150);
#149 = CARTESIAN_POINT('',(-300.,250.,0.));
#150 = VECTOR('',#151,1.);
#151 = DIRECTION('',(0.,0.,1.));
#152 = ORIENTED_EDGE('',*,*,#153,.F.);
#153 = EDGE_CURVE('',#130,#146,#154,.T.);
#154 = LINE('',#155,#156);
#155 = CARTESIAN_POINT('',(-300.,-250.,300.));
#156 = VECTOR('',#157,1.);
#157 = DIRECTION('',(0.,1.,0.));
#158 = PLANE('',#159);
#159 = AXIS2_PLACEMENT_3D('',#160,#161,#162);
#160 = CARTESIAN_POINT('',(-300.,-250.,0.));
#161 = DIRECTION('',(1.,0.,0.));
#162 = DIRECTION('',(0.,0.,1.));
#163 = ADVANCED_FACE('',(#164),#198,.T.);
#164 = FACE_BOUND('',#165,.T.);
#165 = EDGE_LOOP('',(#166,#176,#184,#192));
#166 = ORIENTED_EDGE('',*,*,#167,.F.);
#167 = EDGE_CURVE('',#168,#170,#172,.T.);
#168 = VERTEX_POINT('',#169);
#169 = CARTESIAN_POINT('',(300.,-250.,0.));
#170 = VERTEX_POINT('',#171);
#171 = CARTESIAN_POINT('',(300.,-250.,300.));
#172 = LINE('',#173,#174);
#173 = CARTESIAN_POINT('',(300.,-250.,0.));
#174 = VECTOR('',#175,1.);
#175 = DIRECTION('',(0.,0.,1.));
#176 = ORIENTED_EDGE('',*,*,#177,.T.);
#177 = EDGE_CURVE('',#168,#178,#180,.T.);
#178 = VERTEX_POINT('',#179);
#179 = CARTESIAN_POINT('',(300.,250.,0.));
#180 = LINE('',#181,#182);
#181 = CARTESIAN_POINT('',(300.,-250.,0.));
#182 = VECTOR('',#183,1.);
#183 = DIRECTION('',(0.,1.,0.));
#184 = ORIENTED_EDGE('',*,*,#185,.T.);
#185 = EDGE_CURVE('',#178,#186,#188,.T.);
#186 = VERTEX_POINT('',#187);
#187 = CARTESIAN_POINT('',(300.,250.,300.));
#188 = LINE('',#189,#190);
#189 = CARTESIAN_POINT('',(300.,250.,0.));
#190 = VECTOR('',#191,1.);
#191 = DIRECTION('',(0.,0.,1.));
#192 = ORIENTED_EDGE('',*,*,#193,.F.);
#193 = EDGE_CURVE('',#170,#186,#194,.T.);
#194 = LINE('',#195,#196);
#195 = CARTESIAN_POINT('',(300.,-250.,300.));
#196 = VECTOR('',#197,1.);
#197 = DIRECTION('',(0.,1.,0.));
#198 = PLANE('',#199);
#199 = AXIS2_PLACEMENT_3D('',#200,#201,#202);
#200 = CARTESIAN_POINT('',(300.,-250.,0.));
#201 = DIRECTION('',(1.,0.,0.));
#202 = DIRECTION('',(0.,0.,1.));
#203 = ADVANCED_FACE('',(#204),#220,.F.);
#204 = FACE_BOUND('',#205,.F.);
#205 = EDGE_LOOP('',(#206,#212,#213,#219));
#206 = ORIENTED_EDGE('',*,*,#207,.F.);
#207 = EDGE_CURVE('',#128,#168,#208,.T.);
#208 = LINE('',#209,#210);
#209 = CARTESIAN_POINT('',(-300.,-250.,0.));
#210 = VECTOR('',#211,1.);
#211 = DIRECTION('',(1.,0.,0.));
#212 = ORIENTED_EDGE('',*,*,#127,.T.);
#213 = ORIENTED_EDGE('',*,*,#214,.T.);
#214 = EDGE_CURVE('',#130,#170,#215,.T.);
#215 = LINE('',#216,#217);
#216 = CARTESIAN_POINT('',(-300.,-250.,300.));
#217 = VECTOR('',#218,1.);
#218 = DIRECTION('',(1.,0.,0.));
#219 = ORIENTED_EDGE('',*,*,#167,.F.);
#220 = PLANE('',#221);
#221 = AXIS2_PLACEMENT_3D('',#222,#223,#224);
#222 = CARTESIAN_POINT('',(-300.,-250.,0.));
#223 = DIRECTION('',(0.,1.,0.));
#224 = DIRECTION('',(0.,0.,1.));
#225 = ADVANCED_FACE('',(#226),#242,.T.);
#226 = FACE_BOUND('',#227,.T.);
#227 = EDGE_LOOP('',(#228,#234,#235,#241));
#228 = ORIENTED_EDGE('',*,*,#229,.F.);
#229 = EDGE_CURVE('',#138,#178,#230,.T.);
#230 = LINE('',#231,#232);
#231 = CARTESIAN_POINT('',(-300.,250.,0.));
#232 = VECTOR('',#233,1.);
#233 = DIRECTION('',(1.,0.,0.));
#234 = ORIENTED_EDGE('',*,*,#145,.T.);
#235 = ORIENTED_EDGE('',*,*,#236,.T.);
#236 = EDGE_CURVE('',#146,#186,#237,.T.);
#237 = LINE('',#238,#239);
#238 = CARTESIAN_POINT('',(-300.,250.,300.));
#239 = VECTOR('',#240,1.);
#240 = DIRECTION('',(1.,0.,0.));
#241 = ORIENTED_EDGE('',*,*,#185,.F.);
#242 = PLANE('',#243);
#243 = AXIS2_PLACEMENT_3D('',#244,#245,#246);
#244 = CARTESIAN_POINT('',(-300.,250.,0.));
#245 = DIRECTION('',(0.,1.,0.));
#246 = DIRECTION('',(0.,0.,1.));
#247 = ADVANCED_FACE('',(#248),#254,.F.);
#248 = FACE_BOUND('',#249,.F.);
#249 = EDGE_LOOP('',(#250,#251,#252,#253));
#250 = ORIENTED_EDGE('',*,*,#137,.F.);
#251 = ORIENTED_EDGE('',*,*,#207,.T.);
#252 = ORIENTED_EDGE('',*,*,#177,.T.);
#253 = ORIENTED_EDGE('',*,*,#229,.F.);
#254 = PLANE('',#255);
#255 = AXIS2_PLACEMENT_3D('',#256,#257,#258);
#256 = CARTESIAN_POINT('',(-300.,-250.,0.));
#257 = DIRECTION('',(0.,0.,1.));
#258 = DIRECTION('',(1.,0.,0.));
#259 = ADVANCED_FACE('',(#260),#266,.T.);
#260 = FACE_BOUND('',#261,.T.);
#261 = EDGE_LOOP('',(#262,#263,#264,#265));
#262 = ORIENTED_EDGE('',*,*,#153,.F.);
#263 = ORIENTED_EDGE('',*,*,#214,.T.);
#264 = ORIENTED_EDGE('',*,*,#193,.T.);
#265 = ORIENTED_EDGE('',*,*,#236,.F.);
#266 = PLANE('',#267);
#267 = AXIS2_PLACEMENT_3D('',#268,#269,#270);
#268 = CARTESIAN_POINT('',(-300.,-250.,300.));
#269 = DIRECTION('',(0.,0.,1.));
#270 = DIRECTION('',(1.,0.,0.));
#271 = MANIFOLD_SOLID_BREP('',#272);
#272 = CLOSED_SHELL('',(#273,#306,#315));
#273 = ADVANCED_FACE('',(#274),#301,.T.);
#274 = FACE_BOUND('',#275,.F.);
#275 = EDGE_LOOP('',(#276,#286,#293,#294));
#276 = ORIENTED_EDGE('',*,*,#277,.T.);
#277 = EDGE_CURVE('',#278,#280,#282,.T.);
#278 = VERTEX_POINT('',#279);
#279 = CARTESIAN_POINT('',(-500.,-1.224646799147E-14,330.));
#280 = VERTEX_POINT('',#281);
#281 = CARTESIAN_POINT('',(-300.,-1.224646799147E-14,330.));
#282 = LINE('',#283,#284);
#283 = CARTESIAN_POINT('',(-500.,-1.224646799147E-14,330.));
#284 = VECTOR('',#285,1.);
#285 = DIRECTION('',(1.,0.,2.22044604925E-16));
#286 = ORIENTED_EDGE('',*,*,#287,.T.);
#287 = EDGE_CURVE('',#280,#280,#288,.T.);
#288 = CIRCLE('',#289,50.);
#289 = AXIS2_PLACEMENT_3D('',#290,#291,#292);
#290 = CARTESIAN_POINT('',(-300.,0.,380.));
#291 = DIRECTION('',(1.,-0.,2.22044604925E-16));
#292 = DIRECTION('',(2.22044604925E-16,0.,-1.));
#293 = ORIENTED_EDGE('',*,*,#277,.F.);
#294 = ORIENTED_EDGE('',*,*,#295,.F.);
#295 = EDGE_CURVE('',#278,#278,#296,.T.);
#296 = CIRCLE('',#297,50.);
#297 = AXIS2_PLACEMENT_3D('',#298,#299,#300);
#298 = CARTESIAN_POINT('',(-500.,0.,380.));
#299 = DIRECTION('',(1.,-0.,2.22044604925E-16));
#300 = DIRECTION('',(2.22044604925E-16,0.,-1.));
#301 = CYLINDRICAL_SURFACE('',#302,50.);
#302 = AXIS2_PLACEMENT_3D('',#303,#304,#305);
#303 = CARTESIAN_POINT('',(-500.,0.,380.));
#304 = DIRECTION('',(-1.,-0.,-2.22044604925E-16));
#305 = DIRECTION('',(2.22044604925E-16,0.,-1.));
#306 = ADVANCED_FACE('',(#307),#310,.F.);
#307 = FACE_BOUND('',#308,.T.);
#308 = EDGE_LOOP('',(#309));
#309 = ORIENTED_EDGE('',*,*,#295,.F.);
#310 = PLANE('',#311);
#311 = AXIS2_PLACEMENT_3D('',#312,#313,#314);
#312 = CARTESIAN_POINT('',(-500.,0.,380.));
#313 = DIRECTION('',(1.,0.,2.22044604925E-16));
#314 = DIRECTION('',(2.22044604925E-16,0.,-1.));
#315 = ADVANCED_FACE('',(#316),#319,.T.);
#316 = FACE_BOUND('',#317,.F.);
#317 = EDGE_LOOP('',(#318));
#318 = ORIENTED_EDGE('',*,*,#287,.F.);
#319 = PLANE('',#320);
#320 = AXIS2_PLACEMENT_3D('',#321,#322,#323);
#321 = CARTESIAN_POINT('',(-300.,0.,380.));
#322 = DIRECTION('',(1.,0.,2.22044604925E-16));
#323 = DIRECTION('',(2.22044604925E-16,0.,-1.));
#324 = MANIFOLD_SOLID_BREP('',#325);
#325 = CLOSED_SHELL('',(#326,#359,#368));
#326 = ADVANCED_FACE('',(#327),#354,.T.);
#327 = FACE_BOUND('',#328,.F.);
#328 = EDGE_LOOP('',(#329,#339,#346,#347));
#329 = ORIENTED_EDGE('',*,*,#330,.T.);
#330 = EDGE_CURVE('',#331,#333,#335,.T.);
#331 = VERTEX_POINT('',#332);
#332 = CARTESIAN_POINT('',(200.,-1.224646799147E-14,330.));
#333 = VERTEX_POINT('',#334);
#334 = CARTESIAN_POINT('',(400.,-1.224646799147E-14,330.));
#335 = LINE('',#336,#337);
#336 = CARTESIAN_POINT('',(200.,-1.224646799147E-14,330.));
#337 = VECTOR('',#338,1.);
#338 = DIRECTION('',(1.,0.,2.22044604925E-16));
#339 = ORIENTED_EDGE('',*,*,#340,.T.);
#340 = EDGE_CURVE('',#333,#333,#341,.T.);
#341 = CIRCLE('',#342,50.);
#342 = AXIS2_PLACEMENT_3D('',#343,#344,#345);
#343 = CARTESIAN_POINT('',(400.,0.,380.));
#344 = DIRECTION('',(1.,-0.,2.22044604925E-16));
#345 = DIRECTION('',(2.22044604925E-16,0.,-1.));
#346 = ORIENTED_EDGE('',*,*,#330,.F.);
#347 = ORIENTED_EDGE('',*,*,#348,.F.);
#348 = EDGE_CURVE('',#331,#331,#349,.T.);
#349 = CIRCLE('',#350,50.);
#350 = AXIS2_PLACEMENT_3D('',#351,#352,#353);
#351 = CARTESIAN_POINT('',(200.,0.,380.));
#352 = DIRECTION('',(1.,-0.,2.22044604925E-16));
#353 = DIRECTION('',(2.22044604925E-16,0.,-1.));
#354 = CYLINDRICAL_SURFACE('',#355,50.);
#355 = AXIS2_PLACEMENT_3D('',#356,#357,#358);
#356 = CARTESIAN_POINT('',(200.,0.,380.));
#357 = DIRECTION('',(-1.,-0.,-2.22044604925E-16));
#358 = DIRECTION('',(2.22044604925E-16,0.,-1.));
#359 = ADVANCED_FACE('',(#360),#363,.F.);
#360 = FACE_BOUND('',#361,.T.);
#361 = EDGE_LOOP('',(#362));
#362 = ORIENTED_EDGE('',*,*,#348,.F.);
#363 = PLANE('',#364);
#364 = AXIS2_PLACEMENT_3D('',#365,#366,#367);
#365 = CARTESIAN_POINT('',(200.,0.,380.));
#366 = DIRECTION('',(1.,0.,2.22044604925E-16));
#367 = DIRECTION('',(2.22044604925E-16,0.,-1.));
#368 = ADVANCED_FACE('',(#369),#372,.T.);
#369 = FACE_BOUND('',#370,.F.);
#370 = EDGE_LOOP('',(#371));
#371 = ORIENTED_EDGE('',*,*,#340,.F.);
#372 = PLANE('',#373);
#373 = AXIS2_PLACEMENT_3D('',#374,#375,#376);
#374 = CARTESIAN_POINT('',(400.,0.,380.));
#375 = DIRECTION('',(1.,0.,2.22044604925E-16));
#376 = DIRECTION('',(2.22044604925E-16,0.,-1.));
#377 = MANIFOLD_SOLID_BREP('',#378);
#378 = CLOSED_SHELL('',(#379,#419,#459,#481,#503,#515));
#379 = ADVANCED_FACE('',(#380),#414,.F.);
#380 = FACE_BOUND('',#381,.F.);
#381 = EDGE_LOOP('',(#382,#392,#400,#408));
#382 = ORIENTED_EDGE('',*,*,#383,.F.);
#383 = EDGE_CURVE('',#384,#386,#388,.T.);
#384 = VERTEX_POINT('',#385);
#385 = CARTESIAN_POINT('',(3.5E+03,-400.,300.));
#386 = VERTEX_POINT('',#387);
#387 = CARTESIAN_POINT('',(3.5E+03,-400.,1.1E+03));
#388 = LINE('',#389,#390);
#389 = CARTESIAN_POINT('',(3.5E+03,-400.,300.));
#390 = VECTOR('',#391,1.);
#391 = DIRECTION('',(0.,0.,1.));
#392 = ORIENTED_EDGE('',*,*,#393,.T.);
#393 = EDGE_CURVE('',#384,#394,#396,.T.);
#394 = VERTEX_POINT('',#395);
#395 = CARTESIAN_POINT('',(3.5E+03,400.,300.));
#396 = LINE('',#397,#398);
#397 = CARTESIAN_POINT('',(3.5E+03,-400.,300.));
#398 = VECTOR('',#399,1.);
#399 = DIRECTION('',(0.,1.,0.));
#400 = ORIENTED_EDGE('',*,*,#401,.T.);
#401 = EDGE_CURVE('',#394,#402,#404,.T.);
#402 = VERTEX_POINT('',#403);
#403 = CARTESIAN_POINT('',(3.5E+03,400.,1.1E+03));
#404 = LINE('',#405,#406);
#405 = CARTESIAN_POINT('',(3.5E+03,400.,300.));
#406 = VECTOR('',#407,1.);
#407 = DIRECTION('',(0.,0.,1.));
#408 = ORIENTED_EDGE('',*,*,#409,.F.);
#409 = EDGE_CURVE('',#386,#402,#410,.T.);
#410 = LINE('',#411,#412);
#411 = CARTESIAN_POINT('',(3.5E+03,-400.,1.1E+03));
#412 = VECTOR('',#413,1.);
#413 = DIRECTION('',(0.,1.,0.));
#414 = PLANE('',#415);
#415 = AXIS2_PLACEMENT_3D('',#416,#417,#418);
#416 = CARTESIAN_POINT('',(3.5E+03,-400.,300.));
#417 = DIRECTION('',(1.,0.,0.));
#418 = DIRECTION('',(0.,0.,1.));
#419 = ADVANCED_FACE('',(#420),#454,.T.);
#420 = FACE_BOUND('',#421,.T.);
#421 = EDGE_LOOP('',(#422,#432,#440,#448));
#422 = ORIENTED_EDGE('',*,*,#423,.F.);
#423 = EDGE_CURVE('',#424,#426,#428,.T.);
#424 = VERTEX_POINT('',#425);
#425 = CARTESIAN_POINT('',(4.5E+03,-400.,300.));
#426 = VERTEX_POINT('',#427);
#427 = CARTESIAN_POINT('',(4.5E+03,-400.,1.1E+03));
#428 = LINE('',#429,#430);
#429 = CARTESIAN_POINT('',(4.5E+03,-400.,300.));
#430 = VECTOR('',#431,1.);
#431 = DIRECTION('',(0.,0.,1.));
#432 = ORIENTED_EDGE('',*,*,#433,.T.);
#433 = EDGE_CURVE('',#424,#434,#436,.T.);
#434 = VERTEX_POINT('',#435);
#435 = CARTESIAN_POINT('',(4.5E+03,400.,300.));
#436 = LINE('',#437,#438);
#437 = CARTESIAN_POINT('',(4.5E+03,-400.,300.));
#438 = VECTOR('',#439,1.);
#439 = DIRECTION('',(0.,1.,0.));
#440 = ORIENTED_EDGE('',*,*,#441,.T.);
#441 = EDGE_CURVE('',#434,#442,#444,.T.);
#442 = VERTEX_POINT('',#443);
#443 = CARTESIAN_POINT('',(4.5E+03,400.,1.1E+03));
#444 = LINE('',#445,#446);
#445 = CARTESIAN_POINT('',(4.5E+03,400.,300.));
#446 = VECTOR('',#447,1.);
#447 = DIRECTION('',(0.,0.,1.));
#448 = ORIENTED_EDGE('',*,*,#449,.F.);
#449 = EDGE_CURVE('',#426,#442,#450,.T.);
#450 = LINE('',#451,#452);
#451 = CARTESIAN_POINT('',(4.5E+03,-400.,1.1E+03));
#452 = VECTOR('',#453,1.);
#453 = DIRECTION('',(0.,1.,0.));
#454 = PLANE('',#455);
#455 = AXIS2_PLACEMENT_3D('',#456,#457,#458);
#456 = CARTESIAN_POINT('',(4.5E+03,-400.,300.));
#457 = DIRECTION('',(1.,0.,0.));
#458 = DIRECTION('',(0.,0.,1.));
#459 = ADVANCED_FACE('',(#460),#476,.F.);
#460 = FACE_BOUND('',#461,.F.);
#461 = EDGE_LOOP('',(#462,#468,#469,#475));
#462 = ORIENTED_EDGE('',*,*,#463,.F.);
#463 = EDGE_CURVE('',#384,#424,#464,.T.);
#464 = LINE('',#465,#466);
#465 = CARTESIAN_POINT('',(3.5E+03,-400.,300.));
#466 = VECTOR('',#467,1.);
#467 = DIRECTION('',(1.,0.,0.));
#468 = ORIENTED_EDGE('',*,*,#383,.T.);
#469 = ORIENTED_EDGE('',*,*,#470,.T.);
#470 = EDGE_CURVE('',#386,#426,#471,.T.);
#471 = LINE('',#472,#473);
#472 = CARTESIAN_POINT('',(3.5E+03,-400.,1.1E+03));
#473 = VECTOR('',#474,1.);
#474 = DIRECTION('',(1.,0.,0.));
#475 = ORIENTED_EDGE('',*,*,#423,.F.);
#476 = PLANE('',#477);
#477 = AXIS2_PLACEMENT_3D('',#478,#479,#480);
#478 = CARTESIAN_POINT('',(3.5E+03,-400.,300.));
#479 = DIRECTION('',(0.,1.,0.));
#480 = DIRECTION('',(0.,0.,1.));
#481 = ADVANCED_FACE('',(#482),#498,.T.);
#482 = FACE_BOUND('',#483,.T.);
#483 = EDGE_LOOP('',(#484,#490,#491,#497));
#484 = ORIENTED_EDGE('',*,*,#485,.F.);
#485 = EDGE_CURVE('',#394,#434,#486,.T.);
#486 = LINE('',#487,#488);
#487 = CARTESIAN_POINT('',(3.5E+03,400.,300.));
#488 = VECTOR('',#489,1.);
#489 = DIRECTION('',(1.,0.,0.));
#490 = ORIENTED_EDGE('',*,*,#401,.T.);
#491 = ORIENTED_EDGE('',*,*,#492,.T.);
#492 = EDGE_CURVE('',#402,#442,#493,.T.);
#493 = LINE('',#494,#495);
#494 = CARTESIAN_POINT('',(3.5E+03,400.,1.1E+03));
#495 = VECTOR('',#496,1.);
#496 = DIRECTION('',(1.,0.,0.));
#497 = ORIENTED_EDGE('',*,*,#441,.F.);
#498 = PLANE('',#499);
#499 = AXIS2_PLACEMENT_3D('',#500,#501,#502);
#500 = CARTESIAN_POINT('',(3.5E+03,400.,300.));
#501 = DIRECTION('',(0.,1.,0.));
#502 = DIRECTION('',(0.,0.,1.));
#503 = ADVANCED_FACE('',(#504),#510,.F.);
#504 = FACE_BOUND('',#505,.F.);
#505 = EDGE_LOOP('',(#506,#507,#508,#509));
#506 = ORIENTED_EDGE('',*,*,#393,.F.);
#507 = ORIENTED_EDGE('',*,*,#463,.T.);
#508 = ORIENTED_EDGE('',*,*,#433,.T.);
#509 = ORIENTED_EDGE('',*,*,#485,.F.);
#510 = PLANE('',#511);
#511 = AXIS2_PLACEMENT_3D('',#512,#513,#514);
#512 = CARTESIAN_POINT('',(3.5E+03,-400.,300.));
#513 = DIRECTION('',(0.,0.,1.));
#514 = DIRECTION('',(1.,0.,0.));
#515 = ADVANCED_FACE('',(#516),#522,.T.);
#516 = FACE_BOUND('',#517,.T.);
#517 = EDGE_LOOP('',(#518,#519,#520,#521));
#518 = ORIENTED_EDGE('',*,*,#409,.F.);
#519 = ORIENTED_EDGE('',*,*,#470,.T.);
#520 = ORIENTED_EDGE('',*,*,#449,.T.);
#521 = ORIENTED_EDGE('',*,*,#492,.F.);
#522 = PLANE('',#523);
#523 = AXIS2_PLACEMENT_3D('',#524,#525,#526);
#524 = CARTESIAN_POINT('',(3.5E+03,-400.,1.1E+03));
#525 = DIRECTION('',(0.,0.,1.));
#526 = DIRECTION('',(1.,0.,0.));
#527 = MANIFOLD_SOLID_BREP('',#528);
#528 = CLOSED_SHELL('',(#529,#562,#571));
#529 = ADVANCED_FACE('',(#530),#557,.T.);
#530 = FACE_BOUND('',#531,.F.);
#531 = EDGE_LOOP('',(#532,#542,#549,#550));
#532 = ORIENTED_EDGE('',*,*,#533,.T.);
#533 = EDGE_CURVE('',#534,#536,#538,.T.);
#534 = VERTEX_POINT('',#535);
#535 = CARTESIAN_POINT('',(4.35E+03,-8.572527594031E-14,1.1E+03));
#536 = VERTEX_POINT('',#537);
#537 = CARTESIAN_POINT('',(4.35E+03,-8.572527594031E-14,1.2E+03));
#538 = LINE('',#539,#540);
#539 = CARTESIAN_POINT('',(4.35E+03,-8.572527594031E-14,1.1E+03));
#540 = VECTOR('',#541,1.);
#541 = DIRECTION('',(0.,0.,1.));
#542 = ORIENTED_EDGE('',*,*,#543,.T.);
#543 = EDGE_CURVE('',#536,#536,#544,.T.);
#544 = CIRCLE('',#545,350.);
#545 = AXIS2_PLACEMENT_3D('',#546,#547,#548);
#546 = CARTESIAN_POINT('',(4.E+03,0.,1.2E+03));
#547 = DIRECTION('',(0.,0.,1.));
#548 = DIRECTION('',(1.,0.,0.));
#549 = ORIENTED_EDGE('',*,*,#533,.F.);
#550 = ORIENTED_EDGE('',*,*,#551,.F.);
#551 = EDGE_CURVE('',#534,#534,#552,.T.);
#552 = CIRCLE('',#553,350.);
#553 = AXIS2_PLACEMENT_3D('',#554,#555,#556);
#554 = CARTESIAN_POINT('',(4.E+03,0.,1.1E+03));
#555 = DIRECTION('',(0.,0.,1.));
#556 = DIRECTION('',(1.,0.,0.));
#557 = CYLINDRICAL_SURFACE('',#558,350.);
#558 = AXIS2_PLACEMENT_3D('',#559,#560,#561);
#559 = CARTESIAN_POINT('',(4.E+03,0.,1.1E+03));
#560 = DIRECTION('',(-0.,-0.,-1.));
#561 = DIRECTION('',(1.,0.,0.));
#562 = ADVANCED_FACE('',(#563),#566,.F.);
#563 = FACE_BOUND('',#564,.T.);
#564 = EDGE_LOOP('',(#565));
#565 = ORIENTED_EDGE('',*,*,#551,.F.);
#566 = PLANE('',#567);
#567 = AXIS2_PLACEMENT_3D('',#568,#569,#570);
#568 = CARTESIAN_POINT('',(4.E+03,0.,1.1E+03));
#569 = DIRECTION('',(0.,0.,1.));
#570 = DIRECTION('',(1.,0.,0.));
#571 = ADVANCED_FACE('',(#572),#575,.T.);
#572 = FACE_BOUND('',#573,.F.);
#573 = EDGE_LOOP('',(#574));
#574 = ORIENTED_EDGE('',*,*,#543,.F.);
#575 = PLANE('',#576);
#576 = AXIS2_PLACEMENT_3D('',#577,#578,#579);
#577 = CARTESIAN_POINT('',(4.E+03,0.,1.2E+03));
#578 = DIRECTION('',(0.,0.,1.));
#579 = DIRECTION('',(1.,0.,0.));
#580 = MANIFOLD_SOLID_BREP('',#581);
#581 = CLOSED_SHELL('',(#582,#622,#662,#684,#706,#718));
#582 = ADVANCED_FACE('',(#583),#617,.F.);
#583 = FACE_BOUND('',#584,.F.);
#584 = EDGE_LOOP('',(#585,#595,#603,#611));
#585 = ORIENTED_EDGE('',*,*,#586,.F.);
#586 = EDGE_CURVE('',#587,#589,#591,.T.);
#587 = VERTEX_POINT('',#588);
#588 = CARTESIAN_POINT('',(3.55E+03,-400.,0.));
#589 = VERTEX_POINT('',#590);
#590 = CARTESIAN_POINT('',(3.55E+03,-400.,300.));
#591 = LINE('',#592,#593);
#592 = CARTESIAN_POINT('',(3.55E+03,-400.,0.));
#593 = VECTOR('',#594,1.);
#594 = DIRECTION('',(0.,0.,1.));
#595 = ORIENTED_EDGE('',*,*,#596,.T.);
#596 = EDGE_CURVE('',#587,#597,#599,.T.);
#597 = VERTEX_POINT('',#598);
#598 = CARTESIAN_POINT('',(3.55E+03,-300.,0.));
#599 = LINE('',#600,#601);
#600 = CARTESIAN_POINT('',(3.55E+03,-400.,0.));
#601 = VECTOR('',#602,1.);
#602 = DIRECTION('',(0.,1.,0.));
#603 = ORIENTED_EDGE('',*,*,#604,.T.);
#604 = EDGE_CURVE('',#597,#605,#607,.T.);
#605 = VERTEX_POINT('',#606);
#606 = CARTESIAN_POINT('',(3.55E+03,-300.,300.));
#607 = LINE('',#608,#609);
#608 = CARTESIAN_POINT('',(3.55E+03,-300.,0.));
#609 = VECTOR('',#610,1.);
#610 = DIRECTION('',(0.,0.,1.));
#611 = ORIENTED_EDGE('',*,*,#612,.F.);
#612 = EDGE_CURVE('',#589,#605,#613,.T.);
#613 = LINE('',#614,#615);
#614 = CARTESIAN_POINT('',(3.55E+03,-400.,300.));
#615 = VECTOR('',#616,1.);
#616 = DIRECTION('',(0.,1.,0.));
#617 = PLANE('',#618);
#618 = AXIS2_PLACEMENT_3D('',#619,#620,#621);
#619 = CARTESIAN_POINT('',(3.55E+03,-400.,0.));
#620 = DIRECTION('',(1.,0.,0.));
#621 = DIRECTION('',(0.,0.,1.));
#622 = ADVANCED_FACE('',(#623),#657,.T.);
#623 = FACE_BOUND('',#624,.T.);
#624 = EDGE_LOOP('',(#625,#635,#643,#651));
#625 = ORIENTED_EDGE('',*,*,#626,.F.);
#626 = EDGE_CURVE('',#627,#629,#631,.T.);
#627 = VERTEX_POINT('',#628);
#628 = CARTESIAN_POINT('',(3.65E+03,-400.,0.));
#629 = VERTEX_POINT('',#630);
#630 = CARTESIAN_POINT('',(3.65E+03,-400.,300.));
#631 = LINE('',#632,#633);
#632 = CARTESIAN_POINT('',(3.65E+03,-400.,0.));
#633 = VECTOR('',#634,1.);
#634 = DIRECTION('',(0.,0.,1.));
#635 = ORIENTED_EDGE('',*,*,#636,.T.);
#636 = EDGE_CURVE('',#627,#637,#639,.T.);
#637 = VERTEX_POINT('',#638);
#638 = CARTESIAN_POINT('',(3.65E+03,-300.,0.));
#639 = LINE('',#640,#641);
#640 = CARTESIAN_POINT('',(3.65E+03,-400.,0.));
#641 = VECTOR('',#642,1.);
#642 = DIRECTION('',(0.,1.,0.));
#643 = ORIENTED_EDGE('',*,*,#644,.T.);
#644 = EDGE_CURVE('',#637,#645,#647,.T.);
#645 = VERTEX_POINT('',#646);
#646 = CARTESIAN_POINT('',(3.65E+03,-300.,300.));
#647 = LINE('',#648,#649);
#648 = CARTESIAN_POINT('',(3.65E+03,-300.,0.));
#649 = VECTOR('',#650,1.);
#650 = DIRECTION('',(0.,0.,1.));
#651 = ORIENTED_EDGE('',*,*,#652,.F.);
#652 = EDGE_CURVE('',#629,#645,#653,.T.);
#653 = LINE('',#654,#655);
#654 = CARTESIAN_POINT('',(3.65E+03,-400.,300.));
#655 = VECTOR('',#656,1.);
#656 = DIRECTION('',(0.,1.,0.));
#657 = PLANE('',#658);
#658 = AXIS2_PLACEMENT_3D('',#659,#660,#661);
#659 = CARTESIAN_POINT('',(3.65E+03,-400.,0.));
#660 = DIRECTION('',(1.,0.,0.));
#661 = DIRECTION('',(0.,0.,1.));
#662 = ADVANCED_FACE('',(#663),#679,.F.);
#663 = FACE_BOUND('',#664,.F.);
#664 = EDGE_LOOP('',(#665,#671,#672,#678));
#665 = ORIENTED_EDGE('',*,*,#666,.F.);
#666 = EDGE_CURVE('',#587,#627,#667,.T.);
#667 = LINE('',#668,#669);
#668 = CARTESIAN_POINT('',(3.55E+03,-400.,0.));
#669 = VECTOR('',#670,1.);
#670 = DIRECTION('',(1.,0.,0.));
#671 = ORIENTED_EDGE('',*,*,#586,.T.);
#672 = ORIENTED_EDGE('',*,*,#673,.T.);
#673 = EDGE_CURVE('',#589,#629,#674,.T.);
#674 = LINE('',#675,#676);
#675 = CARTESIAN_POINT('',(3.55E+03,-400.,300.));
#676 = VECTOR('',#677,1.);
#677 = DIRECTION('',(1.,0.,0.));
#678 = ORIENTED_EDGE('',*,*,#626,.F.);
#679 = PLANE('',#680);
#680 = AXIS2_PLACEMENT_3D('',#681,#682,#683);
#681 = CARTESIAN_POINT('',(3.55E+03,-400.,0.));
#682 = DIRECTION('',(0.,1.,0.));
#683 = DIRECTION('',(0.,0.,1.));
#684 = ADVANCED_FACE('',(#685),#701,.T.);
#685 = FACE_BOUND('',#686,.T.);
#686 = EDGE_LOOP('',(#687,#693,#694,#700));
#687 = ORIENTED_EDGE('',*,*,#688,.F.);
#688 = EDGE_CURVE('',#597,#637,#689,.T.);
#689 = LINE('',#690,#691);
#690 = CARTESIAN_POINT('',(3.55E+03,-300.,0.));
#691 = VECTOR('',#692,1.);
#692 = DIRECTION('',(1.,0.,0.));
#693 = ORIENTED_EDGE('',*,*,#604,.T.);
#694 = ORIENTED_EDGE('',*,*,#695,.T.);
#695 = EDGE_CURVE('',#605,#645,#696,.T.);
#696 = LINE('',#697,#698);
#697 = CARTESIAN_POINT('',(3.55E+03,-300.,300.));
#698 = VECTOR('',#699,1.);
#699 = DIRECTION('',(1.,0.,0.));
#700 = ORIENTED_EDGE('',*,*,#644,.F.);
#701 = PLANE('',#702);
#702 = AXIS2_PLACEMENT_3D('',#703,#704,#705);
#703 = CARTESIAN_POINT('',(3.55E+03,-300.,0.));
#704 = DIRECTION('',(0.,1.,0.));
#705 = DIRECTION('',(0.,0.,1.));
#706 = ADVANCED_FACE('',(#707),#713,.F.);
#707 = FACE_BOUND('',#708,.F.);
#708 = EDGE_LOOP('',(#709,#710,#711,#712));
#709 = ORIENTED_EDGE('',*,*,#596,.F.);
#710 = ORIENTED_EDGE('',*,*,#666,.T.);
#711 = ORIENTED_EDGE('',*,*,#636,.T.);
#712 = ORIENTED_EDGE('',*,*,#688,.F.);
#713 = PLANE('',#714);
#714 = AXIS2_PLACEMENT_3D('',#715,#716,#717);
#715 = CARTESIAN_POINT('',(3.55E+03,-400.,0.));
#716 = DIRECTION('',(0.,0.,1.));
#717 = DIRECTION('',(1.,0.,0.));
#718 = ADVANCED_FACE('',(#719),#725,.T.);
#719 = FACE_BOUND('',#720,.T.);
#720 = EDGE_LOOP('',(#721,#722,#723,#724));
#721 = ORIENTED_EDGE('',*,*,#612,.F.);
#722 = ORIENTED_EDGE('',*,*,#673,.T.);
#723 = ORIENTED_EDGE('',*,*,#652,.T.);
#724 = ORIENTED_EDGE('',*,*,#695,.F.);
#725 = PLANE('',#726);
#726 = AXIS2_PLACEMENT_3D('',#727,#728,#729);
#727 = CARTESIAN_POINT('',(3.55E+03,-400.,300.));
#728 = DIRECTION('',(0.,0.,1.));
#729 = DIRECTION('',(1.,0.,0.));
#730 = MANIFOLD_SOLID_BREP('',#731);
#731 = CLOSED_SHELL('',(#732,#772,#812,#834,#856,#868));
#732 = ADVANCED_FACE('',(#733),#767,.F.);
#733 = FACE_BOUND('',#734,.F.);
#734 = EDGE_LOOP('',(#735,#745,#753,#761));
#735 = ORIENTED_EDGE('',*,*,#736,.F.);
#736 = EDGE_CURVE('',#737,#739,#741,.T.);
#737 = VERTEX_POINT('',#738);
#738 = CARTESIAN_POINT('',(3.55E+03,300.,0.));
#739 = VERTEX_POINT('',#740);
#740 = CARTESIAN_POINT('',(3.55E+03,300.,300.));
#741 = LINE('',#742,#743);
#742 = CARTESIAN_POINT('',(3.55E+03,300.,0.));
#743 = VECTOR('',#744,1.);
#744 = DIRECTION('',(0.,0.,1.));
#745 = ORIENTED_EDGE('',*,*,#746,.T.);
#746 = EDGE_CURVE('',#737,#747,#749,.T.);
#747 = VERTEX_POINT('',#748);
#748 = CARTESIAN_POINT('',(3.55E+03,400.,0.));
#749 = LINE('',#750,#751);
#750 = CARTESIAN_POINT('',(3.55E+03,300.,0.));
#751 = VECTOR('',#752,1.);
#752 = DIRECTION('',(0.,1.,0.));
#753 = ORIENTED_EDGE('',*,*,#754,.T.);
#754 = EDGE_CURVE('',#747,#755,#757,.T.);
#755 = VERTEX_POINT('',#756);
#756 = CARTESIAN_POINT('',(3.55E+03,400.,300.));
#757 = LINE('',#758,#759);
#758 = CARTESIAN_POINT('',(3.55E+03,400.,0.));
#759 = VECTOR('',#760,1.);
#760 = DIRECTION('',(0.,0.,1.));
#761 = ORIENTED_EDGE('',*,*,#762,.F.);
#762 = EDGE_CURVE('',#739,#755,#763,.T.);
#763 = LINE('',#764,#765);
#764 = CARTESIAN_POINT('',(3.55E+03,300.,300.));
#765 = VECTOR('',#766,1.);
#766 = DIRECTION('',(0.,1.,0.));
#767 = PLANE('',#768);
#768 = AXIS2_PLACEMENT_3D('',#769,#770,#771);
#769 = CARTESIAN_POINT('',(3.55E+03,300.,0.));
#770 = DIRECTION('',(1.,0.,0.));
#771 = DIRECTION('',(0.,0.,1.));
#772 = ADVANCED_FACE('',(#773),#807,.T.);
#773 = FACE_BOUND('',#774,.T.);
#774 = EDGE_LOOP('',(#775,#785,#793,#801));
#775 = ORIENTED_EDGE('',*,*,#776,.F.);
#776 = EDGE_CURVE('',#777,#779,#781,.T.);
#777 = VERTEX_POINT('',#778);
#778 = CARTESIAN_POINT('',(3.65E+03,300.,0.));
#779 = VERTEX_POINT('',#780);
#780 = CARTESIAN_POINT('',(3.65E+03,300.,300.));
#781 = LINE('',#782,#783);
#782 = CARTESIAN_POINT('',(3.65E+03,300.,0.));
#783 = VECTOR('',#784,1.);
#784 = DIRECTION('',(0.,0.,1.));
#785 = ORIENTED_EDGE('',*,*,#786,.T.);
#786 = EDGE_CURVE('',#777,#787,#789,.T.);
#787 = VERTEX_POINT('',#788);
#788 = CARTESIAN_POINT('',(3.65E+03,400.,0.));
#789 = LINE('',#790,#791);
#790 = CARTESIAN_POINT('',(3.65E+03,300.,0.));
#791 = VECTOR('',#792,1.);
#792 = DIRECTION('',(0.,1.,0.));
#793 = ORIENTED_EDGE('',*,*,#794,.T.);
#794 = EDGE_CURVE('',#787,#795,#797,.T.);
#795 = VERTEX_POINT('',#796);
#796 = CARTESIAN_POINT('',(3.65E+03,400.,300.));
#797 = LINE('',#798,#799);
#798 = CARTESIAN_POINT('',(3.65E+03,400.,0.));
#799 = VECTOR('',#800,1.);
#800 = DIRECTION('',(0.,0.,1.));
#801 = ORIENTED_EDGE('',*,*,#802,.F.);
#802 = EDGE_CURVE('',#779,#795,#803,.T.);
#803 = LINE('',#804,#805);
#804 = CARTESIAN_POINT('',(3.65E+03,300.,300.));
#805 = VECTOR('',#806,1.);
#806 = DIRECTION('',(0.,1.,0.));
#807 = PLANE('',#808);
#808 = AXIS2_PLACEMENT_3D('',#809,#810,#811);
#809 = CARTESIAN_POINT('',(3.65E+03,300.,0.));
#810 = DIRECTION('',(1.,0.,0.));
#811 = DIRECTION('',(0.,0.,1.));
#812 = ADVANCED_FACE('',(#813),#829,.F.);
#813 = FACE_BOUND('',#814,.F.);
#814 = EDGE_LOOP('',(#815,#821,#822,#828));
#815 = ORIENTED_EDGE('',*,*,#816,.F.);
#816 = EDGE_CURVE('',#737,#777,#817,.T.);
#817 = LINE('',#818,#819);
#818 = CARTESIAN_POINT('',(3.55E+03,300.,0.));
#819 = VECTOR('',#820,1.);
#820 = DIRECTION('',(1.,0.,0.));
#821 = ORIENTED_EDGE('',*,*,#736,.T.);
#822 = ORIENTED_EDGE('',*,*,#823,.T.);
#823 = EDGE_CURVE('',#739,#779,#824,.T.);
#824 = LINE('',#825,#826);
#825 = CARTESIAN_POINT('',(3.55E+03,300.,300.));
#826 = VECTOR('',#827,1.);
#827 = DIRECTION('',(1.,0.,0.));
#828 = ORIENTED_EDGE('',*,*,#776,.F.);
#829 = PLANE('',#830);
#830 = AXIS2_PLACEMENT_3D('',#831,#832,#833);
#831 = CARTESIAN_POINT('',(3.55E+03,300.,0.));
#832 = DIRECTION('',(0.,1.,0.));
#833 = DIRECTION('',(0.,0.,1.));
#834 = ADVANCED_FACE('',(#835),#851,.T.);
#835 = FACE_BOUND('',#836,.T.);
#836 = EDGE_LOOP('',(#837,#843,#844,#850));
#837 = ORIENTED_EDGE('',*,*,#838,.F.);
#838 = EDGE_CURVE('',#747,#787,#839,.T.);
#839 = LINE('',#840,#841);
#840 = CARTESIAN_POINT('',(3.55E+03,400.,0.));
#841 = VECTOR('',#842,1.);
#842 = DIRECTION('',(1.,0.,0.));
#843 = ORIENTED_EDGE('',*,*,#754,.T.);
#844 = ORIENTED_EDGE('',*,*,#845,.T.);
#845 = EDGE_CURVE('',#755,#795,#846,.T.);
#846 = LINE('',#847,#848);
#847 = CARTESIAN_POINT('',(3.55E+03,400.,300.));
#848 = VECTOR('',#849,1.);
#849 = DIRECTION('',(1.,0.,0.));
#850 = ORIENTED_EDGE('',*,*,#794,.F.);
#851 = PLANE('',#852);
#852 = AXIS2_PLACEMENT_3D('',#853,#854,#855);
#853 = CARTESIAN_POINT('',(3.55E+03,400.,0.));
#854 = DIRECTION('',(0.,1.,0.));
#855 = DIRECTION('',(0.,0.,1.));
#856 = ADVANCED_FACE('',(#857),#863,.F.);
#857 = FACE_BOUND('',#858,.F.);
#858 = EDGE_LOOP('',(#859,#860,#861,#862));
#859 = ORIENTED_EDGE('',*,*,#746,.F.);
#860 = ORIENTED_EDGE('',*,*,#816,.T.);
#861 = ORIENTED_EDGE('',*,*,#786,.T.);
#862 = ORIENTED_EDGE('',*,*,#838,.F.);
#863 = PLANE('',#864);
#864 = AXIS2_PLACEMENT_3D('',#865,#866,#867);
#865 = CARTESIAN_POINT('',(3.55E+03,300.,0.));
#866 = DIRECTION('',(0.,0.,1.));
#867 = DIRECTION('',(1.,0.,0.));
#868 = ADVANCED_FACE('',(#869),#875,.T.);
#869 = FACE_BOUND('',#870,.T.);
#870 = EDGE_LOOP('',(#871,#872,#873,#874));
#871 = ORIENTED_EDGE('',*,*,#762,.F.);
#872 = ORIENTED_EDGE('',*,*,#823,.T.);
#873 = ORIENTED_EDGE('',*,*,#802,.T.);
#874 = ORIENTED_EDGE('',*,*,#845,.F.);
#875 = PLANE('',#876);
#876 = AXIS2_PLACEMENT_3D('',#877,#878,#879);
#877 = CARTESIAN_POINT('',(3.55E+03,300.,300.));
#878 = DIRECTION('',(0.,0.,1.));
#879 = DIRECTION('',(1.,0.,0.));
#880 = MANIFOLD_SOLID_BREP('',#881);
#881 = CLOSED_SHELL('',(#882,#922,#962,#984,#1006,#1018));
#882 = ADVANCED_FACE('',(#883),#917,.F.);
#883 = FACE_BOUND('',#884,.F.);
#884 = EDGE_LOOP('',(#885,#895,#903,#911));
#885 = ORIENTED_EDGE('',*,*,#886,.F.);
#886 = EDGE_CURVE('',#887,#889,#891,.T.);
#887 = VERTEX_POINT('',#888);
#888 = CARTESIAN_POINT('',(4.35E+03,-400.,0.));
#889 = VERTEX_POINT('',#890);
#890 = CARTESIAN_POINT('',(4.35E+03,-400.,300.));
#891 = LINE('',#892,#893);
#892 = CARTESIAN_POINT('',(4.35E+03,-400.,0.));
#893 = VECTOR('',#894,1.);
#894 = DIRECTION('',(0.,0.,1.));
#895 = ORIENTED_EDGE('',*,*,#896,.T.);
#896 = EDGE_CURVE('',#887,#897,#899,.T.);
#897 = VERTEX_POINT('',#898);
#898 = CARTESIAN_POINT('',(4.35E+03,-300.,0.));
#899 = LINE('',#900,#901);
#900 = CARTESIAN_POINT('',(4.35E+03,-400.,0.));
#901 = VECTOR('',#902,1.);
#902 = DIRECTION('',(0.,1.,0.));
#903 = ORIENTED_EDGE('',*,*,#904,.T.);
#904 = EDGE_CURVE('',#897,#905,#907,.T.);
#905 = VERTEX_POINT('',#906);
#906 = CARTESIAN_POINT('',(4.35E+03,-300.,300.));
#907 = LINE('',#908,#909);
#908 = CARTESIAN_POINT('',(4.35E+03,-300.,0.));
#909 = VECTOR('',#910,1.);
#910 = DIRECTION('',(0.,0.,1.));
#911 = ORIENTED_EDGE('',*,*,#912,.F.);
#912 = EDGE_CURVE('',#889,#905,#913,.T.);
#913 = LINE('',#914,#915);
#914 = CARTESIAN_POINT('',(4.35E+03,-400.,300.));
#915 = VECTOR('',#916,1.);
#916 = DIRECTION('',(0.,1.,0.));
#917 = PLANE('',#918);
#918 = AXIS2_PLACEMENT_3D('',#919,#920,#921);
#919 = CARTESIAN_POINT('',(4.35E+03,-400.,0.));
#920 = DIRECTION('',(1.,0.,0.));
#921 = DIRECTION('',(0.,0.,1.));
#922 = ADVANCED_FACE('',(#923),#957,.T.);
#923 = FACE_BOUND('',#924,.T.);
#924 = EDGE_LOOP('',(#925,#935,#943,#951));
#925 = ORIENTED_EDGE('',*,*,#926,.F.);
#926 = EDGE_CURVE('',#927,#929,#931,.T.);
#927 = VERTEX_POINT('',#928);
#928 = CARTESIAN_POINT('',(4.45E+03,-400.,0.));
#929 = VERTEX_POINT('',#930);
#930 = CARTESIAN_POINT('',(4.45E+03,-400.,300.));
#931 = LINE('',#932,#933);
#932 = CARTESIAN_POINT('',(4.45E+03,-400.,0.));
#933 = VECTOR('',#934,1.);
#934 = DIRECTION('',(0.,0.,1.));
#935 = ORIENTED_EDGE('',*,*,#936,.T.);
#936 = EDGE_CURVE('',#927,#937,#939,.T.);
#937 = VERTEX_POINT('',#938);
#938 = CARTESIAN_POINT('',(4.45E+03,-300.,0.));
#939 = LINE('',#940,#941);
#940 = CARTESIAN_POINT('',(4.45E+03,-400.,0.));
#941 = VECTOR('',#942,1.);
#942 = DIRECTION('',(0.,1.,0.));
#943 = ORIENTED_EDGE('',*,*,#944,.T.);
#944 = EDGE_CURVE('',#937,#945,#947,.T.);
#945 = VERTEX_POINT('',#946);
#946 = CARTESIAN_POINT('',(4.45E+03,-300.,300.));
#947 = LINE('',#948,#949);
#948 = CARTESIAN_POINT('',(4.45E+03,-300.,0.));
#949 = VECTOR('',#950,1.);
#950 = DIRECTION('',(0.,0.,1.));
#951 = ORIENTED_EDGE('',*,*,#952,.F.);
#952 = EDGE_CURVE('',#929,#945,#953,.T.);
#953 = LINE('',#954,#955);
#954 = CARTESIAN_POINT('',(4.45E+03,-400.,300.));
#955 = VECTOR('',#956,1.);
#956 = DIRECTION('',(0.,1.,0.));
#957 = PLANE('',#958);
#958 = AXIS2_PLACEMENT_3D('',#959,#960,#961);
#959 = CARTESIAN_POINT('',(4.45E+03,-400.,0.));
#960 = DIRECTION('',(1.,0.,0.));
#961 = DIRECTION('',(0.,0.,1.));
#962 = ADVANCED_FACE('',(#963),#979,.F.);
#963 = FACE_BOUND('',#964,.F.);
#964 = EDGE_LOOP('',(#965,#971,#972,#978));
#965 = ORIENTED_EDGE('',*,*,#966,.F.);
#966 = EDGE_CURVE('',#887,#927,#967,.T.);
#967 = LINE('',#968,#969);
#968 = CARTESIAN_POINT('',(4.35E+03,-400.,0.));
#969 = VECTOR('',#970,1.);
#970 = DIRECTION('',(1.,0.,0.));
#971 = ORIENTED_EDGE('',*,*,#886,.T.);
#972 = ORIENTED_EDGE('',*,*,#973,.T.);
#973 = EDGE_CURVE('',#889,#929,#974,.T.);
#974 = LINE('',#975,#976);
#975 = CARTESIAN_POINT('',(4.35E+03,-400.,300.));
#976 = VECTOR('',#977,1.);
#977 = DIRECTION('',(1.,0.,0.));
#978 = ORIENTED_EDGE('',*,*,#926,.F.);
#979 = PLANE('',#980);
#980 = AXIS2_PLACEMENT_3D('',#981,#982,#983);
#981 = CARTESIAN_POINT('',(4.35E+03,-400.,0.));
#982 = DIRECTION('',(0.,1.,0.));
#983 = DIRECTION('',(0.,0.,1.));
#984 = ADVANCED_FACE('',(#985),#1001,.T.);
#985 = FACE_BOUND('',#986,.T.);
#986 = EDGE_LOOP('',(#987,#993,#994,#1000));
#987 = ORIENTED_EDGE('',*,*,#988,.F.);
#988 = EDGE_CURVE('',#897,#937,#989,.T.);
#989 = LINE('',#990,#991);
#990 = CARTESIAN_POINT('',(4.35E+03,-300.,0.));
#991 = VECTOR('',#992,1.);
#992 = DIRECTION('',(1.,0.,0.));
#993 = ORIENTED_EDGE('',*,*,#904,.T.);
#994 = ORIENTED_EDGE('',*,*,#995,.T.);
#995 = EDGE_CURVE('',#905,#945,#996,.T.);
#996 = LINE('',#997,#998);
#997 = CARTESIAN_POINT('',(4.35E+03,-300.,300.));
#998 = VECTOR('',#999,1.);
#999 = DIRECTION('',(1.,0.,0.));
#1000 = ORIENTED_EDGE('',*,*,#944,.F.);
#1001 = PLANE('',#1002);
#1002 = AXIS2_PLACEMENT_3D('',#1003,#1004,#1005);
#1003 = CARTESIAN_POINT('',(4.35E+03,-300.,0.));
#1004 = DIRECTION('',(0.,1.,0.));
#1005 = DIRECTION('',(0.,0.,1.));
#1006 = ADVANCED_FACE('',(#1007),#1013,.F.);
#1007 = FACE_BOUND('',#1008,.F.);
#1008 = EDGE_LOOP('',(#1009,#1010,#1011,#1012));
#1009 = ORIENTED_EDGE('',*,*,#896,.F.);
#1010 = ORIENTED_EDGE('',*,*,#966,.T.);
#1011 = ORIENTED_EDGE('',*,*,#936,.T.);
#1012 = ORIENTED_EDGE('',*,*,#988,.F.);
#1013 = PLANE('',#1014);
#1014 = AXIS2_PLACEMENT_3D('',#1015,#1016,#1017);
#1015 = CARTESIAN_POINT('',(4.35E+03,-400.,0.));
#1016 = DIRECTION('',(0.,0.,1.));
#1017 = DIRECTION('',(1.,0.,0.));
#1018 = ADVANCED_FACE('',(#1019),#1025,.T.);
#1019 = FACE_BOUND('',#1020,.T.);
#1020 = EDGE_LOOP('',(#1021,#1022,#1023,#1024));
#1021 = ORIENTED_EDGE('',*,*,#912,.F.);
#1022 = ORIENTED_EDGE('',*,*,#973,.T.);
#1023 = ORIENTED_EDGE('',*,*,#952,.T.);
#1024 = ORIENTED_EDGE('',*,*,#995,.F.);
#1025 = PLANE('',#1026);
#1026 = AXIS2_PLACEMENT_3D('',#1027,#1028,#1029);
#1027 = CARTESIAN_POINT('',(4.35E+03,-400.,300.));
#1028 = DIRECTION('',(0.,0.,1.));
#1029 = DIRECTION('',(1.,0.,0.));
#1030 = MANIFOLD_SOLID_BREP('',#1031);
#1031 = CLOSED_SHELL('',(#1032,#1072,#1112,#1134,#1156,#1168));
#1032 = ADVANCED_FACE('',(#1033),#1067,.F.);
#1033 = FACE_BOUND('',#1034,.F.);
#1034 = EDGE_LOOP('',(#1035,#1045,#1053,#1061));
#1035 = ORIENTED_EDGE('',*,*,#1036,.F.);
#1036 = EDGE_CURVE('',#1037,#1039,#1041,.T.);
#1037 = VERTEX_POINT('',#1038);
#1038 = CARTESIAN_POINT('',(4.35E+03,300.,0.));
#1039 = VERTEX_POINT('',#1040);
#1040 = CARTESIAN_POINT('',(4.35E+03,300.,300.));
#1041 = LINE('',#1042,#1043);
#1042 = CARTESIAN_POINT('',(4.35E+03,300.,0.));
#1043 = VECTOR('',#1044,1.);
#1044 = DIRECTION('',(0.,0.,1.));
#1045 = ORIENTED_EDGE('',*,*,#1046,.T.);
#1046 = EDGE_CURVE('',#1037,#1047,#1049,.T.);
#1047 = VERTEX_POINT('',#1048);
#1048 = CARTESIAN_POINT('',(4.35E+03,400.,0.));
#1049 = LINE('',#1050,#1051);
#1050 = CARTESIAN_POINT('',(4.35E+03,300.,0.));
#1051 = VECTOR('',#1052,1.);
#1052 = DIRECTION('',(0.,1.,0.));
#1053 = ORIENTED_EDGE('',*,*,#1054,.T.);
#1054 = EDGE_CURVE('',#1047,#1055,#1057,.T.);
#1055 = VERTEX_POINT('',#1056);
#1056 = CARTESIAN_POINT('',(4.35E+03,400.,300.));
#1057 = LINE('',#1058,#1059);
#1058 = CARTESIAN_POINT('',(4.35E+03,400.,0.));
#1059 = VECTOR('',#1060,1.);
#1060 = DIRECTION('',(0.,0.,1.));
#1061 = ORIENTED_EDGE('',*,*,#1062,.F.);
#1062 = EDGE_CURVE('',#1039,#1055,#1063,.T.);
#1063 = LINE('',#1064,#1065);
#1064 = CARTESIAN_POINT('',(4.35E+03,300.,300.));
#1065 = VECTOR('',#1066,1.);
#1066 = DIRECTION('',(0.,1.,0.));
#1067 = PLANE('',#1068);
#1068 = AXIS2_PLACEMENT_3D('',#1069,#1070,#1071);
#1069 = CARTESIAN_POINT('',(4.35E+03,300.,0.));
#1070 = DIRECTION('',(1.,0.,0.));
#1071 = DIRECTION('',(0.,0.,1.));
#1072 = ADVANCED_FACE('',(#1073),#1107,.T.);
#1073 = FACE_BOUND('',#1074,.T.);
#1074 = EDGE_LOOP('',(#1075,#1085,#1093,#1101));
#1075 = ORIENTED_EDGE('',*,*,#1076,.F.);
#1076 = EDGE_CURVE('',#1077,#1079,#1081,.T.);
#1077 = VERTEX_POINT('',#1078);
#1078 = CARTESIAN_POINT('',(4.45E+03,300.,0.));
#1079 = VERTEX_POINT('',#1080);
#1080 = CARTESIAN_POINT('',(4.45E+03,300.,300.));
#1081 = LINE('',#1082,#1083);
#1082 = CARTESIAN_POINT('',(4.45E+03,300.,0.));
#1083 = VECTOR('',#1084,1.);
#1084 = DIRECTION('',(0.,0.,1.));
#1085 = ORIENTED_EDGE('',*,*,#1086,.T.);
#1086 = EDGE_CURVE('',#1077,#1087,#1089,.T.);
#1087 = VERTEX_POINT('',#1088);
#1088 = CARTESIAN_POINT('',(4.45E+03,400.,0.));
#1089 = LINE('',#1090,#1091);
#1090 = CARTESIAN_POINT('',(4.45E+03,300.,0.));
#1091 = VECTOR('',#1092,1.);
#1092 = DIRECTION('',(0.,1.,0.));
#1093 = ORIENTED_EDGE('',*,*,#1094,.T.);
#1094 = EDGE_CURVE('',#1087,#1095,#1097,.T.);
#1095 = VERTEX_POINT('',#1096);
#1096 = CARTESIAN_POINT('',(4.45E+03,400.,300.));
#1097 = LINE('',#1098,#1099);
#1098 = CARTESIAN_POINT('',(4.45E+03,400.,0.));
#1099 = VECTOR('',#1100,1.);
#1100 = DIRECTION('',(0.,0.,1.));
#1101 = ORIENTED_EDGE('',*,*,#1102,.F.);
#1102 = EDGE_CURVE('',#1079,#1095,#1103,.T.);
#1103 = LINE('',#1104,#1105);
#1104 = CARTESIAN_POINT('',(4.45E+03,300.,300.));
#1105 = VECTOR('',#1106,1.);
#1106 = DIRECTION('',(0.,1.,0.));
#1107 = PLANE('',#1108);
#1108 = AXIS2_PLACEMENT_3D('',#1109,#1110,#1111);
#1109 = CARTESIAN_POINT('',(4.45E+03,300.,0.));
#1110 = DIRECTION('',(1.,0.,0.));
#1111 = DIRECTION('',(0.,0.,1.));
#1112 = ADVANCED_FACE('',(#1113),#1129,.F.);
#1113 = FACE_BOUND('',#1114,.F.);
#1114 = EDGE_LOOP('',(#1115,#1121,#1122,#1128));
#1115 = ORIENTED_EDGE('',*,*,#1116,.F.);
#1116 = EDGE_CURVE('',#1037,#1077,#1117,.T.);
#1117 = LINE('',#1118,#1119);
#1118 = CARTESIAN_POINT('',(4.35E+03,300.,0.));
#1119 = VECTOR('',#1120,1.);
#1120 = DIRECTION('',(1.,0.,0.));
#1121 = ORIENTED_EDGE('',*,*,#1036,.T.);
#1122 = ORIENTED_EDGE('',*,*,#1123,.T.);
#1123 = EDGE_CURVE('',#1039,#1079,#1124,.T.);
#1124 = LINE('',#1125,#1126);
#1125 = CARTESIAN_POINT('',(4.35E+03,300.,300.));
#1126 = VECTOR('',#1127,1.);
#1127 = DIRECTION('',(1.,0.,0.));
#1128 = ORIENTED_EDGE('',*,*,#1076,.F.);
#1129 = PLANE('',#1130);
#1130 = AXIS2_PLACEMENT_3D('',#1131,#1132,#1133);
#1131 = CARTESIAN_POINT('',(4.35E+03,300.,0.));
#1132 = DIRECTION('',(0.,1.,0.));
#1133 = DIRECTION('',(0.,0.,1.));
#1134 = ADVANCED_FACE('',(#1135),#1151,.T.);
#1135 = FACE_BOUND('',#1136,.T.);
#1136 = EDGE_LOOP('',(#1137,#1143,#1144,#1150));
#1137 = ORIENTED_EDGE('',*,*,#1138,.F.);
#1138 = EDGE_CURVE('',#1047,#1087,#1139,.T.);
#1139 = LINE('',#1140,#1141);
#1140 = CARTESIAN_POINT('',(4.35E+03,400.,0.));
#1141 = VECTOR('',#1142,1.);
#1142 = DIRECTION('',(1.,0.,0.));
#1143 = ORIENTED_EDGE('',*,*,#1054,.T.);
#1144 = ORIENTED_EDGE('',*,*,#1145,.T.);
#1145 = EDGE_CURVE('',#1055,#1095,#1146,.T.);
#1146 = LINE('',#1147,#1148);
#1147 = CARTESIAN_POINT('',(4.35E+03,400.,300.));
#1148 = VECTOR('',#1149,1.);
#1149 = DIRECTION('',(1.,0.,0.));
#1150 = ORIENTED_EDGE('',*,*,#1094,.F.);
#1151 = PLANE('',#1152);
#1152 = AXIS2_PLACEMENT_3D('',#1153,#1154,#1155);
#1153 = CARTESIAN_POINT('',(4.35E+03,400.,0.));
#1154 = DIRECTION('',(0.,1.,0.));
#1155 = DIRECTION('',(0.,0.,1.));
#1156 = ADVANCED_FACE('',(#1157),#1163,.F.);
#1157 = FACE_BOUND('',#1158,.F.);
#1158 = EDGE_LOOP('',(#1159,#1160,#1161,#1162));
#1159 = ORIENTED_EDGE('',*,*,#1046,.F.);
#1160 = ORIENTED_EDGE('',*,*,#1116,.T.);
#1161 = ORIENTED_EDGE('',*,*,#1086,.T.);
#1162 = ORIENTED_EDGE('',*,*,#1138,.F.);
#1163 = PLANE('',#1164);
#1164 = AXIS2_PLACEMENT_3D('',#1165,#1166,#1167);
#1165 = CARTESIAN_POINT('',(4.35E+03,300.,0.));
#1166 = DIRECTION('',(0.,0.,1.));
#1167 = DIRECTION('',(1.,0.,0.));
#1168 = ADVANCED_FACE('',(#1169),#1175,.T.);
#1169 = FACE_BOUND('',#1170,.T.);
#1170 = EDGE_LOOP('',(#1171,#1172,#1173,#1174));
#1171 = ORIENTED_EDGE('',*,*,#1062,.F.);
#1172 = ORIENTED_EDGE('',*,*,#1123,.T.);
#1173 = ORIENTED_EDGE('',*,*,#1102,.T.);
#1174 = ORIENTED_EDGE('',*,*,#1145,.F.);
#1175 = PLANE('',#1176);
#1176 = AXIS2_PLACEMENT_3D('',#1177,#1178,#1179);
#1177 = CARTESIAN_POINT('',(4.35E+03,300.,300.));
#1178 = DIRECTION('',(0.,0.,1.));
#1179 = DIRECTION('',(1.,0.,0.));
#1180 = MANIFOLD_SOLID_BREP('',#1181);
#1181 = CLOSED_SHELL('',(#1182,#1215,#1224));
#1182 = ADVANCED_FACE('',(#1183),#1210,.T.);
#1183 = FACE_BOUND('',#1184,.F.);
#1184 = EDGE_LOOP('',(#1185,#1195,#1202,#1203));
#1185 = ORIENTED_EDGE('',*,*,#1186,.T.);
#1186 = EDGE_CURVE('',#1187,#1189,#1191,.T.);
#1187 = VERTEX_POINT('',#1188);
#1188 = CARTESIAN_POINT('',(3.3E+03,-1.224646799147E-14,850.));
#1189 = VERTEX_POINT('',#1190);
#1190 = CARTESIAN_POINT('',(3.5E+03,-1.224646799147E-14,850.));
#1191 = LINE('',#1192,#1193);
#1192 = CARTESIAN_POINT('',(3.3E+03,-1.224646799147E-14,850.));
#1193 = VECTOR('',#1194,1.);
#1194 = DIRECTION('',(1.,0.,2.22044604925E-16));
#1195 = ORIENTED_EDGE('',*,*,#1196,.T.);
#1196 = EDGE_CURVE('',#1189,#1189,#1197,.T.);
#1197 = CIRCLE('',#1198,50.);
#1198 = AXIS2_PLACEMENT_3D('',#1199,#1200,#1201);
#1199 = CARTESIAN_POINT('',(3.5E+03,0.,900.));
#1200 = DIRECTION('',(1.,-0.,2.22044604925E-16));
#1201 = DIRECTION('',(2.22044604925E-16,0.,-1.));
#1202 = ORIENTED_EDGE('',*,*,#1186,.F.);
#1203 = ORIENTED_EDGE('',*,*,#1204,.F.);
#1204 = EDGE_CURVE('',#1187,#1187,#1205,.T.);
#1205 = CIRCLE('',#1206,50.);
#1206 = AXIS2_PLACEMENT_3D('',#1207,#1208,#1209);
#1207 = CARTESIAN_POINT('',(3.3E+03,0.,900.));
#1208 = DIRECTION('',(1.,-0.,2.22044604925E-16));
#1209 = DIRECTION('',(2.22044604925E-16,0.,-1.));
#1210 = CYLINDRICAL_SURFACE('',#1211,50.);
#1211 = AXIS2_PLACEMENT_3D('',#1212,#1213,#1214);
#1212 = CARTESIAN_POINT('',(3.3E+03,0.,900.));
#1213 = DIRECTION('',(-1.,-0.,-2.22044604925E-16));
#1214 = DIRECTION('',(2.22044604925E-16,0.,-1.));
#1215 = ADVANCED_FACE('',(#1216),#1219,.F.);
#1216 = FACE_BOUND('',#1217,.T.);
#1217 = EDGE_LOOP('',(#1218));
#1218 = ORIENTED_EDGE('',*,*,#1204,.F.);
#1219 = PLANE('',#1220);
#1220 = AXIS2_PLACEMENT_3D('',#1221,#1222,#1223);
#1221 = CARTESIAN_POINT('',(3.3E+03,0.,900.));
#1222 = DIRECTION('',(1.,0.,2.22044604925E-16));
#1223 = DIRECTION('',(2.22044604925E-16,0.,-1.));
#1224 = ADVANCED_FACE('',(#1225),#1228,.T.);
#1225 = FACE_BOUND('',#1226,.F.);
#1226 = EDGE_LOOP('',(#1227));
#1227 = ORIENTED_EDGE('',*,*,#1196,.F.);
#1228 = PLANE('',#1229);
#1229 = AXIS2_PLACEMENT_3D('',#1230,#1231,#1232);
#1230 = CARTESIAN_POINT('',(3.5E+03,0.,900.));
#1231 = DIRECTION('',(1.,0.,2.22044604925E-16));
#1232 = DIRECTION('',(2.22044604925E-16,0.,-1.));
#1233 = MANIFOLD_SOLID_BREP('',#1234);
#1234 = CLOSED_SHELL('',(#1235,#1268,#1277));
#1235 = ADVANCED_FACE('',(#1236),#1263,.T.);
#1236 = FACE_BOUND('',#1237,.F.);
#1237 = EDGE_LOOP('',(#1238,#1248,#1255,#1256));
#1238 = ORIENTED_EDGE('',*,*,#1239,.T.);
#1239 = EDGE_CURVE('',#1240,#1242,#1244,.T.);
#1240 = VERTEX_POINT('',#1241);
#1241 = CARTESIAN_POINT('',(3.3E+03,-1.224646799147E-14,450.));
#1242 = VERTEX_POINT('',#1243);
#1243 = CARTESIAN_POINT('',(3.5E+03,-1.224646799147E-14,450.));
#1244 = LINE('',#1245,#1246);
#1245 = CARTESIAN_POINT('',(3.3E+03,-1.224646799147E-14,450.));
#1246 = VECTOR('',#1247,1.);
#1247 = DIRECTION('',(1.,0.,2.22044604925E-16));
#1248 = ORIENTED_EDGE('',*,*,#1249,.T.);
#1249 = EDGE_CURVE('',#1242,#1242,#1250,.T.);
#1250 = CIRCLE('',#1251,50.);
#1251 = AXIS2_PLACEMENT_3D('',#1252,#1253,#1254);
#1252 = CARTESIAN_POINT('',(3.5E+03,0.,500.));
#1253 = DIRECTION('',(1.,-0.,2.22044604925E-16));
#1254 = DIRECTION('',(2.22044604925E-16,0.,-1.));
#1255 = ORIENTED_EDGE('',*,*,#1239,.F.);
#1256 = ORIENTED_EDGE('',*,*,#1257,.F.);
#1257 = EDGE_CURVE('',#1240,#1240,#1258,.T.);
#1258 = CIRCLE('',#1259,50.);
#1259 = AXIS2_PLACEMENT_3D('',#1260,#1261,#1262);
#1260 = CARTESIAN_POINT('',(3.3E+03,0.,500.));
#1261 = DIRECTION('',(1.,-0.,2.22044604925E-16));
#1262 = DIRECTION('',(2.22044604925E-16,0.,-1.));
#1263 = CYLINDRICAL_SURFACE('',#1264,50.);
#1264 = AXIS2_PLACEMENT_3D('',#1265,#1266,#1267);
#1265 = CARTESIAN_POINT('',(3.3E+03,0.,500.));
#1266 = DIRECTION('',(-1.,-0.,-2.22044604925E-16));
#1267 = DIRECTION('',(2.22044604925E-16,0.,-1.));
#1268 = ADVANCED_FACE('',(#1269),#1272,.F.);
#1269 = FACE_BOUND('',#1270,.T.);
#1270 = EDGE_LOOP('',(#1271));
#1271 = ORIENTED_EDGE('',*,*,#1257,.F.);
#1272 = PLANE('',#1273);
#1273 = AXIS2_PLACEMENT_3D('',#1274,#1275,#1276);
#1274 = CARTESIAN_POINT('',(3.3E+03,0.,500.));
#1275 = DIRECTION('',(1.,0.,2.22044604925E-16));
#1276 = DIRECTION('',(2.22044604925E-16,0.,-1.));
#1277 = ADVANCED_FACE('',(#1278),#1281,.T.);
#1278 = FACE_BOUND('',#1279,.F.);
#1279 = EDGE_LOOP('',(#1280));
#1280 = ORIENTED_EDGE('',*,*,#1249,.F.);
#1281 = PLANE('',#1282);
#1282 = AXIS2_PLACEMENT_3D('',#1283,#1284,#1285);
#1283 = CARTESIAN_POINT('',(3.5E+03,0.,500.));
#1284 = DIRECTION('',(1.,0.,2.22044604925E-16));
#1285 = DIRECTION('',(2.22044604925E-16,0.,-1.));
#1286 = MANIFOLD_SOLID_BREP('',#1287);
#1287 = CLOSED_SHELL('',(#1288,#1328,#1368,#1390,#1412,#1424));
#1288 = ADVANCED_FACE('',(#1289),#1323,.F.);
#1289 = FACE_BOUND('',#1290,.F.);
#1290 = EDGE_LOOP('',(#1291,#1301,#1309,#1317));
#1291 = ORIENTED_EDGE('',*,*,#1292,.F.);
#1292 = EDGE_CURVE('',#1293,#1295,#1297,.T.);
#1293 = VERTEX_POINT('',#1294);
#1294 = CARTESIAN_POINT('',(-800.,-1.25E+03,-50.));
#1295 = VERTEX_POINT('',#1296);
#1296 = CARTESIAN_POINT('',(-800.,-1.25E+03,0.));
#1297 = LINE('',#1298,#1299);
#1298 = CARTESIAN_POINT('',(-800.,-1.25E+03,-50.));
#1299 = VECTOR('',#1300,1.);
#1300 = DIRECTION('',(0.,0.,1.));
#1301 = ORIENTED_EDGE('',*,*,#1302,.T.);
#1302 = EDGE_CURVE('',#1293,#1303,#1305,.T.);
#1303 = VERTEX_POINT('',#1304);
#1304 = CARTESIAN_POINT('',(-800.,1.25E+03,-50.));
#1305 = LINE('',#1306,#1307);
#1306 = CARTESIAN_POINT('',(-800.,-1.25E+03,-50.));
#1307 = VECTOR('',#1308,1.);
#1308 = DIRECTION('',(0.,1.,0.));
#1309 = ORIENTED_EDGE('',*,*,#1310,.T.);
#1310 = EDGE_CURVE('',#1303,#1311,#1313,.T.);
#1311 = VERTEX_POINT('',#1312);
#1312 = CARTESIAN_POINT('',(-800.,1.25E+03,0.));
#1313 = LINE('',#1314,#1315);
#1314 = CARTESIAN_POINT('',(-800.,1.25E+03,-50.));
#1315 = VECTOR('',#1316,1.);
#1316 = DIRECTION('',(0.,0.,1.));
#1317 = ORIENTED_EDGE('',*,*,#1318,.F.);
#1318 = EDGE_CURVE('',#1295,#1311,#1319,.T.);
#1319 = LINE('',#1320,#1321);
#1320 = CARTESIAN_POINT('',(-800.,-1.25E+03,0.));
#1321 = VECTOR('',#1322,1.);
#1322 = DIRECTION('',(0.,1.,0.));
#1323 = PLANE('',#1324);
#1324 = AXIS2_PLACEMENT_3D('',#1325,#1326,#1327);
#1325 = CARTESIAN_POINT('',(-800.,-1.25E+03,-50.));
#1326 = DIRECTION('',(1.,0.,0.));
#1327 = DIRECTION('',(0.,0.,1.));
#1328 = ADVANCED_FACE('',(#1329),#1363,.T.);
#1329 = FACE_BOUND('',#1330,.T.);
#1330 = EDGE_LOOP('',(#1331,#1341,#1349,#1357));
#1331 = ORIENTED_EDGE('',*,*,#1332,.F.);
#1332 = EDGE_CURVE('',#1333,#1335,#1337,.T.);
#1333 = VERTEX_POINT('',#1334);
#1334 = CARTESIAN_POINT('',(4.7E+03,-1.25E+03,-50.));
#1335 = VERTEX_POINT('',#1336);
#1336 = CARTESIAN_POINT('',(4.7E+03,-1.25E+03,0.));
#1337 = LINE('',#1338,#1339);
#1338 = CARTESIAN_POINT('',(4.7E+03,-1.25E+03,-50.));
#1339 = VECTOR('',#1340,1.);
#1340 = DIRECTION('',(0.,0.,1.));
#1341 = ORIENTED_EDGE('',*,*,#1342,.T.);
#1342 = EDGE_CURVE('',#1333,#1343,#1345,.T.);
#1343 = VERTEX_POINT('',#1344);
#1344 = CARTESIAN_POINT('',(4.7E+03,1.25E+03,-50.));
#1345 = LINE('',#1346,#1347);
#1346 = CARTESIAN_POINT('',(4.7E+03,-1.25E+03,-50.));
#1347 = VECTOR('',#1348,1.);
#1348 = DIRECTION('',(0.,1.,0.));
#1349 = ORIENTED_EDGE('',*,*,#1350,.T.);
#1350 = EDGE_CURVE('',#1343,#1351,#1353,.T.);
#1351 = VERTEX_POINT('',#1352);
#1352 = CARTESIAN_POINT('',(4.7E+03,1.25E+03,0.));
#1353 = LINE('',#1354,#1355);
#1354 = CARTESIAN_POINT('',(4.7E+03,1.25E+03,-50.));
#1355 = VECTOR('',#1356,1.);
#1356 = DIRECTION('',(0.,0.,1.));
#1357 = ORIENTED_EDGE('',*,*,#1358,.F.);
#1358 = EDGE_CURVE('',#1335,#1351,#1359,.T.);
#1359 = LINE('',#1360,#1361);
#1360 = CARTESIAN_POINT('',(4.7E+03,-1.25E+03,0.));
#1361 = VECTOR('',#1362,1.);
#1362 = DIRECTION('',(0.,1.,0.));
#1363 = PLANE('',#1364);
#1364 = AXIS2_PLACEMENT_3D('',#1365,#1366,#1367);
#1365 = CARTESIAN_POINT('',(4.7E+03,-1.25E+03,-50.));
#1366 = DIRECTION('',(1.,0.,0.));
#1367 = DIRECTION('',(0.,0.,1.));
#1368 = ADVANCED_FACE('',(#1369),#1385,.F.);
#1369 = FACE_BOUND('',#1370,.F.);
#1370 = EDGE_LOOP('',(#1371,#1377,#1378,#1384));
#1371 = ORIENTED_EDGE('',*,*,#1372,.F.);
#1372 = EDGE_CURVE('',#1293,#1333,#1373,.T.);
#1373 = LINE('',#1374,#1375);
#1374 = CARTESIAN_POINT('',(-800.,-1.25E+03,-50.));
#1375 = VECTOR('',#1376,1.);
#1376 = DIRECTION('',(1.,0.,0.));
#1377 = ORIENTED_EDGE('',*,*,#1292,.T.);
#1378 = ORIENTED_EDGE('',*,*,#1379,.T.);
#1379 = EDGE_CURVE('',#1295,#1335,#1380,.T.);
#1380 = LINE('',#1381,#1382);
#1381 = CARTESIAN_POINT('',(-800.,-1.25E+03,0.));
#1382 = VECTOR('',#1383,1.);
#1383 = DIRECTION('',(1.,0.,0.));
#1384 = ORIENTED_EDGE('',*,*,#1332,.F.);
#1385 = PLANE('',#1386);
#1386 = AXIS2_PLACEMENT_3D('',#1387,#1388,#1389);
#1387 = CARTESIAN_POINT('',(-800.,-1.25E+03,-50.));
#1388 = DIRECTION('',(0.,1.,0.));
#1389 = DIRECTION('',(0.,0.,1.));
#1390 = ADVANCED_FACE('',(#1391),#1407,.T.);
#1391 = FACE_BOUND('',#1392,.T.);
#1392 = EDGE_LOOP('',(#1393,#1399,#1400,#1406));
#1393 = ORIENTED_EDGE('',*,*,#1394,.F.);
#1394 = EDGE_CURVE('',#1303,#1343,#1395,.T.);
#1395 = LINE('',#1396,#1397);
#1396 = CARTESIAN_POINT('',(-800.,1.25E+03,-50.));
#1397 = VECTOR('',#1398,1.);
#1398 = DIRECTION('',(1.,0.,0.));
#1399 = ORIENTED_EDGE('',*,*,#1310,.T.);
#1400 = ORIENTED_EDGE('',*,*,#1401,.T.);
#1401 = EDGE_CURVE('',#1311,#1351,#1402,.T.);
#1402 = LINE('',#1403,#1404);
#1403 = CARTESIAN_POINT('',(-800.,1.25E+03,0.));
#1404 = VECTOR('',#1405,1.);
#1405 = DIRECTION('',(1.,0.,0.));
#1406 = ORIENTED_EDGE('',*,*,#1350,.F.);
#1407 = PLANE('',#1408);
#1408 = AXIS2_PLACEMENT_3D('',#1409,#1410,#1411);
#1409 = CARTESIAN_POINT('',(-800.,1.25E+03,-50.));
#1410 = DIRECTION('',(0.,1.,0.));
#1411 = DIRECTION('',(0.,0.,1.));
#1412 = ADVANCED_FACE('',(#1413),#1419,.F.);
#1413 = FACE_BOUND('',#1414,.F.);
#1414 = EDGE_LOOP('',(#1415,#1416,#1417,#1418));
#1415 = ORIENTED_EDGE('',*,*,#1302,.F.);
#1416 = ORIENTED_EDGE('',*,*,#1372,.T.);
#1417 = ORIENTED_EDGE('',*,*,#1342,.T.);
#1418 = ORIENTED_EDGE('',*,*,#1394,.F.);
#1419 = PLANE('',#1420);
#1420 = AXIS2_PLACEMENT_3D('',#1421,#1422,#1423);
#1421 = CARTESIAN_POINT('',(-800.,-1.25E+03,-50.));
#1422 = DIRECTION('',(0.,0.,1.));
#1423 = DIRECTION('',(1.,0.,0.));
#1424 = ADVANCED_FACE('',(#1425),#1431,.T.);
#1425 = FACE_BOUND('',#1426,.T.);
#1426 = EDGE_LOOP('',(#1427,#1428,#1429,#1430));
#1427 = ORIENTED_EDGE('',*,*,#1318,.F.);
#1428 = ORIENTED_EDGE('',*,*,#1379,.T.);
#1429 = ORIENTED_EDGE('',*,*,#1358,.T.);
#1430 = ORIENTED_EDGE('',*,*,#1401,.F.);
#1431 = PLANE('',#1432);
#1432 = AXIS2_PLACEMENT_3D('',#1433,#1434,#1435);
#1433 = CARTESIAN_POINT('',(-800.,-1.25E+03,0.));
#1434 = DIRECTION('',(0.,0.,1.));
#1435 = DIRECTION('',(1.,0.,0.));
#1436 = MANIFOLD_SOLID_BREP('',#1437);
#1437 = CLOSED_SHELL('',(#1438,#1471,#1491,#1511));
#1438 = ADVANCED_FACE('',(#1439),#1466,.T.);
#1439 = FACE_BOUND('',#1440,.T.);
#1440 = EDGE_LOOP('',(#1441,#1450,#1458,#1465));
#1441 = ORIENTED_EDGE('',*,*,#1442,.F.);
#1442 = EDGE_CURVE('',#1443,#1443,#1445,.T.);
#1443 = VERTEX_POINT('',#1444);
#1444 = CARTESIAN_POINT('',(401.,1.399771291425E-14,437.15));
#1445 = CIRCLE('',#1446,57.15);
#1446 = AXIS2_PLACEMENT_3D('',#1447,#1448,#1449);
#1447 = CARTESIAN_POINT('',(401.,0.,380.));
#1448 = DIRECTION('',(1.,0.,-0.));
#1449 = DIRECTION('',(0.,0.,1.));
#1450 = ORIENTED_EDGE('',*,*,#1451,.F.);
#1451 = EDGE_CURVE('',#1452,#1443,#1454,.T.);
#1452 = VERTEX_POINT('',#1453);
#1453 = CARTESIAN_POINT('',(400.,1.399771291425E-14,437.15));
#1454 = LINE('',#1455,#1456);
#1455 = CARTESIAN_POINT('',(400.,1.399771291425E-14,437.15));
#1456 = VECTOR('',#1457,1.);
#1457 = DIRECTION('',(1.,0.,0.));
#1458 = ORIENTED_EDGE('',*,*,#1459,.T.);
#1459 = EDGE_CURVE('',#1452,#1452,#1460,.T.);
#1460 = CIRCLE('',#1461,57.15);
#1461 = AXIS2_PLACEMENT_3D('',#1462,#1463,#1464);
#1462 = CARTESIAN_POINT('',(400.,0.,380.));
#1463 = DIRECTION('',(1.,0.,-0.));
#1464 = DIRECTION('',(0.,0.,1.));
#1465 = ORIENTED_EDGE('',*,*,#1451,.T.);
#1466 = CYLINDRICAL_SURFACE('',#1467,57.15);
#1467 = AXIS2_PLACEMENT_3D('',#1468,#1469,#1470);
#1468 = CARTESIAN_POINT('',(400.,0.,380.));
#1469 = DIRECTION('',(1.,0.,0.));
#1470 = DIRECTION('',(0.,0.,1.));
#1471 = ADVANCED_FACE('',(#1472,#1475),#1486,.T.);
#1472 = FACE_BOUND('',#1473,.T.);
#1473 = EDGE_LOOP('',(#1474));
#1474 = ORIENTED_EDGE('',*,*,#1442,.T.);
#1475 = FACE_BOUND('',#1476,.T.);
#1476 = EDGE_LOOP('',(#1477));
#1477 = ORIENTED_EDGE('',*,*,#1478,.F.);
#1478 = EDGE_CURVE('',#1479,#1479,#1481,.T.);
#1479 = VERTEX_POINT('',#1480);
#1480 = CARTESIAN_POINT('',(401.,1.325067836677E-14,434.1));
#1481 = CIRCLE('',#1482,54.1);
#1482 = AXIS2_PLACEMENT_3D('',#1483,#1484,#1485);
#1483 = CARTESIAN_POINT('',(401.,0.,380.));
#1484 = DIRECTION('',(1.,0.,-0.));
#1485 = DIRECTION('',(0.,0.,1.));
#1486 = PLANE('',#1487);
#1487 = AXIS2_PLACEMENT_3D('',#1488,#1489,#1490);
#1488 = CARTESIAN_POINT('',(401.,0.,380.));
#1489 = DIRECTION('',(1.,0.,0.));
#1490 = DIRECTION('',(0.,0.,1.));
#1491 = ADVANCED_FACE('',(#1492,#1495),#1506,.F.);
#1492 = FACE_BOUND('',#1493,.F.);
#1493 = EDGE_LOOP('',(#1494));
#1494 = ORIENTED_EDGE('',*,*,#1459,.T.);
#1495 = FACE_BOUND('',#1496,.F.);
#1496 = EDGE_LOOP('',(#1497));
#1497 = ORIENTED_EDGE('',*,*,#1498,.F.);
#1498 = EDGE_CURVE('',#1499,#1499,#1501,.T.);
#1499 = VERTEX_POINT('',#1500);
#1500 = CARTESIAN_POINT('',(400.,1.325067836677E-14,434.1));
#1501 = CIRCLE('',#1502,54.1);
#1502 = AXIS2_PLACEMENT_3D('',#1503,#1504,#1505);
#1503 = CARTESIAN_POINT('',(400.,0.,380.));
#1504 = DIRECTION('',(1.,0.,-0.));
#1505 = DIRECTION('',(0.,0.,1.));
#1506 = PLANE('',#1507);
#1507 = AXIS2_PLACEMENT_3D('',#1508,#1509,#1510);
#1508 = CARTESIAN_POINT('',(400.,0.,380.));
#1509 = DIRECTION('',(1.,0.,0.));
#1510 = DIRECTION('',(0.,0.,1.));
#1511 = ADVANCED_FACE('',(#1512),#1523,.F.);
#1512 = FACE_BOUND('',#1513,.F.);
#1513 = EDGE_LOOP('',(#1514,#1515,#1521,#1522));
#1514 = ORIENTED_EDGE('',*,*,#1478,.F.);
#1515 = ORIENTED_EDGE('',*,*,#1516,.F.);
#1516 = EDGE_CURVE('',#1499,#1479,#1517,.T.);
#1517 = LINE('',#1518,#1519);
#1518 = CARTESIAN_POINT('',(400.,1.325067836677E-14,434.1));
#1519 = VECTOR('',#1520,1.);
#1520 = DIRECTION('',(1.,0.,0.));
#1521 = ORIENTED_EDGE('',*,*,#1498,.T.);
#1522 = ORIENTED_EDGE('',*,*,#1516,.T.);
#1523 = CYLINDRICAL_SURFACE('',#1524,54.1);
#1524 = AXIS2_PLACEMENT_3D('',#1525,#1526,#1527);
#1525 = CARTESIAN_POINT('',(400.,0.,380.));
#1526 = DIRECTION('',(1.,0.,0.));
#1527 = DIRECTION('',(0.,0.,1.));
#1528 = MANIFOLD_SOLID_BREP('',#1529);
#1529 = CLOSED_SHELL('',(#1530,#1564,#1584,#1604));
#1530 = ADVANCED_FACE('',(#1531),#1559,.T.);
#1531 = FACE_BOUND('',#1532,.T.);
#1532 = EDGE_LOOP('',(#1533,#1544,#1551,#1552));
#1533 = ORIENTED_EDGE('',*,*,#1534,.T.);
#1534 = EDGE_CURVE('',#1535,#1537,#1539,.T.);
#1535 = VERTEX_POINT('',#1536);
#1536 = CARTESIAN_POINT('',(401.,57.15,380.));
#1537 = VERTEX_POINT('',#1538);
#1538 = CARTESIAN_POINT('',(549.63108565921,57.15,465.98712574595));
#1539 = CIRCLE('',#1540,171.45);
#1540 = AXIS2_PLACEMENT_3D('',#1541,#1542,#1543);
#1541 = CARTESIAN_POINT('',(401.,57.15,551.45));
#1542 = DIRECTION('',(0.,-1.,0.));
#1543 = DIRECTION('',(0.,0.,-1.));
#1544 = ORIENTED_EDGE('',*,*,#1545,.T.);
#1545 = EDGE_CURVE('',#1537,#1537,#1546,.T.);
#1546 = CIRCLE('',#1547,57.15);
#1547 = AXIS2_PLACEMENT_3D('',#1548,#1549,#1550);
#1548 = CARTESIAN_POINT('',(549.63108565921,0.,465.98712574595));
#1549 = DIRECTION('',(-0.498471124258,-0.,-0.866906303058));
#1550 = DIRECTION('',(0.866906303058,0.,-0.498471124258));
#1551 = ORIENTED_EDGE('',*,*,#1534,.F.);
#1552 = ORIENTED_EDGE('',*,*,#1553,.F.);
#1553 = EDGE_CURVE('',#1535,#1535,#1554,.T.);
#1554 = CIRCLE('',#1555,57.15);
#1555 = AXIS2_PLACEMENT_3D('',#1556,#1557,#1558);
#1556 = CARTESIAN_POINT('',(401.,0.,380.));
#1557 = DIRECTION('',(-1.,-0.,-0.));
#1558 = DIRECTION('',(0.,0.,-1.));
#1559 = TOROIDAL_SURFACE('',#1560,171.45,57.15);
#1560 = AXIS2_PLACEMENT_3D('',#1561,#1562,#1563);
#1561 = CARTESIAN_POINT('',(401.,0.,551.45));
#1562 = DIRECTION('',(0.,-1.,0.));
#1563 = DIRECTION('',(0.,0.,-1.));
#1564 = ADVANCED_FACE('',(#1565,#1568),#1579,.F.);
#1565 = FACE_BOUND('',#1566,.F.);
#1566 = EDGE_LOOP('',(#1567));
#1567 = ORIENTED_EDGE('',*,*,#1553,.F.);
#1568 = FACE_BOUND('',#1569,.F.);
#1569 = EDGE_LOOP('',(#1570));
#1570 = ORIENTED_EDGE('',*,*,#1571,.T.);
#1571 = EDGE_CURVE('',#1572,#1572,#1574,.T.);
#1572 = VERTEX_POINT('',#1573);
#1573 = CARTESIAN_POINT('',(401.,54.1,380.));
#1574 = CIRCLE('',#1575,54.1);
#1575 = AXIS2_PLACEMENT_3D('',#1576,#1577,#1578);
#1576 = CARTESIAN_POINT('',(401.,0.,380.));
#1577 = DIRECTION('',(-1.,-0.,-0.));
#1578 = DIRECTION('',(0.,0.,-1.));
#1579 = PLANE('',#1580);
#1580 = AXIS2_PLACEMENT_3D('',#1581,#1582,#1583);
#1581 = CARTESIAN_POINT('',(401.,1.615089952161E-14,380.));
#1582 = DIRECTION('',(1.,0.,0.));
#1583 = DIRECTION('',(0.,0.,1.));
#1584 = ADVANCED_FACE('',(#1585,#1588),#1599,.T.);
#1585 = FACE_BOUND('',#1586,.T.);
#1586 = EDGE_LOOP('',(#1587));
#1587 = ORIENTED_EDGE('',*,*,#1545,.F.);
#1588 = FACE_BOUND('',#1589,.T.);
#1589 = EDGE_LOOP('',(#1590));
#1590 = ORIENTED_EDGE('',*,*,#1591,.T.);
#1591 = EDGE_CURVE('',#1592,#1592,#1594,.T.);
#1592 = VERTEX_POINT('',#1593);
#1593 = CARTESIAN_POINT('',(549.63108565921,54.1,465.98712574595));
#1594 = CIRCLE('',#1595,54.1);
#1595 = AXIS2_PLACEMENT_3D('',#1596,#1597,#1598);
#1596 = CARTESIAN_POINT('',(549.63108565921,0.,465.98712574595));
#1597 = DIRECTION('',(-0.498471124258,-0.,-0.866906303058));
#1598 = DIRECTION('',(0.866906303058,0.,-0.498471124258));
#1599 = PLANE('',#1600);
#1600 = AXIS2_PLACEMENT_3D('',#1601,#1602,#1603);
#1601 = CARTESIAN_POINT('',(549.63108565921,1.461955799086E-14,
    465.98712574595));
#1602 = DIRECTION('',(0.498471124258,1.746514305307E-16,0.866906303058)
  );
#1603 = DIRECTION('',(0.866906303058,-6.980736406229E-33,-0.498471124258
    ));
#1604 = ADVANCED_FACE('',(#1605),#1617,.F.);
#1605 = FACE_BOUND('',#1606,.F.);
#1606 = EDGE_LOOP('',(#1607,#1614,#1615,#1616));
#1607 = ORIENTED_EDGE('',*,*,#1608,.T.);
#1608 = EDGE_CURVE('',#1572,#1592,#1609,.T.);
#1609 = CIRCLE('',#1610,171.45);
#1610 = AXIS2_PLACEMENT_3D('',#1611,#1612,#1613);
#1611 = CARTESIAN_POINT('',(401.,54.1,551.45));
#1612 = DIRECTION('',(0.,-1.,0.));
#1613 = DIRECTION('',(0.,0.,-1.));
#1614 = ORIENTED_EDGE('',*,*,#1591,.T.);
#1615 = ORIENTED_EDGE('',*,*,#1608,.F.);
#1616 = ORIENTED_EDGE('',*,*,#1571,.F.);
#1617 = TOROIDAL_SURFACE('',#1618,171.45,54.1);
#1618 = AXIS2_PLACEMENT_3D('',#1619,#1620,#1621);
#1619 = CARTESIAN_POINT('',(401.,0.,551.45));
#1620 = DIRECTION('',(0.,-1.,0.));
#1621 = DIRECTION('',(0.,0.,-1.));
#1622 = MANIFOLD_SOLID_BREP('',#1623);
#1623 = CLOSED_SHELL('',(#1624,#1657,#1677,#1697));
#1624 = ADVANCED_FACE('',(#1625),#1652,.T.);
#1625 = FACE_BOUND('',#1626,.T.);
#1626 = EDGE_LOOP('',(#1627,#1636,#1644,#1651));
#1627 = ORIENTED_EDGE('',*,*,#1628,.F.);
#1628 = EDGE_CURVE('',#1629,#1629,#1631,.T.);
#1629 = VERTEX_POINT('',#1630);
#1630 = CARTESIAN_POINT('',(824.0864765107,-1.399771291425E-14,
    828.65027600634));
#1631 = CIRCLE('',#1632,57.15);
#1632 = AXIS2_PLACEMENT_3D('',#1633,#1634,#1635);
#1633 = CARTESIAN_POINT('',(774.54278129096,0.,857.13790075769));
#1634 = DIRECTION('',(0.498471124258,-0.,0.866906303058));
#1635 = DIRECTION('',(0.866906303058,0.,-0.498471124258));
#1636 = ORIENTED_EDGE('',*,*,#1637,.F.);
#1637 = EDGE_CURVE('',#1638,#1629,#1640,.T.);
#1638 = VERTEX_POINT('',#1639);
#1639 = CARTESIAN_POINT('',(599.17478087895,-1.399771291425E-14,
    437.4995009946));
#1640 = LINE('',#1641,#1642);
#1641 = CARTESIAN_POINT('',(599.17478087895,-1.399771291425E-14,
    437.4995009946));
#1642 = VECTOR('',#1643,1.);
#1643 = DIRECTION('',(0.498471124258,-8.64576116817E-33,0.866906303058)
  );
#1644 = ORIENTED_EDGE('',*,*,#1645,.T.);
#1645 = EDGE_CURVE('',#1638,#1638,#1646,.T.);
#1646 = CIRCLE('',#1647,57.15);
#1647 = AXIS2_PLACEMENT_3D('',#1648,#1649,#1650);
#1648 = CARTESIAN_POINT('',(549.63108565921,0.,465.98712574595));
#1649 = DIRECTION('',(0.498471124258,-0.,0.866906303058));
#1650 = DIRECTION('',(0.866906303058,0.,-0.498471124258));
#1651 = ORIENTED_EDGE('',*,*,#1637,.T.);
#1652 = CYLINDRICAL_SURFACE('',#1653,57.15);
#1653 = AXIS2_PLACEMENT_3D('',#1654,#1655,#1656);
#1654 = CARTESIAN_POINT('',(549.63108565921,0.,465.98712574595));
#1655 = DIRECTION('',(0.498471124258,0.,0.866906303058));
#1656 = DIRECTION('',(0.866906303058,0.,-0.498471124258));
#1657 = ADVANCED_FACE('',(#1658,#1661),#1672,.T.);
#1658 = FACE_BOUND('',#1659,.T.);
#1659 = EDGE_LOOP('',(#1660));
#1660 = ORIENTED_EDGE('',*,*,#1628,.T.);
#1661 = FACE_BOUND('',#1662,.T.);
#1662 = EDGE_LOOP('',(#1663));
#1663 = ORIENTED_EDGE('',*,*,#1664,.F.);
#1664 = EDGE_CURVE('',#1665,#1665,#1667,.T.);
#1665 = VERTEX_POINT('',#1666);
#1666 = CARTESIAN_POINT('',(821.44241228637,-1.325067836677E-14,
    830.17061293533));
#1667 = CIRCLE('',#1668,54.1);
#1668 = AXIS2_PLACEMENT_3D('',#1669,#1670,#1671);
#1669 = CARTESIAN_POINT('',(774.54278129096,0.,857.13790075769));
#1670 = DIRECTION('',(0.498471124258,-0.,0.866906303058));
#1671 = DIRECTION('',(0.866906303058,0.,-0.498471124258));
#1672 = PLANE('',#1673);
#1673 = AXIS2_PLACEMENT_3D('',#1674,#1675,#1676);
#1674 = CARTESIAN_POINT('',(774.54278129096,0.,857.13790075769));
#1675 = DIRECTION('',(0.498471124258,0.,0.866906303058));
#1676 = DIRECTION('',(0.866906303058,0.,-0.498471124258));
#1677 = ADVANCED_FACE('',(#1678,#1681),#1692,.F.);
#1678 = FACE_BOUND('',#1679,.F.);
#1679 = EDGE_LOOP('',(#1680));
#1680 = ORIENTED_EDGE('',*,*,#1645,.T.);
#1681 = FACE_BOUND('',#1682,.F.);
#1682 = EDGE_LOOP('',(#1683));
#1683 = ORIENTED_EDGE('',*,*,#1684,.F.);
#1684 = EDGE_CURVE('',#1685,#1685,#1687,.T.);
#1685 = VERTEX_POINT('',#1686);
#1686 = CARTESIAN_POINT('',(596.53071665462,-1.325067836677E-14,
    439.01983792358));
#1687 = CIRCLE('',#1688,54.1);
#1688 = AXIS2_PLACEMENT_3D('',#1689,#1690,#1691);
#1689 = CARTESIAN_POINT('',(549.63108565921,0.,465.98712574595));
#1690 = DIRECTION('',(0.498471124258,-0.,0.866906303058));
#1691 = DIRECTION('',(0.866906303058,0.,-0.498471124258));
#1692 = PLANE('',#1693);
#1693 = AXIS2_PLACEMENT_3D('',#1694,#1695,#1696);
#1694 = CARTESIAN_POINT('',(549.63108565921,0.,465.98712574595));
#1695 = DIRECTION('',(0.498471124258,0.,0.866906303058));
#1696 = DIRECTION('',(0.866906303058,0.,-0.498471124258));
#1697 = ADVANCED_FACE('',(#1698),#1709,.F.);
#1698 = FACE_BOUND('',#1699,.F.);
#1699 = EDGE_LOOP('',(#1700,#1701,#1707,#1708));
#1700 = ORIENTED_EDGE('',*,*,#1664,.F.);
#1701 = ORIENTED_EDGE('',*,*,#1702,.F.);
#1702 = EDGE_CURVE('',#1685,#1665,#1703,.T.);
#1703 = LINE('',#1704,#1705);
#1704 = CARTESIAN_POINT('',(596.53071665462,-1.325067836677E-14,
    439.01983792358));
#1705 = VECTOR('',#1706,1.);
#1706 = DIRECTION('',(0.498471124258,-8.64576116817E-33,0.866906303058)
  );
#1707 = ORIENTED_EDGE('',*,*,#1684,.T.);
#1708 = ORIENTED_EDGE('',*,*,#1702,.T.);
#1709 = CYLINDRICAL_SURFACE('',#1710,54.1);
#1710 = AXIS2_PLACEMENT_3D('',#1711,#1712,#1713);
#1711 = CARTESIAN_POINT('',(549.63108565921,0.,465.98712574595));
#1712 = DIRECTION('',(0.498471124258,0.,0.866906303058));
#1713 = DIRECTION('',(0.866906303058,0.,-0.498471124258));
#1714 = MANIFOLD_SOLID_BREP('',#1715);
#1715 = CLOSED_SHELL('',(#1716,#1750,#1770,#1790));
#1716 = ADVANCED_FACE('',(#1717),#1745,.T.);
#1717 = FACE_BOUND('',#1718,.T.);
#1718 = EDGE_LOOP('',(#1719,#1730,#1737,#1738));
#1719 = ORIENTED_EDGE('',*,*,#1720,.T.);
#1720 = EDGE_CURVE('',#1721,#1723,#1725,.T.);
#1721 = VERTEX_POINT('',#1722);
#1722 = CARTESIAN_POINT('',(824.0864765107,0.,828.65027600634));
#1723 = VERTEX_POINT('',#1724);
#1724 = CARTESIAN_POINT('',(921.23424490358,0.,885.95856804098));
#1725 = CIRCLE('',#1726,114.3);
#1726 = AXIS2_PLACEMENT_3D('',#1727,#1728,#1729);
#1727 = CARTESIAN_POINT('',(923.17386695018,-8.052222400034E-14,
    771.67502650364));
#1728 = DIRECTION('',(0.,1.,-0.));
#1729 = DIRECTION('',(-0.866906303058,0.,0.498471124258));
#1730 = ORIENTED_EDGE('',*,*,#1731,.T.);
#1731 = EDGE_CURVE('',#1723,#1723,#1732,.T.);
#1732 = CIRCLE('',#1733,57.15);
#1733 = AXIS2_PLACEMENT_3D('',#1734,#1735,#1736);
#1734 = CARTESIAN_POINT('',(920.26443388029,0.,943.10033880965));
#1735 = DIRECTION('',(-0.999856006451,0.,-1.696957171123E-02));
#1736 = DIRECTION('',(-1.696957171123E-02,0.,0.999856006451));
#1737 = ORIENTED_EDGE('',*,*,#1720,.F.);
#1738 = ORIENTED_EDGE('',*,*,#1739,.F.);
#1739 = EDGE_CURVE('',#1721,#1721,#1740,.T.);
#1740 = CIRCLE('',#1741,57.15);
#1741 = AXIS2_PLACEMENT_3D('',#1742,#1743,#1744);
#1742 = CARTESIAN_POINT('',(774.54278129096,0.,857.13790075769));
#1743 = DIRECTION('',(-0.498471124258,0.,-0.866906303058));
#1744 = DIRECTION('',(-0.866906303058,0.,0.498471124258));
#1745 = TOROIDAL_SURFACE('',#1746,171.45,57.15);
#1746 = AXIS2_PLACEMENT_3D('',#1747,#1748,#1749);
#1747 = CARTESIAN_POINT('',(923.17386695018,0.,771.67502650364));
#1748 = DIRECTION('',(0.,1.,0.));
#1749 = DIRECTION('',(-0.866906303058,0.,0.498471124258));
#1750 = ADVANCED_FACE('',(#1751,#1754),#1765,.F.);
#1751 = FACE_BOUND('',#1752,.F.);
#1752 = EDGE_LOOP('',(#1753));
#1753 = ORIENTED_EDGE('',*,*,#1739,.F.);
#1754 = FACE_BOUND('',#1755,.F.);
#1755 = EDGE_LOOP('',(#1756));
#1756 = ORIENTED_EDGE('',*,*,#1757,.T.);
#1757 = EDGE_CURVE('',#1758,#1758,#1760,.T.);
#1758 = VERTEX_POINT('',#1759);
#1759 = CARTESIAN_POINT('',(821.44241228637,0.,830.17061293533));
#1760 = CIRCLE('',#1761,54.1);
#1761 = AXIS2_PLACEMENT_3D('',#1762,#1763,#1764);
#1762 = CARTESIAN_POINT('',(774.54278129096,0.,857.13790075769));
#1763 = DIRECTION('',(-0.498471124258,0.,-0.866906303058));
#1764 = DIRECTION('',(-0.866906303058,0.,0.498471124258));
#1765 = PLANE('',#1766);
#1766 = AXIS2_PLACEMENT_3D('',#1767,#1768,#1769);
#1767 = CARTESIAN_POINT('',(774.54278129096,-1.633433246109E-15,
    857.13790075769));
#1768 = DIRECTION('',(0.498471124258,1.005839352275E-15,0.866906303058)
  );
#1769 = DIRECTION('',(0.866906303058,-1.431339636297E-32,-0.498471124258
    ));
#1770 = ADVANCED_FACE('',(#1771,#1774),#1785,.T.);
#1771 = FACE_BOUND('',#1772,.T.);
#1772 = EDGE_LOOP('',(#1773));
#1773 = ORIENTED_EDGE('',*,*,#1731,.F.);
#1774 = FACE_BOUND('',#1775,.T.);
#1775 = EDGE_LOOP('',(#1776));
#1776 = ORIENTED_EDGE('',*,*,#1777,.T.);
#1777 = EDGE_CURVE('',#1778,#1778,#1780,.T.);
#1778 = VERTEX_POINT('',#1779);
#1779 = CARTESIAN_POINT('',(921.18248770986,0.,889.00812886065));
#1780 = CIRCLE('',#1781,54.1);
#1781 = AXIS2_PLACEMENT_3D('',#1782,#1783,#1784);
#1782 = CARTESIAN_POINT('',(920.26443388029,0.,943.10033880965));
#1783 = DIRECTION('',(-0.999856006451,0.,-1.696957171123E-02));
#1784 = DIRECTION('',(-1.696957171123E-02,0.,0.999856006451));
#1785 = PLANE('',#1786);
#1786 = AXIS2_PLACEMENT_3D('',#1787,#1788,#1789);
#1787 = CARTESIAN_POINT('',(920.26443388029,-3.021847797387E-15,
    943.10033880965));
#1788 = DIRECTION('',(0.999856006451,0.,1.696957171123E-02));
#1789 = DIRECTION('',(-1.696957171123E-02,0.,0.999856006451));
#1790 = ADVANCED_FACE('',(#1791),#1803,.F.);
#1791 = FACE_BOUND('',#1792,.F.);
#1792 = EDGE_LOOP('',(#1793,#1800,#1801,#1802));
#1793 = ORIENTED_EDGE('',*,*,#1794,.T.);
#1794 = EDGE_CURVE('',#1758,#1778,#1795,.T.);
#1795 = CIRCLE('',#1796,117.35);
#1796 = AXIS2_PLACEMENT_3D('',#1797,#1798,#1799);
#1797 = CARTESIAN_POINT('',(923.17386695018,-7.622488746139E-14,
    771.67502650364));
#1798 = DIRECTION('',(0.,1.,-0.));
#1799 = DIRECTION('',(-0.866906303058,0.,0.498471124258));
#1800 = ORIENTED_EDGE('',*,*,#1777,.T.);
#1801 = ORIENTED_EDGE('',*,*,#1794,.F.);
#1802 = ORIENTED_EDGE('',*,*,#1757,.F.);
#1803 = TOROIDAL_SURFACE('',#1804,171.45,54.1);
#1804 = AXIS2_PLACEMENT_3D('',#1805,#1806,#1807);
#1805 = CARTESIAN_POINT('',(923.17386695018,0.,771.67502650364));
#1806 = DIRECTION('',(0.,1.,0.));
#1807 = DIRECTION('',(-0.866906303058,0.,0.498471124258));
#1808 = MANIFOLD_SOLID_BREP('',#1809);
#1809 = CLOSED_SHELL('',(#1810,#1843,#1863,#1883));
#1810 = ADVANCED_FACE('',(#1811),#1838,.T.);
#1811 = FACE_BOUND('',#1812,.T.);
#1812 = EDGE_LOOP('',(#1813,#1822,#1830,#1837));
#1813 = ORIENTED_EDGE('',*,*,#1814,.F.);
#1814 = EDGE_CURVE('',#1815,#1815,#1817,.T.);
#1815 = VERTEX_POINT('',#1816);
#1816 = CARTESIAN_POINT('',(3.297613616204E+03,1.399771291425E-14,
    1.040606976569E+03));
#1817 = CIRCLE('',#1818,57.15);
#1818 = AXIS2_PLACEMENT_3D('',#1819,#1820,#1821);
#1819 = CARTESIAN_POINT('',(3.298583427227E+03,0.,983.46520579988));
#1820 = DIRECTION('',(0.999856006451,0.,1.696957171123E-02));
#1821 = DIRECTION('',(-1.696957171123E-02,0.,0.999856006451));
#1822 = ORIENTED_EDGE('',*,*,#1823,.F.);
#1823 = EDGE_CURVE('',#1824,#1815,#1826,.T.);
#1824 = VERTEX_POINT('',#1825);
#1825 = CARTESIAN_POINT('',(919.29462285699,1.399771291425E-14,
    1.000242109578E+03));
#1826 = LINE('',#1827,#1828);
#1827 = CARTESIAN_POINT('',(919.29462285699,1.399771291425E-14,
    1.000242109578E+03));
#1828 = VECTOR('',#1829,1.);
#1829 = DIRECTION('',(0.999856006451,-4.419690480421E-34,
    1.696957171123E-02));
#1830 = ORIENTED_EDGE('',*,*,#1831,.T.);
#1831 = EDGE_CURVE('',#1824,#1824,#1832,.T.);
#1832 = CIRCLE('',#1833,57.15);
#1833 = AXIS2_PLACEMENT_3D('',#1834,#1835,#1836);
#1834 = CARTESIAN_POINT('',(920.26443388029,0.,943.10033880965));
#1835 = DIRECTION('',(0.999856006451,0.,1.696957171123E-02));
#1836 = DIRECTION('',(-1.696957171123E-02,0.,0.999856006451));
#1837 = ORIENTED_EDGE('',*,*,#1823,.T.);
#1838 = CYLINDRICAL_SURFACE('',#1839,57.15);
#1839 = AXIS2_PLACEMENT_3D('',#1840,#1841,#1842);
#1840 = CARTESIAN_POINT('',(920.26443388029,0.,943.10033880965));
#1841 = DIRECTION('',(0.999856006451,0.,1.696957171123E-02));
#1842 = DIRECTION('',(-1.696957171123E-02,0.,0.999856006451));
#1843 = ADVANCED_FACE('',(#1844,#1847),#1858,.T.);
#1844 = FACE_BOUND('',#1845,.T.);
#1845 = EDGE_LOOP('',(#1846));
#1846 = ORIENTED_EDGE('',*,*,#1814,.T.);
#1847 = FACE_BOUND('',#1848,.T.);
#1848 = EDGE_LOOP('',(#1849));
#1849 = ORIENTED_EDGE('',*,*,#1850,.F.);
#1850 = EDGE_CURVE('',#1851,#1851,#1853,.T.);
#1851 = VERTEX_POINT('',#1852);
#1852 = CARTESIAN_POINT('',(3.297665373398E+03,1.325067836677E-14,
    1.037557415749E+03));
#1853 = CIRCLE('',#1854,54.1);
#1854 = AXIS2_PLACEMENT_3D('',#1855,#1856,#1857);
#1855 = CARTESIAN_POINT('',(3.298583427227E+03,0.,983.46520579988));
#1856 = DIRECTION('',(0.999856006451,0.,1.696957171123E-02));
#1857 = DIRECTION('',(-1.696957171123E-02,0.,0.999856006451));
#1858 = PLANE('',#1859);
#1859 = AXIS2_PLACEMENT_3D('',#1860,#1861,#1862);
#1860 = CARTESIAN_POINT('',(3.298583427227E+03,0.,983.46520579988));
#1861 = DIRECTION('',(0.999856006451,0.,1.696957171123E-02));
#1862 = DIRECTION('',(-1.696957171123E-02,0.,0.999856006451));
#1863 = ADVANCED_FACE('',(#1864,#1867),#1878,.F.);
#1864 = FACE_BOUND('',#1865,.F.);
#1865 = EDGE_LOOP('',(#1866));
#1866 = ORIENTED_EDGE('',*,*,#1831,.T.);
#1867 = FACE_BOUND('',#1868,.F.);
#1868 = EDGE_LOOP('',(#1869));
#1869 = ORIENTED_EDGE('',*,*,#1870,.F.);
#1870 = EDGE_CURVE('',#1871,#1871,#1873,.T.);
#1871 = VERTEX_POINT('',#1872);
#1872 = CARTESIAN_POINT('',(919.34638005071,1.325067836677E-14,
    997.19254875864));
#1873 = CIRCLE('',#1874,54.1);
#1874 = AXIS2_PLACEMENT_3D('',#1875,#1876,#1877);
#1875 = CARTESIAN_POINT('',(920.26443388029,0.,943.10033880965));
#1876 = DIRECTION('',(0.999856006451,0.,1.696957171123E-02));
#1877 = DIRECTION('',(-1.696957171123E-02,0.,0.999856006451));
#1878 = PLANE('',#1879);
#1879 = AXIS2_PLACEMENT_3D('',#1880,#1881,#1882);
#1880 = CARTESIAN_POINT('',(920.26443388029,0.,943.10033880965));
#1881 = DIRECTION('',(0.999856006451,0.,1.696957171123E-02));
#1882 = DIRECTION('',(-1.696957171123E-02,0.,0.999856006451));
#1883 = ADVANCED_FACE('',(#1884),#1895,.F.);
#1884 = FACE_BOUND('',#1885,.F.);
#1885 = EDGE_LOOP('',(#1886,#1887,#1893,#1894));
#1886 = ORIENTED_EDGE('',*,*,#1850,.F.);
#1887 = ORIENTED_EDGE('',*,*,#1888,.F.);
#1888 = EDGE_CURVE('',#1871,#1851,#1889,.T.);
#1889 = LINE('',#1890,#1891);
#1890 = CARTESIAN_POINT('',(919.34638005071,1.325067836677E-14,
    997.19254875864));
#1891 = VECTOR('',#1892,1.);
#1892 = DIRECTION('',(0.999856006451,-4.419690480421E-34,
    1.696957171123E-02));
#1893 = ORIENTED_EDGE('',*,*,#1870,.T.);
#1894 = ORIENTED_EDGE('',*,*,#1888,.T.);
#1895 = CYLINDRICAL_SURFACE('',#1896,54.1);
#1896 = AXIS2_PLACEMENT_3D('',#1897,#1898,#1899);
#1897 = CARTESIAN_POINT('',(920.26443388029,0.,943.10033880965));
#1898 = DIRECTION('',(0.999856006451,0.,1.696957171123E-02));
#1899 = DIRECTION('',(-1.696957171123E-02,0.,0.999856006451));
#1900 = MANIFOLD_SOLID_BREP('',#1901);
#1901 = CLOSED_SHELL('',(#1902,#1935,#1955,#1975));
#1902 = ADVANCED_FACE('',(#1903),#1930,.T.);
#1903 = FACE_BOUND('',#1904,.T.);
#1904 = EDGE_LOOP('',(#1905,#1914,#1922,#1929));
#1905 = ORIENTED_EDGE('',*,*,#1906,.F.);
#1906 = EDGE_CURVE('',#1907,#1907,#1909,.T.);
#1907 = VERTEX_POINT('',#1908);
#1908 = CARTESIAN_POINT('',(3.299E+03,1.399771291425E-14,442.85));
#1909 = CIRCLE('',#1910,57.15);
#1910 = AXIS2_PLACEMENT_3D('',#1911,#1912,#1913);
#1911 = CARTESIAN_POINT('',(3.299E+03,0.,500.));
#1912 = DIRECTION('',(-1.,0.,0.));
#1913 = DIRECTION('',(0.,0.,-1.));
#1914 = ORIENTED_EDGE('',*,*,#1915,.F.);
#1915 = EDGE_CURVE('',#1916,#1907,#1918,.T.);
#1916 = VERTEX_POINT('',#1917);
#1917 = CARTESIAN_POINT('',(3.3E+03,1.399771291425E-14,442.85));
#1918 = LINE('',#1919,#1920);
#1919 = CARTESIAN_POINT('',(3.3E+03,1.399771291425E-14,442.85));
#1920 = VECTOR('',#1921,1.);
#1921 = DIRECTION('',(-1.,0.,0.));
#1922 = ORIENTED_EDGE('',*,*,#1923,.T.);
#1923 = EDGE_CURVE('',#1916,#1916,#1924,.T.);
#1924 = CIRCLE('',#1925,57.15);
#1925 = AXIS2_PLACEMENT_3D('',#1926,#1927,#1928);
#1926 = CARTESIAN_POINT('',(3.3E+03,0.,500.));
#1927 = DIRECTION('',(-1.,0.,0.));
#1928 = DIRECTION('',(0.,0.,-1.));
#1929 = ORIENTED_EDGE('',*,*,#1915,.T.);
#1930 = CYLINDRICAL_SURFACE('',#1931,57.15);
#1931 = AXIS2_PLACEMENT_3D('',#1932,#1933,#1934);
#1932 = CARTESIAN_POINT('',(3.3E+03,0.,500.));
#1933 = DIRECTION('',(-1.,0.,0.));
#1934 = DIRECTION('',(0.,0.,-1.));
#1935 = ADVANCED_FACE('',(#1936,#1939),#1950,.T.);
#1936 = FACE_BOUND('',#1937,.T.);
#1937 = EDGE_LOOP('',(#1938));
#1938 = ORIENTED_EDGE('',*,*,#1906,.T.);
#1939 = FACE_BOUND('',#1940,.T.);
#1940 = EDGE_LOOP('',(#1941));
#1941 = ORIENTED_EDGE('',*,*,#1942,.F.);
#1942 = EDGE_CURVE('',#1943,#1943,#1945,.T.);
#1943 = VERTEX_POINT('',#1944);
#1944 = CARTESIAN_POINT('',(3.299E+03,1.325067836677E-14,445.9));
#1945 = CIRCLE('',#1946,54.1);
#1946 = AXIS2_PLACEMENT_3D('',#1947,#1948,#1949);
#1947 = CARTESIAN_POINT('',(3.299E+03,0.,500.));
#1948 = DIRECTION('',(-1.,0.,0.));
#1949 = DIRECTION('',(0.,0.,-1.));
#1950 = PLANE('',#1951);
#1951 = AXIS2_PLACEMENT_3D('',#1952,#1953,#1954);
#1952 = CARTESIAN_POINT('',(3.299E+03,0.,500.));
#1953 = DIRECTION('',(-1.,0.,0.));
#1954 = DIRECTION('',(0.,0.,-1.));
#1955 = ADVANCED_FACE('',(#1956,#1959),#1970,.F.);
#1956 = FACE_BOUND('',#1957,.F.);
#1957 = EDGE_LOOP('',(#1958));
#1958 = ORIENTED_EDGE('',*,*,#1923,.T.);
#1959 = FACE_BOUND('',#1960,.F.);
#1960 = EDGE_LOOP('',(#1961));
#1961 = ORIENTED_EDGE('',*,*,#1962,.F.);
#1962 = EDGE_CURVE('',#1963,#1963,#1965,.T.);
#1963 = VERTEX_POINT('',#1964);
#1964 = CARTESIAN_POINT('',(3.3E+03,1.325067836677E-14,445.9));
#1965 = CIRCLE('',#1966,54.1);
#1966 = AXIS2_PLACEMENT_3D('',#1967,#1968,#1969);
#1967 = CARTESIAN_POINT('',(3.3E+03,0.,500.));
#1968 = DIRECTION('',(-1.,0.,0.));
#1969 = DIRECTION('',(0.,0.,-1.));
#1970 = PLANE('',#1971);
#1971 = AXIS2_PLACEMENT_3D('',#1972,#1973,#1974);
#1972 = CARTESIAN_POINT('',(3.3E+03,0.,500.));
#1973 = DIRECTION('',(-1.,0.,0.));
#1974 = DIRECTION('',(0.,0.,-1.));
#1975 = ADVANCED_FACE('',(#1976),#1987,.F.);
#1976 = FACE_BOUND('',#1977,.F.);
#1977 = EDGE_LOOP('',(#1978,#1979,#1985,#1986));
#1978 = ORIENTED_EDGE('',*,*,#1942,.F.);
#1979 = ORIENTED_EDGE('',*,*,#1980,.F.);
#1980 = EDGE_CURVE('',#1963,#1943,#1981,.T.);
#1981 = LINE('',#1982,#1983);
#1982 = CARTESIAN_POINT('',(3.3E+03,1.325067836677E-14,445.9));
#1983 = VECTOR('',#1984,1.);
#1984 = DIRECTION('',(-1.,0.,0.));
#1985 = ORIENTED_EDGE('',*,*,#1962,.T.);
#1986 = ORIENTED_EDGE('',*,*,#1980,.T.);
#1987 = CYLINDRICAL_SURFACE('',#1988,54.1);
#1988 = AXIS2_PLACEMENT_3D('',#1989,#1990,#1991);
#1989 = CARTESIAN_POINT('',(3.3E+03,0.,500.));
#1990 = DIRECTION('',(-1.,0.,0.));
#1991 = DIRECTION('',(0.,0.,-1.));
#1992 = MANIFOLD_SOLID_BREP('',#1993);
#1993 = CLOSED_SHELL('',(#1994,#2028,#2048,#2068));
#1994 = ADVANCED_FACE('',(#1995),#2023,.T.);
#1995 = FACE_BOUND('',#1996,.T.);
#1996 = EDGE_LOOP('',(#1997,#2008,#2015,#2016));
#1997 = ORIENTED_EDGE('',*,*,#1998,.T.);
#1998 = EDGE_CURVE('',#1999,#2001,#2003,.T.);
#1999 = VERTEX_POINT('',#2000);
#2000 = CARTESIAN_POINT('',(3.299E+03,0.,557.15));
#2001 = VERTEX_POINT('',#2002);
#2002 = CARTESIAN_POINT('',(3.151853161694E+03,-83.45619069272,557.15));
#2003 = CIRCLE('',#2004,171.45);
#2004 = AXIS2_PLACEMENT_3D('',#2005,#2006,#2007);
#2005 = CARTESIAN_POINT('',(3.299E+03,-171.45,557.15));
#2006 = DIRECTION('',(0.,0.,1.));
#2007 = DIRECTION('',(-5.304722670008E-15,1.,0.));
#2008 = ORIENTED_EDGE('',*,*,#2009,.T.);
#2009 = EDGE_CURVE('',#2001,#2001,#2010,.T.);
#2010 = CIRCLE('',#2011,57.15);
#2011 = AXIS2_PLACEMENT_3D('',#2012,#2013,#2014);
#2012 = CARTESIAN_POINT('',(3.151853161694E+03,-83.45619069272,500.));
#2013 = DIRECTION('',(0.513233066826,0.858249275628,-0.));
#2014 = DIRECTION('',(-0.858249275628,0.513233066826,0.));
#2015 = ORIENTED_EDGE('',*,*,#1998,.F.);
#2016 = ORIENTED_EDGE('',*,*,#2017,.F.);
#2017 = EDGE_CURVE('',#1999,#1999,#2018,.T.);
#2018 = CIRCLE('',#2019,57.15);
#2019 = AXIS2_PLACEMENT_3D('',#2020,#2021,#2022);
#2020 = CARTESIAN_POINT('',(3.299E+03,0.,500.));
#2021 = DIRECTION('',(1.,5.304722670008E-15,-0.));
#2022 = DIRECTION('',(-5.304722670008E-15,1.,0.));
#2023 = TOROIDAL_SURFACE('',#2024,171.45,57.15);
#2024 = AXIS2_PLACEMENT_3D('',#2025,#2026,#2027);
#2025 = CARTESIAN_POINT('',(3.299E+03,-171.45,500.));
#2026 = DIRECTION('',(0.,0.,1.));
#2027 = DIRECTION('',(-5.304722670008E-15,1.,0.));
#2028 = ADVANCED_FACE('',(#2029,#2032),#2043,.F.);
#2029 = FACE_BOUND('',#2030,.F.);
#2030 = EDGE_LOOP('',(#2031));
#2031 = ORIENTED_EDGE('',*,*,#2017,.F.);
#2032 = FACE_BOUND('',#2033,.F.);
#2033 = EDGE_LOOP('',(#2034));
#2034 = ORIENTED_EDGE('',*,*,#2035,.T.);
#2035 = EDGE_CURVE('',#2036,#2036,#2038,.T.);
#2036 = VERTEX_POINT('',#2037);
#2037 = CARTESIAN_POINT('',(3.299E+03,0.,554.1));
#2038 = CIRCLE('',#2039,54.1);
#2039 = AXIS2_PLACEMENT_3D('',#2040,#2041,#2042);
#2040 = CARTESIAN_POINT('',(3.299E+03,0.,500.));
#2041 = DIRECTION('',(1.,5.304722670008E-15,-0.));
#2042 = DIRECTION('',(-5.304722670008E-15,1.,0.));
#2043 = PLANE('',#2044);
#2044 = AXIS2_PLACEMENT_3D('',#2045,#2046,#2047);
#2045 = CARTESIAN_POINT('',(3.299E+03,-1.876202889985E-15,500.));
#2046 = DIRECTION('',(-1.,-9.188049184517E-15,-0.));
#2047 = DIRECTION('',(9.188049184517E-15,-1.,0.));
#2048 = ADVANCED_FACE('',(#2049,#2052),#2063,.T.);
#2049 = FACE_BOUND('',#2050,.T.);
#2050 = EDGE_LOOP('',(#2051));
#2051 = ORIENTED_EDGE('',*,*,#2009,.F.);
#2052 = FACE_BOUND('',#2053,.T.);
#2053 = EDGE_LOOP('',(#2054));
#2054 = ORIENTED_EDGE('',*,*,#2055,.T.);
#2055 = EDGE_CURVE('',#2056,#2056,#2058,.T.);
#2056 = VERTEX_POINT('',#2057);
#2057 = CARTESIAN_POINT('',(3.151853161694E+03,-83.45619069272,554.1));
#2058 = CIRCLE('',#2059,54.1);
#2059 = AXIS2_PLACEMENT_3D('',#2060,#2061,#2062);
#2060 = CARTESIAN_POINT('',(3.151853161694E+03,-83.45619069272,500.));
#2061 = DIRECTION('',(0.513233066826,0.858249275628,-0.));
#2062 = DIRECTION('',(-0.858249275628,0.513233066826,0.));
#2063 = PLANE('',#2064);
#2064 = AXIS2_PLACEMENT_3D('',#2065,#2066,#2067);
#2065 = CARTESIAN_POINT('',(3.151853161694E+03,-83.45619069272,500.));
#2066 = DIRECTION('',(-0.513233066826,-0.858249275628,-0.));
#2067 = DIRECTION('',(-0.858249275628,0.513233066826,0.));
#2068 = ADVANCED_FACE('',(#2069),#2081,.F.);
#2069 = FACE_BOUND('',#2070,.F.);
#2070 = EDGE_LOOP('',(#2071,#2078,#2079,#2080));
#2071 = ORIENTED_EDGE('',*,*,#2072,.T.);
#2072 = EDGE_CURVE('',#2036,#2056,#2073,.T.);
#2073 = CIRCLE('',#2074,171.45);
#2074 = AXIS2_PLACEMENT_3D('',#2075,#2076,#2077);
#2075 = CARTESIAN_POINT('',(3.299E+03,-171.45,554.1));
#2076 = DIRECTION('',(0.,0.,1.));
#2077 = DIRECTION('',(-5.304722670008E-15,1.,0.));
#2078 = ORIENTED_EDGE('',*,*,#2055,.T.);
#2079 = ORIENTED_EDGE('',*,*,#2072,.F.);
#2080 = ORIENTED_EDGE('',*,*,#2035,.F.);
#2081 = TOROIDAL_SURFACE('',#2082,171.45,54.1);
#2082 = AXIS2_PLACEMENT_3D('',#2083,#2084,#2085);
#2083 = CARTESIAN_POINT('',(3.299E+03,-171.45,500.));
#2084 = DIRECTION('',(0.,0.,1.));
#2085 = DIRECTION('',(-5.304722670008E-15,1.,0.));
#2086 = MANIFOLD_SOLID_BREP('',#2087);
#2087 = CLOSED_SHELL('',(#2088,#2121,#2141,#2161));
#2088 = ADVANCED_FACE('',(#2089),#2116,.T.);
#2089 = FACE_BOUND('',#2090,.T.);
#2090 = EDGE_LOOP('',(#2091,#2100,#2108,#2115));
#2091 = ORIENTED_EDGE('',*,*,#2092,.F.);
#2092 = EDGE_CURVE('',#2093,#2093,#2095,.T.);
#2093 = VERTEX_POINT('',#2094);
#2094 = CARTESIAN_POINT('',(2.879324838689E+03,-427.836253536,500.));
#2095 = CIRCLE('',#2096,57.15);
#2096 = AXIS2_PLACEMENT_3D('',#2097,#2098,#2099);
#2097 = CARTESIAN_POINT('',(2.928373784791E+03,-457.1675233051,500.));
#2098 = DIRECTION('',(-0.513233066826,-0.858249275628,-0.));
#2099 = DIRECTION('',(-0.858249275628,0.513233066826,0.));
#2100 = ORIENTED_EDGE('',*,*,#2101,.F.);
#2101 = EDGE_CURVE('',#2102,#2093,#2104,.T.);
#2102 = VERTEX_POINT('',#2103);
#2103 = CARTESIAN_POINT('',(3.102804215591E+03,-54.12492092363,500.));
#2104 = LINE('',#2105,#2106);
#2105 = CARTESIAN_POINT('',(3.102804215591E+03,-54.12492092363,500.));
#2106 = VECTOR('',#2107,1.);
#2107 = DIRECTION('',(-0.513233066826,-0.858249275628,
    -9.903786003524E-33));
#2108 = ORIENTED_EDGE('',*,*,#2109,.T.);
#2109 = EDGE_CURVE('',#2102,#2102,#2110,.T.);
#2110 = CIRCLE('',#2111,57.15);
#2111 = AXIS2_PLACEMENT_3D('',#2112,#2113,#2114);
#2112 = CARTESIAN_POINT('',(3.151853161694E+03,-83.45619069272,500.));
#2113 = DIRECTION('',(-0.513233066826,-0.858249275628,-0.));
#2114 = DIRECTION('',(-0.858249275628,0.513233066826,0.));
#2115 = ORIENTED_EDGE('',*,*,#2101,.T.);
#2116 = CYLINDRICAL_SURFACE('',#2117,57.15);
#2117 = AXIS2_PLACEMENT_3D('',#2118,#2119,#2120);
#2118 = CARTESIAN_POINT('',(3.151853161694E+03,-83.45619069272,500.));
#2119 = DIRECTION('',(-0.513233066826,-0.858249275628,0.));
#2120 = DIRECTION('',(-0.858249275628,0.513233066826,0.));
#2121 = ADVANCED_FACE('',(#2122,#2125),#2136,.T.);
#2122 = FACE_BOUND('',#2123,.T.);
#2123 = EDGE_LOOP('',(#2124));
#2124 = ORIENTED_EDGE('',*,*,#2092,.T.);
#2125 = FACE_BOUND('',#2126,.T.);
#2126 = EDGE_LOOP('',(#2127));
#2127 = ORIENTED_EDGE('',*,*,#2128,.F.);
#2128 = EDGE_CURVE('',#2129,#2129,#2131,.T.);
#2129 = VERTEX_POINT('',#2130);
#2130 = CARTESIAN_POINT('',(2.88194249898E+03,-429.4016143899,500.));
#2131 = CIRCLE('',#2132,54.1);
#2132 = AXIS2_PLACEMENT_3D('',#2133,#2134,#2135);
#2133 = CARTESIAN_POINT('',(2.928373784791E+03,-457.1675233051,500.));
#2134 = DIRECTION('',(-0.513233066826,-0.858249275628,-0.));
#2135 = DIRECTION('',(-0.858249275628,0.513233066826,0.));
#2136 = PLANE('',#2137);
#2137 = AXIS2_PLACEMENT_3D('',#2138,#2139,#2140);
#2138 = CARTESIAN_POINT('',(2.928373784791E+03,-457.1675233051,500.));
#2139 = DIRECTION('',(-0.513233066826,-0.858249275628,0.));
#2140 = DIRECTION('',(-0.858249275628,0.513233066826,0.));
#2141 = ADVANCED_FACE('',(#2142,#2145),#2156,.F.);
#2142 = FACE_BOUND('',#2143,.F.);
#2143 = EDGE_LOOP('',(#2144));
#2144 = ORIENTED_EDGE('',*,*,#2109,.T.);
#2145 = FACE_BOUND('',#2146,.F.);
#2146 = EDGE_LOOP('',(#2147));
#2147 = ORIENTED_EDGE('',*,*,#2148,.F.);
#2148 = EDGE_CURVE('',#2149,#2149,#2151,.T.);
#2149 = VERTEX_POINT('',#2150);
#2150 = CARTESIAN_POINT('',(3.105421875882E+03,-55.69028177744,500.));
#2151 = CIRCLE('',#2152,54.1);
#2152 = AXIS2_PLACEMENT_3D('',#2153,#2154,#2155);
#2153 = CARTESIAN_POINT('',(3.151853161694E+03,-83.45619069272,500.));
#2154 = DIRECTION('',(-0.513233066826,-0.858249275628,-0.));
#2155 = DIRECTION('',(-0.858249275628,0.513233066826,0.));
#2156 = PLANE('',#2157);
#2157 = AXIS2_PLACEMENT_3D('',#2158,#2159,#2160);
#2158 = CARTESIAN_POINT('',(3.151853161694E+03,-83.45619069272,500.));
#2159 = DIRECTION('',(-0.513233066826,-0.858249275628,0.));
#2160 = DIRECTION('',(-0.858249275628,0.513233066826,0.));
#2161 = ADVANCED_FACE('',(#2162),#2173,.F.);
#2162 = FACE_BOUND('',#2163,.F.);
#2163 = EDGE_LOOP('',(#2164,#2165,#2171,#2172));
#2164 = ORIENTED_EDGE('',*,*,#2128,.F.);
#2165 = ORIENTED_EDGE('',*,*,#2166,.F.);
#2166 = EDGE_CURVE('',#2149,#2129,#2167,.T.);
#2167 = LINE('',#2168,#2169);
#2168 = CARTESIAN_POINT('',(3.105421875882E+03,-55.69028177744,500.));
#2169 = VECTOR('',#2170,1.);
#2170 = DIRECTION('',(-0.513233066826,-0.858249275628,
    -9.903786003524E-33));
#2171 = ORIENTED_EDGE('',*,*,#2148,.T.);
#2172 = ORIENTED_EDGE('',*,*,#2166,.T.);
#2173 = CYLINDRICAL_SURFACE('',#2174,54.1);
#2174 = AXIS2_PLACEMENT_3D('',#2175,#2176,#2177);
#2175 = CARTESIAN_POINT('',(3.151853161694E+03,-83.45619069272,500.));
#2176 = DIRECTION('',(-0.513233066826,-0.858249275628,0.));
#2177 = DIRECTION('',(-0.858249275628,0.513233066826,0.));
#2178 = MANIFOLD_SOLID_BREP('',#2179);
#2179 = CLOSED_SHELL('',(#2180,#2214,#2234,#2254));
#2180 = ADVANCED_FACE('',(#2181),#2209,.T.);
#2181 = FACE_BOUND('',#2182,.T.);
#2182 = EDGE_LOOP('',(#2183,#2194,#2201,#2202));
#2183 = ORIENTED_EDGE('',*,*,#2184,.T.);
#2184 = EDGE_CURVE('',#2185,#2187,#2189,.T.);
#2185 = VERTEX_POINT('',#2186);
#2186 = CARTESIAN_POINT('',(2.977422730893E+03,-486.4987930742,500.));
#2187 = VERTEX_POINT('',#2188);
#2188 = CARTESIAN_POINT('',(2.783852986324E+03,-597.7586301992,500.));
#2189 = CIRCLE('',#2190,228.59999999999);
#2190 = AXIS2_PLACEMENT_3D('',#2191,#2192,#2193);
#2191 = CARTESIAN_POINT('',(2.781226946485E+03,-369.1737139979,500.));
#2192 = DIRECTION('',(0.,-0.,-1.));
#2193 = DIRECTION('',(0.858249275628,-0.513233066826,0.));
#2194 = ORIENTED_EDGE('',*,*,#2195,.T.);
#2195 = EDGE_CURVE('',#2187,#2187,#2196,.T.);
#2196 = CIRCLE('',#2197,57.15);
#2197 = AXIS2_PLACEMENT_3D('',#2198,#2199,#2200);
#2198 = CARTESIAN_POINT('',(2.783196476365E+03,-540.6124011488,500.));
#2199 = DIRECTION('',(0.999934016629,1.148748836244E-02,0.));
#2200 = DIRECTION('',(1.148748836244E-02,-0.999934016629,0.));
#2201 = ORIENTED_EDGE('',*,*,#2184,.F.);
#2202 = ORIENTED_EDGE('',*,*,#2203,.F.);
#2203 = EDGE_CURVE('',#2185,#2185,#2204,.T.);
#2204 = CIRCLE('',#2205,57.15);
#2205 = AXIS2_PLACEMENT_3D('',#2206,#2207,#2208);
#2206 = CARTESIAN_POINT('',(2.928373784791E+03,-457.1675233051,500.));
#2207 = DIRECTION('',(0.513233066826,0.858249275628,0.));
#2208 = DIRECTION('',(0.858249275628,-0.513233066826,0.));
#2209 = TOROIDAL_SURFACE('',#2210,171.44999999999,57.15);
#2210 = AXIS2_PLACEMENT_3D('',#2211,#2212,#2213);
#2211 = CARTESIAN_POINT('',(2.781226946485E+03,-369.1737139979,500.));
#2212 = DIRECTION('',(0.,0.,-1.));
#2213 = DIRECTION('',(0.858249275628,-0.513233066826,0.));
#2214 = ADVANCED_FACE('',(#2215,#2218),#2229,.F.);
#2215 = FACE_BOUND('',#2216,.F.);
#2216 = EDGE_LOOP('',(#2217));
#2217 = ORIENTED_EDGE('',*,*,#2203,.F.);
#2218 = FACE_BOUND('',#2219,.F.);
#2219 = EDGE_LOOP('',(#2220));
#2220 = ORIENTED_EDGE('',*,*,#2221,.T.);
#2221 = EDGE_CURVE('',#2222,#2222,#2224,.T.);
#2222 = VERTEX_POINT('',#2223);
#2223 = CARTESIAN_POINT('',(2.974805070603E+03,-484.9334322204,500.));
#2224 = CIRCLE('',#2225,54.1);
#2225 = AXIS2_PLACEMENT_3D('',#2226,#2227,#2228);
#2226 = CARTESIAN_POINT('',(2.928373784791E+03,-457.1675233051,500.));
#2227 = DIRECTION('',(0.513233066826,0.858249275628,0.));
#2228 = DIRECTION('',(0.858249275628,-0.513233066826,0.));
#2229 = PLANE('',#2230);
#2230 = AXIS2_PLACEMENT_3D('',#2231,#2232,#2233);
#2231 = CARTESIAN_POINT('',(2.928373784791E+03,-457.1675233051,500.));
#2232 = DIRECTION('',(-0.513233066826,-0.858249275628,-0.));
#2233 = DIRECTION('',(-0.858249275628,0.513233066826,0.));
#2234 = ADVANCED_FACE('',(#2235,#2238),#2249,.T.);
#2235 = FACE_BOUND('',#2236,.T.);
#2236 = EDGE_LOOP('',(#2237));
#2237 = ORIENTED_EDGE('',*,*,#2195,.F.);
#2238 = FACE_BOUND('',#2239,.T.);
#2239 = EDGE_LOOP('',(#2240));
#2240 = ORIENTED_EDGE('',*,*,#2241,.T.);
#2241 = EDGE_CURVE('',#2242,#2242,#2244,.T.);
#2242 = VERTEX_POINT('',#2243);
#2243 = CARTESIAN_POINT('',(2.783817949485E+03,-594.7088314484,500.));
#2244 = CIRCLE('',#2245,54.1);
#2245 = AXIS2_PLACEMENT_3D('',#2246,#2247,#2248);
#2246 = CARTESIAN_POINT('',(2.783196476365E+03,-540.6124011488,500.));
#2247 = DIRECTION('',(0.999934016629,1.148748836244E-02,0.));
#2248 = DIRECTION('',(1.148748836244E-02,-0.999934016629,0.));
#2249 = PLANE('',#2250);
#2250 = AXIS2_PLACEMENT_3D('',#2251,#2252,#2253);
#2251 = CARTESIAN_POINT('',(2.783196476365E+03,-540.6124011488,500.));
#2252 = DIRECTION('',(-0.999934016629,-1.148748836244E-02,-0.));
#2253 = DIRECTION('',(1.148748836244E-02,-0.999934016629,0.));
#2254 = ADVANCED_FACE('',(#2255),#2267,.F.);
#2255 = FACE_BOUND('',#2256,.F.);
#2256 = EDGE_LOOP('',(#2257,#2264,#2265,#2266));
#2257 = ORIENTED_EDGE('',*,*,#2258,.T.);
#2258 = EDGE_CURVE('',#2222,#2242,#2259,.T.);
#2259 = CIRCLE('',#2260,225.54999999999);
#2260 = AXIS2_PLACEMENT_3D('',#2261,#2262,#2263);
#2261 = CARTESIAN_POINT('',(2.781226946485E+03,-369.1737139979,500.));
#2262 = DIRECTION('',(0.,-0.,-1.));
#2263 = DIRECTION('',(0.858249275628,-0.513233066826,0.));
#2264 = ORIENTED_EDGE('',*,*,#2241,.T.);
#2265 = ORIENTED_EDGE('',*,*,#2258,.F.);
#2266 = ORIENTED_EDGE('',*,*,#2221,.F.);
#2267 = TOROIDAL_SURFACE('',#2268,171.44999999999,54.1);
#2268 = AXIS2_PLACEMENT_3D('',#2269,#2270,#2271);
#2269 = CARTESIAN_POINT('',(2.781226946485E+03,-369.1737139979,500.));
#2270 = DIRECTION('',(0.,0.,-1.));
#2271 = DIRECTION('',(0.858249275628,-0.513233066826,0.));
#2272 = MANIFOLD_SOLID_BREP('',#2273);
#2273 = CLOSED_SHELL('',(#2274,#2307,#2327,#2347));
#2274 = ADVANCED_FACE('',(#2275),#2302,.T.);
#2275 = FACE_BOUND('',#2276,.T.);
#2276 = EDGE_LOOP('',(#2277,#2286,#2294,#2301));
#2277 = ORIENTED_EDGE('',*,*,#2278,.F.);
#2278 = EDGE_CURVE('',#2279,#2279,#2281,.T.);
#2279 = VERTEX_POINT('',#2280);
#2280 = CARTESIAN_POINT('',(-798.4041391711,-638.9124827095,500.));
#2281 = CIRCLE('',#2282,57.15);
#2282 = AXIS2_PLACEMENT_3D('',#2283,#2284,#2285);
#2283 = CARTESIAN_POINT('',(-799.0606491311,-581.7662536592,500.));
#2284 = DIRECTION('',(-0.999934016629,-1.148748836244E-02,0.));
#2285 = DIRECTION('',(1.148748836244E-02,-0.999934016629,0.));
#2286 = ORIENTED_EDGE('',*,*,#2287,.F.);
#2287 = EDGE_CURVE('',#2288,#2279,#2290,.T.);
#2288 = VERTEX_POINT('',#2289);
#2289 = CARTESIAN_POINT('',(2.783852986324E+03,-597.7586301992,500.));
#2290 = LINE('',#2291,#2292);
#2291 = CARTESIAN_POINT('',(2.783852986324E+03,-597.7586301992,500.));
#2292 = VECTOR('',#2293,1.);
#2293 = DIRECTION('',(-0.999934016629,-1.148748836244E-02,
    -2.116746889693E-34));
#2294 = ORIENTED_EDGE('',*,*,#2295,.T.);
#2295 = EDGE_CURVE('',#2288,#2288,#2296,.T.);
#2296 = CIRCLE('',#2297,57.15);
#2297 = AXIS2_PLACEMENT_3D('',#2298,#2299,#2300);
#2298 = CARTESIAN_POINT('',(2.783196476365E+03,-540.6124011488,500.));
#2299 = DIRECTION('',(-0.999934016629,-1.148748836244E-02,0.));
#2300 = DIRECTION('',(1.148748836244E-02,-0.999934016629,0.));
#2301 = ORIENTED_EDGE('',*,*,#2287,.T.);
#2302 = CYLINDRICAL_SURFACE('',#2303,57.15);
#2303 = AXIS2_PLACEMENT_3D('',#2304,#2305,#2306);
#2304 = CARTESIAN_POINT('',(2.783196476365E+03,-540.6124011488,500.));
#2305 = DIRECTION('',(-0.999934016629,-1.148748836244E-02,0.));
#2306 = DIRECTION('',(1.148748836244E-02,-0.999934016629,0.));
#2307 = ADVANCED_FACE('',(#2308,#2311),#2322,.T.);
#2308 = FACE_BOUND('',#2309,.T.);
#2309 = EDGE_LOOP('',(#2310));
#2310 = ORIENTED_EDGE('',*,*,#2278,.T.);
#2311 = FACE_BOUND('',#2312,.T.);
#2312 = EDGE_LOOP('',(#2313));
#2313 = ORIENTED_EDGE('',*,*,#2314,.F.);
#2314 = EDGE_CURVE('',#2315,#2315,#2317,.T.);
#2315 = VERTEX_POINT('',#2316);
#2316 = CARTESIAN_POINT('',(-798.4391760107,-635.8626839588,500.));
#2317 = CIRCLE('',#2318,54.1);
#2318 = AXIS2_PLACEMENT_3D('',#2319,#2320,#2321);
#2319 = CARTESIAN_POINT('',(-799.0606491311,-581.7662536592,500.));
#2320 = DIRECTION('',(-0.999934016629,-1.148748836244E-02,0.));
#2321 = DIRECTION('',(1.148748836244E-02,-0.999934016629,0.));
#2322 = PLANE('',#2323);
#2323 = AXIS2_PLACEMENT_3D('',#2324,#2325,#2326);
#2324 = CARTESIAN_POINT('',(-799.0606491311,-581.7662536592,500.));
#2325 = DIRECTION('',(-0.999934016629,-1.148748836244E-02,0.));
#2326 = DIRECTION('',(1.148748836244E-02,-0.999934016629,0.));
#2327 = ADVANCED_FACE('',(#2328,#2331),#2342,.F.);
#2328 = FACE_BOUND('',#2329,.F.);
#2329 = EDGE_LOOP('',(#2330));
#2330 = ORIENTED_EDGE('',*,*,#2295,.T.);
#2331 = FACE_BOUND('',#2332,.F.);
#2332 = EDGE_LOOP('',(#2333));
#2333 = ORIENTED_EDGE('',*,*,#2334,.F.);
#2334 = EDGE_CURVE('',#2335,#2335,#2337,.T.);
#2335 = VERTEX_POINT('',#2336);
#2336 = CARTESIAN_POINT('',(2.783817949485E+03,-594.7088314484,500.));
#2337 = CIRCLE('',#2338,54.1);
#2338 = AXIS2_PLACEMENT_3D('',#2339,#2340,#2341);
#2339 = CARTESIAN_POINT('',(2.783196476365E+03,-540.6124011488,500.));
#2340 = DIRECTION('',(-0.999934016629,-1.148748836244E-02,0.));
#2341 = DIRECTION('',(1.148748836244E-02,-0.999934016629,0.));
#2342 = PLANE('',#2343);
#2343 = AXIS2_PLACEMENT_3D('',#2344,#2345,#2346);
#2344 = CARTESIAN_POINT('',(2.783196476365E+03,-540.6124011488,500.));
#2345 = DIRECTION('',(-0.999934016629,-1.148748836244E-02,0.));
#2346 = DIRECTION('',(1.148748836244E-02,-0.999934016629,0.));
#2347 = ADVANCED_FACE('',(#2348),#2359,.F.);
#2348 = FACE_BOUND('',#2349,.F.);
#2349 = EDGE_LOOP('',(#2350,#2351,#2357,#2358));
#2350 = ORIENTED_EDGE('',*,*,#2314,.F.);
#2351 = ORIENTED_EDGE('',*,*,#2352,.F.);
#2352 = EDGE_CURVE('',#2335,#2315,#2353,.T.);
#2353 = LINE('',#2354,#2355);
#2354 = CARTESIAN_POINT('',(2.783817949485E+03,-594.7088314484,500.));
#2355 = VECTOR('',#2356,1.);
#2356 = DIRECTION('',(-0.999934016629,-1.148748836244E-02,
    -2.116746889693E-34));
#2357 = ORIENTED_EDGE('',*,*,#2334,.T.);
#2358 = ORIENTED_EDGE('',*,*,#2352,.T.);
#2359 = CYLINDRICAL_SURFACE('',#2360,54.1);
#2360 = AXIS2_PLACEMENT_3D('',#2361,#2362,#2363);
#2361 = CARTESIAN_POINT('',(2.783196476365E+03,-540.6124011488,500.));
#2362 = DIRECTION('',(-0.999934016629,-1.148748836244E-02,0.));
#2363 = DIRECTION('',(1.148748836244E-02,-0.999934016629,0.));
#2364 = MANIFOLD_SOLID_BREP('',#2365);
#2365 = CLOSED_SHELL('',(#2366,#2400,#2420,#2440));
#2366 = ADVANCED_FACE('',(#2367),#2395,.T.);
#2367 = FACE_BOUND('',#2368,.T.);
#2368 = EDGE_LOOP('',(#2369,#2380,#2387,#2388));
#2369 = ORIENTED_EDGE('',*,*,#2370,.T.);
#2370 = EDGE_CURVE('',#2371,#2373,#2375,.T.);
#2371 = VERTEX_POINT('',#2372);
#2372 = CARTESIAN_POINT('',(-798.4041391712,-638.9124827095,500.));
#2373 = VERTEX_POINT('',#2374);
#2374 = CARTESIAN_POINT('',(-1.003340157939E+03,-526.5903054386,
    331.7231454846));
#2375 = CIRCLE('',#2376,203.63219669393);
#2376 = AXIS2_PLACEMENT_3D('',#2377,#2378,#2379);
#2377 = CARTESIAN_POINT('',(-799.7213975837,-524.2510829488,
    331.7231454846));
#2378 = DIRECTION('',(9.492990005007E-03,-0.826321936182,-0.563118052387
    ));
#2379 = DIRECTION('',(6.468812073476E-03,-0.56308089596,0.826376463288)
  );
#2380 = ORIENTED_EDGE('',*,*,#2381,.T.);
#2381 = EDGE_CURVE('',#2373,#2373,#2382,.T.);
#2382 = CIRCLE('',#2383,57.15);
#2383 = AXIS2_PLACEMENT_3D('',#2384,#2385,#2386);
#2384 = CARTESIAN_POINT('',(-971.608414112,-487.1955639266,
    358.31775536935));
#2385 = DIRECTION('',(6.468812073476E-03,-0.56308089596,0.826376463288)
  );
#2386 = DIRECTION('',(-0.999934016629,-1.148748836244E-02,
    -8.189897336854E-16));
#2387 = ORIENTED_EDGE('',*,*,#2370,.F.);
#2388 = ORIENTED_EDGE('',*,*,#2389,.F.);
#2389 = EDGE_CURVE('',#2371,#2371,#2390,.T.);
#2390 = CIRCLE('',#2391,57.15);
#2391 = AXIS2_PLACEMENT_3D('',#2392,#2393,#2394);
#2392 = CARTESIAN_POINT('',(-799.0606491311,-581.7662536592,500.));
#2393 = DIRECTION('',(0.999934016629,1.148748836244E-02,
    3.187176898733E-16));
#2394 = DIRECTION('',(6.468812073476E-03,-0.56308089596,0.826376463288)
  );
#2395 = TOROIDAL_SURFACE('',#2396,171.45,57.15);
#2396 = AXIS2_PLACEMENT_3D('',#2397,#2398,#2399);
#2397 = CARTESIAN_POINT('',(-800.1697269611,-485.2260340469,
    358.31775536935));
#2398 = DIRECTION('',(9.492990005007E-03,-0.826321936182,-0.563118052387
    ));
#2399 = DIRECTION('',(6.468812073476E-03,-0.56308089596,0.826376463288)
  );
#2400 = ADVANCED_FACE('',(#2401,#2404),#2415,.F.);
#2401 = FACE_BOUND('',#2402,.F.);
#2402 = EDGE_LOOP('',(#2403));
#2403 = ORIENTED_EDGE('',*,*,#2389,.F.);
#2404 = FACE_BOUND('',#2405,.F.);
#2405 = EDGE_LOOP('',(#2406));
#2406 = ORIENTED_EDGE('',*,*,#2407,.T.);
#2407 = EDGE_CURVE('',#2408,#2408,#2410,.T.);
#2408 = VERTEX_POINT('',#2409);
#2409 = CARTESIAN_POINT('',(-798.4391760107,-635.8626839588,500.));
#2410 = CIRCLE('',#2411,54.1);
#2411 = AXIS2_PLACEMENT_3D('',#2412,#2413,#2414);
#2412 = CARTESIAN_POINT('',(-799.0606491311,-581.7662536592,500.));
#2413 = DIRECTION('',(0.999934016629,1.148748836244E-02,
    3.187176898733E-16));
#2414 = DIRECTION('',(6.468812073476E-03,-0.56308089596,0.826376463288)
  );
#2415 = PLANE('',#2416);
#2416 = AXIS2_PLACEMENT_3D('',#2417,#2418,#2419);
#2417 = CARTESIAN_POINT('',(-799.0606491311,-581.7662536592,500.));
#2418 = DIRECTION('',(-0.999934016629,-1.148748836244E-02,
    -1.135319731072E-15));
#2419 = DIRECTION('',(1.148748836244E-02,-0.999934016629,
    6.068412553169E-35));
#2420 = ADVANCED_FACE('',(#2421,#2424),#2435,.T.);
#2421 = FACE_BOUND('',#2422,.T.);
#2422 = EDGE_LOOP('',(#2423));
#2423 = ORIENTED_EDGE('',*,*,#2381,.F.);
#2424 = FACE_BOUND('',#2425,.T.);
#2425 = EDGE_LOOP('',(#2426));
#2426 = ORIENTED_EDGE('',*,*,#2427,.T.);
#2427 = EDGE_CURVE('',#2428,#2428,#2430,.T.);
#2428 = VERTEX_POINT('',#2429);
#2429 = CARTESIAN_POINT('',(-1.001646687796E+03,-524.4878739143,
    333.14245537346));
#2430 = CIRCLE('',#2431,54.1);
#2431 = AXIS2_PLACEMENT_3D('',#2432,#2433,#2434);
#2432 = CARTESIAN_POINT('',(-971.608414112,-487.1955639266,
    358.31775536935));
#2433 = DIRECTION('',(6.468812073476E-03,-0.56308089596,0.826376463288)
  );
#2434 = DIRECTION('',(-0.999934016629,-1.148748836244E-02,
    -8.189897336854E-16));
#2435 = PLANE('',#2436);
#2436 = AXIS2_PLACEMENT_3D('',#2437,#2438,#2439);
#2437 = CARTESIAN_POINT('',(-971.608414112,-487.1955639266,
    358.31775536935));
#2438 = DIRECTION('',(-6.468812073476E-03,0.56308089596,-0.826376463288)
  );
#2439 = DIRECTION('',(1.271297523543E-19,-0.826393753911,-0.563092677539
    ));
#2440 = ADVANCED_FACE('',(#2441),#2453,.F.);
#2441 = FACE_BOUND('',#2442,.F.);
#2442 = EDGE_LOOP('',(#2443,#2450,#2451,#2452));
#2443 = ORIENTED_EDGE('',*,*,#2444,.T.);
#2444 = EDGE_CURVE('',#2408,#2428,#2445,.T.);
#2445 = CIRCLE('',#2446,201.91468663415);
#2446 = AXIS2_PLACEMENT_3D('',#2447,#2448,#2449);
#2447 = CARTESIAN_POINT('',(-799.7453241734,-522.1683813014,
    333.14245537346));
#2448 = DIRECTION('',(9.492990005007E-03,-0.826321936182,-0.563118052387
    ));
#2449 = DIRECTION('',(6.468812073476E-03,-0.56308089596,0.826376463288)
  );
#2450 = ORIENTED_EDGE('',*,*,#2427,.T.);
#2451 = ORIENTED_EDGE('',*,*,#2444,.F.);
#2452 = ORIENTED_EDGE('',*,*,#2407,.F.);
#2453 = TOROIDAL_SURFACE('',#2454,171.45,54.1);
#2454 = AXIS2_PLACEMENT_3D('',#2455,#2456,#2457);
#2455 = CARTESIAN_POINT('',(-800.1697269611,-485.2260340469,
    358.31775536935));
#2456 = DIRECTION('',(9.492990005007E-03,-0.826321936182,-0.563118052387
    ));
#2457 = DIRECTION('',(6.468812073476E-03,-0.56308089596,0.826376463288)
  );
#2458 = MANIFOLD_SOLID_BREP('',#2459);
#2459 = CLOSED_SHELL('',(#2460,#2494,#2514,#2534));
#2460 = ADVANCED_FACE('',(#2461),#2489,.T.);
#2461 = FACE_BOUND('',#2462,.T.);
#2462 = EDGE_LOOP('',(#2463,#2474,#2481,#2482));
#2463 = ORIENTED_EDGE('',*,*,#2464,.T.);
#2464 = EDGE_CURVE('',#2465,#2467,#2469,.T.);
#2465 = VERTEX_POINT('',#2466);
#2466 = CARTESIAN_POINT('',(-914.4596098606,-486.987392725,
    358.01224370558));
#2467 = VERTEX_POINT('',#2468);
#2468 = CARTESIAN_POINT('',(-886.1503080368,-356.0431559509,
    289.78178220581));
#2469 = CIRCLE('',#2470,149.42374344463);
#2470 = AXIS2_PLACEMENT_3D('',#2471,#2472,#2473);
#2471 = CARTESIAN_POINT('',(-856.8712136069,-372.8344538483,
    435.3435974229));
#2472 = DIRECTION('',(0.922725576681,-0.315140366198,-0.221955084942));
#2473 = DIRECTION('',(-0.38540324935,-0.763954484376,-0.517530560637));
#2474 = ORIENTED_EDGE('',*,*,#2475,.T.);
#2475 = EDGE_CURVE('',#2467,#2467,#2476,.T.);
#2476 = CIRCLE('',#2477,57.15);
#2477 = AXIS2_PLACEMENT_3D('',#2478,#2479,#2480);
#2478 = CARTESIAN_POINT('',(-939.1260944633,-336.9490978873,
    280.02957736991));
#2479 = DIRECTION('',(-0.331937325085,-0.94236866601,-4.193935549001E-02
    ));
#2480 = DIRECTION('',(-0.195946733464,0.112373693165,-0.974154520972));
#2481 = ORIENTED_EDGE('',*,*,#2464,.F.);
#2482 = ORIENTED_EDGE('',*,*,#2483,.F.);
#2483 = EDGE_CURVE('',#2465,#2465,#2484,.T.);
#2484 = CIRCLE('',#2485,57.15);
#2485 = AXIS2_PLACEMENT_3D('',#2486,#2487,#2488);
#2486 = CARTESIAN_POINT('',(-971.608414112,-487.1955639266,
    358.31775536935));
#2487 = DIRECTION('',(6.468812073472E-03,-0.56308089596,0.826376463288)
  );
#2488 = DIRECTION('',(-0.38540324935,-0.763954484376,-0.517530560637));
#2489 = TOROIDAL_SURFACE('',#2490,171.45,57.15);
#2490 = AXIS2_PLACEMENT_3D('',#2491,#2492,#2493);
#2491 = CARTESIAN_POINT('',(-905.531027011,-356.2155675804,
    447.04836999049));
#2492 = DIRECTION('',(0.922725576681,-0.315140366198,-0.221955084942));
#2493 = DIRECTION('',(-0.38540324935,-0.763954484376,-0.517530560637));
#2494 = ADVANCED_FACE('',(#2495,#2498),#2509,.F.);
#2495 = FACE_BOUND('',#2496,.F.);
#2496 = EDGE_LOOP('',(#2497));
#2497 = ORIENTED_EDGE('',*,*,#2483,.F.);
#2498 = FACE_BOUND('',#2499,.F.);
#2499 = EDGE_LOOP('',(#2500));
#2500 = ORIENTED_EDGE('',*,*,#2501,.T.);
#2501 = EDGE_CURVE('',#2502,#2502,#2504,.T.);
#2502 = VERTEX_POINT('',#2503);
#2503 = CARTESIAN_POINT('',(-917.5095460455,-486.9985024741,
    358.02854835255));
#2504 = CIRCLE('',#2505,54.1);
#2505 = AXIS2_PLACEMENT_3D('',#2506,#2507,#2508);
#2506 = CARTESIAN_POINT('',(-971.608414112,-487.1955639266,
    358.31775536935));
#2507 = DIRECTION('',(6.468812073472E-03,-0.56308089596,0.826376463288)
  );
#2508 = DIRECTION('',(-0.38540324935,-0.763954484376,-0.517530560637));
#2509 = PLANE('',#2510);
#2510 = AXIS2_PLACEMENT_3D('',#2511,#2512,#2513);
#2511 = CARTESIAN_POINT('',(-971.608414112,-487.1955639266,
    358.31775536935));
#2512 = DIRECTION('',(-6.468812073472E-03,0.56308089596,-0.826376463288)
  );
#2513 = DIRECTION('',(-1.177434861462E-19,-0.826393753911,
    -0.563092677539));
#2514 = ADVANCED_FACE('',(#2515,#2518),#2529,.T.);
#2515 = FACE_BOUND('',#2516,.T.);
#2516 = EDGE_LOOP('',(#2517));
#2517 = ORIENTED_EDGE('',*,*,#2475,.F.);
#2518 = FACE_BOUND('',#2519,.T.);
#2519 = EDGE_LOOP('',(#2520));
#2520 = ORIENTED_EDGE('',*,*,#2521,.T.);
#2521 = EDGE_CURVE('',#2522,#2522,#2524,.T.);
#2522 = VERTEX_POINT('',#2523);
#2523 = CARTESIAN_POINT('',(-888.9775372337,-355.024137979,
    289.26132333005));
#2524 = CIRCLE('',#2525,54.1);
#2525 = AXIS2_PLACEMENT_3D('',#2526,#2527,#2528);
#2526 = CARTESIAN_POINT('',(-939.1260944633,-336.9490978873,
    280.02957736991));
#2527 = DIRECTION('',(-0.331937325085,-0.94236866601,-4.193935549001E-02
    ));
#2528 = DIRECTION('',(-0.195946733464,0.112373693165,-0.974154520972));
#2529 = PLANE('',#2530);
#2530 = AXIS2_PLACEMENT_3D('',#2531,#2532,#2533);
#2531 = CARTESIAN_POINT('',(-939.1260944633,-336.9490978873,
    280.02957736991));
#2532 = DIRECTION('',(0.331937325085,0.94236866601,4.193935549001E-02));
#2533 = DIRECTION('',(0.943198531532,-0.332229634614,3.033944786796E-19)
  );
#2534 = ADVANCED_FACE('',(#2535),#2547,.F.);
#2535 = FACE_BOUND('',#2536,.F.);
#2536 = EDGE_LOOP('',(#2537,#2544,#2545,#2546));
#2537 = ORIENTED_EDGE('',*,*,#2538,.T.);
#2538 = EDGE_CURVE('',#2502,#2522,#2539,.T.);
#2539 = CIRCLE('',#2540,150.59924795021);
#2540 = AXIS2_PLACEMENT_3D('',#2541,#2542,#2543);
#2541 = CARTESIAN_POINT('',(-859.4681065358,-371.947531659,
    435.96826157568));
#2542 = DIRECTION('',(0.922725576681,-0.315140366198,-0.221955084942));
#2543 = DIRECTION('',(-0.38540324935,-0.763954484376,-0.517530560637));
#2544 = ORIENTED_EDGE('',*,*,#2521,.T.);
#2545 = ORIENTED_EDGE('',*,*,#2538,.F.);
#2546 = ORIENTED_EDGE('',*,*,#2501,.F.);
#2547 = TOROIDAL_SURFACE('',#2548,171.45,54.1);
#2548 = AXIS2_PLACEMENT_3D('',#2549,#2550,#2551);
#2549 = CARTESIAN_POINT('',(-905.531027011,-356.2155675804,
    447.04836999049));
#2550 = DIRECTION('',(0.922725576681,-0.315140366198,-0.221955084942));
#2551 = DIRECTION('',(-0.38540324935,-0.763954484376,-0.517530560637));
#2552 = MANIFOLD_SOLID_BREP('',#2553);
#2553 = CLOSED_SHELL('',(#2554,#2587,#2607,#2627));
#2554 = ADVANCED_FACE('',(#2555),#2582,.T.);
#2555 = FACE_BOUND('',#2556,.T.);
#2556 = EDGE_LOOP('',(#2557,#2566,#2574,#2581));
#2557 = ORIENTED_EDGE('',*,*,#2558,.F.);
#2558 = EDGE_CURVE('',#2559,#2559,#2561,.T.);
#2559 = VERTEX_POINT('',#2560);
#2560 = CARTESIAN_POINT('',(-763.1011920168,-9.234715553538,
    295.45923865177));
#2561 = CIRCLE('',#2562,57.15);
#2562 = AXIS2_PLACEMENT_3D('',#2563,#2564,#2565);
#2563 = CARTESIAN_POINT('',(-817.0049880938,9.752208064669,
    295.45923865177));
#2564 = DIRECTION('',(0.331937325084,0.94236866601,4.193935549001E-02));
#2565 = DIRECTION('',(0.943198531532,-0.332229634614,-1.087101881297E-18
    ));
#2566 = ORIENTED_EDGE('',*,*,#2567,.F.);
#2567 = EDGE_CURVE('',#2568,#2559,#2570,.T.);
#2568 = VERTEX_POINT('',#2569);
#2569 = CARTESIAN_POINT('',(-885.2222983862,-355.9360215055,
    280.02957736991));
#2570 = LINE('',#2571,#2572);
#2571 = CARTESIAN_POINT('',(-885.2222983862,-355.9360215055,
    280.02957736991));
#2572 = VECTOR('',#2573,1.);
#2573 = DIRECTION('',(0.331937325084,0.94236866601,4.193935549001E-02));
#2574 = ORIENTED_EDGE('',*,*,#2575,.T.);
#2575 = EDGE_CURVE('',#2568,#2568,#2576,.T.);
#2576 = CIRCLE('',#2577,57.15);
#2577 = AXIS2_PLACEMENT_3D('',#2578,#2579,#2580);
#2578 = CARTESIAN_POINT('',(-939.1260944633,-336.9490978873,
    280.02957736991));
#2579 = DIRECTION('',(0.331937325084,0.94236866601,4.193935549001E-02));
#2580 = DIRECTION('',(0.943198531532,-0.332229634614,-1.087101881297E-18
    ));
#2581 = ORIENTED_EDGE('',*,*,#2567,.T.);
#2582 = CYLINDRICAL_SURFACE('',#2583,57.15);
#2583 = AXIS2_PLACEMENT_3D('',#2584,#2585,#2586);
#2584 = CARTESIAN_POINT('',(-939.1260944633,-336.9490978873,
    280.02957736991));
#2585 = DIRECTION('',(0.331937325084,0.94236866601,4.193935549001E-02));
#2586 = DIRECTION('',(0.943198531532,-0.332229634614,-5.185474757654E-19
    ));
#2587 = ADVANCED_FACE('',(#2588,#2591),#2602,.T.);
#2588 = FACE_BOUND('',#2589,.T.);
#2589 = EDGE_LOOP('',(#2590));
#2590 = ORIENTED_EDGE('',*,*,#2558,.T.);
#2591 = FACE_BOUND('',#2592,.T.);
#2592 = EDGE_LOOP('',(#2593));
#2593 = ORIENTED_EDGE('',*,*,#2594,.F.);
#2594 = EDGE_CURVE('',#2595,#2595,#2597,.T.);
#2595 = VERTEX_POINT('',#2596);
#2596 = CARTESIAN_POINT('',(-765.9779475379,-8.221415167964,
    295.45923865177));
#2597 = CIRCLE('',#2598,54.1);
#2598 = AXIS2_PLACEMENT_3D('',#2599,#2600,#2601);
#2599 = CARTESIAN_POINT('',(-817.0049880938,9.752208064669,
    295.45923865177));
#2600 = DIRECTION('',(0.331937325084,0.94236866601,4.193935549001E-02));
#2601 = DIRECTION('',(0.943198531532,-0.332229634614,-1.087101881297E-18
    ));
#2602 = PLANE('',#2603);
#2603 = AXIS2_PLACEMENT_3D('',#2604,#2605,#2606);
#2604 = CARTESIAN_POINT('',(-817.0049880938,9.752208064669,
    295.45923865177));
#2605 = DIRECTION('',(0.331937325084,0.94236866601,4.193935549001E-02));
#2606 = DIRECTION('',(0.943198531532,-0.332229634614,-5.185474757654E-19
    ));
#2607 = ADVANCED_FACE('',(#2608,#2611),#2622,.F.);
#2608 = FACE_BOUND('',#2609,.F.);
#2609 = EDGE_LOOP('',(#2610));
#2610 = ORIENTED_EDGE('',*,*,#2575,.T.);
#2611 = FACE_BOUND('',#2612,.F.);
#2612 = EDGE_LOOP('',(#2613));
#2613 = ORIENTED_EDGE('',*,*,#2614,.F.);
#2614 = EDGE_CURVE('',#2615,#2615,#2617,.T.);
#2615 = VERTEX_POINT('',#2616);
#2616 = CARTESIAN_POINT('',(-888.0990539074,-354.92272112,
    280.02957736991));
#2617 = CIRCLE('',#2618,54.1);
#2618 = AXIS2_PLACEMENT_3D('',#2619,#2620,#2621);
#2619 = CARTESIAN_POINT('',(-939.1260944633,-336.9490978873,
    280.02957736991));
#2620 = DIRECTION('',(0.331937325084,0.94236866601,4.193935549001E-02));
#2621 = DIRECTION('',(0.943198531532,-0.332229634614,-1.087101881297E-18
    ));
#2622 = PLANE('',#2623);
#2623 = AXIS2_PLACEMENT_3D('',#2624,#2625,#2626);
#2624 = CARTESIAN_POINT('',(-939.1260944633,-336.9490978873,
    280.02957736991));
#2625 = DIRECTION('',(0.331937325084,0.94236866601,4.193935549001E-02));
#2626 = DIRECTION('',(0.943198531532,-0.332229634614,-5.185474757654E-19
    ));
#2627 = ADVANCED_FACE('',(#2628),#2639,.F.);
#2628 = FACE_BOUND('',#2629,.F.);
#2629 = EDGE_LOOP('',(#2630,#2631,#2637,#2638));
#2630 = ORIENTED_EDGE('',*,*,#2594,.F.);
#2631 = ORIENTED_EDGE('',*,*,#2632,.F.);
#2632 = EDGE_CURVE('',#2615,#2595,#2633,.T.);
#2633 = LINE('',#2634,#2635);
#2634 = CARTESIAN_POINT('',(-888.0990539074,-354.92272112,
    280.02957736991));
#2635 = VECTOR('',#2636,1.);
#2636 = DIRECTION('',(0.331937325084,0.94236866601,4.193935549001E-02));
#2637 = ORIENTED_EDGE('',*,*,#2614,.T.);
#2638 = ORIENTED_EDGE('',*,*,#2632,.T.);
#2639 = CYLINDRICAL_SURFACE('',#2640,54.1);
#2640 = AXIS2_PLACEMENT_3D('',#2641,#2642,#2643);
#2641 = CARTESIAN_POINT('',(-939.1260944633,-336.9490978873,
    280.02957736991));
#2642 = DIRECTION('',(0.331937325084,0.94236866601,4.193935549001E-02));
#2643 = DIRECTION('',(0.943198531532,-0.332229634614,-5.185474757654E-19
    ));
#2644 = MANIFOLD_SOLID_BREP('',#2645);
#2645 = CLOSED_SHELL('',(#2646,#2680,#2700,#2720));
#2646 = ADVANCED_FACE('',(#2647),#2675,.T.);
#2647 = FACE_BOUND('',#2648,.T.);
#2648 = EDGE_LOOP('',(#2649,#2660,#2667,#2668));
#2649 = ORIENTED_EDGE('',*,*,#2650,.T.);
#2650 = EDGE_CURVE('',#2651,#2653,#2655,.T.);
#2651 = VERTEX_POINT('',#2652);
#2652 = CARTESIAN_POINT('',(-763.0953106309,-9.199251498877,
    294.61581926788));
#2653 = VERTEX_POINT('',#2654);
#2654 = CARTESIAN_POINT('',(-652.6191451798,68.494872853651,
    320.11260812312));
#2655 = CIRCLE('',#2656,116.44544573552);
#2656 = AXIS2_PLACEMENT_3D('',#2657,#2658,#2659);
#2657 = CARTESIAN_POINT('',(-657.3757325225,-47.7692344606,
    324.53686623231));
#2658 = DIRECTION('',(0.256036267901,-4.721611300321E-02,-0.965513370281
    ));
#2659 = DIRECTION('',(-0.907889333419,0.331227921522,-0.256953346483));
#2660 = ORIENTED_EDGE('',*,*,#2661,.T.);
#2661 = EDGE_CURVE('',#2653,#2653,#2662,.T.);
#2662 = CIRCLE('',#2663,57.15);
#2663 = AXIS2_PLACEMENT_3D('',#2664,#2665,#2666);
#2664 = CARTESIAN_POINT('',(-654.3439372734,124.14618488446,
    332.99977466517));
#2665 = DIRECTION('',(-0.965803734583,2.971157970077E-02,-0.2575662406)
  );
#2666 = DIRECTION('',(4.084820417523E-02,0.998442717788,
    -3.799425629099E-02));
#2667 = ORIENTED_EDGE('',*,*,#2650,.F.);
#2668 = ORIENTED_EDGE('',*,*,#2669,.F.);
#2669 = EDGE_CURVE('',#2651,#2651,#2670,.T.);
#2670 = CIRCLE('',#2671,57.15);
#2671 = AXIS2_PLACEMENT_3D('',#2672,#2673,#2674);
#2672 = CARTESIAN_POINT('',(-817.0049880938,9.752208064669,
    295.45923865177));
#2673 = DIRECTION('',(-0.331937325084,-0.94236866601,-4.193935549001E-02
    ));
#2674 = DIRECTION('',(-0.907889333419,0.331227921522,-0.256953346483));
#2675 = TOROIDAL_SURFACE('',#2676,171.45,57.15);
#2676 = AXIS2_PLACEMENT_3D('',#2677,#2678,#2679);
#2677 = CARTESIAN_POINT('',(-661.3473618792,-47.03681908034,
    339.51388990626));
#2678 = DIRECTION('',(0.256036267901,-4.721611300321E-02,-0.965513370281
    ));
#2679 = DIRECTION('',(-0.907889333419,0.331227921522,-0.256953346483));
#2680 = ADVANCED_FACE('',(#2681,#2684),#2695,.F.);
#2681 = FACE_BOUND('',#2682,.F.);
#2682 = EDGE_LOOP('',(#2683));
#2683 = ORIENTED_EDGE('',*,*,#2669,.F.);
#2684 = FACE_BOUND('',#2685,.F.);
#2685 = EDGE_LOOP('',(#2686));
#2686 = ORIENTED_EDGE('',*,*,#2687,.T.);
#2687 = EDGE_CURVE('',#2688,#2688,#2690,.T.);
#2688 = VERTEX_POINT('',#2689);
#2689 = CARTESIAN_POINT('',(-765.9723800318,-8.187843770639,
    294.66083115101));
#2690 = CIRCLE('',#2691,54.1);
#2691 = AXIS2_PLACEMENT_3D('',#2692,#2693,#2694);
#2692 = CARTESIAN_POINT('',(-817.0049880938,9.752208064669,
    295.45923865177));
#2693 = DIRECTION('',(-0.331937325084,-0.94236866601,-4.193935549001E-02
    ));
#2694 = DIRECTION('',(-0.907889333419,0.331227921522,-0.256953346483));
#2695 = PLANE('',#2696);
#2696 = AXIS2_PLACEMENT_3D('',#2697,#2698,#2699);
#2697 = CARTESIAN_POINT('',(-817.0049880938,9.752208064669,
    295.45923865177));
#2698 = DIRECTION('',(0.331937325084,0.94236866601,4.193935549001E-02));
#2699 = DIRECTION('',(0.943198531532,-0.332229634614,4.487353789557E-20)
  );
#2700 = ADVANCED_FACE('',(#2701,#2704),#2715,.T.);
#2701 = FACE_BOUND('',#2702,.T.);
#2702 = EDGE_LOOP('',(#2703));
#2703 = ORIENTED_EDGE('',*,*,#2661,.F.);
#2704 = FACE_BOUND('',#2705,.T.);
#2705 = EDGE_LOOP('',(#2706));
#2706 = ORIENTED_EDGE('',*,*,#2707,.T.);
#2707 = EDGE_CURVE('',#2708,#2708,#2710,.T.);
#2708 = VERTEX_POINT('',#2709);
#2709 = CARTESIAN_POINT('',(-652.7111944516,71.464890381105,
    320.80037466648));
#2710 = CIRCLE('',#2711,54.1);
#2711 = AXIS2_PLACEMENT_3D('',#2712,#2713,#2714);
#2712 = CARTESIAN_POINT('',(-654.3439372734,124.14618488446,
    332.99977466517));
#2713 = DIRECTION('',(-0.965803734583,2.971157970077E-02,-0.2575662406)
  );
#2714 = DIRECTION('',(4.084820417523E-02,0.998442717788,
    -3.799425629099E-02));
#2715 = PLANE('',#2716);
#2716 = AXIS2_PLACEMENT_3D('',#2717,#2718,#2719);
#2717 = CARTESIAN_POINT('',(-654.3439372734,124.14618488446,
    332.99977466517));
#2718 = DIRECTION('',(0.965803734583,-2.971157970077E-02,0.2575662406));
#2719 = DIRECTION('',(-0.257680002826,-2.274879796148E-19,0.966230312163
    ));
#2720 = ADVANCED_FACE('',(#2721),#2733,.F.);
#2721 = FACE_BOUND('',#2722,.F.);
#2722 = EDGE_LOOP('',(#2723,#2730,#2731,#2732));
#2723 = ORIENTED_EDGE('',*,*,#2724,.T.);
#2724 = EDGE_CURVE('',#2688,#2708,#2725,.T.);
#2725 = CIRCLE('',#2726,119.38094688175);
#2726 = AXIS2_PLACEMENT_3D('',#2727,#2728,#2729);
#2727 = CARTESIAN_POINT('',(-657.5876917445,-47.73014667565,
    325.33616495857));
#2728 = DIRECTION('',(0.256036267901,-4.721611300321E-02,-0.965513370281
    ));
#2729 = DIRECTION('',(-0.907889333419,0.331227921522,-0.256953346483));
#2730 = ORIENTED_EDGE('',*,*,#2707,.T.);
#2731 = ORIENTED_EDGE('',*,*,#2724,.F.);
#2732 = ORIENTED_EDGE('',*,*,#2687,.F.);
#2733 = TOROIDAL_SURFACE('',#2734,171.45,54.1);
#2734 = AXIS2_PLACEMENT_3D('',#2735,#2736,#2737);
#2735 = CARTESIAN_POINT('',(-661.3473618792,-47.03681908034,
    339.51388990626));
#2736 = DIRECTION('',(0.256036267901,-4.721611300321E-02,-0.965513370281
    ));
#2737 = DIRECTION('',(-0.907889333419,0.331227921522,-0.256953346483));
#2738 = MANIFOLD_SOLID_BREP('',#2739);
#2739 = CLOSED_SHELL('',(#2740,#2773,#2793,#2813));
#2740 = ADVANCED_FACE('',(#2741),#2768,.T.);
#2741 = FACE_BOUND('',#2742,.T.);
#2742 = EDGE_LOOP('',(#2743,#2752,#2760,#2767));
#2743 = ORIENTED_EDGE('',*,*,#2744,.F.);
#2744 = EDGE_CURVE('',#2745,#2745,#2747,.T.);
#2745 = VERTEX_POINT('',#2746);
#2746 = CARTESIAN_POINT('',(-509.8477510044,119.24792786388,
    430.68225936685));
#2747 = CIRCLE('',#2748,57.15);
#2748 = AXIS2_PLACEMENT_3D('',#2749,#2750,#2751);
#2749 = CARTESIAN_POINT('',(-495.1213388429,119.24792786388,
    375.46219702672));
#2750 = DIRECTION('',(0.965803734583,-2.971157970077E-02,0.2575662406));
#2751 = DIRECTION('',(-0.257680002826,-8.914441039528E-19,0.966230312163
    ));
#2752 = ORIENTED_EDGE('',*,*,#2753,.F.);
#2753 = EDGE_CURVE('',#2754,#2745,#2756,.T.);
#2754 = VERTEX_POINT('',#2755);
#2755 = CARTESIAN_POINT('',(-669.0703494349,124.14618488446,
    388.21983700531));
#2756 = LINE('',#2757,#2758);
#2757 = CARTESIAN_POINT('',(-669.0703494349,124.14618488446,
    388.21983700531));
#2758 = VECTOR('',#2759,1.);
#2759 = DIRECTION('',(0.965803734583,-2.971157970077E-02,0.2575662406));
#2760 = ORIENTED_EDGE('',*,*,#2761,.T.);
#2761 = EDGE_CURVE('',#2754,#2754,#2762,.T.);
#2762 = CIRCLE('',#2763,57.15);
#2763 = AXIS2_PLACEMENT_3D('',#2764,#2765,#2766);
#2764 = CARTESIAN_POINT('',(-654.3439372734,124.14618488446,
    332.99977466517));
#2765 = DIRECTION('',(0.965803734583,-2.971157970077E-02,0.2575662406));
#2766 = DIRECTION('',(-0.257680002826,-8.914441039528E-19,0.966230312163
    ));
#2767 = ORIENTED_EDGE('',*,*,#2753,.T.);
#2768 = CYLINDRICAL_SURFACE('',#2769,57.15);
#2769 = AXIS2_PLACEMENT_3D('',#2770,#2771,#2772);
#2770 = CARTESIAN_POINT('',(-654.3439372734,124.14618488446,
    332.99977466517));
#2771 = DIRECTION('',(0.965803734583,-2.971157970077E-02,0.2575662406));
#2772 = DIRECTION('',(-0.257680002826,-5.033303635011E-20,0.966230312163
    ));
#2773 = ADVANCED_FACE('',(#2774,#2777),#2788,.T.);
#2774 = FACE_BOUND('',#2775,.T.);
#2775 = EDGE_LOOP('',(#2776));
#2776 = ORIENTED_EDGE('',*,*,#2744,.T.);
#2777 = FACE_BOUND('',#2778,.T.);
#2778 = EDGE_LOOP('',(#2779));
#2779 = ORIENTED_EDGE('',*,*,#2780,.F.);
#2780 = EDGE_CURVE('',#2781,#2781,#2783,.T.);
#2781 = VERTEX_POINT('',#2782);
#2782 = CARTESIAN_POINT('',(-509.0618269958,119.24792786388,
    427.73525691475));
#2783 = CIRCLE('',#2784,54.1);
#2784 = AXIS2_PLACEMENT_3D('',#2785,#2786,#2787);
#2785 = CARTESIAN_POINT('',(-495.1213388429,119.24792786388,
    375.46219702672));
#2786 = DIRECTION('',(0.965803734583,-2.971157970077E-02,0.2575662406));
#2787 = DIRECTION('',(-0.257680002826,-8.914441039528E-19,0.966230312163
    ));
#2788 = PLANE('',#2789);
#2789 = AXIS2_PLACEMENT_3D('',#2790,#2791,#2792);
#2790 = CARTESIAN_POINT('',(-495.1213388429,119.24792786388,
    375.46219702672));
#2791 = DIRECTION('',(0.965803734583,-2.971157970077E-02,0.2575662406));
#2792 = DIRECTION('',(-0.257680002826,-5.033303635011E-20,0.966230312163
    ));
#2793 = ADVANCED_FACE('',(#2794,#2797),#2808,.F.);
#2794 = FACE_BOUND('',#2795,.F.);
#2795 = EDGE_LOOP('',(#2796));
#2796 = ORIENTED_EDGE('',*,*,#2761,.T.);
#2797 = FACE_BOUND('',#2798,.F.);
#2798 = EDGE_LOOP('',(#2799));
#2799 = ORIENTED_EDGE('',*,*,#2800,.F.);
#2800 = EDGE_CURVE('',#2801,#2801,#2803,.T.);
#2801 = VERTEX_POINT('',#2802);
#2802 = CARTESIAN_POINT('',(-668.2844254263,124.14618488446,
    385.27283455321));
#2803 = CIRCLE('',#2804,54.1);
#2804 = AXIS2_PLACEMENT_3D('',#2805,#2806,#2807);
#2805 = CARTESIAN_POINT('',(-654.3439372734,124.14618488446,
    332.99977466517));
#2806 = DIRECTION('',(0.965803734583,-2.971157970077E-02,0.2575662406));
#2807 = DIRECTION('',(-0.257680002826,-8.914441039528E-19,0.966230312163
    ));
#2808 = PLANE('',#2809);
#2809 = AXIS2_PLACEMENT_3D('',#2810,#2811,#2812);
#2810 = CARTESIAN_POINT('',(-654.3439372734,124.14618488446,
    332.99977466517));
#2811 = DIRECTION('',(0.965803734583,-2.971157970077E-02,0.2575662406));
#2812 = DIRECTION('',(-0.257680002826,-5.033303635011E-20,0.966230312163
    ));
#2813 = ADVANCED_FACE('',(#2814),#2825,.F.);
#2814 = FACE_BOUND('',#2815,.F.);
#2815 = EDGE_LOOP('',(#2816,#2817,#2823,#2824));
#2816 = ORIENTED_EDGE('',*,*,#2780,.F.);
#2817 = ORIENTED_EDGE('',*,*,#2818,.F.);
#2818 = EDGE_CURVE('',#2801,#2781,#2819,.T.);
#2819 = LINE('',#2820,#2821);
#2820 = CARTESIAN_POINT('',(-668.2844254263,124.14618488446,
    385.27283455321));
#2821 = VECTOR('',#2822,1.);
#2822 = DIRECTION('',(0.965803734583,-2.971157970077E-02,0.2575662406));
#2823 = ORIENTED_EDGE('',*,*,#2800,.T.);
#2824 = ORIENTED_EDGE('',*,*,#2818,.T.);
#2825 = CYLINDRICAL_SURFACE('',#2826,54.1);
#2826 = AXIS2_PLACEMENT_3D('',#2827,#2828,#2829);
#2827 = CARTESIAN_POINT('',(-654.3439372734,124.14618488446,
    332.99977466517));
#2828 = DIRECTION('',(0.965803734583,-2.971157970077E-02,0.2575662406));
#2829 = DIRECTION('',(-0.257680002826,-5.033303635011E-20,0.966230312163
    ));
#2830 = ( GEOMETRIC_REPRESENTATION_CONTEXT(3) 
GLOBAL_UNCERTAINTY_ASSIGNED_CONTEXT((#2834)) 
GLOBAL_UNIT_ASSIGNED_CONTEXT((#2831,#2832,#2833)) REPRESENTATION_CONTEXT
('Context #1','3D Context with UNIT and UNCERTAINTY') );
#2831 = ( LENGTH_UNIT() NAMED_UNIT(*) SI_UNIT(.MILLI.,.METRE.) );
#2832 = ( NAMED_UNIT(*) PLANE_ANGLE_UNIT() SI_UNIT($,.RADIAN.) );
#2833 = ( NAMED_UNIT(*) SI_UNIT($,.STERADIAN.) SOLID_ANGLE_UNIT() );
#2834 = UNCERTAINTY_MEASURE_WITH_UNIT(LENGTH_MEASURE(1.E-07),#2831,
  'distance_accuracy_value','confusion accuracy');
#2835 = PRODUCT_RELATED_PRODUCT_CATEGORY('part',$,(#7));
ENDSEC;
END-ISO-10303-21;
