solid gantry
 facet normal -1 0 0
  outer loop
   vertex 8.435 2.45 2.0599
   vertex 8.435 2.65 2.3599
   vertex 8.435 2.65 2.0599
  endloop
 endfacet
 facet normal -1 0 0
  outer loop
   vertex 8.435 2.45 2.0599
   vertex 8.435 2.45 2.3599
   vertex 8.435 2.65 2.3599
  endloop
 endfacet
 facet normal 1 0 0
  outer loop
   vertex 15.755 2.65 2.3599
   vertex 15.755 2.45 2.0599
   vertex 15.755 2.65 2.0599
  endloop
 endfacet
 facet normal 1 -0 0
  outer loop
   vertex 15.755 2.45 2.3599
   vertex 15.755 2.45 2.0599
   vertex 15.755 2.65 2.3599
  endloop
 endfacet
 facet normal 0 -1 0
  outer loop
   vertex 8.435 2.45 2.0599
   vertex 15.755 2.45 2.0599
   vertex 8.435 2.45 2.3599
  endloop
 endfacet
 facet normal 0 -1 0
  outer loop
   vertex 15.755 2.45 2.0599
   vertex 15.755 2.45 2.3599
   vertex 8.435 2.45 2.3599
  endloop
 endfacet
 facet normal 0 1 0
  outer loop
   vertex 15.755 2.65 2.0599
   vertex 8.435 2.65 2.0599
   vertex 8.435 2.65 2.3599
  endloop
 endfacet
 facet normal 0 1 0
  outer loop
   vertex 15.755 2.65 2.3599
   vertex 15.755 2.65 2.0599
   vertex 8.435 2.65 2.3599
  endloop
 endfacet
 facet normal 0 0 -1
  outer loop
   vertex 8.435 2.65 2.0599
   vertex 15.755 2.45 2.0599
   vertex 8.435 2.45 2.0599
  endloop
 endfacet
 facet normal 0 0 -1
  outer loop
   vertex 8.435 2.65 2.0599
   vertex 15.755 2.65 2.0599
   vertex 15.755 2.45 2.0599
  endloop
 endfacet
 facet normal 0 0 1
  outer loop
   vertex 15.755 2.45 2.3599
   vertex 8.435 2.65 2.3599
   vertex 8.435 2.45 2.3599
  endloop
 endfacet
 facet normal 0 0 1
  outer loop
   vertex 15.755 2.65 2.3599
   vertex 8.435 2.65 2.3599
   vertex 15.755 2.45 2.3599
  endloop
 endfacet
 facet normal -1 0 0
  outer loop
   vertex 8.435 5.55 2.0599
   vertex 8.435 5.75 2.3599
   vertex 8.435 5.75 2.0599
  endloop
 endfacet
 facet normal -1 0 0
  outer loop
   vertex 8.435 5.55 2.0599
   vertex 8.435 5.55 2.3599
   vertex 8.435 5.75 2.3599
  endloop
 endfacet
 facet normal 1 0 0
  outer loop
   vertex 15.755 5.75 2.3599
   vertex 15.755 5.55 2.0599
   vertex 15.755 5.75 2.0599
  endloop
 endfacet
 facet normal 1 -0 0
  outer loop
   vertex 15.755 5.55 2.3599
   vertex 15.755 5.55 2.0599
   vertex 15.755 5.75 2.3599
  endloop
 endfacet
 facet normal 0 -1 0
  outer loop
   vertex 8.435 5.55 2.0599
   vertex 15.755 5.55 2.0599
   vertex 8.435 5.55 2.3599
  endloop
 endfacet
 facet normal 0 -1 0
  outer loop
   vertex 15.755 5.55 2.0599
   vertex 15.755 5.55 2.3599
   vertex 8.435 5.55 2.3599
  endloop
 endfacet
 facet normal 0 1 0
  outer loop
   vertex 15.755 5.75 2.0599
   vertex 8.435 5.75 2.0599
   vertex 8.435 5.75 2.3599
  endloop
 endfacet
 facet normal 0 1 0
  outer loop
   vertex 15.755 5.75 2.3599
   vertex 15.755 5.75 2.0599
   vertex 8.435 5.75 2.3599
  endloop
 endfacet
 facet normal 0 0 -1
  outer loop
   vertex 8.435 5.75 2.0599
   vertex 15.755 5.55 2.0599
   vertex 8.435 5.55 2.0599
  endloop
 endfacet
 facet normal 0 0 -1
  outer loop
   vertex 8.435 5.75 2.0599
   vertex 15.755 5.75 2.0599
   vertex 15.755 5.55 2.0599
  endloop
 endfacet
 facet normal 0 0 1
  outer loop
   vertex 15.755 5.55 2.3599
   vertex 8.435 5.75 2.3599
   vertex 8.435 5.55 2.3599
  endloop
 endfacet
 facet normal 0 0 1
  outer loop
   vertex 15.755 5.75 2.3599
   vertex 8.435 5.75 2.3599
   vertex 15.755 5.55 2.3599
  endloop
 endfacet
 facet normal -1 0 0
  outer loop
   vertex 8.455 2.5 2.3599
   vertex 8.455 2.6 3.9599
   vertex 8.455 2.6 2.3599
  endloop
 endfacet
 facet normal -1 0 0
  outer loop
   vertex 8.455 2.5 2.3599
   vertex 8.455 2.5 3.9599
   vertex 8.455 2.6 3.9599
  endloop
 endfacet
 facet normal 1 0 0
  outer loop
   vertex 8.555 2.6 3.9599
   vertex 8.555 2.5 2.3599
   vertex 8.555 2.6 2.3599
  endloop
 endfacet
 facet normal 1 -0 0
  outer loop
   vertex 8.555 2.5 3.9599
   vertex 8.555 2.5 2.3599
   vertex 8.555 2.6 3.9599
  endloop
 endfacet
 facet normal 0 -1 0
  outer loop
   vertex 8.555 2.5 2.3599
   vertex 8.455 2.5 3.9599
   vertex 8.455 2.5 2.3599
  endloop
 endfacet
 facet normal 0 -1 0
  outer loop
   vertex 8.555 2.5 2.3599
   vertex 8.555 2.5 3.9599
   vertex 8.455 2.5 3.9599
  endloop
 endfacet
 facet normal 0 1 0
  outer loop
   vertex 8.455 2.6 3.9599
   vertex 8.555 2.6 2.3599
   vertex 8.455 2.6 2.3599
  endloop
 endfacet
 facet normal 0 1 0
  outer loop
   vertex 8.555 2.6 3.9599
   vertex 8.555 2.6 2.3599
   vertex 8.455 2.6 3.9599
  endloop
 endfacet
 facet normal 0 0 -1
  outer loop
   vertex 8.455 2.6 2.3599
   vertex 8.555 2.6 2.3599
   vertex 8.455 2.5 2.3599
  endloop
 endfacet
 facet normal 0 0 -1
  outer loop
   vertex 8.455 2.5 2.3599
   vertex 8.555 2.6 2.3599
   vertex 8.555 2.5 2.3599
  endloop
 endfacet
 facet normal 0 0 1
  outer loop
   vertex 8.555 2.6 3.9599
   vertex 8.455 2.6 3.9599
   vertex 8.455 2.5 3.9599
  endloop
 endfacet
 facet normal 0 0 1
  outer loop
   vertex 8.555 2.6 3.9599
   vertex 8.455 2.5 3.9599
   vertex 8.555 2.5 3.9599
  endloop
 endfacet
 facet normal -1 0 0
  outer loop
   vertex 8.455 5.6 2.3599
   vertex 8.455 5.7 3.9599
   vertex 8.455 5.7 2.3599
  endloop
 endfacet
 facet normal -1 0 0
  outer loop
   vertex 8.455 5.6 2.3599
   vertex 8.455 5.6 3.9599
   vertex 8.455 5.7 3.9599
  endloop
 endfacet
 facet normal 1 0 0
  outer loop
   vertex 8.555 5.7 3.9599
   vertex 8.555 5.6 2.3599
   vertex 8.555 5.7 2.3599
  endloop
 endfacet
 facet normal 1 -0 0
  outer loop
   vertex 8.555 5.6 3.9599
   vertex 8.555 5.6 2.3599
   vertex 8.555 5.7 3.9599
  endloop
 endfacet
 facet normal 0 -1 0
  outer loop
   vertex 8.555 5.6 2.3599
   vertex 8.455 5.6 3.9599
   vertex 8.455 5.6 2.3599
  endloop
 endfacet
 facet normal 0 -1 0
  outer loop
   vertex 8.555 5.6 2.3599
   vertex 8.555 5.6 3.9599
   vertex 8.455 5.6 3.9599
  endloop
 endfacet
 facet normal 0 1 0
  outer loop
   vertex 8.455 5.7 3.9599
   vertex 8.555 5.7 2.3599
   vertex 8.455 5.7 2.3599
  endloop
 endfacet
 facet normal 0 1 0
  outer loop
   vertex 8.555 5.7 3.9599
   vertex 8.555 5.7 2.3599
   vertex 8.455 5.7 3.9599
  endloop
 endfacet
 facet normal 0 0 -1
  outer loop
   vertex 8.455 5.7 2.3599
   vertex 8.555 5.7 2.3599
   vertex 8.455 5.6 2.3599
  endloop
 endfacet
 facet normal 0 0 -1
  outer loop
   vertex 8.455 5.6 2.3599
   vertex 8.555 5.7 2.3599
   vertex 8.555 5.6 2.3599
  endloop
 endfacet
 facet normal 0 0 1
  outer loop
   vertex 8.555 5.7 3.9599
   vertex 8.455 5.7 3.9599
   vertex 8.455 5.6 3.9599
  endloop
 endfacet
 facet normal 0 0 1
  outer loop
   vertex 8.555 5.7 3.9599
   vertex 8.455 5.6 3.9599
   vertex 8.555 5.6 3.9599
  endloop
 endfacet
 facet normal -1 0 0
  outer loop
   vertex 8.455 2.5 3.8599
   vertex 8.455 2.5 3.9599
   vertex 8.455 5.6 3.8599
  endloop
 endfacet
 facet normal -1 0 0
  outer loop
   vertex 8.455 5.6 3.8599
   vertex 8.455 2.5 3.9599
   vertex 8.455 5.6 3.9599
  endloop
 endfacet
 facet normal 1 0 0
  outer loop
   vertex 8.555 2.5 3.9599
   vertex 8.555 2.5 3.8599
   vertex 8.555 5.6 3.8599
  endloop
 endfacet
 facet normal 1 -0 0
  outer loop
   vertex 8.555 2.5 3.9599
   vertex 8.555 5.6 3.8599
   vertex 8.555 5.6 3.9599
  endloop
 endfacet
 facet normal 0 -1 0
  outer loop
   vertex 8.555 2.5 3.8599
   vertex 8.555 2.5 3.9599
   vertex 8.455 2.5 3.8599
  endloop
 endfacet
 facet normal 0 -1 0
  outer loop
   vertex 8.455 2.5 3.8599
   vertex 8.555 2.5 3.9599
   vertex 8.455 2.5 3.9599
  endloop
 endfacet
 facet normal 0 1 0
  outer loop
   vertex 8.555 5.6 3.9599
   vertex 8.555 5.6 3.8599
   vertex 8.455 5.6 3.8599
  endloop
 endfacet
 facet normal 0 1 0
  outer loop
   vertex 8.555 5.6 3.9599
   vertex 8.455 5.6 3.8599
   vertex 8.455 5.6 3.9599
  endloop
 endfacet
 facet normal 0 0 -1
  outer loop
   vertex 8.455 5.6 3.8599
   vertex 8.555 5.6 3.8599
   vertex 8.455 2.5 3.8599
  endloop
 endfacet
 facet normal 0 0 -1
  outer loop
   vertex 8.455 2.5 3.8599
   vertex 8.555 5.6 3.8599
   vertex 8.555 2.5 3.8599
  endloop
 endfacet
 facet normal 0 0 1
  outer loop
   vertex 8.555 5.6 3.9599
   vertex 8.455 5.6 3.9599
   vertex 8.455 2.5 3.9599
  endloop
 endfacet
 facet normal 0 0 1
  outer loop
   vertex 8.555 5.6 3.9599
   vertex 8.455 2.5 3.9599
   vertex 8.555 2.5 3.9599
  endloop
 endfacet
 facet normal -1 0 0
  outer loop
   vertex 10.755 2.5 2.3599
   vertex 10.755 2.6 3.9599
   vertex 10.755 2.6 2.3599
  endloop
 endfacet
 facet normal -1 0 0
  outer loop
   vertex 10.755 2.5 2.3599
   vertex 10.755 2.5 3.9599
   vertex 10.755 2.6 3.9599
  endloop
 endfacet
 facet normal 1 0 0
  outer loop
   vertex 10.855 2.6 3.9599
   vertex 10.855 2.5 2.3599
   vertex 10.855 2.6 2.3599
  endloop
 endfacet
 facet normal 1 -0 0
  outer loop
   vertex 10.855 2.5 3.9599
   vertex 10.855 2.5 2.3599
   vertex 10.855 2.6 3.9599
  endloop
 endfacet
 facet normal 0 -1 0
  outer loop
   vertex 10.855 2.5 2.3599
   vertex 10.755 2.5 3.9599
   vertex 10.755 2.5 2.3599
  endloop
 endfacet
 facet normal 0 -1 0
  outer loop
   vertex 10.855 2.5 2.3599
   vertex 10.855 2.5 3.9599
   vertex 10.755 2.5 3.9599
  endloop
 endfacet
 facet normal 0 1 0
  outer loop
   vertex 10.755 2.6 3.9599
   vertex 10.855 2.6 2.3599
   vertex 10.755 2.6 2.3599
  endloop
 endfacet
 facet normal 0 1 0
  outer loop
   vertex 10.855 2.6 3.9599
   vertex 10.855 2.6 2.3599
   vertex 10.755 2.6 3.9599
  endloop
 endfacet
 facet normal 0 0 -1
  outer loop
   vertex 10.755 2.6 2.3599
   vertex 10.855 2.6 2.3599
   vertex 10.755 2.5 2.3599
  endloop
 endfacet
 facet normal 0 0 -1
  outer loop
   vertex 10.755 2.5 2.3599
   vertex 10.855 2.6 2.3599
   vertex 10.855 2.5 2.3599
  endloop
 endfacet
 facet normal 0 0 1
  outer loop
   vertex 10.855 2.6 3.9599
   vertex 10.755 2.6 3.9599
   vertex 10.755 2.5 3.9599
  endloop
 endfacet
 facet normal 0 0 1
  outer loop
   vertex 10.855 2.6 3.9599
   vertex 10.755 2.5 3.9599
   vertex 10.855 2.5 3.9599
  endloop
 endfacet
 facet normal -1 0 0
  outer loop
   vertex 10.755 5.6 2.3599
   vertex 10.755 5.7 3.9599
   vertex 10.755 5.7 2.3599
  endloop
 endfacet
 facet normal -1 0 0
  outer loop
   vertex 10.755 5.6 2.3599
   vertex 10.755 5.6 3.9599
   vertex 10.755 5.7 3.9599
  endloop
 endfacet
 facet normal 1 0 0
  outer loop
   vertex 10.855 5.7 3.9599
   vertex 10.855 5.6 2.3599
   vertex 10.855 5.7 2.3599
  endloop
 endfacet
 facet normal 1 -0 0
  outer loop
   vertex 10.855 5.6 3.9599
   vertex 10.855 5.6 2.3599
   vertex 10.855 5.7 3.9599
  endloop
 endfacet
 facet normal 0 -1 0
  outer loop
   vertex 10.855 5.6 2.3599
   vertex 10.755 5.6 3.9599
   vertex 10.755 5.6 2.3599
  endloop
 endfacet
 facet normal 0 -1 0
  outer loop
   vertex 10.855 5.6 2.3599
   vertex 10.855 5.6 3.9599
   vertex 10.755 5.6 3.9599
  endloop
 endfacet
 facet normal 0 1 0
  outer loop
   vertex 10.755 5.7 3.9599
   vertex 10.855 5.7 2.3599
   vertex 10.755 5.7 2.3599
  endloop
 endfacet
 facet normal 0 1 0
  outer loop
   vertex 10.855 5.7 3.9599
   vertex 10.855 5.7 2.3599
   vertex 10.755 5.7 3.9599
  endloop
 endfacet
 facet normal 0 0 -1
  outer loop
   vertex 10.755 5.7 2.3599
   vertex 10.855 5.7 2.3599
   vertex 10.755 5.6 2.3599
  endloop
 endfacet
 facet normal 0 0 -1
  outer loop
   vertex 10.755 5.6 2.3599
   vertex 10.855 5.7 2.3599
   vertex 10.855 5.6 2.3599
  endloop
 endfacet
 facet normal 0 0 1
  outer loop
   vertex 10.855 5.7 3.9599
   vertex 10.755 5.7 3.9599
   vertex 10.755 5.6 3.9599
  endloop
 endfacet
 facet normal 0 0 1
  outer loop
   vertex 10.855 5.7 3.9599
   vertex 10.755 5.6 3.9599
   vertex 10.855 5.6 3.9599
  endloop
 endfacet
 facet normal -1 0 0
  outer loop
   vertex 10.755 2.5 3.8599
   vertex 10.755 2.5 3.9599
   vertex 10.755 5.6 3.8599
  endloop
 endfacet
 facet normal -1 0 0
  outer loop
   vertex 10.755 5.6 3.8599
   vertex 10.755 2.5 3.9599
   vertex 10.755 5.6 3.9599
  endloop
 endfacet
 facet normal 1 0 0
  outer loop
   vertex 10.855 2.5 3.9599
   vertex 10.855 2.5 3.8599
   vertex 10.855 5.6 3.8599
  endloop
 endfacet
 facet normal 1 -0 0
  outer loop
   vertex 10.855 2.5 3.9599
   vertex 10.855 5.6 3.8599
   vertex 10.855 5.6 3.9599
  endloop
 endfacet
 facet normal 0 -1 0
  outer loop
   vertex 10.855 2.5 3.8599
   vertex 10.855 2.5 3.9599
   vertex 10.755 2.5 3.8599
  endloop
 endfacet
 facet normal 0 -1 0
  outer loop
   vertex 10.755 2.5 3.8599
   vertex 10.855 2.5 3.9599
   vertex 10.755 2.5 3.9599
  endloop
 endfacet
 facet normal 0 1 0
  outer loop
   vertex 10.855 5.6 3.9599
   vertex 10.855 5.6 3.8599
   vertex 10.755 5.6 3.8599
  endloop
 endfacet
 facet normal 0 1 0
  outer loop
   vertex 10.855 5.6 3.9599
   vertex 10.755 5.6 3.8599
   vertex 10.755 5.6 3.9599
  endloop
 endfacet
 facet normal 0 0 -1
  outer loop
   vertex 10.755 5.6 3.8599
   vertex 10.855 5.6 3.8599
   vertex 10.755 2.5 3.8599
  endloop
 endfacet
 facet normal 0 0 -1
  outer loop
   vertex 10.755 2.5 3.8599
   vertex 10.855 5.6 3.8599
   vertex 10.855 2.5 3.8599
  endloop
 endfacet
 facet normal 0 0 1
  outer loop
   vertex 10.855 5.6 3.9599
   vertex 10.755 5.6 3.9599
   vertex 10.755 2.5 3.9599
  endloop
 endfacet
 facet normal 0 0 1
  outer loop
   vertex 10.855 5.6 3.9599
   vertex 10.755 2.5 3.9599
   vertex 10.855 2.5 3.9599
  endloop
 endfacet
 facet normal -1 0 0
  outer loop
   vertex 8.455 2.5 3.8599
   vertex 8.455 2.5 3.9599
   vertex 8.455 2.6 3.8599
  endloop
 endfacet
 facet normal -1 0 0
  outer loop
   vertex 8.455 2.6 3.8599
   vertex 8.455 2.5 3.9599
   vertex 8.455 2.6 3.9599
  endloop
 endfacet
 facet normal 1 0 0
  outer loop
   vertex 10.855 2.5 3.9599
   vertex 10.855 2.5 3.8599
   vertex 10.855 2.6 3.8599
  endloop
 endfacet
 facet normal 1 -0 0
  outer loop
   vertex 10.855 2.5 3.9599
   vertex 10.855 2.6 3.8599
   vertex 10.855 2.6 3.9599
  endloop
 endfacet
 facet normal 0 -1 0
  outer loop
   vertex 10.855 2.5 3.8599
   vertex 10.855 2.5 3.9599
   vertex 8.455 2.5 3.8599
  endloop
 endfacet
 facet normal 0 -1 0
  outer loop
   vertex 8.455 2.5 3.8599
   vertex 10.855 2.5 3.9599
   vertex 8.455 2.5 3.9599
  endloop
 endfacet
 facet normal 0 1 0
  outer loop
   vertex 10.855 2.6 3.9599
   vertex 10.855 2.6 3.8599
   vertex 8.455 2.6 3.8599
  endloop
 endfacet
 facet normal 0 1 0
  outer loop
   vertex 10.855 2.6 3.9599
   vertex 8.455 2.6 3.8599
   vertex 8.455 2.6 3.9599
  endloop
 endfacet
 facet normal 0 0 -1
  outer loop
   vertex 8.455 2.6 3.8599
   vertex 10.855 2.6 3.8599
   vertex 8.455 2.5 3.8599
  endloop
 endfacet
 facet normal 0 0 -1
  outer loop
   vertex 8.455 2.5 3.8599
   vertex 10.855 2.6 3.8599
   vertex 10.855 2.5 3.8599
  endloop
 endfacet
 facet normal 0 0 1
  outer loop
   vertex 10.855 2.6 3.9599
   vertex 8.455 2.6 3.9599
   vertex 8.455 2.5 3.9599
  endloop
 endfacet
 facet normal 0 0 1
  outer loop
   vertex 10.855 2.6 3.9599
   vertex 8.455 2.5 3.9599
   vertex 10.855 2.5 3.9599
  endloop
 endfacet
 facet normal -1 0 0
  outer loop
   vertex 8.455 5.6 3.8599
   vertex 8.455 5.6 3.9599
   vertex 8.455 5.7 3.8599
  endloop
 endfacet
 facet normal -1 0 0
  outer loop
   vertex 8.455 5.7 3.8599
   vertex 8.455 5.6 3.9599
   vertex 8.455 5.7 3.9599
  endloop
 endfacet
 facet normal 1 0 0
  outer loop
   vertex 10.855 5.6 3.9599
   vertex 10.855 5.6 3.8599
   vertex 10.855 5.7 3.8599
  endloop
 endfacet
 facet normal 1 -0 0
  outer loop
   vertex 10.855 5.6 3.9599
   vertex 10.855 5.7 3.8599
   vertex 10.855 5.7 3.9599
  endloop
 endfacet
 facet normal 0 -1 0
  outer loop
   vertex 10.855 5.6 3.8599
   vertex 10.855 5.6 3.9599
   vertex 8.455 5.6 3.8599
  endloop
 endfacet
 facet normal 0 -1 0
  outer loop
   vertex 8.455 5.6 3.8599
   vertex 10.855 5.6 3.9599
   vertex 8.455 5.6 3.9599
  endloop
 endfacet
 facet normal 0 1 0
  outer loop
   vertex 10.855 5.7 3.9599
   vertex 10.855 5.7 3.8599
   vertex 8.455 5.7 3.8599
  endloop
 endfacet
 facet normal 0 1 0
  outer loop
   vertex 10.855 5.7 3.9599
   vertex 8.455 5.7 3.8599
   vertex 8.455 5.7 3.9599
  endloop
 endfacet
 facet normal 0 0 -1
  outer loop
   vertex 8.455 5.7 3.8599
   vertex 10.855 5.7 3.8599
   vertex 8.455 5.6 3.8599
  endloop
 endfacet
 facet normal 0 0 -1
  outer loop
   vertex 8.455 5.6 3.8599
   vertex 10.855 5.7 3.8599
   vertex 10.855 5.6 3.8599
  endloop
 endfacet
 facet normal 0 0 1
  outer loop
   vertex 10.855 5.7 3.9599
   vertex 8.455 5.7 3.9599
   vertex 8.455 5.6 3.9599
  endloop
 endfacet
 facet normal 0 0 1
  outer loop
   vertex 10.855 5.7 3.9599
   vertex 8.455 5.6 3.9599
   vertex 10.855 5.6 3.9599
  endloop
 endfacet
 facet normal -1 0 0
  outer loop
   vertex 10.895 2.5 2.3599
   vertex 10.895 2.6 3.9599
   vertex 10.895 2.6 2.3599
  endloop
 endfacet
 facet normal -1 0 0
  outer loop
   vertex 10.895 2.5 2.3599
   vertex 10.895 2.5 3.9599
   vertex 10.895 2.6 3.9599
  endloop
 endfacet
 facet normal 1 0 0
  outer loop
   vertex 10.995 2.6 3.9599
   vertex 10.995 2.5 2.3599
   vertex 10.995 2.6 2.3599
  endloop
 endfacet
 facet normal 1 -0 0
  outer loop
   vertex 10.995 2.5 3.9599
   vertex 10.995 2.5 2.3599
   vertex 10.995 2.6 3.9599
  endloop
 endfacet
 facet normal 0 -1 0
  outer loop
   vertex 10.995 2.5 2.3599
   vertex 10.895 2.5 3.9599
   vertex 10.895 2.5 2.3599
  endloop
 endfacet
 facet normal 0 -1 0
  outer loop
   vertex 10.995 2.5 2.3599
   vertex 10.995 2.5 3.9599
   vertex 10.895 2.5 3.9599
  endloop
 endfacet
 facet normal 0 1 0
  outer loop
   vertex 10.895 2.6 3.9599
   vertex 10.995 2.6 2.3599
   vertex 10.895 2.6 2.3599
  endloop
 endfacet
 facet normal 0 1 0
  outer loop
   vertex 10.995 2.6 3.9599
   vertex 10.995 2.6 2.3599
   vertex 10.895 2.6 3.9599
  endloop
 endfacet
 facet normal 0 0 -1
  outer loop
   vertex 10.895 2.6 2.3599
   vertex 10.995 2.6 2.3599
   vertex 10.895 2.5 2.3599
  endloop
 endfacet
 facet normal 0 0 -1
  outer loop
   vertex 10.895 2.5 2.3599
   vertex 10.995 2.6 2.3599
   vertex 10.995 2.5 2.3599
  endloop
 endfacet
 facet normal 0 0 1
  outer loop
   vertex 10.995 2.6 3.9599
   vertex 10.895 2.6 3.9599
   vertex 10.895 2.5 3.9599
  endloop
 endfacet
 facet normal 0 0 1
  outer loop
   vertex 10.995 2.6 3.9599
   vertex 10.895 2.5 3.9599
   vertex 10.995 2.5 3.9599
  endloop
 endfacet
 facet normal -1 0 0
  outer loop
   vertex 10.895 5.6 2.3599
   vertex 10.895 5.7 3.9599
   vertex 10.895 5.7 2.3599
  endloop
 endfacet
 facet normal -1 0 0
  outer loop
   vertex 10.895 5.6 2.3599
   vertex 10.895 5.6 3.9599
   vertex 10.895 5.7 3.9599
  endloop
 endfacet
 facet normal 1 0 0
  outer loop
   vertex 10.995 5.7 3.9599
   vertex 10.995 5.6 2.3599
   vertex 10.995 5.7 2.3599
  endloop
 endfacet
 facet normal 1 -0 0
  outer loop
   vertex 10.995 5.6 3.9599
   vertex 10.995 5.6 2.3599
   vertex 10.995 5.7 3.9599
  endloop
 endfacet
 facet normal 0 -1 0
  outer loop
   vertex 10.995 5.6 2.3599
   vertex 10.895 5.6 3.9599
   vertex 10.895 5.6 2.3599
  endloop
 endfacet
 facet normal 0 -1 0
  outer loop
   vertex 10.995 5.6 2.3599
   vertex 10.995 5.6 3.9599
   vertex 10.895 5.6 3.9599
  endloop
 endfacet
 facet normal 0 1 0
  outer loop
   vertex 10.895 5.7 3.9599
   vertex 10.995 5.7 2.3599
   vertex 10.895 5.7 2.3599
  endloop
 endfacet
 facet normal 0 1 0
  outer loop
   vertex 10.995 5.7 3.9599
   vertex 10.995 5.7 2.3599
   vertex 10.895 5.7 3.9599
  endloop
 endfacet
 facet normal 0 0 -1
  outer loop
   vertex 10.895 5.7 2.3599
   vertex 10.995 5.7 2.3599
   vertex 10.895 5.6 2.3599
  endloop
 endfacet
 facet normal 0 0 -1
  outer loop
   vertex 10.895 5.6 2.3599
   vertex 10.995 5.7 2.3599
   vertex 10.995 5.6 2.3599
  endloop
 endfacet
 facet normal 0 0 1
  outer loop
   vertex 10.995 5.7 3.9599
   vertex 10.895 5.7 3.9599
   vertex 10.895 5.6 3.9599
  endloop
 endfacet
 facet normal 0 0 1
  outer loop
   vertex 10.995 5.7 3.9599
   vertex 10.895 5.6 3.9599
   vertex 10.995 5.6 3.9599
  endloop
 endfacet
 facet normal -1 0 0
  outer loop
   vertex 10.895 2.5 3.8599
   vertex 10.895 2.5 3.9599
   vertex 10.895 5.6 3.8599
  endloop
 endfacet
 facet normal -1 0 0
  outer loop
   vertex 10.895 5.6 3.8599
   vertex 10.895 2.5 3.9599
   vertex 10.895 5.6 3.9599
  endloop
 endfacet
 facet normal 1 0 0
  outer loop
   vertex 10.995 2.5 3.9599
   vertex 10.995 2.5 3.8599
   vertex 10.995 5.6 3.8599
  endloop
 endfacet
 facet normal 1 -0 0
  outer loop
   vertex 10.995 2.5 3.9599
   vertex 10.995 5.6 3.8599
   vertex 10.995 5.6 3.9599
  endloop
 endfacet
 facet normal 0 -1 0
  outer loop
   vertex 10.995 2.5 3.8599
   vertex 10.995 2.5 3.9599
   vertex 10.895 2.5 3.8599
  endloop
 endfacet
 facet normal 0 -1 0
  outer loop
   vertex 10.895 2.5 3.8599
   vertex 10.995 2.5 3.9599
   vertex 10.895 2.5 3.9599
  endloop
 endfacet
 facet normal 0 1 0
  outer loop
   vertex 10.995 5.6 3.9599
   vertex 10.995 5.6 3.8599
   vertex 10.895 5.6 3.8599
  endloop
 endfacet
 facet normal 0 1 0
  outer loop
   vertex 10.995 5.6 3.9599
   vertex 10.895 5.6 3.8599
   vertex 10.895 5.6 3.9599
  endloop
 endfacet
 facet normal 0 0 -1
  outer loop
   vertex 10.895 5.6 3.8599
   vertex 10.995 5.6 3.8599
   vertex 10.895 2.5 3.8599
  endloop
 endfacet
 facet normal 0 0 -1
  outer loop
   vertex 10.895 2.5 3.8599
   vertex 10.995 5.6 3.8599
   vertex 10.995 2.5 3.8599
  endloop
 endfacet
 facet normal 0 0 1
  outer loop
   vertex 10.995 5.6 3.9599
   vertex 10.895 5.6 3.9599
   vertex 10.895 2.5 3.9599
  endloop
 endfacet
 facet normal 0 0 1
  outer loop
   vertex 10.995 5.6 3.9599
   vertex 10.895 2.5 3.9599
   vertex 10.995 2.5 3.9599
  endloop
 endfacet
 facet normal -1 0 0
  outer loop
   vertex 13.195 2.5 2.3599
   vertex 13.195 2.6 3.9599
   vertex 13.195 2.6 2.3599
  endloop
 endfacet
 facet normal -1 0 0
  outer loop
   vertex 13.195 2.5 2.3599
   vertex 13.195 2.5 3.9599
   vertex 13.195 2.6 3.9599
  endloop
 endfacet
 facet normal 1 0 0
  outer loop
   vertex 13.295 2.6 3.9599
   vertex 13.295 2.5 2.3599
   vertex 13.295 2.6 2.3599
  endloop
 endfacet
 facet normal 1 -0 0
  outer loop
   vertex 13.295 2.5 3.9599
   vertex 13.295 2.5 2.3599
   vertex 13.295 2.6 3.9599
  endloop
 endfacet
 facet normal 0 -1 0
  outer loop
   vertex 13.295 2.5 2.3599
   vertex 13.195 2.5 3.9599
   vertex 13.195 2.5 2.3599
  endloop
 endfacet
 facet normal 0 -1 0
  outer loop
   vertex 13.295 2.5 2.3599
   vertex 13.295 2.5 3.9599
   vertex 13.195 2.5 3.9599
  endloop
 endfacet
 facet normal 0 1 0
  outer loop
   vertex 13.195 2.6 3.9599
   vertex 13.295 2.6 2.3599
   vertex 13.195 2.6 2.3599
  endloop
 endfacet
 facet normal 0 1 0
  outer loop
   vertex 13.295 2.6 3.9599
   vertex 13.295 2.6 2.3599
   vertex 13.195 2.6 3.9599
  endloop
 endfacet
 facet normal 0 0 -1
  outer loop
   vertex 13.195 2.6 2.3599
   vertex 13.295 2.6 2.3599
   vertex 13.195 2.5 2.3599
  endloop
 endfacet
 facet normal 0 0 -1
  outer loop
   vertex 13.195 2.5 2.3599
   vertex 13.295 2.6 2.3599
   vertex 13.295 2.5 2.3599
  endloop
 endfacet
 facet normal 0 0 1
  outer loop
   vertex 13.295 2.6 3.9599
   vertex 13.195 2.6 3.9599
   vertex 13.195 2.5 3.9599
  endloop
 endfacet
 facet normal 0 0 1
  outer loop
   vertex 13.295 2.6 3.9599
   vertex 13.195 2.5 3.9599
   vertex 13.295 2.5 3.9599
  endloop
 endfacet
 facet normal -1 0 0
  outer loop
   vertex 13.195 5.6 2.3599
   vertex 13.195 5.7 3.9599
   vertex 13.195 5.7 2.3599
  endloop
 endfacet
 facet normal -1 0 0
  outer loop
   vertex 13.195 5.6 2.3599
   vertex 13.195 5.6 3.9599
   vertex 13.195 5.7 3.9599
  endloop
 endfacet
 facet normal 1 0 0
  outer loop
   vertex 13.295 5.7 3.9599
   vertex 13.295 5.6 2.3599
   vertex 13.295 5.7 2.3599
  endloop
 endfacet
 facet normal 1 -0 0
  outer loop
   vertex 13.295 5.6 3.9599
   vertex 13.295 5.6 2.3599
   vertex 13.295 5.7 3.9599
  endloop
 endfacet
 facet normal 0 -1 0
  outer loop
   vertex 13.295 5.6 2.3599
   vertex 13.195 5.6 3.9599
   vertex 13.195 5.6 2.3599
  endloop
 endfacet
 facet normal 0 -1 0
  outer loop
   vertex 13.295 5.6 2.3599
   vertex 13.295 5.6 3.9599
   vertex 13.195 5.6 3.9599
  endloop
 endfacet
 facet normal 0 1 0
  outer loop
   vertex 13.195 5.7 3.9599
   vertex 13.295 5.7 2.3599
   vertex 13.195 5.7 2.3599
  endloop
 endfacet
 facet normal 0 1 0
  outer loop
   vertex 13.295 5.7 3.9599
   vertex 13.295 5.7 2.3599
   vertex 13.195 5.7 3.9599
  endloop
 endfacet
 facet normal 0 0 -1
  outer loop
   vertex 13.195 5.7 2.3599
   vertex 13.295 5.7 2.3599
   vertex 13.195 5.6 2.3599
  endloop
 endfacet
 facet normal 0 0 -1
  outer loop
   vertex 13.195 5.6 2.3599
   vertex 13.295 5.7 2.3599
   vertex 13.295 5.6 2.3599
  endloop
 endfacet
 facet normal 0 0 1
  outer loop
   vertex 13.295 5.7 3.9599
   vertex 13.195 5.7 3.9599
   vertex 13.195 5.6 3.9599
  endloop
 endfacet
 facet normal 0 0 1
  outer loop
   vertex 13.295 5.7 3.9599
   vertex 13.195 5.6 3.9599
   vertex 13.295 5.6 3.9599
  endloop
 endfacet
 facet normal -1 0 0
  outer loop
   vertex 13.195 2.5 3.8599
   vertex 13.195 2.5 3.9599
   vertex 13.195 5.6 3.8599
  endloop
 endfacet
 facet normal -1 0 0
  outer loop
   vertex 13.195 5.6 3.8599
   vertex 13.195 2.5 3.9599
   vertex 13.195 5.6 3.9599
  endloop
 endfacet
 facet normal 1 0 0
  outer loop
   vertex 13.295 2.5 3.9599
   vertex 13.295 2.5 3.8599
   vertex 13.295 5.6 3.8599
  endloop
 endfacet
 facet normal 1 -0 0
  outer loop
   vertex 13.295 2.5 3.9599
   vertex 13.295 5.6 3.8599
   vertex 13.295 5.6 3.9599
  endloop
 endfacet
 facet normal 0 -1 0
  outer loop
   vertex 13.295 2.5 3.8599
   vertex 13.295 2.5 3.9599
   vertex 13.195 2.5 3.8599
  endloop
 endfacet
 facet normal 0 -1 0
  outer loop
   vertex 13.195 2.5 3.8599
   vertex 13.295 2.5 3.9599
   vertex 13.195 2.5 3.9599
  endloop
 endfacet
 facet normal 0 1 0
  outer loop
   vertex 13.295 5.6 3.9599
   vertex 13.295 5.6 3.8599
   vertex 13.195 5.6 3.8599
  endloop
 endfacet
 facet normal 0 1 0
  outer loop
   vertex 13.295 5.6 3.9599
   vertex 13.195 5.6 3.8599
   vertex 13.195 5.6 3.9599
  endloop
 endfacet
 facet normal 0 0 -1
  outer loop
   vertex 13.195 5.6 3.8599
   vertex 13.295 5.6 3.8599
   vertex 13.195 2.5 3.8599
  endloop
 endfacet
 facet normal 0 0 -1
  outer loop
   vertex 13.195 2.5 3.8599
   vertex 13.295 5.6 3.8599
   vertex 13.295 2.5 3.8599
  endloop
 endfacet
 facet normal 0 0 1
  outer loop
   vertex 13.295 5.6 3.9599
   vertex 13.195 5.6 3.9599
   vertex 13.195 2.5 3.9599
  endloop
 endfacet
 facet normal 0 0 1
  outer loop
   vertex 13.295 5.6 3.9599
   vertex 13.195 2.5 3.9599
   vertex 13.295 2.5 3.9599
  endloop
 endfacet
 facet normal -1 0 0
  outer loop
   vertex 10.895 2.5 3.8599
   vertex 10.895 2.5 3.9599
   vertex 10.895 2.6 3.8599
  endloop
 endfacet
 facet normal -1 0 0
  outer loop
   vertex 10.895 2.6 3.8599
   vertex 10.895 2.5 3.9599
   vertex 10.895 2.6 3.9599
  endloop
 endfacet
 facet normal 1 0 0
  outer loop
   vertex 13.295 2.5 3.9599
   vertex 13.295 2.5 3.8599
   vertex 13.295 2.6 3.8599
  endloop
 endfacet
 facet normal 1 -0 0
  outer loop
   vertex 13.295 2.5 3.9599
   vertex 13.295 2.6 3.8599
   vertex 13.295 2.6 3.9599
  endloop
 endfacet
 facet normal 0 -1 0
  outer loop
   vertex 13.295 2.5 3.8599
   vertex 13.295 2.5 3.9599
   vertex 10.895 2.5 3.8599
  endloop
 endfacet
 facet normal 0 -1 0
  outer loop
   vertex 10.895 2.5 3.8599
   vertex 13.295 2.5 3.9599
   vertex 10.895 2.5 3.9599
  endloop
 endfacet
 facet normal 0 1 0
  outer loop
   vertex 13.295 2.6 3.9599
   vertex 13.295 2.6 3.8599
   vertex 10.895 2.6 3.8599
  endloop
 endfacet
 facet normal 0 1 0
  outer loop
   vertex 13.295 2.6 3.9599
   vertex 10.895 2.6 3.8599
   vertex 10.895 2.6 3.9599
  endloop
 endfacet
 facet normal 0 0 -1
  outer loop
   vertex 10.895 2.6 3.8599
   vertex 13.295 2.6 3.8599
   vertex 10.895 2.5 3.8599
  endloop
 endfacet
 facet normal 0 0 -1
  outer loop
   vertex 10.895 2.5 3.8599
   vertex 13.295 2.6 3.8599
   vertex 13.295 2.5 3.8599
  endloop
 endfacet
 facet normal 0 0 1
  outer loop
   vertex 13.295 2.6 3.9599
   vertex 10.895 2.6 3.9599
   vertex 10.895 2.5 3.9599
  endloop
 endfacet
 facet normal 0 0 1
  outer loop
   vertex 13.295 2.6 3.9599
   vertex 10.895 2.5 3.9599
   vertex 13.295 2.5 3.9599
  endloop
 endfacet
 facet normal -1 0 0
  outer loop
   vertex 10.895 5.6 3.8599
   vertex 10.895 5.6 3.9599
   vertex 10.895 5.7 3.8599
  endloop
 endfacet
 facet normal -1 0 0
  outer loop
   vertex 10.895 5.7 3.8599
   vertex 10.895 5.6 3.9599
   vertex 10.895 5.7 3.9599
  endloop
 endfacet
 facet normal 1 0 0
  outer loop
   vertex 13.295 5.6 3.9599
   vertex 13.295 5.6 3.8599
   vertex 13.295 5.7 3.8599
  endloop
 endfacet
 facet normal 1 -0 0
  outer loop
   vertex 13.295 5.6 3.9599
   vertex 13.295 5.7 3.8599
   vertex 13.295 5.7 3.9599
  endloop
 endfacet
 facet normal 0 -1 0
  outer loop
   vertex 13.295 5.6 3.8599
   vertex 13.295 5.6 3.9599
   vertex 10.895 5.6 3.8599
  endloop
 endfacet
 facet normal 0 -1 0
  outer loop
   vertex 10.895 5.6 3.8599
   vertex 13.295 5.6 3.9599
   vertex 10.895 5.6 3.9599
  endloop
 endfacet
 facet normal 0 1 0
  outer loop
   vertex 13.295 5.7 3.9599
   vertex 13.295 5.7 3.8599
   vertex 10.895 5.7 3.8599
  endloop
 endfacet
 facet normal 0 1 0
  outer loop
   vertex 13.295 5.7 3.9599
   vertex 10.895 5.7 3.8599
   vertex 10.895 5.7 3.9599
  endloop
 endfacet
 facet normal 0 0 -1
  outer loop
   vertex 10.895 5.7 3.8599
   vertex 13.295 5.7 3.8599
   vertex 10.895 5.6 3.8599
  endloop
 endfacet
 facet normal 0 0 -1
  outer loop
   vertex 10.895 5.6 3.8599
   vertex 13.295 5.7 3.8599
   vertex 13.295 5.6 3.8599
  endloop
 endfacet
 facet normal 0 0 1
  outer loop
   vertex 13.295 5.7 3.9599
   vertex 10.895 5.7 3.9599
   vertex 10.895 5.6 3.9599
  endloop
 endfacet
 facet normal 0 0 1
  outer loop
   vertex 13.295 5.7 3.9599
   vertex 10.895 5.6 3.9599
   vertex 13.295 5.6 3.9599
  endloop
 endfacet
 facet normal -1 0 0
  outer loop
   vertex 13.335 2.5 2.3599
   vertex 13.335 2.6 3.9599
   vertex 13.335 2.6 2.3599
  endloop
 endfacet
 facet normal -1 0 0
  outer loop
   vertex 13.335 2.5 2.3599
   vertex 13.335 2.5 3.9599
   vertex 13.335 2.6 3.9599
  endloop
 endfacet
 facet normal 1 0 0
  outer loop
   vertex 13.435 2.6 3.9599
   vertex 13.435 2.5 2.3599
   vertex 13.435 2.6 2.3599
  endloop
 endfacet
 facet normal 1 -0 0
  outer loop
   vertex 13.435 2.5 3.9599
   vertex 13.435 2.5 2.3599
   vertex 13.435 2.6 3.9599
  endloop
 endfacet
 facet normal 0 -1 0
  outer loop
   vertex 13.435 2.5 2.3599
   vertex 13.335 2.5 3.9599
   vertex 13.335 2.5 2.3599
  endloop
 endfacet
 facet normal 0 -1 0
  outer loop
   vertex 13.435 2.5 2.3599
   vertex 13.435 2.5 3.9599
   vertex 13.335 2.5 3.9599
  endloop
 endfacet
 facet normal 0 1 0
  outer loop
   vertex 13.335 2.6 3.9599
   vertex 13.435 2.6 2.3599
   vertex 13.335 2.6 2.3599
  endloop
 endfacet
 facet normal 0 1 0
  outer loop
   vertex 13.435 2.6 3.9599
   vertex 13.435 2.6 2.3599
   vertex 13.335 2.6 3.9599
  endloop
 endfacet
 facet normal 0 0 -1
  outer loop
   vertex 13.335 2.6 2.3599
   vertex 13.435 2.6 2.3599
   vertex 13.335 2.5 2.3599
  endloop
 endfacet
 facet normal 0 0 -1
  outer loop
   vertex 13.335 2.5 2.3599
   vertex 13.435 2.6 2.3599
   vertex 13.435 2.5 2.3599
  endloop
 endfacet
 facet normal 0 0 1
  outer loop
   vertex 13.435 2.6 3.9599
   vertex 13.335 2.6 3.9599
   vertex 13.335 2.5 3.9599
  endloop
 endfacet
 facet normal 0 0 1
  outer loop
   vertex 13.435 2.6 3.9599
   vertex 13.335 2.5 3.9599
   vertex 13.435 2.5 3.9599
  endloop
 endfacet
 facet normal -1 0 0
  outer loop
   vertex 13.335 5.6 2.3599
   vertex 13.335 5.7 3.9599
   vertex 13.335 5.7 2.3599
  endloop
 endfacet
 facet normal -1 0 0
  outer loop
   vertex 13.335 5.6 2.3599
   vertex 13.335 5.6 3.9599
   vertex 13.335 5.7 3.9599
  endloop
 endfacet
 facet normal 1 0 0
  outer loop
   vertex 13.435 5.7 3.9599
   vertex 13.435 5.6 2.3599
   vertex 13.435 5.7 2.3599
  endloop
 endfacet
 facet normal 1 -0 0
  outer loop
   vertex 13.435 5.6 3.9599
   vertex 13.435 5.6 2.3599
   vertex 13.435 5.7 3.9599
  endloop
 endfacet
 facet normal 0 -1 0
  outer loop
   vertex 13.435 5.6 2.3599
   vertex 13.335 5.6 3.9599
   vertex 13.335 5.6 2.3599
  endloop
 endfacet
 facet normal 0 -1 0
  outer loop
   vertex 13.435 5.6 2.3599
   vertex 13.435 5.6 3.9599
   vertex 13.335 5.6 3.9599
  endloop
 endfacet
 facet normal 0 1 0
  outer loop
   vertex 13.335 5.7 3.9599
   vertex 13.435 5.7 2.3599
   vertex 13.335 5.7 2.3599
  endloop
 endfacet
 facet normal 0 1 0
  outer loop
   vertex 13.435 5.7 3.9599
   vertex 13.435 5.7 2.3599
   vertex 13.335 5.7 3.9599
  endloop
 endfacet
 facet normal 0 0 -1
  outer loop
   vertex 13.335 5.7 2.3599
   vertex 13.435 5.7 2.3599
   vertex 13.335 5.6 2.3599
  endloop
 endfacet
 facet normal 0 0 -1
  outer loop
   vertex 13.335 5.6 2.3599
   vertex 13.435 5.7 2.3599
   vertex 13.435 5.6 2.3599
  endloop
 endfacet
 facet normal 0 0 1
  outer loop
   vertex 13.435 5.7 3.9599
   vertex 13.335 5.7 3.9599
   vertex 13.335 5.6 3.9599
  endloop
 endfacet
 facet normal 0 0 1
  outer loop
   vertex 13.435 5.7 3.9599
   vertex 13.335 5.6 3.9599
   vertex 13.435 5.6 3.9599
  endloop
 endfacet
 facet normal -1 0 0
  outer loop
   vertex 13.335 2.5 3.8599
   vertex 13.335 2.5 3.9599
   vertex 13.335 5.6 3.8599
  endloop
 endfacet
 facet normal -1 0 0
  outer loop
   vertex 13.335 5.6 3.8599
   vertex 13.335 2.5 3.9599
   vertex 13.335 5.6 3.9599
  endloop
 endfacet
 facet normal 1 0 0
  outer loop
   vertex 13.435 2.5 3.9599
   vertex 13.435 2.5 3.8599
   vertex 13.435 5.6 3.8599
  endloop
 endfacet
 facet normal 1 -0 0
  outer loop
   vertex 13.435 2.5 3.9599
   vertex 13.435 5.6 3.8599
   vertex 13.435 5.6 3.9599
  endloop
 endfacet
 facet normal 0 -1 0
  outer loop
   vertex 13.435 2.5 3.8599
   vertex 13.435 2.5 3.9599
   vertex 13.335 2.5 3.8599
  endloop
 endfacet
 facet normal 0 -1 0
  outer loop
   vertex 13.335 2.5 3.8599
   vertex 13.435 2.5 3.9599
   vertex 13.335 2.5 3.9599
  endloop
 endfacet
 facet normal 0 1 0
  outer loop
   vertex 13.435 5.6 3.9599
   vertex 13.435 5.6 3.8599
   vertex 13.335 5.6 3.8599
  endloop
 endfacet
 facet normal 0 1 0
  outer loop
   vertex 13.435 5.6 3.9599
   vertex 13.335 5.6 3.8599
   vertex 13.335 5.6 3.9599
  endloop
 endfacet
 facet normal 0 0 -1
  outer loop
   vertex 13.335 5.6 3.8599
   vertex 13.435 5.6 3.8599
   vertex 13.335 2.5 3.8599
  endloop
 endfacet
 facet normal 0 0 -1
  outer loop
   vertex 13.335 2.5 3.8599
   vertex 13.435 5.6 3.8599
   vertex 13.435 2.5 3.8599
  endloop
 endfacet
 facet normal 0 0 1
  outer loop
   vertex 13.435 5.6 3.9599
   vertex 13.335 5.6 3.9599
   vertex 13.335 2.5 3.9599
  endloop
 endfacet
 facet normal 0 0 1
  outer loop
   vertex 13.435 5.6 3.9599
   vertex 13.335 2.5 3.9599
   vertex 13.435 2.5 3.9599
  endloop
 endfacet
 facet normal -1 0 0
  outer loop
   vertex 15.635 2.5 2.3599
   vertex 15.635 2.6 3.9599
   vertex 15.635 2.6 2.3599
  endloop
 endfacet
 facet normal -1 0 0
  outer loop
   vertex 15.635 2.5 2.3599
   vertex 15.635 2.5 3.9599
   vertex 15.635 2.6 3.9599
  endloop
 endfacet
 facet normal 1 0 0
  outer loop
   vertex 15.735 2.6 3.9599
   vertex 15.735 2.5 2.3599
   vertex 15.735 2.6 2.3599
  endloop
 endfacet
 facet normal 1 -0 0
  outer loop
   vertex 15.735 2.5 3.9599
   vertex 15.735 2.5 2.3599
   vertex 15.735 2.6 3.9599
  endloop
 endfacet
 facet normal 0 -1 0
  outer loop
   vertex 15.735 2.5 2.3599
   vertex 15.635 2.5 3.9599
   vertex 15.635 2.5 2.3599
  endloop
 endfacet
 facet normal 0 -1 0
  outer loop
   vertex 15.735 2.5 2.3599
   vertex 15.735 2.5 3.9599
   vertex 15.635 2.5 3.9599
  endloop
 endfacet
 facet normal 0 1 0
  outer loop
   vertex 15.635 2.6 3.9599
   vertex 15.735 2.6 2.3599
   vertex 15.635 2.6 2.3599
  endloop
 endfacet
 facet normal 0 1 0
  outer loop
   vertex 15.735 2.6 3.9599
   vertex 15.735 2.6 2.3599
   vertex 15.635 2.6 3.9599
  endloop
 endfacet
 facet normal 0 0 -1
  outer loop
   vertex 15.635 2.6 2.3599
   vertex 15.735 2.6 2.3599
   vertex 15.635 2.5 2.3599
  endloop
 endfacet
 facet normal 0 0 -1
  outer loop
   vertex 15.635 2.5 2.3599
   vertex 15.735 2.6 2.3599
   vertex 15.735 2.5 2.3599
  endloop
 endfacet
 facet normal 0 0 1
  outer loop
   vertex 15.735 2.6 3.9599
   vertex 15.635 2.6 3.9599
   vertex 15.635 2.5 3.9599
  endloop
 endfacet
 facet normal 0 0 1
  outer loop
   vertex 15.735 2.6 3.9599
   vertex 15.635 2.5 3.9599
   vertex 15.735 2.5 3.9599
  endloop
 endfacet
 facet normal -1 0 0
  outer loop
   vertex 15.635 5.6 2.3599
   vertex 15.635 5.7 3.9599
   vertex 15.635 5.7 2.3599
  endloop
 endfacet
 facet normal -1 0 0
  outer loop
   vertex 15.635 5.6 2.3599
   vertex 15.635 5.6 3.9599
   vertex 15.635 5.7 3.9599
  endloop
 endfacet
 facet normal 1 0 0
  outer loop
   vertex 15.735 5.7 3.9599
   vertex 15.735 5.6 2.3599
   vertex 15.735 5.7 2.3599
  endloop
 endfacet
 facet normal 1 -0 0
  outer loop
   vertex 15.735 5.6 3.9599
   vertex 15.735 5.6 2.3599
   vertex 15.735 5.7 3.9599
  endloop
 endfacet
 facet normal 0 -1 0
  outer loop
   vertex 15.735 5.6 2.3599
   vertex 15.635 5.6 3.9599
   vertex 15.635 5.6 2.3599
  endloop
 endfacet
 facet normal 0 -1 0
  outer loop
   vertex 15.735 5.6 2.3599
   vertex 15.735 5.6 3.9599
   vertex 15.635 5.6 3.9599
  endloop
 endfacet
 facet normal 0 1 0
  outer loop
   vertex 15.635 5.7 3.9599
   vertex 15.735 5.7 2.3599
   vertex 15.635 5.7 2.3599
  endloop
 endfacet
 facet normal 0 1 0
  outer loop
   vertex 15.735 5.7 3.9599
   vertex 15.735 5.7 2.3599
   vertex 15.635 5.7 3.9599
  endloop
 endfacet
 facet normal 0 0 -1
  outer loop
   vertex 15.635 5.7 2.3599
   vertex 15.735 5.7 2.3599
   vertex 15.635 5.6 2.3599
  endloop
 endfacet
 facet normal 0 0 -1
  outer loop
   vertex 15.635 5.6 2.3599
   vertex 15.735 5.7 2.3599
   vertex 15.735 5.6 2.3599
  endloop
 endfacet
 facet normal 0 0 1
  outer loop
   vertex 15.735 5.7 3.9599
   vertex 15.635 5.7 3.9599
   vertex 15.635 5.6 3.9599
  endloop
 endfacet
 facet normal 0 0 1
  outer loop
   vertex 15.735 5.7 3.9599
   vertex 15.635 5.6 3.9599
   vertex 15.735 5.6 3.9599
  endloop
 endfacet
 facet normal -1 0 0
  outer loop
   vertex 15.635 2.5 3.8599
   vertex 15.635 2.5 3.9599
   vertex 15.635 5.6 3.8599
  endloop
 endfacet
 facet normal -1 0 0
  outer loop
   vertex 15.635 5.6 3.8599
   vertex 15.635 2.5 3.9599
   vertex 15.635 5.6 3.9599
  endloop
 endfacet
 facet normal 1 0 0
  outer loop
   vertex 15.735 2.5 3.9599
   vertex 15.735 2.5 3.8599
   vertex 15.735 5.6 3.8599
  endloop
 endfacet
 facet normal 1 -0 0
  outer loop
   vertex 15.735 2.5 3.9599
   vertex 15.735 5.6 3.8599
   vertex 15.735 5.6 3.9599
  endloop
 endfacet
 facet normal 0 -1 0
  outer loop
   vertex 15.735 2.5 3.8599
   vertex 15.735 2.5 3.9599
   vertex 15.635 2.5 3.8599
  endloop
 endfacet
 facet normal 0 -1 0
  outer loop
   vertex 15.635 2.5 3.8599
   vertex 15.735 2.5 3.9599
   vertex 15.635 2.5 3.9599
  endloop
 endfacet
 facet normal 0 1 0
  outer loop
   vertex 15.735 5.6 3.9599
   vertex 15.735 5.6 3.8599
   vertex 15.635 5.6 3.8599
  endloop
 endfacet
 facet normal 0 1 0
  outer loop
   vertex 15.735 5.6 3.9599
   vertex 15.635 5.6 3.8599
   vertex 15.635 5.6 3.9599
  endloop
 endfacet
 facet normal 0 0 -1
  outer loop
   vertex 15.635 5.6 3.8599
   vertex 15.735 5.6 3.8599
   vertex 15.635 2.5 3.8599
  endloop
 endfacet
 facet normal 0 0 -1
  outer loop
   vertex 15.635 2.5 3.8599
   vertex 15.735 5.6 3.8599
   vertex 15.735 2.5 3.8599
  endloop
 endfacet
 facet normal 0 0 1
  outer loop
   vertex 15.735 5.6 3.9599
   vertex 15.635 5.6 3.9599
   vertex 15.635 2.5 3.9599
  endloop
 endfacet
 facet normal 0 0 1
  outer loop
   vertex 15.735 5.6 3.9599
   vertex 15.635 2.5 3.9599
   vertex 15.735 2.5 3.9599
  endloop
 endfacet
 facet normal -1 0 0
  outer loop
   vertex 13.335 2.5 3.8599
   vertex 13.335 2.5 3.9599
   vertex 13.335 2.6 3.8599
  endloop
 endfacet
 facet normal -1 0 0
  outer loop
   vertex 13.335 2.6 3.8599
   vertex 13.335 2.5 3.9599
   vertex 13.335 2.6 3.9599
  endloop
 endfacet
 facet normal 1 0 0
  outer loop
   vertex 15.735 2.5 3.9599
   vertex 15.735 2.5 3.8599
   vertex 15.735 2.6 3.8599
  endloop
 endfacet
 facet normal 1 -0 0
  outer loop
   vertex 15.735 2.5 3.9599
   vertex 15.735 2.6 3.8599
   vertex 15.735 2.6 3.9599
  endloop
 endfacet
 facet normal 0 -1 0
  outer loop
   vertex 15.735 2.5 3.8599
   vertex 15.735 2.5 3.9599
   vertex 13.335 2.5 3.8599
  endloop
 endfacet
 facet normal 0 -1 0
  outer loop
   vertex 13.335 2.5 3.8599
   vertex 15.735 2.5 3.9599
   vertex 13.335 2.5 3.9599
  endloop
 endfacet
 facet normal 0 1 0
  outer loop
   vertex 15.735 2.6 3.9599
   vertex 15.735 2.6 3.8599
   vertex 13.335 2.6 3.8599
  endloop
 endfacet
 facet normal 0 1 0
  outer loop
   vertex 15.735 2.6 3.9599
   vertex 13.335 2.6 3.8599
   vertex 13.335 2.6 3.9599
  endloop
 endfacet
 facet normal 0 0 -1
  outer loop
   vertex 13.335 2.6 3.8599
   vertex 15.735 2.6 3.8599
   vertex 13.335 2.5 3.8599
  endloop
 endfacet
 facet normal 0 0 -1
  outer loop
   vertex 13.335 2.5 3.8599
   vertex 15.735 2.6 3.8599
   vertex 15.735 2.5 3.8599
  endloop
 endfacet
 facet normal 0 0 1
  outer loop
   vertex 15.735 2.6 3.9599
   vertex 13.335 2.6 3.9599
   vertex 13.335 2.5 3.9599
  endloop
 endfacet
 facet normal 0 0 1
  outer loop
   vertex 15.735 2.6 3.9599
   vertex 13.335 2.5 3.9599
   vertex 15.735 2.5 3.9599
  endloop
 endfacet
 facet normal -1 0 0
  outer loop
   vertex 13.335 5.6 3.8599
   vertex 13.335 5.6 3.9599
   vertex 13.335 5.7 3.8599
  endloop
 endfacet
 facet normal -1 0 0
  outer loop
   vertex 13.335 5.7 3.8599
   vertex 13.335 5.6 3.9599
   vertex 13.335 5.7 3.9599
  endloop
 endfacet
 facet normal 1 0 0
  outer loop
   vertex 15.735 5.6 3.9599
   vertex 15.735 5.6 3.8599
   vertex 15.735 5.7 3.8599
  endloop
 endfacet
 facet normal 1 -0 0
  outer loop
   vertex 15.735 5.6 3.9599
   vertex 15.735 5.7 3.8599
   vertex 15.735 5.7 3.9599
  endloop
 endfacet
 facet normal 0 -1 0
  outer loop
   vertex 15.735 5.6 3.8599
   vertex 15.735 5.6 3.9599
   vertex 13.335 5.6 3.8599
  endloop
 endfacet
 facet normal 0 -1 0
  outer loop
   vertex 13.335 5.6 3.8599
   vertex 15.735 5.6 3.9599
   vertex 13.335 5.6 3.9599
  endloop
 endfacet
 facet normal 0 1 0
  outer loop
   vertex 15.735 5.7 3.9599
   vertex 15.735 5.7 3.8599
   vertex 13.335 5.7 3.8599
  endloop
 endfacet
 facet normal 0 1 0
  outer loop
   vertex 15.735 5.7 3.9599
   vertex 13.335 5.7 3.8599
   vertex 13.335 5.7 3.9599
  endloop
 endfacet
 facet normal 0 0 -1
  outer loop
   vertex 13.335 5.7 3.8599
   vertex 15.735 5.7 3.8599
   vertex 13.335 5.6 3.8599
  endloop
 endfacet
 facet normal 0 0 -1
  outer loop
   vertex 13.335 5.6 3.8599
   vertex 15.735 5.7 3.8599
   vertex 15.735 5.6 3.8599
  endloop
 endfacet
 facet normal 0 0 1
  outer loop
   vertex 15.735 5.7 3.9599
   vertex 13.335 5.7 3.9599
   vertex 13.335 5.6 3.9599
  endloop
 endfacet
 facet normal 0 0 1
  outer loop
   vertex 15.735 5.7 3.9599
   vertex 13.335 5.6 3.9599
   vertex 15.735 5.6 3.9599
  endloop
 endfacet
 facet normal -1 0 0
  outer loop
   vertex 8.455 2.2 2.1999
   vertex 8.455 1.9 2.1999
   vertex 8.455 2.2 2.3999
  endloop
 endfacet
 facet normal -1 0 0
  outer loop
   vertex 8.455 1.9 2.1999
   vertex 8.455 1.9 2.3999
   vertex 8.455 2.2 2.3999
  endloop
 endfacet
 facet normal 1 0 0
  outer loop
   vertex 10.855 1.9 2.1999
   vertex 10.855 2.2 2.1999
   vertex 10.855 2.2 2.3999
  endloop
 endfacet
 facet normal 1 -0 0
  outer loop
   vertex 10.855 1.9 2.3999
   vertex 10.855 1.9 2.1999
   vertex 10.855 2.2 2.3999
  endloop
 endfacet
 facet normal 0 -1 0
  outer loop
   vertex 10.855 1.9 2.1999
   vertex 10.855 1.9 2.3999
   vertex 8.455 1.9 2.1999
  endloop
 endfacet
 facet normal 0 -1 0
  outer loop
   vertex 8.455 1.9 2.1999
   vertex 10.855 1.9 2.3999
   vertex 8.455 1.9 2.3999
  endloop
 endfacet
 facet normal 0 1 0
  outer loop
   vertex 10.855 2.2 2.3999
   vertex 10.855 2.2 2.1999
   vertex 8.455 2.2 2.1999
  endloop
 endfacet
 facet normal 0 1 0
  outer loop
   vertex 10.855 2.2 2.3999
   vertex 8.455 2.2 2.1999
   vertex 8.455 2.2 2.3999
  endloop
 endfacet
 facet normal 0 0 -1
  outer loop
   vertex 8.455 2.2 2.1999
   vertex 10.855 1.9 2.1999
   vertex 8.455 1.9 2.1999
  endloop
 endfacet
 facet normal 0 0 -1
  outer loop
   vertex 8.455 2.2 2.1999
   vertex 10.855 2.2 2.1999
   vertex 10.855 1.9 2.1999
  endloop
 endfacet
 facet normal 0 0 1
  outer loop
   vertex 10.855 1.9 2.3999
   vertex 8.455 2.2 2.3999
   vertex 8.455 1.9 2.3999
  endloop
 endfacet
 facet normal 0 0 1
  outer loop
   vertex 10.855 2.2 2.3999
   vertex 8.455 2.2 2.3999
   vertex 10.855 1.9 2.3999
  endloop
 endfacet
 facet normal -1 0 0
  outer loop
   vertex 8.455 6.3 2.1999
   vertex 8.455 6 2.1999
   vertex 8.455 6.3 2.3999
  endloop
 endfacet
 facet normal -1 0 0
  outer loop
   vertex 8.455 6 2.1999
   vertex 8.455 6 2.3999
   vertex 8.455 6.3 2.3999
  endloop
 endfacet
 facet normal 1 0 0
  outer loop
   vertex 10.855 6 2.1999
   vertex 10.855 6.3 2.1999
   vertex 10.855 6.3 2.3999
  endloop
 endfacet
 facet normal 1 -0 0
  outer loop
   vertex 10.855 6 2.3999
   vertex 10.855 6 2.1999
   vertex 10.855 6.3 2.3999
  endloop
 endfacet
 facet normal 0 -1 0
  outer loop
   vertex 10.855 6 2.1999
   vertex 10.855 6 2.3999
   vertex 8.455 6 2.1999
  endloop
 endfacet
 facet normal 0 -1 0
  outer loop
   vertex 8.455 6 2.1999
   vertex 10.855 6 2.3999
   vertex 8.455 6 2.3999
  endloop
 endfacet
 facet normal 0 1 0
  outer loop
   vertex 10.855 6.3 2.3999
   vertex 10.855 6.3 2.1999
   vertex 8.455 6.3 2.1999
  endloop
 endfacet
 facet normal 0 1 0
  outer loop
   vertex 10.855 6.3 2.3999
   vertex 8.455 6.3 2.1999
   vertex 8.455 6.3 2.3999
  endloop
 endfacet
 facet normal 0 0 -1
  outer loop
   vertex 8.455 6.3 2.1999
   vertex 10.855 6 2.1999
   vertex 8.455 6 2.1999
  endloop
 endfacet
 facet normal 0 0 -1
  outer loop
   vertex 8.455 6.3 2.1999
   vertex 10.855 6.3 2.1999
   vertex 10.855 6 2.1999
  endloop
 endfacet
 facet normal 0 0 1
  outer loop
   vertex 10.855 6 2.3999
   vertex 8.455 6.3 2.3999
   vertex 8.455 6 2.3999
  endloop
 endfacet
 facet normal 0 0 1
  outer loop
   vertex 10.855 6.3 2.3999
   vertex 8.455 6.3 2.3999
   vertex 10.855 6 2.3999
  endloop
 endfacet
 facet normal -1 0 0
  outer loop
   vertex 8.455 2.2 2.4699
   vertex 8.455 1.9 2.4699
   vertex 8.455 2.2 2.6699
  endloop
 endfacet
 facet normal -1 0 0
  outer loop
   vertex 8.455 1.9 2.4699
   vertex 8.455 1.9 2.6699
   vertex 8.455 2.2 2.6699
  endloop
 endfacet
 facet normal 1 0 0
  outer loop
   vertex 10.855 1.9 2.4699
   vertex 10.855 2.2 2.4699
   vertex 10.855 2.2 2.6699
  endloop
 endfacet
 facet normal 1 -0 0
  outer loop
   vertex 10.855 1.9 2.6699
   vertex 10.855 1.9 2.4699
   vertex 10.855 2.2 2.6699
  endloop
 endfacet
 facet normal 0 -1 0
  outer loop
   vertex 10.855 1.9 2.4699
   vertex 10.855 1.9 2.6699
   vertex 8.455 1.9 2.4699
  endloop
 endfacet
 facet normal 0 -1 0
  outer loop
   vertex 8.455 1.9 2.4699
   vertex 10.855 1.9 2.6699
   vertex 8.455 1.9 2.6699
  endloop
 endfacet
 facet normal 0 1 0
  outer loop
   vertex 10.855 2.2 2.6699
   vertex 10.855 2.2 2.4699
   vertex 8.455 2.2 2.4699
  endloop
 endfacet
 facet normal 0 1 0
  outer loop
   vertex 10.855 2.2 2.6699
   vertex 8.455 2.2 2.4699
   vertex 8.455 2.2 2.6699
  endloop
 endfacet
 facet normal 0 0 -1
  outer loop
   vertex 8.455 2.2 2.4699
   vertex 10.855 1.9 2.4699
   vertex 8.455 1.9 2.4699
  endloop
 endfacet
 facet normal 0 0 -1
  outer loop
   vertex 8.455 2.2 2.4699
   vertex 10.855 2.2 2.4699
   vertex 10.855 1.9 2.4699
  endloop
 endfacet
 facet normal 0 0 1
  outer loop
   vertex 10.855 1.9 2.6699
   vertex 8.455 2.2 2.6699
   vertex 8.455 1.9 2.6699
  endloop
 endfacet
 facet normal 0 0 1
  outer loop
   vertex 10.855 2.2 2.6699
   vertex 8.455 2.2 2.6699
   vertex 10.855 1.9 2.6699
  endloop
 endfacet
 facet normal -1 0 0
  outer loop
   vertex 8.455 6.3 2.4699
   vertex 8.455 6 2.4699
   vertex 8.455 6.3 2.6699
  endloop
 endfacet
 facet normal -1 0 0
  outer loop
   vertex 8.455 6 2.4699
   vertex 8.455 6 2.6699
   vertex 8.455 6.3 2.6699
  endloop
 endfacet
 facet normal 1 0 0
  outer loop
   vertex 10.855 6 2.4699
   vertex 10.855 6.3 2.4699
   vertex 10.855 6.3 2.6699
  endloop
 endfacet
 facet normal 1 -0 0
  outer loop
   vertex 10.855 6 2.6699
   vertex 10.855 6 2.4699
   vertex 10.855 6.3 2.6699
  endloop
 endfacet
 facet normal 0 -1 0
  outer loop
   vertex 10.855 6 2.4699
   vertex 10.855 6 2.6699
   vertex 8.455 6 2.4699
  endloop
 endfacet
 facet normal 0 -1 0
  outer loop
   vertex 8.455 6 2.4699
   vertex 10.855 6 2.6699
   vertex 8.455 6 2.6699
  endloop
 endfacet
 facet normal 0 1 0
  outer loop
   vertex 10.855 6.3 2.6699
   vertex 10.855 6.3 2.4699
   vertex 8.455 6.3 2.4699
  endloop
 endfacet
 facet normal 0 1 0
  outer loop
   vertex 10.855 6.3 2.6699
   vertex 8.455 6.3 2.4699
   vertex 8.455 6.3 2.6699
  endloop
 endfacet
 facet normal 0 0 -1
  outer loop
   vertex 8.455 6.3 2.4699
   vertex 10.855 6 2.4699
   vertex 8.455 6 2.4699
  endloop
 endfacet
 facet normal 0 0 -1
  outer loop
   vertex 8.455 6.3 2.4699
   vertex 10.855 6.3 2.4699
   vertex 10.855 6 2.4699
  endloop
 endfacet
 facet normal 0 0 1
  outer loop
   vertex 10.855 6 2.6699
   vertex 8.455 6.3 2.6699
   vertex 8.455 6 2.6699
  endloop
 endfacet
 facet normal 0 0 1
  outer loop
   vertex 10.855 6.3 2.6699
   vertex 8.455 6.3 2.6699
   vertex 10.855 6 2.6699
  endloop
 endfacet
 facet normal -1 0 0
  outer loop
   vertex 10.895 2.2 2.1999
   vertex 10.895 1.9 2.1999
   vertex 10.895 2.2 2.3999
  endloop
 endfacet
 facet normal -1 0 0
  outer loop
   vertex 10.895 1.9 2.1999
   vertex 10.895 1.9 2.3999
   vertex 10.895 2.2 2.3999
  endloop
 endfacet
 facet normal 1 0 0
  outer loop
   vertex 13.295 1.9 2.1999
   vertex 13.295 2.2 2.1999
   vertex 13.295 2.2 2.3999
  endloop
 endfacet
 facet normal 1 -0 0
  outer loop
   vertex 13.295 1.9 2.3999
   vertex 13.295 1.9 2.1999
   vertex 13.295 2.2 2.3999
  endloop
 endfacet
 facet normal 0 -1 0
  outer loop
   vertex 13.295 1.9 2.1999
   vertex 13.295 1.9 2.3999
   vertex 10.895 1.9 2.1999
  endloop
 endfacet
 facet normal 0 -1 0
  outer loop
   vertex 10.895 1.9 2.1999
   vertex 13.295 1.9 2.3999
   vertex 10.895 1.9 2.3999
  endloop
 endfacet
 facet normal 0 1 0
  outer loop
   vertex 13.295 2.2 2.3999
   vertex 13.295 2.2 2.1999
   vertex 10.895 2.2 2.1999
  endloop
 endfacet
 facet normal 0 1 0
  outer loop
   vertex 13.295 2.2 2.3999
   vertex 10.895 2.2 2.1999
   vertex 10.895 2.2 2.3999
  endloop
 endfacet
 facet normal 0 0 -1
  outer loop
   vertex 10.895 2.2 2.1999
   vertex 13.295 1.9 2.1999
   vertex 10.895 1.9 2.1999
  endloop
 endfacet
 facet normal 0 0 -1
  outer loop
   vertex 10.895 2.2 2.1999
   vertex 13.295 2.2 2.1999
   vertex 13.295 1.9 2.1999
  endloop
 endfacet
 facet normal 0 0 1
  outer loop
   vertex 13.295 1.9 2.3999
   vertex 10.895 2.2 2.3999
   vertex 10.895 1.9 2.3999
  endloop
 endfacet
 facet normal 0 0 1
  outer loop
   vertex 13.295 2.2 2.3999
   vertex 10.895 2.2 2.3999
   vertex 13.295 1.9 2.3999
  endloop
 endfacet
 facet normal -1 0 0
  outer loop
   vertex 10.895 6.3 2.1999
   vertex 10.895 6 2.1999
   vertex 10.895 6.3 2.3999
  endloop
 endfacet
 facet normal -1 0 0
  outer loop
   vertex 10.895 6 2.1999
   vertex 10.895 6 2.3999
   vertex 10.895 6.3 2.3999
  endloop
 endfacet
 facet normal 1 0 0
  outer loop
   vertex 13.295 6 2.1999
   vertex 13.295 6.3 2.1999
   vertex 13.295 6.3 2.3999
  endloop
 endfacet
 facet normal 1 -0 0
  outer loop
   vertex 13.295 6 2.3999
   vertex 13.295 6 2.1999
   vertex 13.295 6.3 2.3999
  endloop
 endfacet
 facet normal 0 -1 0
  outer loop
   vertex 13.295 6 2.1999
   vertex 13.295 6 2.3999
   vertex 10.895 6 2.1999
  endloop
 endfacet
 facet normal 0 -1 0
  outer loop
   vertex 10.895 6 2.1999
   vertex 13.295 6 2.3999
   vertex 10.895 6 2.3999
  endloop
 endfacet
 facet normal 0 1 0
  outer loop
   vertex 13.295 6.3 2.3999
   vertex 13.295 6.3 2.1999
   vertex 10.895 6.3 2.1999
  endloop
 endfacet
 facet normal 0 1 0
  outer loop
   vertex 13.295 6.3 2.3999
   vertex 10.895 6.3 2.1999
   vertex 10.895 6.3 2.3999
  endloop
 endfacet
 facet normal 0 0 -1
  outer loop
   vertex 10.895 6.3 2.1999
   vertex 13.295 6 2.1999
   vertex 10.895 6 2.1999
  endloop
 endfacet
 facet normal 0 0 -1
  outer loop
   vertex 10.895 6.3 2.1999
   vertex 13.295 6.3 2.1999
   vertex 13.295 6 2.1999
  endloop
 endfacet
 facet normal 0 0 1
  outer loop
   vertex 13.295 6 2.3999
   vertex 10.895 6.3 2.3999
   vertex 10.895 6 2.3999
  endloop
 endfacet
 facet normal 0 0 1
  outer loop
   vertex 13.295 6.3 2.3999
   vertex 10.895 6.3 2.3999
   vertex 13.295 6 2.3999
  endloop
 endfacet
 facet normal -1 0 0
  outer loop
   vertex 10.895 2.2 2.4699
   vertex 10.895 1.9 2.4699
   vertex 10.895 2.2 2.6699
  endloop
 endfacet
 facet normal -1 0 0
  outer loop
   vertex 10.895 1.9 2.4699
   vertex 10.895 1.9 2.6699
   vertex 10.895 2.2 2.6699
  endloop
 endfacet
 facet normal 1 0 0
  outer loop
   vertex 13.295 1.9 2.4699
   vertex 13.295 2.2 2.4699
   vertex 13.295 2.2 2.6699
  endloop
 endfacet
 facet normal 1 -0 0
  outer loop
   vertex 13.295 1.9 2.6699
   vertex 13.295 1.9 2.4699
   vertex 13.295 2.2 2.6699
  endloop
 endfacet
 facet normal 0 -1 0
  outer loop
   vertex 13.295 1.9 2.4699
   vertex 13.295 1.9 2.6699
   vertex 10.895 1.9 2.4699
  endloop
 endfacet
 facet normal 0 -1 0
  outer loop
   vertex 10.895 1.9 2.4699
   vertex 13.295 1.9 2.6699
   vertex 10.895 1.9 2.6699
  endloop
 endfacet
 facet normal 0 1 0
  outer loop
   vertex 13.295 2.2 2.6699
   vertex 13.295 2.2 2.4699
   vertex 10.895 2.2 2.4699
  endloop
 endfacet
 facet normal 0 1 0
  outer loop
   vertex 13.295 2.2 2.6699
   vertex 10.895 2.2 2.4699
   vertex 10.895 2.2 2.6699
  endloop
 endfacet
 facet normal 0 0 -1
  outer loop
   vertex 10.895 2.2 2.4699
   vertex 13.295 1.9 2.4699
   vertex 10.895 1.9 2.4699
  endloop
 endfacet
 facet normal 0 0 -1
  outer loop
   vertex 10.895 2.2 2.4699
   vertex 13.295 2.2 2.4699
   vertex 13.295 1.9 2.4699
  endloop
 endfacet
 facet normal 0 0 1
  outer loop
   vertex 13.295 1.9 2.6699
   vertex 10.895 2.2 2.6699
   vertex 10.895 1.9 2.6699
  endloop
 endfacet
 facet normal 0 0 1
  outer loop
   vertex 13.295 2.2 2.6699
   vertex 10.895 2.2 2.6699
   vertex 13.295 1.9 2.6699
  endloop
 endfacet
 facet normal -1 0 0
  outer loop
   vertex 10.895 6.3 2.4699
   vertex 10.895 6 2.4699
   vertex 10.895 6.3 2.6699
  endloop
 endfacet
 facet normal -1 0 0
  outer loop
   vertex 10.895 6 2.4699
   vertex 10.895 6 2.6699
   vertex 10.895 6.3 2.6699
  endloop
 endfacet
 facet normal 1 0 0
  outer loop
   vertex 13.295 6 2.4699
   vertex 13.295 6.3 2.4699
   vertex 13.295 6.3 2.6699
  endloop
 endfacet
 facet normal 1 -0 0
  outer loop
   vertex 13.295 6 2.6699
   vertex 13.295 6 2.4699
   vertex 13.295 6.3 2.6699
  endloop
 endfacet
 facet normal 0 -1 0
  outer loop
   vertex 13.295 6 2.4699
   vertex 13.295 6 2.6699
   vertex 10.895 6 2.4699
  endloop
 endfacet
 facet normal 0 -1 0
  outer loop
   vertex 10.895 6 2.4699
   vertex 13.295 6 2.6699
   vertex 10.895 6 2.6699
  endloop
 endfacet
 facet normal 0 1 0
  outer loop
   vertex 13.295 6.3 2.6699
   vertex 13.295 6.3 2.4699
   vertex 10.895 6.3 2.4699
  endloop
 endfacet
 facet normal 0 1 0
  outer loop
   vertex 13.295 6.3 2.6699
   vertex 10.895 6.3 2.4699
   vertex 10.895 6.3 2.6699
  endloop
 endfacet
 facet normal 0 0 -1
  outer loop
   vertex 10.895 6.3 2.4699
   vertex 13.295 6 2.4699
   vertex 10.895 6 2.4699
  endloop
 endfacet
 facet normal 0 0 -1
  outer loop
   vertex 10.895 6.3 2.4699
   vertex 13.295 6.3 2.4699
   vertex 13.295 6 2.4699
  endloop
 endfacet
 facet normal 0 0 1
  outer loop
   vertex 13.295 6 2.6699
   vertex 10.895 6.3 2.6699
   vertex 10.895 6 2.6699
  endloop
 endfacet
 facet normal 0 0 1
  outer loop
   vertex 13.295 6.3 2.6699
   vertex 10.895 6.3 2.6699
   vertex 13.295 6 2.6699
  endloop
 endfacet
 facet normal -1 0 0
  outer loop
   vertex 13.335 2.2 2.1999
   vertex 13.335 1.9 2.1999
   vertex 13.335 2.2 2.3999
  endloop
 endfacet
 facet normal -1 0 0
  outer loop
   vertex 13.335 1.9 2.1999
   vertex 13.335 1.9 2.3999
   vertex 13.335 2.2 2.3999
  endloop
 endfacet
 facet normal 1 0 0
  outer loop
   vertex 15.735 1.9 2.1999
   vertex 15.735 2.2 2.1999
   vertex 15.735 2.2 2.3999
  endloop
 endfacet
 facet normal 1 -0 0
  outer loop
   vertex 15.735 1.9 2.3999
   vertex 15.735 1.9 2.1999
   vertex 15.735 2.2 2.3999
  endloop
 endfacet
 facet normal 0 -1 0
  outer loop
   vertex 15.735 1.9 2.1999
   vertex 15.735 1.9 2.3999
   vertex 13.335 1.9 2.1999
  endloop
 endfacet
 facet normal 0 -1 0
  outer loop
   vertex 13.335 1.9 2.1999
   vertex 15.735 1.9 2.3999
   vertex 13.335 1.9 2.3999
  endloop
 endfacet
 facet normal 0 1 0
  outer loop
   vertex 15.735 2.2 2.3999
   vertex 15.735 2.2 2.1999
   vertex 13.335 2.2 2.1999
  endloop
 endfacet
 facet normal 0 1 0
  outer loop
   vertex 15.735 2.2 2.3999
   vertex 13.335 2.2 2.1999
   vertex 13.335 2.2 2.3999
  endloop
 endfacet
 facet normal 0 0 -1
  outer loop
   vertex 13.335 2.2 2.1999
   vertex 15.735 1.9 2.1999
   vertex 13.335 1.9 2.1999
  endloop
 endfacet
 facet normal 0 0 -1
  outer loop
   vertex 13.335 2.2 2.1999
   vertex 15.735 2.2 2.1999
   vertex 15.735 1.9 2.1999
  endloop
 endfacet
 facet normal 0 0 1
  outer loop
   vertex 15.735 1.9 2.3999
   vertex 13.335 2.2 2.3999
   vertex 13.335 1.9 2.3999
  endloop
 endfacet
 facet normal 0 0 1
  outer loop
   vertex 15.735 2.2 2.3999
   vertex 13.335 2.2 2.3999
   vertex 15.735 1.9 2.3999
  endloop
 endfacet
 facet normal -1 0 0
  outer loop
   vertex 13.335 6.3 2.1999
   vertex 13.335 6 2.1999
   vertex 13.335 6.3 2.3999
  endloop
 endfacet
 facet normal -1 0 0
  outer loop
   vertex 13.335 6 2.1999
   vertex 13.335 6 2.3999
   vertex 13.335 6.3 2.3999
  endloop
 endfacet
 facet normal 1 0 0
  outer loop
   vertex 15.735 6 2.1999
   vertex 15.735 6.3 2.1999
   vertex 15.735 6.3 2.3999
  endloop
 endfacet
 facet normal 1 -0 0
  outer loop
   vertex 15.735 6 2.3999
   vertex 15.735 6 2.1999
   vertex 15.735 6.3 2.3999
  endloop
 endfacet
 facet normal 0 -1 0
  outer loop
   vertex 15.735 6 2.1999
   vertex 15.735 6 2.3999
   vertex 13.335 6 2.1999
  endloop
 endfacet
 facet normal 0 -1 0
  outer loop
   vertex 13.335 6 2.1999
   vertex 15.735 6 2.3999
   vertex 13.335 6 2.3999
  endloop
 endfacet
 facet normal 0 1 0
  outer loop
   vertex 15.735 6.3 2.3999
   vertex 15.735 6.3 2.1999
   vertex 13.335 6.3 2.1999
  endloop
 endfacet
 facet normal 0 1 0
  outer loop
   vertex 15.735 6.3 2.3999
   vertex 13.335 6.3 2.1999
   vertex 13.335 6.3 2.3999
  endloop
 endfacet
 facet normal 0 0 -1
  outer loop
   vertex 13.335 6.3 2.1999
   vertex 15.735 6 2.1999
   vertex 13.335 6 2.1999
  endloop
 endfacet
 facet normal 0 0 -1
  outer loop
   vertex 13.335 6.3 2.1999
   vertex 15.735 6.3 2.1999
   vertex 15.735 6 2.1999
  endloop
 endfacet
 facet normal 0 0 1
  outer loop
   vertex 15.735 6 2.3999
   vertex 13.335 6.3 2.3999
   vertex 13.335 6 2.3999
  endloop
 endfacet
 facet normal 0 0 1
  outer loop
   vertex 15.735 6.3 2.3999
   vertex 13.335 6.3 2.3999
   vertex 15.735 6 2.3999
  endloop
 endfacet
 facet normal -1 0 0
  outer loop
   vertex 13.335 2.2 2.4699
   vertex 13.335 1.9 2.4699
   vertex 13.335 2.2 2.6699
  endloop
 endfacet
 facet normal -1 0 0
  outer loop
   vertex 13.335 1.9 2.4699
   vertex 13.335 1.9 2.6699
   vertex 13.335 2.2 2.6699
  endloop
 endfacet
 facet normal 1 0 0
  outer loop
   vertex 15.735 1.9 2.4699
   vertex 15.735 2.2 2.4699
   vertex 15.735 2.2 2.6699
  endloop
 endfacet
 facet normal 1 -0 0
  outer loop
   vertex 15.735 1.9 2.6699
   vertex 15.735 1.9 2.4699
   vertex 15.735 2.2 2.6699
  endloop
 endfacet
 facet normal 0 -1 0
  outer loop
   vertex 15.735 1.9 2.4699
   vertex 15.735 1.9 2.6699
   vertex 13.335 1.9 2.4699
  endloop
 endfacet
 facet normal 0 -1 0
  outer loop
   vertex 13.335 1.9 2.4699
   vertex 15.735 1.9 2.6699
   vertex 13.335 1.9 2.6699
  endloop
 endfacet
 facet normal 0 1 0
  outer loop
   vertex 15.735 2.2 2.6699
   vertex 15.735 2.2 2.4699
   vertex 13.335 2.2 2.4699
  endloop
 endfacet
 facet normal 0 1 0
  outer loop
   vertex 15.735 2.2 2.6699
   vertex 13.335 2.2 2.4699
   vertex 13.335 2.2 2.6699
  endloop
 endfacet
 facet normal 0 0 -1
  outer loop
   vertex 13.335 2.2 2.4699
   vertex 15.735 1.9 2.4699
   vertex 13.335 1.9 2.4699
  endloop
 endfacet
 facet normal 0 0 -1
  outer loop
   vertex 13.335 2.2 2.4699
   vertex 15.735 2.2 2.4699
   vertex 15.735 1.9 2.4699
  endloop
 endfacet
 facet normal 0 0 1
  outer loop
   vertex 15.735 1.9 2.6699
   vertex 13.335 2.2 2.6699
   vertex 13.335 1.9 2.6699
  endloop
 endfacet
 facet normal 0 0 1
  outer loop
   vertex 15.735 2.2 2.6699
   vertex 13.335 2.2 2.6699
   vertex 15.735 1.9 2.6699
  endloop
 endfacet
 facet normal -1 0 0
  outer loop
   vertex 13.335 6.3 2.4699
   vertex 13.335 6 2.4699
   vertex 13.335 6.3 2.6699
  endloop
 endfacet
 facet normal -1 0 0
  outer loop
   vertex 13.335 6 2.4699
   vertex 13.335 6 2.6699
   vertex 13.335 6.3 2.6699
  endloop
 endfacet
 facet normal 1 0 0
  outer loop
   vertex 15.735 6 2.4699
   vertex 15.735 6.3 2.4699
   vertex 15.735 6.3 2.6699
  endloop
 endfacet
 facet normal 1 -0 0
  outer loop
   vertex 15.735 6 2.6699
   vertex 15.735 6 2.4699
   vertex 15.735 6.3 2.6699
  endloop
 endfacet
 facet normal 0 -1 0
  outer loop
   vertex 15.735 6 2.4699
   vertex 15.735 6 2.6699
   vertex 13.335 6 2.4699
  endloop
 endfacet
 facet normal 0 -1 0
  outer loop
   vertex 13.335 6 2.4699
   vertex 15.735 6 2.6699
   vertex 13.335 6 2.6699
  endloop
 endfacet
 facet normal 0 1 0
  outer loop
   vertex 15.735 6.3 2.6699
   vertex 15.735 6.3 2.4699
   vertex 13.335 6.3 2.4699
  endloop
 endfacet
 facet normal 0 1 0
  outer loop
   vertex 15.735 6.3 2.6699
   vertex 13.335 6.3 2.4699
   vertex 13.335 6.3 2.6699
  endloop
 endfacet
 facet normal 0 0 -1
  outer loop
   vertex 13.335 6.3 2.4699
   vertex 15.735 6 2.4699
   vertex 13.335 6 2.4699
  endloop
 endfacet
 facet normal 0 0 -1
  outer loop
   vertex 13.335 6.3 2.4699
   vertex 15.735 6.3 2.4699
   vertex 15.735 6 2.4699
  endloop
 endfacet
 facet normal 0 0 1
  outer loop
   vertex 15.735 6 2.6699
   vertex 13.335 6.3 2.6699
   vertex 13.335 6 2.6699
  endloop
 endfacet
 facet normal 0 0 1
  outer loop
   vertex 15.735 6.3 2.6699
   vertex 13.335 6.3 2.6699
   vertex 15.735 6 2.6699
  endloop
 endfacet
 facet normal -1 0 0
  outer loop
   vertex 8.455 2.45 2.7399
   vertex 8.455 1.65 2.7399
   vertex 8.455 2.45 2.8899
  endloop
 endfacet
 facet normal -1 0 0
  outer loop
   vertex 8.455 1.65 2.7399
   vertex 8.455 1.65 2.8899
   vertex 8.455 2.45 2.8899
  endloop
 endfacet
 facet normal 1 0 0
  outer loop
   vertex 10.855 1.65 2.7399
   vertex 10.855 2.45 2.7399
   vertex 10.855 2.45 2.8899
  endloop
 endfacet
 facet normal 1 -0 0
  outer loop
   vertex 10.855 1.65 2.8899
   vertex 10.855 1.65 2.7399
   vertex 10.855 2.45 2.8899
  endloop
 endfacet
 facet normal 0 -1 0
  outer loop
   vertex 10.855 1.65 2.7399
   vertex 10.855 1.65 2.8899
   vertex 8.455 1.65 2.7399
  endloop
 endfacet
 facet normal 0 -1 0
  outer loop
   vertex 8.455 1.65 2.7399
   vertex 10.855 1.65 2.8899
   vertex 8.455 1.65 2.8899
  endloop
 endfacet
 facet normal 0 1 0
  outer loop
   vertex 10.855 2.45 2.8899
   vertex 10.855 2.45 2.7399
   vertex 8.455 2.45 2.7399
  endloop
 endfacet
 facet normal 0 1 0
  outer loop
   vertex 10.855 2.45 2.8899
   vertex 8.455 2.45 2.7399
   vertex 8.455 2.45 2.8899
  endloop
 endfacet
 facet normal 0 0 -1
  outer loop
   vertex 8.455 2.45 2.7399
   vertex 10.855 2.45 2.7399
   vertex 8.455 1.65 2.7399
  endloop
 endfacet
 facet normal 0 0 -1
  outer loop
   vertex 8.455 1.65 2.7399
   vertex 10.855 2.45 2.7399
   vertex 10.855 1.65 2.7399
  endloop
 endfacet
 facet normal 0 0 1
  outer loop
   vertex 10.855 2.45 2.8899
   vertex 8.455 2.45 2.8899
   vertex 8.455 1.65 2.8899
  endloop
 endfacet
 facet normal 0 0 1
  outer loop
   vertex 10.855 2.45 2.8899
   vertex 8.455 1.65 2.8899
   vertex 10.855 1.65 2.8899
  endloop
 endfacet
 facet normal -1 0 0
  outer loop
   vertex 8.455 6.55 2.7399
   vertex 8.455 5.75 2.7399
   vertex 8.455 6.55 2.8899
  endloop
 endfacet
 facet normal -1 0 0
  outer loop
   vertex 8.455 5.75 2.7399
   vertex 8.455 5.75 2.8899
   vertex 8.455 6.55 2.8899
  endloop
 endfacet
 facet normal 1 0 0
  outer loop
   vertex 10.855 5.75 2.7399
   vertex 10.855 6.55 2.7399
   vertex 10.855 6.55 2.8899
  endloop
 endfacet
 facet normal 1 -0 0
  outer loop
   vertex 10.855 5.75 2.8899
   vertex 10.855 5.75 2.7399
   vertex 10.855 6.55 2.8899
  endloop
 endfacet
 facet normal 0 -1 0
  outer loop
   vertex 10.855 5.75 2.7399
   vertex 10.855 5.75 2.8899
   vertex 8.455 5.75 2.7399
  endloop
 endfacet
 facet normal 0 -1 0
  outer loop
   vertex 8.455 5.75 2.7399
   vertex 10.855 5.75 2.8899
   vertex 8.455 5.75 2.8899
  endloop
 endfacet
 facet normal 0 1 0
  outer loop
   vertex 10.855 6.55 2.8899
   vertex 10.855 6.55 2.7399
   vertex 8.455 6.55 2.7399
  endloop
 endfacet
 facet normal 0 1 0
  outer loop
   vertex 10.855 6.55 2.8899
   vertex 8.455 6.55 2.7399
   vertex 8.455 6.55 2.8899
  endloop
 endfacet
 facet normal 0 0 -1
  outer loop
   vertex 8.455 6.55 2.7399
   vertex 10.855 6.55 2.7399
   vertex 8.455 5.75 2.7399
  endloop
 endfacet
 facet normal 0 0 -1
  outer loop
   vertex 8.455 5.75 2.7399
   vertex 10.855 6.55 2.7399
   vertex 10.855 5.75 2.7399
  endloop
 endfacet
 facet normal 0 0 1
  outer loop
   vertex 10.855 6.55 2.8899
   vertex 8.455 6.55 2.8899
   vertex 8.455 5.75 2.8899
  endloop
 endfacet
 facet normal 0 0 1
  outer loop
   vertex 10.855 6.55 2.8899
   vertex 8.455 5.75 2.8899
   vertex 10.855 5.75 2.8899
  endloop
 endfacet
 facet normal -1 0 0
  outer loop
   vertex 8.455 2.45 3.0099
   vertex 8.455 1.65 3.0099
   vertex 8.455 2.45 3.1599
  endloop
 endfacet
 facet normal -1 0 0
  outer loop
   vertex 8.455 1.65 3.0099
   vertex 8.455 1.65 3.1599
   vertex 8.455 2.45 3.1599
  endloop
 endfacet
 facet normal 1 0 0
  outer loop
   vertex 10.855 1.65 3.0099
   vertex 10.855 2.45 3.0099
   vertex 10.855 2.45 3.1599
  endloop
 endfacet
 facet normal 1 -0 0
  outer loop
   vertex 10.855 1.65 3.1599
   vertex 10.855 1.65 3.0099
   vertex 10.855 2.45 3.1599
  endloop
 endfacet
 facet normal 0 -1 0
  outer loop
   vertex 10.855 1.65 3.0099
   vertex 10.855 1.65 3.1599
   vertex 8.455 1.65 3.0099
  endloop
 endfacet
 facet normal 0 -1 0
  outer loop
   vertex 8.455 1.65 3.0099
   vertex 10.855 1.65 3.1599
   vertex 8.455 1.65 3.1599
  endloop
 endfacet
 facet normal 0 1 0
  outer loop
   vertex 10.855 2.45 3.1599
   vertex 10.855 2.45 3.0099
   vertex 8.455 2.45 3.0099
  endloop
 endfacet
 facet normal 0 1 0
  outer loop
   vertex 10.855 2.45 3.1599
   vertex 8.455 2.45 3.0099
   vertex 8.455 2.45 3.1599
  endloop
 endfacet
 facet normal 0 0 -1
  outer loop
   vertex 8.455 2.45 3.0099
   vertex 10.855 2.45 3.0099
   vertex 8.455 1.65 3.0099
  endloop
 endfacet
 facet normal 0 0 -1
  outer loop
   vertex 8.455 1.65 3.0099
   vertex 10.855 2.45 3.0099
   vertex 10.855 1.65 3.0099
  endloop
 endfacet
 facet normal 0 0 1
  outer loop
   vertex 10.855 2.45 3.1599
   vertex 8.455 2.45 3.1599
   vertex 8.455 1.65 3.1599
  endloop
 endfacet
 facet normal 0 0 1
  outer loop
   vertex 10.855 2.45 3.1599
   vertex 8.455 1.65 3.1599
   vertex 10.855 1.65 3.1599
  endloop
 endfacet
 facet normal -1 0 0
  outer loop
   vertex 8.455 6.55 3.0099
   vertex 8.455 5.75 3.0099
   vertex 8.455 6.55 3.1599
  endloop
 endfacet
 facet normal -1 0 0
  outer loop
   vertex 8.455 5.75 3.0099
   vertex 8.455 5.75 3.1599
   vertex 8.455 6.55 3.1599
  endloop
 endfacet
 facet normal 1 0 0
  outer loop
   vertex 10.855 5.75 3.0099
   vertex 10.855 6.55 3.0099
   vertex 10.855 6.55 3.1599
  endloop
 endfacet
 facet normal 1 -0 0
  outer loop
   vertex 10.855 5.75 3.1599
   vertex 10.855 5.75 3.0099
   vertex 10.855 6.55 3.1599
  endloop
 endfacet
 facet normal 0 -1 0
  outer loop
   vertex 10.855 5.75 3.0099
   vertex 10.855 5.75 3.1599
   vertex 8.455 5.75 3.0099
  endloop
 endfacet
 facet normal 0 -1 0
  outer loop
   vertex 8.455 5.75 3.0099
   vertex 10.855 5.75 3.1599
   vertex 8.455 5.75 3.1599
  endloop
 endfacet
 facet normal 0 1 0
  outer loop
   vertex 10.855 6.55 3.1599
   vertex 10.855 6.55 3.0099
   vertex 8.455 6.55 3.0099
  endloop
 endfacet
 facet normal 0 1 0
  outer loop
   vertex 10.855 6.55 3.1599
   vertex 8.455 6.55 3.0099
   vertex 8.455 6.55 3.1599
  endloop
 endfacet
 facet normal 0 0 -1
  outer loop
   vertex 8.455 6.55 3.0099
   vertex 10.855 6.55 3.0099
   vertex 8.455 5.75 3.0099
  endloop
 endfacet
 facet normal 0 0 -1
  outer loop
   vertex 8.455 5.75 3.0099
   vertex 10.855 6.55 3.0099
   vertex 10.855 5.75 3.0099
  endloop
 endfacet
 facet normal 0 0 1
  outer loop
   vertex 10.855 6.55 3.1599
   vertex 8.455 6.55 3.1599
   vertex 8.455 5.75 3.1599
  endloop
 endfacet
 facet normal 0 0 1
  outer loop
   vertex 10.855 6.55 3.1599
   vertex 8.455 5.75 3.1599
   vertex 10.855 5.75 3.1599
  endloop
 endfacet
 facet normal -1 0 0
  outer loop
   vertex 8.455 2.45 3.2799
   vertex 8.455 1.65 3.2799
   vertex 8.455 2.45 3.4299
  endloop
 endfacet
 facet normal -1 0 0
  outer loop
   vertex 8.455 1.65 3.2799
   vertex 8.455 1.65 3.4299
   vertex 8.455 2.45 3.4299
  endloop
 endfacet
 facet normal 1 0 0
  outer loop
   vertex 10.855 1.65 3.2799
   vertex 10.855 2.45 3.2799
   vertex 10.855 2.45 3.4299
  endloop
 endfacet
 facet normal 1 -0 0
  outer loop
   vertex 10.855 1.65 3.4299
   vertex 10.855 1.65 3.2799
   vertex 10.855 2.45 3.4299
  endloop
 endfacet
 facet normal 0 -1 0
  outer loop
   vertex 10.855 1.65 3.2799
   vertex 10.855 1.65 3.4299
   vertex 8.455 1.65 3.2799
  endloop
 endfacet
 facet normal 0 -1 0
  outer loop
   vertex 8.455 1.65 3.2799
   vertex 10.855 1.65 3.4299
   vertex 8.455 1.65 3.4299
  endloop
 endfacet
 facet normal 0 1 0
  outer loop
   vertex 10.855 2.45 3.4299
   vertex 10.855 2.45 3.2799
   vertex 8.455 2.45 3.2799
  endloop
 endfacet
 facet normal 0 1 0
  outer loop
   vertex 10.855 2.45 3.4299
   vertex 8.455 2.45 3.2799
   vertex 8.455 2.45 3.4299
  endloop
 endfacet
 facet normal 0 0 -1
  outer loop
   vertex 8.455 2.45 3.2799
   vertex 10.855 2.45 3.2799
   vertex 8.455 1.65 3.2799
  endloop
 endfacet
 facet normal 0 0 -1
  outer loop
   vertex 8.455 1.65 3.2799
   vertex 10.855 2.45 3.2799
   vertex 10.855 1.65 3.2799
  endloop
 endfacet
 facet normal 0 0 1
  outer loop
   vertex 10.855 2.45 3.4299
   vertex 8.455 2.45 3.4299
   vertex 8.455 1.65 3.4299
  endloop
 endfacet
 facet normal 0 0 1
  outer loop
   vertex 10.855 2.45 3.4299
   vertex 8.455 1.65 3.4299
   vertex 10.855 1.65 3.4299
  endloop
 endfacet
 facet normal -1 0 0
  outer loop
   vertex 8.455 6.55 3.2799
   vertex 8.455 5.75 3.2799
   vertex 8.455 6.55 3.4299
  endloop
 endfacet
 facet normal -1 0 0
  outer loop
   vertex 8.455 5.75 3.2799
   vertex 8.455 5.75 3.4299
   vertex 8.455 6.55 3.4299
  endloop
 endfacet
 facet normal 1 0 0
  outer loop
   vertex 10.855 5.75 3.2799
   vertex 10.855 6.55 3.2799
   vertex 10.855 6.55 3.4299
  endloop
 endfacet
 facet normal 1 -0 0
  outer loop
   vertex 10.855 5.75 3.4299
   vertex 10.855 5.75 3.2799
   vertex 10.855 6.55 3.4299
  endloop
 endfacet
 facet normal 0 -1 0
  outer loop
   vertex 10.855 5.75 3.2799
   vertex 10.855 5.75 3.4299
   vertex 8.455 5.75 3.2799
  endloop
 endfacet
 facet normal 0 -1 0
  outer loop
   vertex 8.455 5.75 3.2799
   vertex 10.855 5.75 3.4299
   vertex 8.455 5.75 3.4299
  endloop
 endfacet
 facet normal 0 1 0
  outer loop
   vertex 10.855 6.55 3.4299
   vertex 10.855 6.55 3.2799
   vertex 8.455 6.55 3.2799
  endloop
 endfacet
 facet normal 0 1 0
  outer loop
   vertex 10.855 6.55 3.4299
   vertex 8.455 6.55 3.2799
   vertex 8.455 6.55 3.4299
  endloop
 endfacet
 facet normal 0 0 -1
  outer loop
   vertex 8.455 6.55 3.2799
   vertex 10.855 6.55 3.2799
   vertex 8.455 5.75 3.2799
  endloop
 endfacet
 facet normal 0 0 -1
  outer loop
   vertex 8.455 5.75 3.2799
   vertex 10.855 6.55 3.2799
   vertex 10.855 5.75 3.2799
  endloop
 endfacet
 facet normal 0 0 1
  outer loop
   vertex 10.855 6.55 3.4299
   vertex 8.455 6.55 3.4299
   vertex 8.455 5.75 3.4299
  endloop
 endfacet
 facet normal 0 0 1
  outer loop
   vertex 10.855 6.55 3.4299
   vertex 8.455 5.75 3.4299
   vertex 10.855 5.75 3.4299
  endloop
 endfacet
 facet normal -1 0 0
  outer loop
   vertex 10.895 2.45 2.7399
   vertex 10.895 1.65 2.7399
   vertex 10.895 2.45 2.8899
  endloop
 endfacet
 facet normal -1 0 0
  outer loop
   vertex 10.895 1.65 2.7399
   vertex 10.895 1.65 2.8899
   vertex 10.895 2.45 2.8899
  endloop
 endfacet
 facet normal 1 0 0
  outer loop
   vertex 13.295 1.65 2.7399
   vertex 13.295 2.45 2.7399
   vertex 13.295 2.45 2.8899
  endloop
 endfacet
 facet normal 1 -0 0
  outer loop
   vertex 13.295 1.65 2.8899
   vertex 13.295 1.65 2.7399
   vertex 13.295 2.45 2.8899
  endloop
 endfacet
 facet normal 0 -1 0
  outer loop
   vertex 13.295 1.65 2.7399
   vertex 13.295 1.65 2.8899
   vertex 10.895 1.65 2.7399
  endloop
 endfacet
 facet normal 0 -1 0
  outer loop
   vertex 10.895 1.65 2.7399
   vertex 13.295 1.65 2.8899
   vertex 10.895 1.65 2.8899
  endloop
 endfacet
 facet normal 0 1 0
  outer loop
   vertex 13.295 2.45 2.8899
   vertex 13.295 2.45 2.7399
   vertex 10.895 2.45 2.7399
  endloop
 endfacet
 facet normal 0 1 0
  outer loop
   vertex 13.295 2.45 2.8899
   vertex 10.895 2.45 2.7399
   vertex 10.895 2.45 2.8899
  endloop
 endfacet
 facet normal 0 0 -1
  outer loop
   vertex 10.895 2.45 2.7399
   vertex 13.295 2.45 2.7399
   vertex 10.895 1.65 2.7399
  endloop
 endfacet
 facet normal 0 0 -1
  outer loop
   vertex 10.895 1.65 2.7399
   vertex 13.295 2.45 2.7399
   vertex 13.295 1.65 2.7399
  endloop
 endfacet
 facet normal 0 0 1
  outer loop
   vertex 13.295 2.45 2.8899
   vertex 10.895 2.45 2.8899
   vertex 10.895 1.65 2.8899
  endloop
 endfacet
 facet normal 0 0 1
  outer loop
   vertex 13.295 2.45 2.8899
   vertex 10.895 1.65 2.8899
   vertex 13.295 1.65 2.8899
  endloop
 endfacet
 facet normal -1 0 0
  outer loop
   vertex 10.895 6.55 2.7399
   vertex 10.895 5.75 2.7399
   vertex 10.895 6.55 2.8899
  endloop
 endfacet
 facet normal -1 0 0
  outer loop
   vertex 10.895 5.75 2.7399
   vertex 10.895 5.75 2.8899
   vertex 10.895 6.55 2.8899
  endloop
 endfacet
 facet normal 1 0 0
  outer loop
   vertex 13.295 5.75 2.7399
   vertex 13.295 6.55 2.7399
   vertex 13.295 6.55 2.8899
  endloop
 endfacet
 facet normal 1 -0 0
  outer loop
   vertex 13.295 5.75 2.8899
   vertex 13.295 5.75 2.7399
   vertex 13.295 6.55 2.8899
  endloop
 endfacet
 facet normal 0 -1 0
  outer loop
   vertex 13.295 5.75 2.7399
   vertex 13.295 5.75 2.8899
   vertex 10.895 5.75 2.7399
  endloop
 endfacet
 facet normal 0 -1 0
  outer loop
   vertex 10.895 5.75 2.7399
   vertex 13.295 5.75 2.8899
   vertex 10.895 5.75 2.8899
  endloop
 endfacet
 facet normal 0 1 0
  outer loop
   vertex 13.295 6.55 2.8899
   vertex 13.295 6.55 2.7399
   vertex 10.895 6.55 2.7399
  endloop
 endfacet
 facet normal 0 1 0
  outer loop
   vertex 13.295 6.55 2.8899
   vertex 10.895 6.55 2.7399
   vertex 10.895 6.55 2.8899
  endloop
 endfacet
 facet normal 0 0 -1
  outer loop
   vertex 10.895 6.55 2.7399
   vertex 13.295 6.55 2.7399
   vertex 10.895 5.75 2.7399
  endloop
 endfacet
 facet normal 0 0 -1
  outer loop
   vertex 10.895 5.75 2.7399
   vertex 13.295 6.55 2.7399
   vertex 13.295 5.75 2.7399
  endloop
 endfacet
 facet normal 0 0 1
  outer loop
   vertex 13.295 6.55 2.8899
   vertex 10.895 6.55 2.8899
   vertex 10.895 5.75 2.8899
  endloop
 endfacet
 facet normal 0 0 1
  outer loop
   vertex 13.295 6.55 2.8899
   vertex 10.895 5.75 2.8899
   vertex 13.295 5.75 2.8899
  endloop
 endfacet
 facet normal -1 0 0
  outer loop
   vertex 10.895 2.45 3.0099
   vertex 10.895 1.65 3.0099
   vertex 10.895 2.45 3.1599
  endloop
 endfacet
 facet normal -1 0 0
  outer loop
   vertex 10.895 1.65 3.0099
   vertex 10.895 1.65 3.1599
   vertex 10.895 2.45 3.1599
  endloop
 endfacet
 facet normal 1 0 0
  outer loop
   vertex 13.295 1.65 3.0099
   vertex 13.295 2.45 3.0099
   vertex 13.295 2.45 3.1599
  endloop
 endfacet
 facet normal 1 -0 0
  outer loop
   vertex 13.295 1.65 3.1599
   vertex 13.295 1.65 3.0099
   vertex 13.295 2.45 3.1599
  endloop
 endfacet
 facet normal 0 -1 0
  outer loop
   vertex 13.295 1.65 3.0099
   vertex 13.295 1.65 3.1599
   vertex 10.895 1.65 3.0099
  endloop
 endfacet
 facet normal 0 -1 0
  outer loop
   vertex 10.895 1.65 3.0099
   vertex 13.295 1.65 3.1599
   vertex 10.895 1.65 3.1599
  endloop
 endfacet
 facet normal 0 1 0
  outer loop
   vertex 13.295 2.45 3.1599
   vertex 13.295 2.45 3.0099
   vertex 10.895 2.45 3.0099
  endloop
 endfacet
 facet normal 0 1 0
  outer loop
   vertex 13.295 2.45 3.1599
   vertex 10.895 2.45 3.0099
   vertex 10.895 2.45 3.1599
  endloop
 endfacet
 facet normal 0 0 -1
  outer loop
   vertex 10.895 2.45 3.0099
   vertex 13.295 2.45 3.0099
   vertex 10.895 1.65 3.0099
  endloop
 endfacet
 facet normal 0 0 -1
  outer loop
   vertex 10.895 1.65 3.0099
   vertex 13.295 2.45 3.0099
   vertex 13.295 1.65 3.0099
  endloop
 endfacet
 facet normal 0 0 1
  outer loop
   vertex 13.295 2.45 3.1599
   vertex 10.895 2.45 3.1599
   vertex 10.895 1.65 3.1599
  endloop
 endfacet
 facet normal 0 0 1
  outer loop
   vertex 13.295 2.45 3.1599
   vertex 10.895 1.65 3.1599
   vertex 13.295 1.65 3.1599
  endloop
 endfacet
 facet normal -1 0 0
  outer loop
   vertex 10.895 6.55 3.0099
   vertex 10.895 5.75 3.0099
   vertex 10.895 6.55 3.1599
  endloop
 endfacet
 facet normal -1 0 0
  outer loop
   vertex 10.895 5.75 3.0099
   vertex 10.895 5.75 3.1599
   vertex 10.895 6.55 3.1599
  endloop
 endfacet
 facet normal 1 0 0
  outer loop
   vertex 13.295 5.75 3.0099
   vertex 13.295 6.55 3.0099
   vertex 13.295 6.55 3.1599
  endloop
 endfacet
 facet normal 1 -0 0
  outer loop
   vertex 13.295 5.75 3.1599
   vertex 13.295 5.75 3.0099
   vertex 13.295 6.55 3.1599
  endloop
 endfacet
 facet normal 0 -1 0
  outer loop
   vertex 13.295 5.75 3.0099
   vertex 13.295 5.75 3.1599
   vertex 10.895 5.75 3.0099
  endloop
 endfacet
 facet normal 0 -1 0
  outer loop
   vertex 10.895 5.75 3.0099
   vertex 13.295 5.75 3.1599
   vertex 10.895 5.75 3.1599
  endloop
 endfacet
 facet normal 0 1 0
  outer loop
   vertex 13.295 6.55 3.1599
   vertex 13.295 6.55 3.0099
   vertex 10.895 6.55 3.0099
  endloop
 endfacet
 facet normal 0 1 0
  outer loop
   vertex 13.295 6.55 3.1599
   vertex 10.895 6.55 3.0099
   vertex 10.895 6.55 3.1599
  endloop
 endfacet
 facet normal 0 0 -1
  outer loop
   vertex 10.895 6.55 3.0099
   vertex 13.295 6.55 3.0099
   vertex 10.895 5.75 3.0099
  endloop
 endfacet
 facet normal 0 0 -1
  outer loop
   vertex 10.895 5.75 3.0099
   vertex 13.295 6.55 3.0099
   vertex 13.295 5.75 3.0099
  endloop
 endfacet
 facet normal 0 0 1
  outer loop
   vertex 13.295 6.55 3.1599
   vertex 10.895 6.55 3.1599
   vertex 10.895 5.75 3.1599
  endloop
 endfacet
 facet normal 0 0 1
  outer loop
   vertex 13.295 6.55 3.1599
   vertex 10.895 5.75 3.1599
   vertex 13.295 5.75 3.1599
  endloop
 endfacet
 facet normal -1 0 0
  outer loop
   vertex 10.895 2.45 3.2799
   vertex 10.895 1.65 3.2799
   vertex 10.895 2.45 3.4299
  endloop
 endfacet
 facet normal -1 0 0
  outer loop
   vertex 10.895 1.65 3.2799
   vertex 10.895 1.65 3.4299
   vertex 10.895 2.45 3.4299
  endloop
 endfacet
 facet normal 1 0 0
  outer loop
   vertex 13.295 1.65 3.2799
   vertex 13.295 2.45 3.2799
   vertex 13.295 2.45 3.4299
  endloop
 endfacet
 facet normal 1 -0 0
  outer loop
   vertex 13.295 1.65 3.4299
   vertex 13.295 1.65 3.2799
   vertex 13.295 2.45 3.4299
  endloop
 endfacet
 facet normal 0 -1 0
  outer loop
   vertex 13.295 1.65 3.2799
   vertex 13.295 1.65 3.4299
   vertex 10.895 1.65 3.2799
  endloop
 endfacet
 facet normal 0 -1 0
  outer loop
   vertex 10.895 1.65 3.2799
   vertex 13.295 1.65 3.4299
   vertex 10.895 1.65 3.4299
  endloop
 endfacet
 facet normal 0 1 0
  outer loop
   vertex 13.295 2.45 3.4299
   vertex 13.295 2.45 3.2799
   vertex 10.895 2.45 3.2799
  endloop
 endfacet
 facet normal 0 1 0
  outer loop
   vertex 13.295 2.45 3.4299
   vertex 10.895 2.45 3.2799
   vertex 10.895 2.45 3.4299
  endloop
 endfacet
 facet normal 0 0 -1
  outer loop
   vertex 10.895 2.45 3.2799
   vertex 13.295 2.45 3.2799
   vertex 10.895 1.65 3.2799
  endloop
 endfacet
 facet normal 0 0 -1
  outer loop
   vertex 10.895 1.65 3.2799
   vertex 13.295 2.45 3.2799
   vertex 13.295 1.65 3.2799
  endloop
 endfacet
 facet normal 0 0 1
  outer loop
   vertex 13.295 2.45 3.4299
   vertex 10.895 2.45 3.4299
   vertex 10.895 1.65 3.4299
  endloop
 endfacet
 facet normal 0 0 1
  outer loop
   vertex 13.295 2.45 3.4299
   vertex 10.895 1.65 3.4299
   vertex 13.295 1.65 3.4299
  endloop
 endfacet
 facet normal -1 0 0
  outer loop
   vertex 10.895 6.55 3.2799
   vertex 10.895 5.75 3.2799
   vertex 10.895 6.55 3.4299
  endloop
 endfacet
 facet normal -1 0 0
  outer loop
   vertex 10.895 5.75 3.2799
   vertex 10.895 5.75 3.4299
   vertex 10.895 6.55 3.4299
  endloop
 endfacet
 facet normal 1 0 0
  outer loop
   vertex 13.295 5.75 3.2799
   vertex 13.295 6.55 3.2799
   vertex 13.295 6.55 3.4299
  endloop
 endfacet
 facet normal 1 -0 0
  outer loop
   vertex 13.295 5.75 3.4299
   vertex 13.295 5.75 3.2799
   vertex 13.295 6.55 3.4299
  endloop
 endfacet
 facet normal 0 -1 0
  outer loop
   vertex 13.295 5.75 3.2799
   vertex 13.295 5.75 3.4299
   vertex 10.895 5.75 3.2799
  endloop
 endfacet
 facet normal 0 -1 0
  outer loop
   vertex 10.895 5.75 3.2799
   vertex 13.295 5.75 3.4299
   vertex 10.895 5.75 3.4299
  endloop
 endfacet
 facet normal 0 1 0
  outer loop
   vertex 13.295 6.55 3.4299
   vertex 13.295 6.55 3.2799
   vertex 10.895 6.55 3.2799
  endloop
 endfacet
 facet normal 0 1 0
  outer loop
   vertex 13.295 6.55 3.4299
   vertex 10.895 6.55 3.2799
   vertex 10.895 6.55 3.4299
  endloop
 endfacet
 facet normal 0 0 -1
  outer loop
   vertex 10.895 6.55 3.2799
   vertex 13.295 6.55 3.2799
   vertex 10.895 5.75 3.2799
  endloop
 endfacet
 facet normal 0 0 -1
  outer loop
   vertex 10.895 5.75 3.2799
   vertex 13.295 6.55 3.2799
   vertex 13.295 5.75 3.2799
  endloop
 endfacet
 facet normal 0 0 1
  outer loop
   vertex 13.295 6.55 3.4299
   vertex 10.895 6.55 3.4299
   vertex 10.895 5.75 3.4299
  endloop
 endfacet
 facet normal 0 0 1
  outer loop
   vertex 13.295 6.55 3.4299
   vertex 10.895 5.75 3.4299
   vertex 13.295 5.75 3.4299
  endloop
 endfacet
 facet normal -1 0 0
  outer loop
   vertex 13.335 2.45 2.7399
   vertex 13.335 1.65 2.7399
   vertex 13.335 2.45 2.8899
  endloop
 endfacet
 facet normal -1 0 0
  outer loop
   vertex 13.335 1.65 2.7399
   vertex 13.335 1.65 2.8899
   vertex 13.335 2.45 2.8899
  endloop
 endfacet
 facet normal 1 0 0
  outer loop
   vertex 15.735 1.65 2.7399
   vertex 15.735 2.45 2.7399
   vertex 15.735 2.45 2.8899
  endloop
 endfacet
 facet normal 1 -0 0
  outer loop
   vertex 15.735 1.65 2.8899
   vertex 15.735 1.65 2.7399
   vertex 15.735 2.45 2.8899
  endloop
 endfacet
 facet normal 0 -1 0
  outer loop
   vertex 15.735 1.65 2.7399
   vertex 15.735 1.65 2.8899
   vertex 13.335 1.65 2.7399
  endloop
 endfacet
 facet normal 0 -1 0
  outer loop
   vertex 13.335 1.65 2.7399
   vertex 15.735 1.65 2.8899
   vertex 13.335 1.65 2.8899
  endloop
 endfacet
 facet normal 0 1 0
  outer loop
   vertex 15.735 2.45 2.8899
   vertex 15.735 2.45 2.7399
   vertex 13.335 2.45 2.7399
  endloop
 endfacet
 facet normal 0 1 0
  outer loop
   vertex 15.735 2.45 2.8899
   vertex 13.335 2.45 2.7399
   vertex 13.335 2.45 2.8899
  endloop
 endfacet
 facet normal 0 0 -1
  outer loop
   vertex 13.335 2.45 2.7399
   vertex 15.735 2.45 2.7399
   vertex 13.335 1.65 2.7399
  endloop
 endfacet
 facet normal 0 0 -1
  outer loop
   vertex 13.335 1.65 2.7399
   vertex 15.735 2.45 2.7399
   vertex 15.735 1.65 2.7399
  endloop
 endfacet
 facet normal 0 0 1
  outer loop
   vertex 15.735 2.45 2.8899
   vertex 13.335 2.45 2.8899
   vertex 13.335 1.65 2.8899
  endloop
 endfacet
 facet normal 0 0 1
  outer loop
   vertex 15.735 2.45 2.8899
   vertex 13.335 1.65 2.8899
   vertex 15.735 1.65 2.8899
  endloop
 endfacet
 facet normal -1 0 0
  outer loop
   vertex 13.335 6.55 2.7399
   vertex 13.335 5.75 2.7399
   vertex 13.335 6.55 2.8899
  endloop
 endfacet
 facet normal -1 0 0
  outer loop
   vertex 13.335 5.75 2.7399
   vertex 13.335 5.75 2.8899
   vertex 13.335 6.55 2.8899
  endloop
 endfacet
 facet normal 1 0 0
  outer loop
   vertex 15.735 5.75 2.7399
   vertex 15.735 6.55 2.7399
   vertex 15.735 6.55 2.8899
  endloop
 endfacet
 facet normal 1 -0 0
  outer loop
   vertex 15.735 5.75 2.8899
   vertex 15.735 5.75 2.7399
   vertex 15.735 6.55 2.8899
  endloop
 endfacet
 facet normal 0 -1 0
  outer loop
   vertex 15.735 5.75 2.7399
   vertex 15.735 5.75 2.8899
   vertex 13.335 5.75 2.7399
  endloop
 endfacet
 facet normal 0 -1 0
  outer loop
   vertex 13.335 5.75 2.7399
   vertex 15.735 5.75 2.8899
   vertex 13.335 5.75 2.8899
  endloop
 endfacet
 facet normal 0 1 0
  outer loop
   vertex 15.735 6.55 2.8899
   vertex 15.735 6.55 2.7399
   vertex 13.335 6.55 2.7399
  endloop
 endfacet
 facet normal 0 1 0
  outer loop
   vertex 15.735 6.55 2.8899
   vertex 13.335 6.55 2.7399
   vertex 13.335 6.55 2.8899
  endloop
 endfacet
 facet normal 0 0 -1
  outer loop
   vertex 13.335 6.55 2.7399
   vertex 15.735 6.55 2.7399
   vertex 13.335 5.75 2.7399
  endloop
 endfacet
 facet normal 0 0 -1
  outer loop
   vertex 13.335 5.75 2.7399
   vertex 15.735 6.55 2.7399
   vertex 15.735 5.75 2.7399
  endloop
 endfacet
 facet normal 0 0 1
  outer loop
   vertex 15.735 6.55 2.8899
   vertex 13.335 6.55 2.8899
   vertex 13.335 5.75 2.8899
  endloop
 endfacet
 facet normal 0 0 1
  outer loop
   vertex 15.735 6.55 2.8899
   vertex 13.335 5.75 2.8899
   vertex 15.735 5.75 2.8899
  endloop
 endfacet
 facet normal -1 0 0
  outer loop
   vertex 13.335 2.45 3.0099
   vertex 13.335 1.65 3.0099
   vertex 13.335 2.45 3.1599
  endloop
 endfacet
 facet normal -1 0 0
  outer loop
   vertex 13.335 1.65 3.0099
   vertex 13.335 1.65 3.1599
   vertex 13.335 2.45 3.1599
  endloop
 endfacet
 facet normal 1 0 0
  outer loop
   vertex 15.735 1.65 3.0099
   vertex 15.735 2.45 3.0099
   vertex 15.735 2.45 3.1599
  endloop
 endfacet
 facet normal 1 -0 0
  outer loop
   vertex 15.735 1.65 3.1599
   vertex 15.735 1.65 3.0099
   vertex 15.735 2.45 3.1599
  endloop
 endfacet
 facet normal 0 -1 0
  outer loop
   vertex 15.735 1.65 3.0099
   vertex 15.735 1.65 3.1599
   vertex 13.335 1.65 3.0099
  endloop
 endfacet
 facet normal 0 -1 0
  outer loop
   vertex 13.335 1.65 3.0099
   vertex 15.735 1.65 3.1599
   vertex 13.335 1.65 3.1599
  endloop
 endfacet
 facet normal 0 1 0
  outer loop
   vertex 15.735 2.45 3.1599
   vertex 15.735 2.45 3.0099
   vertex 13.335 2.45 3.0099
  endloop
 endfacet
 facet normal 0 1 0
  outer loop
   vertex 15.735 2.45 3.1599
   vertex 13.335 2.45 3.0099
   vertex 13.335 2.45 3.1599
  endloop
 endfacet
 facet normal 0 0 -1
  outer loop
   vertex 13.335 2.45 3.0099
   vertex 15.735 2.45 3.0099
   vertex 13.335 1.65 3.0099
  endloop
 endfacet
 facet normal 0 0 -1
  outer loop
   vertex 13.335 1.65 3.0099
   vertex 15.735 2.45 3.0099
   vertex 15.735 1.65 3.0099
  endloop
 endfacet
 facet normal 0 0 1
  outer loop
   vertex 15.735 2.45 3.1599
   vertex 13.335 2.45 3.1599
   vertex 13.335 1.65 3.1599
  endloop
 endfacet
 facet normal 0 0 1
  outer loop
   vertex 15.735 2.45 3.1599
   vertex 13.335 1.65 3.1599
   vertex 15.735 1.65 3.1599
  endloop
 endfacet
 facet normal -1 0 0
  outer loop
   vertex 13.335 6.55 3.0099
   vertex 13.335 5.75 3.0099
   vertex 13.335 6.55 3.1599
  endloop
 endfacet
 facet normal -1 0 0
  outer loop
   vertex 13.335 5.75 3.0099
   vertex 13.335 5.75 3.1599
   vertex 13.335 6.55 3.1599
  endloop
 endfacet
 facet normal 1 0 0
  outer loop
   vertex 15.735 5.75 3.0099
   vertex 15.735 6.55 3.0099
   vertex 15.735 6.55 3.1599
  endloop
 endfacet
 facet normal 1 -0 0
  outer loop
   vertex 15.735 5.75 3.1599
   vertex 15.735 5.75 3.0099
   vertex 15.735 6.55 3.1599
  endloop
 endfacet
 facet normal 0 -1 0
  outer loop
   vertex 15.735 5.75 3.0099
   vertex 15.735 5.75 3.1599
   vertex 13.335 5.75 3.0099
  endloop
 endfacet
 facet normal 0 -1 0
  outer loop
   vertex 13.335 5.75 3.0099
   vertex 15.735 5.75 3.1599
   vertex 13.335 5.75 3.1599
  endloop
 endfacet
 facet normal 0 1 0
  outer loop
   vertex 15.735 6.55 3.1599
   vertex 15.735 6.55 3.0099
   vertex 13.335 6.55 3.0099
  endloop
 endfacet
 facet normal 0 1 0
  outer loop
   vertex 15.735 6.55 3.1599
   vertex 13.335 6.55 3.0099
   vertex 13.335 6.55 3.1599
  endloop
 endfacet
 facet normal 0 0 -1
  outer loop
   vertex 13.335 6.55 3.0099
   vertex 15.735 6.55 3.0099
   vertex 13.335 5.75 3.0099
  endloop
 endfacet
 facet normal 0 0 -1
  outer loop
   vertex 13.335 5.75 3.0099
   vertex 15.735 6.55 3.0099
   vertex 15.735 5.75 3.0099
  endloop
 endfacet
 facet normal 0 0 1
  outer loop
   vertex 15.735 6.55 3.1599
   vertex 13.335 6.55 3.1599
   vertex 13.335 5.75 3.1599
  endloop
 endfacet
 facet normal 0 0 1
  outer loop
   vertex 15.735 6.55 3.1599
   vertex 13.335 5.75 3.1599
   vertex 15.735 5.75 3.1599
  endloop
 endfacet
 facet normal -1 0 0
  outer loop
   vertex 13.335 2.45 3.2799
   vertex 13.335 1.65 3.2799
   vertex 13.335 2.45 3.4299
  endloop
 endfacet
 facet normal -1 0 0
  outer loop
   vertex 13.335 1.65 3.2799
   vertex 13.335 1.65 3.4299
   vertex 13.335 2.45 3.4299
  endloop
 endfacet
 facet normal 1 0 0
  outer loop
   vertex 15.735 1.65 3.2799
   vertex 15.735 2.45 3.2799
   vertex 15.735 2.45 3.4299
  endloop
 endfacet
 facet normal 1 -0 0
  outer loop
   vertex 15.735 1.65 3.4299
   vertex 15.735 1.65 3.2799
   vertex 15.735 2.45 3.4299
  endloop
 endfacet
 facet normal 0 -1 0
  outer loop
   vertex 15.735 1.65 3.2799
   vertex 15.735 1.65 3.4299
   vertex 13.335 1.65 3.2799
  endloop
 endfacet
 facet normal 0 -1 0
  outer loop
   vertex 13.335 1.65 3.2799
   vertex 15.735 1.65 3.4299
   vertex 13.335 1.65 3.4299
  endloop
 endfacet
 facet normal 0 1 0
  outer loop
   vertex 15.735 2.45 3.4299
   vertex 15.735 2.45 3.2799
   vertex 13.335 2.45 3.2799
  endloop
 endfacet
 facet normal 0 1 0
  outer loop
   vertex 15.735 2.45 3.4299
   vertex 13.335 2.45 3.2799
   vertex 13.335 2.45 3.4299
  endloop
 endfacet
 facet normal 0 0 -1
  outer loop
   vertex 13.335 2.45 3.2799
   vertex 15.735 2.45 3.2799
   vertex 13.335 1.65 3.2799
  endloop
 endfacet
 facet normal 0 0 -1
  outer loop
   vertex 13.335 1.65 3.2799
   vertex 15.735 2.45 3.2799
   vertex 15.735 1.65 3.2799
  endloop
 endfacet
 facet normal 0 0 1
  outer loop
   vertex 15.735 2.45 3.4299
   vertex 13.335 2.45 3.4299
   vertex 13.335 1.65 3.4299
  endloop
 endfacet
 facet normal 0 0 1
  outer loop
   vertex 15.735 2.45 3.4299
   vertex 13.335 1.65 3.4299
   vertex 15.735 1.65 3.4299
  endloop
 endfacet
 facet normal -1 0 0
  outer loop
   vertex 13.335 6.55 3.2799
   vertex 13.335 5.75 3.2799
   vertex 13.335 6.55 3.4299
  endloop
 endfacet
 facet normal -1 0 0
  outer loop
   vertex 13.335 5.75 3.2799
   vertex 13.335 5.75 3.4299
   vertex 13.335 6.55 3.4299
  endloop
 endfacet
 facet normal 1 0 0
  outer loop
   vertex 15.735 5.75 3.2799
   vertex 15.735 6.55 3.2799
   vertex 15.735 6.55 3.4299
  endloop
 endfacet
 facet normal 1 -0 0
  outer loop
   vertex 15.735 5.75 3.4299
   vertex 15.735 5.75 3.2799
   vertex 15.735 6.55 3.4299
  endloop
 endfacet
 facet normal 0 -1 0
  outer loop
   vertex 15.735 5.75 3.2799
   vertex 15.735 5.75 3.4299
   vertex 13.335 5.75 3.2799
  endloop
 endfacet
 facet normal 0 -1 0
  outer loop
   vertex 13.335 5.75 3.2799
   vertex 15.735 5.75 3.4299
   vertex 13.335 5.75 3.4299
  endloop
 endfacet
 facet normal 0 1 0
  outer loop
   vertex 15.735 6.55 3.4299
   vertex 15.735 6.55 3.2799
   vertex 13.335 6.55 3.2799
  endloop
 endfacet
 facet normal 0 1 0
  outer loop
   vertex 15.735 6.55 3.4299
   vertex 13.335 6.55 3.2799
   vertex 13.335 6.55 3.4299
  endloop
 endfacet
 facet normal 0 0 -1
  outer loop
   vertex 13.335 6.55 3.2799
   vertex 15.735 6.55 3.2799
   vertex 13.335 5.75 3.2799
  endloop
 endfacet
 facet normal 0 0 -1
  outer loop
   vertex 13.335 5.75 3.2799
   vertex 15.735 6.55 3.2799
   vertex 15.735 5.75 3.2799
  endloop
 endfacet
 facet normal 0 0 1
  outer loop
   vertex 15.735 6.55 3.4299
   vertex 13.335 6.55 3.4299
   vertex 13.335 5.75 3.4299
  endloop
 endfacet
 facet normal 0 0 1
  outer loop
   vertex 15.735 6.55 3.4299
   vertex 13.335 5.75 3.4299
   vertex 15.735 5.75 3.4299
  endloop
 endfacet
 facet normal 1.8946e-16 -0.0138339 -0.999904
  outer loop
   vertex 8.455 3.6 3.4599
   vertex 10.855 3.6 3.4599
   vertex 10.855 3.59862 3.45992
  endloop
 endfacet
 facet normal 1.57702e-16 -0.0417083 -0.99913
  outer loop
   vertex 8.455 3.59862 3.45992
   vertex 10.855 3.59862 3.45992
   vertex 10.855 3.59721 3.45998
  endloop
 endfacet
 facet normal 1.78975e-16 -0.0138339 -0.999904
  outer loop
   vertex 8.455 3.59862 3.45992
   vertex 8.455 3.6 3.4599
   vertex 10.855 3.59862 3.45992
  endloop
 endfacet
 facet normal 2.92979e-16 -0.0746954 -0.997206
  outer loop
   vertex 8.455 3.59721 3.45998
   vertex 10.855 3.59721 3.45998
   vertex 10.855 3.59532 3.46012
  endloop
 endfacet
 facet normal 3.3121e-16 -0.0417083 -0.99913
  outer loop
   vertex 8.455 3.59721 3.45998
   vertex 8.455 3.59862 3.45992
   vertex 10.855 3.59721 3.45998
  endloop
 endfacet
 facet normal 4.1507e-16 -0.11289 -0.993608
  outer loop
   vertex 8.455 3.59532 3.46012
   vertex 10.855 3.59532 3.46012
   vertex 10.855 3.59339 3.46034
  endloop
 endfacet
 facet normal 4.67774e-16 -0.0746954 -0.997206
  outer loop
   vertex 8.455 3.59532 3.46012
   vertex 8.455 3.59721 3.45998
   vertex 10.855 3.59532 3.46012
  endloop
 endfacet
 facet normal 3.60697e-16 -0.151666 -0.988432
  outer loop
   vertex 8.455 3.59339 3.46034
   vertex 10.855 3.59339 3.46034
   vertex 10.855 3.59144 3.46064
  endloop
 endfacet
 facet normal 4.1507e-16 -0.11289 -0.993608
  outer loop
   vertex 8.455 3.59339 3.46034
   vertex 8.455 3.59532 3.46012
   vertex 10.855 3.59339 3.46034
  endloop
 endfacet
 facet normal 2.68537e-16 -0.190944 -0.981601
  outer loop
   vertex 8.455 3.59144 3.46064
   vertex 10.855 3.59144 3.46064
   vertex 10.855 3.58947 3.46102
  endloop
 endfacet
 facet normal 3.3196e-16 -0.151666 -0.988432
  outer loop
   vertex 8.455 3.59144 3.46064
   vertex 8.455 3.59339 3.46034
   vertex 10.855 3.59144 3.46064
  endloop
 endfacet
 facet normal 4.75275e-16 -0.230637 -0.97304
  outer loop
   vertex 8.455 3.58947 3.46102
   vertex 10.855 3.58947 3.46102
   vertex 10.855 3.58747 3.46149
  endloop
 endfacet
 facet normal 5.26889e-16 -0.190944 -0.981601
  outer loop
   vertex 8.455 3.58947 3.46102
   vertex 8.455 3.59144 3.46064
   vertex 10.855 3.58947 3.46102
  endloop
 endfacet
 facet normal 2.47204e-16 -0.230637 -0.97304
  outer loop
   vertex 8.455 3.58747 3.46149
   vertex 8.455 3.58947 3.46102
   vertex 10.855 3.58747 3.46149
  endloop
 endfacet
 facet normal 1.36967e-16 -0.270646 -0.962679
  outer loop
   vertex 8.455 3.58547 3.46206
   vertex 10.855 3.58747 3.46149
   vertex 10.855 3.58547 3.46206
  endloop
 endfacet
 facet normal 1.88247e-16 -0.270646 -0.962679
  outer loop
   vertex 8.455 3.58547 3.46206
   vertex 8.455 3.58747 3.46149
   vertex 10.855 3.58747 3.46149
  endloop
 endfacet
 facet normal 1.77316e-16 -0.351178 -0.936309
  outer loop
   vertex 8.455 3.58345 3.46272
   vertex 10.855 3.58345 3.46272
   vertex 10.855 3.58144 3.46347
  endloop
 endfacet
 facet normal 2.49144e-16 -0.310865 -0.950454
  outer loop
   vertex 8.455 3.58345 3.46272
   vertex 10.855 3.58547 3.46206
   vertex 10.855 3.58345 3.46272
  endloop
 endfacet
 facet normal 6.9065e-17 -0.310865 -0.950454
  outer loop
   vertex 8.455 3.58345 3.46272
   vertex 8.455 3.58547 3.46206
   vertex 10.855 3.58547 3.46206
  endloop
 endfacet
 facet normal 1.77316e-16 -0.351178 -0.936309
  outer loop
   vertex 8.455 3.58144 3.46347
   vertex 8.455 3.58345 3.46272
   vertex 10.855 3.58144 3.46347
  endloop
 endfacet
 facet normal 5.34885e-16 -0.431583 -0.902073
  outer loop
   vertex 8.455 3.57943 3.46433
   vertex 10.855 3.57943 3.46433
   vertex 10.855 3.57743 3.46529
  endloop
 endfacet
 facet normal 6.011e-16 -0.391461 -0.920195
  outer loop
   vertex 8.455 3.57943 3.46433
   vertex 10.855 3.58144 3.46347
   vertex 10.855 3.57943 3.46433
  endloop
 endfacet
 facet normal 1.04048e-16 -0.391461 -0.920195
  outer loop
   vertex 8.455 3.57943 3.46433
   vertex 8.455 3.58144 3.46347
   vertex 10.855 3.58144 3.46347
  endloop
 endfacet
 facet normal 2.99593e-16 -0.471406 -0.881916
  outer loop
   vertex 8.455 3.57743 3.46529
   vertex 10.855 3.57743 3.46529
   vertex 10.855 3.57545 3.46634
  endloop
 endfacet
 facet normal 3.63962e-16 -0.431583 -0.902073
  outer loop
   vertex 8.455 3.57743 3.46529
   vertex 8.455 3.57943 3.46433
   vertex 10.855 3.57743 3.46529
  endloop
 endfacet
 facet normal 2.99899e-16 -0.510784 -0.859709
  outer loop
   vertex 8.455 3.57545 3.46634
   vertex 10.855 3.57545 3.46634
   vertex 10.855 3.57349 3.46751
  endloop
 endfacet
 facet normal 3.77375e-16 -0.471406 -0.881916
  outer loop
   vertex 8.455 3.57545 3.46634
   vertex 8.455 3.57743 3.46529
   vertex 10.855 3.57545 3.46634
  endloop
 endfacet
 facet normal 1.66706e-16 -0.54957 -0.835447
  outer loop
   vertex 8.455 3.57349 3.46751
   vertex 10.855 3.57349 3.46751
   vertex 10.855 3.57157 3.46877
  endloop
 endfacet
 facet normal 2.33785e-16 -0.510784 -0.859709
  outer loop
   vertex 8.455 3.57349 3.46751
   vertex 8.455 3.57545 3.46634
   vertex 10.855 3.57349 3.46751
  endloop
 endfacet
 facet normal 3.25005e-16 -0.54957 -0.835447
  outer loop
   vertex 8.455 3.57157 3.46877
   vertex 8.455 3.57349 3.46751
   vertex 10.855 3.57157 3.46877
  endloop
 endfacet
 facet normal 3.63191e-16 -0.587612 -0.809143
  outer loop
   vertex 8.455 3.56969 3.47014
   vertex 10.855 3.57157 3.46877
   vertex 10.855 3.56969 3.47014
  endloop
 endfacet
 facet normal 2.51861e-16 -0.587612 -0.809143
  outer loop
   vertex 8.455 3.56969 3.47014
   vertex 8.455 3.57157 3.46877
   vertex 10.855 3.57157 3.46877
  endloop
 endfacet
 facet normal 8.49577e-17 -0.660846 -0.750522
  outer loop
   vertex 8.455 3.56785 3.4716
   vertex 10.855 3.56785 3.4716
   vertex 10.855 3.56608 3.47317
  endloop
 endfacet
 facet normal 1.47856e-16 -0.624755 -0.780821
  outer loop
   vertex 8.455 3.56785 3.4716
   vertex 10.855 3.56969 3.47014
   vertex 10.855 3.56785 3.4716
  endloop
 endfacet
 facet normal 2.95805e-16 -0.624755 -0.780821
  outer loop
   vertex 8.455 3.56785 3.4716
   vertex 8.455 3.56969 3.47014
   vertex 10.855 3.56969 3.47014
  endloop
 endfacet
 facet normal 2.13796e-17 -0.695733 -0.7183
  outer loop
   vertex 8.455 3.56608 3.47317
   vertex 10.855 3.56608 3.47317
   vertex 10.855 3.56437 3.47482
  endloop
 endfacet
 facet normal 8.49577e-17 -0.660846 -0.750522
  outer loop
   vertex 8.455 3.56608 3.47317
   vertex 8.455 3.56785 3.4716
   vertex 10.855 3.56608 3.47317
  endloop
 endfacet
 facet normal 4.84447e-16 -0.729269 -0.684227
  outer loop
   vertex 8.455 3.56437 3.47482
   vertex 10.855 3.56437 3.47482
   vertex 10.855 3.56273 3.47657
  endloop
 endfacet
 facet normal 5.61512e-16 -0.695733 -0.7183
  outer loop
   vertex 8.455 3.56437 3.47482
   vertex 8.455 3.56608 3.47317
   vertex 10.855 3.56437 3.47482
  endloop
 endfacet
 facet normal 2.82983e-16 -0.761309 -0.648389
  outer loop
   vertex 8.455 3.56273 3.47657
   vertex 10.855 3.56273 3.47657
   vertex 10.855 3.56116 3.47841
  endloop
 endfacet
 facet normal 3.54801e-16 -0.729269 -0.684227
  outer loop
   vertex 8.455 3.56273 3.47657
   vertex 8.455 3.56437 3.47482
   vertex 10.855 3.56273 3.47657
  endloop
 endfacet
 facet normal 4.75953e-16 -0.79172 -0.610885
  outer loop
   vertex 8.455 3.56116 3.47841
   vertex 10.855 3.56116 3.47841
   vertex 10.855 3.55969 3.48032
  endloop
 endfacet
 facet normal 5.5009e-16 -0.761309 -0.648389
  outer loop
   vertex 8.455 3.56116 3.47841
   vertex 8.455 3.56273 3.47657
   vertex 10.855 3.56116 3.47841
  endloop
 endfacet
 facet normal 2.45019e-16 -0.820374 -0.571828
  outer loop
   vertex 8.455 3.55969 3.48032
   vertex 10.855 3.55969 3.48032
   vertex 10.855 3.5583 3.48231
  endloop
 endfacet
 facet normal 3.2594e-16 -0.79172 -0.610885
  outer loop
   vertex 8.455 3.55969 3.48032
   vertex 8.455 3.56116 3.47841
   vertex 10.855 3.55969 3.48032
  endloop
 endfacet
 facet normal 1.63355e-16 -0.847156 -0.531344
  outer loop
   vertex 8.455 3.5583 3.48231
   vertex 10.855 3.5583 3.48231
   vertex 10.855 3.55701 3.48437
  endloop
 endfacet
 facet normal 2.45019e-16 -0.820374 -0.571828
  outer loop
   vertex 8.455 3.5583 3.48231
   vertex 8.455 3.55969 3.48032
   vertex 10.855 3.5583 3.48231
  endloop
 endfacet
 facet normal 4.2455e-16 -0.847156 -0.531344
  outer loop
   vertex 8.455 3.55701 3.48437
   vertex 8.455 3.5583 3.48231
   vertex 10.855 3.55701 3.48437
  endloop
 endfacet
 facet normal 2.4645e-16 -0.871963 -0.489571
  outer loop
   vertex 8.455 3.55582 3.48649
   vertex 10.855 3.55701 3.48437
   vertex 10.855 3.55582 3.48649
  endloop
 endfacet
 facet normal 3.39221e-16 -0.871963 -0.489571
  outer loop
   vertex 8.455 3.55582 3.48649
   vertex 8.455 3.55701 3.48437
   vertex 10.855 3.55701 3.48437
  endloop
 endfacet
 facet normal 9.02066e-17 -0.91531 -0.402751
  outer loop
   vertex 8.455 3.55474 3.48866
   vertex 10.855 3.55474 3.48866
   vertex 10.855 3.55376 3.49088
  endloop
 endfacet
 facet normal 1.6847e-16 -0.894706 -0.446655
  outer loop
   vertex 8.455 3.55474 3.48866
   vertex 10.855 3.55582 3.48649
   vertex 10.855 3.55474 3.48866
  endloop
 endfacet
 facet normal 1.68464e-16 -0.894706 -0.446655
  outer loop
   vertex 8.455 3.55474 3.48866
   vertex 8.455 3.55582 3.48649
   vertex 10.855 3.55582 3.48649
  endloop
 endfacet
 facet normal -5.5898e-17 -0.933714 -0.358019
  outer loop
   vertex 8.455 3.55376 3.49088
   vertex 10.855 3.55376 3.49088
   vertex 10.855 3.5529 3.49313
  endloop
 endfacet
 facet normal 1.38941e-17 -0.91531 -0.402751
  outer loop
   vertex 8.455 3.55376 3.49088
   vertex 8.455 3.55474 3.48866
   vertex 10.855 3.55376 3.49088
  endloop
 endfacet
 facet normal -2.43766e-16 -0.949877 -0.312624
  outer loop
   vertex 8.455 3.5529 3.49313
   vertex 10.855 3.5529 3.49313
   vertex 10.855 3.55214 3.49542
  endloop
 endfacet
 facet normal -1.91571e-16 -0.933714 -0.358019
  outer loop
   vertex 8.455 3.5529 3.49313
   vertex 8.455 3.55376 3.49088
   vertex 10.855 3.5529 3.49313
  endloop
 endfacet
 facet normal 5.46857e-17 -0.949877 -0.312624
  outer loop
   vertex 8.455 3.55214 3.49542
   vertex 8.455 3.5529 3.49313
   vertex 10.855 3.55214 3.49542
  endloop
 endfacet
 facet normal -6.19871e-17 -0.963771 -0.266732
  outer loop
   vertex 8.455 3.55151 3.49772
   vertex 10.855 3.55214 3.49542
   vertex 10.855 3.55151 3.49772
  endloop
 endfacet
 facet normal -1.14546e-17 -0.963771 -0.266732
  outer loop
   vertex 8.455 3.55151 3.49772
   vertex 8.455 3.55214 3.49542
   vertex 10.855 3.55214 3.49542
  endloop
 endfacet
 facet normal -1.42214e-16 -0.984723 -0.174127
  outer loop
   vertex 8.455 3.55098 3.50004
   vertex 10.855 3.55098 3.50004
   vertex 10.855 3.55057 3.50236
  endloop
 endfacet
 facet normal -7.71527e-17 -0.975384 -0.220512
  outer loop
   vertex 8.455 3.55098 3.50004
   vertex 10.855 3.55151 3.49772
   vertex 10.855 3.55098 3.50004
  endloop
 endfacet
 facet normal -1.18933e-16 -0.975384 -0.220512
  outer loop
   vertex 8.455 3.55098 3.50004
   vertex 8.455 3.55151 3.49772
   vertex 10.855 3.55151 3.49772
  endloop
 endfacet
 facet normal -2.16169e-17 -0.984723 -0.174127
  outer loop
   vertex 8.455 3.55057 3.50236
   vertex 8.455 3.55098 3.50004
   vertex 10.855 3.55057 3.50236
  endloop
 endfacet
 facet normal 1.23552e-16 -0.996673 -0.081508
  outer loop
   vertex 8.455 3.55027 3.50467
   vertex 10.855 3.55027 3.50467
   vertex 10.855 3.55009 3.50698
  endloop
 endfacet
 facet normal 1.93632e-16 -0.991808 -0.127741
  outer loop
   vertex 8.455 3.55027 3.50467
   vertex 10.855 3.55057 3.50236
   vertex 10.855 3.55027 3.50467
  endloop
 endfacet
 facet normal -6.69173e-17 -0.991808 -0.127741
  outer loop
   vertex 8.455 3.55027 3.50467
   vertex 8.455 3.55057 3.50236
   vertex 10.855 3.55057 3.50236
  endloop
 endfacet
 facet normal -9.61837e-17 -0.996673 -0.081508
  outer loop
   vertex 8.455 3.55009 3.50698
   vertex 8.455 3.55027 3.50467
   vertex 10.855 3.55009 3.50698
  endloop
 endfacet
 facet normal 2.36549e-16 -0.999367 -0.0355794
  outer loop
   vertex 8.455 3.55 3.50926
   vertex 10.855 3.55009 3.50698
   vertex 10.855 3.55 3.50926
  endloop
 endfacet
 facet normal -1.48912e-16 -0.999367 -0.0355794
  outer loop
   vertex 8.455 3.55 3.50926
   vertex 8.455 3.55009 3.50698
   vertex 10.855 3.55009 3.50698
  endloop
 endfacet
 facet normal -1.31359e-17 -0.999951 0.00990381
  outer loop
   vertex 8.455 3.55003 3.51153
   vertex 10.855 3.55 3.50926
   vertex 10.855 3.55003 3.51153
  endloop
 endfacet
 facet normal 1.76332e-16 -0.999951 0.00990381
  outer loop
   vertex 8.455 3.55003 3.51153
   vertex 8.455 3.55 3.50926
   vertex 10.855 3.55 3.50926
  endloop
 endfacet
 facet normal 1.16497e-16 -0.998497 0.0548091
  outer loop
   vertex 8.455 3.55015 3.51375
   vertex 10.855 3.55003 3.51153
   vertex 10.855 3.55015 3.51375
  endloop
 endfacet
 facet normal -7.26934e-17 -0.998497 0.0548091
  outer loop
   vertex 8.455 3.55015 3.51375
   vertex 8.455 3.55003 3.51153
   vertex 10.855 3.55003 3.51153
  endloop
 endfacet
 facet normal 7.59809e-17 -0.995086 0.0990141
  outer loop
   vertex 8.455 3.55037 3.51594
   vertex 10.855 3.55015 3.51375
   vertex 10.855 3.55037 3.51594
  endloop
 endfacet
 facet normal 5.72252e-17 -0.995086 0.0990141
  outer loop
   vertex 8.455 3.55037 3.51594
   vertex 8.455 3.55015 3.51375
   vertex 10.855 3.55015 3.51375
  endloop
 endfacet
 facet normal -2.10194e-16 -0.98276 0.184888
  outer loop
   vertex 8.455 3.55068 3.51809
   vertex 10.855 3.55068 3.51809
   vertex 10.855 3.55107 3.52019
  endloop
 endfacet
 facet normal -1.61898e-16 -0.989808 0.142407
  outer loop
   vertex 8.455 3.55068 3.51809
   vertex 10.855 3.55037 3.51594
   vertex 10.855 3.55068 3.51809
  endloop
 endfacet
 facet normal 2.56487e-17 -0.989808 0.142407
  outer loop
   vertex 8.455 3.55068 3.51809
   vertex 8.455 3.55037 3.51594
   vertex 10.855 3.55037 3.51594
  endloop
 endfacet
 facet normal -2.14459e-16 -0.974042 0.226368
  outer loop
   vertex 8.455 3.55107 3.52019
   vertex 10.855 3.55107 3.52019
   vertex 10.855 3.55155 3.52224
  endloop
 endfacet
 facet normal -1.75161e-16 -0.98276 0.184888
  outer loop
   vertex 8.455 3.55107 3.52019
   vertex 8.455 3.55068 3.51809
   vertex 10.855 3.55107 3.52019
  endloop
 endfacet
 facet normal -2.14459e-16 -0.974042 0.226368
  outer loop
   vertex 8.455 3.55155 3.52224
   vertex 8.455 3.55107 3.52019
   vertex 10.855 3.55155 3.52224
  endloop
 endfacet
 facet normal -1.2067e-16 -0.96376 0.266769
  outer loop
   vertex 8.455 3.5521 3.52423
   vertex 10.855 3.55155 3.52224
   vertex 10.855 3.5521 3.52423
  endloop
 endfacet
 facet normal -2.52743e-16 -0.96376 0.266769
  outer loop
   vertex 8.455 3.5521 3.52423
   vertex 8.455 3.55155 3.52224
   vertex 10.855 3.55155 3.52224
  endloop
 endfacet
 facet normal -8.28757e-17 -0.93894 0.344082
  outer loop
   vertex 8.455 3.55272 3.52616
   vertex 10.855 3.55272 3.52616
   vertex 10.855 3.55341 3.52804
  endloop
 endfacet
 facet normal -5.15532e-17 -0.952023 0.306026
  outer loop
   vertex 8.455 3.55272 3.52616
   vertex 10.855 3.5521 3.52423
   vertex 10.855 3.55272 3.52616
  endloop
 endfacet
 facet normal -1.67534e-16 -0.952023 0.306026
  outer loop
   vertex 8.455 3.55272 3.52616
   vertex 8.455 3.5521 3.52423
   vertex 10.855 3.5521 3.52423
  endloop
 endfacet
 facet normal -1.85661e-16 -0.924619 0.380895
  outer loop
   vertex 8.455 3.55341 3.52804
   vertex 10.855 3.55341 3.52804
   vertex 10.855 3.55415 3.52985
  endloop
 endfacet
 facet normal -1.48072e-16 -0.93894 0.344082
  outer loop
   vertex 8.455 3.55341 3.52804
   vertex 8.455 3.55272 3.52616
   vertex 10.855 3.55341 3.52804
  endloop
 endfacet
 facet normal 2.89189e-17 -0.909169 0.416428
  outer loop
   vertex 8.455 3.55415 3.52985
   vertex 10.855 3.55415 3.52985
   vertex 10.855 3.55495 3.53159
  endloop
 endfacet
 facet normal 6.17052e-17 -0.924619 0.380895
  outer loop
   vertex 8.455 3.55415 3.52985
   vertex 8.455 3.55341 3.52804
   vertex 10.855 3.55415 3.52985
  endloop
 endfacet
 facet normal 2.89189e-17 -0.909169 0.416428
  outer loop
   vertex 8.455 3.55495 3.53159
   vertex 8.455 3.55415 3.52985
   vertex 10.855 3.55495 3.53159
  endloop
 endfacet
 facet normal 8.04894e-17 -0.892696 0.450659
  outer loop
   vertex 8.455 3.5558 3.53327
   vertex 10.855 3.55495 3.53159
   vertex 10.855 3.5558 3.53327
  endloop
 endfacet
 facet normal -3.29664e-18 -0.892696 0.450659
  outer loop
   vertex 8.455 3.5558 3.53327
   vertex 8.455 3.55495 3.53159
   vertex 10.855 3.55495 3.53159
  endloop
 endfacet
 facet normal -3.48013e-17 -0.875306 0.48357
  outer loop
   vertex 8.455 3.55669 3.53488
   vertex 10.855 3.5558 3.53327
   vertex 10.855 3.55669 3.53488
  endloop
 endfacet
 facet normal 3.94275e-17 -0.875306 0.48357
  outer loop
   vertex 8.455 3.55669 3.53488
   vertex 8.455 3.5558 3.53327
   vertex 10.855 3.5558 3.53327
  endloop
 endfacet
 facet normal -6.59303e-17 -0.856904 0.515475
  outer loop
   vertex 8.455 3.55764 3.53646
   vertex 8.455 3.55669 3.53488
   vertex 10.855 3.55669 3.53488
  endloop
 endfacet
 facet normal 6.30778e-18 -0.837136 0.546994
  outer loop
   vertex 8.455 3.55764 3.53646
   vertex 10.855 3.55764 3.53646
   vertex 10.855 3.55866 3.53803
  endloop
 endfacet
 facet normal 3.17153e-17 -0.856904 0.515475
  outer loop
   vertex 8.455 3.55764 3.53646
   vertex 10.855 3.55669 3.53488
   vertex 10.855 3.55764 3.53646
  endloop
 endfacet
 facet normal 6.30778e-18 -0.837136 0.546994
  outer loop
   vertex 8.455 3.55866 3.53803
   vertex 8.455 3.55764 3.53646
   vertex 10.855 3.55866 3.53803
  endloop
 endfacet
 facet normal -6.46103e-17 -0.815768 0.578379
  outer loop
   vertex 8.455 3.55977 3.5396
   vertex 10.855 3.55866 3.53803
   vertex 10.855 3.55977 3.5396
  endloop
 endfacet
 facet normal -1.96375e-17 -0.815768 0.578379
  outer loop
   vertex 8.455 3.55977 3.5396
   vertex 8.455 3.55866 3.53803
   vertex 10.855 3.55866 3.53803
  endloop
 endfacet
 facet normal -8.0815e-17 -0.792761 0.609533
  outer loop
   vertex 8.455 3.56097 3.54115
   vertex 8.455 3.55977 3.5396
   vertex 10.855 3.55977 3.5396
  endloop
 endfacet
 facet normal -1.96269e-16 -0.792761 0.609533
  outer loop
   vertex 8.455 3.56097 3.54115
   vertex 10.855 3.55977 3.5396
   vertex 10.855 3.56097 3.54115
  endloop
 endfacet
 facet normal 2.69003e-17 -0.741708 0.670723
  outer loop
   vertex 8.455 3.56224 3.54268
   vertex 10.855 3.56224 3.54268
   vertex 10.855 3.5636 3.54418
  endloop
 endfacet
 facet normal 4.84044e-17 -0.768082 0.640351
  outer loop
   vertex 8.455 3.56224 3.54268
   vertex 10.855 3.56097 3.54115
   vertex 10.855 3.56224 3.54268
  endloop
 endfacet
 facet normal -2.18438e-16 -0.768082 0.640351
  outer loop
   vertex 8.455 3.56224 3.54268
   vertex 8.455 3.56097 3.54115
   vertex 10.855 3.56097 3.54115
  endloop
 endfacet
 facet normal 2.69003e-17 -0.741708 0.670723
  outer loop
   vertex 8.455 3.5636 3.54418
   vertex 8.455 3.56224 3.54268
   vertex 10.855 3.5636 3.54418
  endloop
 endfacet
 facet normal 1.12198e-16 -0.683817 0.729654
  outer loop
   vertex 8.455 3.56505 3.54566
   vertex 10.855 3.56505 3.54566
   vertex 10.855 3.56658 3.54709
  endloop
 endfacet
 facet normal 1.40177e-16 -0.713622 0.700531
  outer loop
   vertex 8.455 3.56505 3.54566
   vertex 10.855 3.5636 3.54418
   vertex 10.855 3.56505 3.54566
  endloop
 endfacet
 facet normal 4.92624e-18 -0.713622 0.700531
  outer loop
   vertex 8.455 3.56505 3.54566
   vertex 8.455 3.5636 3.54418
   vertex 10.855 3.5636 3.54418
  endloop
 endfacet
 facet normal -1.55624e-16 -0.683817 0.729654
  outer loop
   vertex 8.455 3.56658 3.54709
   vertex 8.455 3.56505 3.54566
   vertex 10.855 3.56658 3.54709
  endloop
 endfacet
 facet normal -4.00445e-17 -0.652295 0.757965
  outer loop
   vertex 8.455 3.5682 3.54849
   vertex 10.855 3.56658 3.54709
   vertex 10.855 3.5682 3.54849
  endloop
 endfacet
 facet normal -1.83681e-16 -0.652295 0.757965
  outer loop
   vertex 8.455 3.5682 3.54849
   vertex 8.455 3.56658 3.54709
   vertex 10.855 3.56658 3.54709
  endloop
 endfacet
 facet normal -1.80307e-16 -0.619071 0.785335
  outer loop
   vertex 8.455 3.56991 3.54983
   vertex 10.855 3.5682 3.54849
   vertex 10.855 3.56991 3.54983
  endloop
 endfacet
 facet normal -6.29617e-17 -0.619071 0.785335
  outer loop
   vertex 8.455 3.56991 3.54983
   vertex 8.455 3.5682 3.54849
   vertex 10.855 3.5682 3.54849
  endloop
 endfacet
 facet normal 2.44906e-17 -0.584171 0.81163
  outer loop
   vertex 8.455 3.57169 3.55111
   vertex 10.855 3.56991 3.54983
   vertex 10.855 3.57169 3.55111
  endloop
 endfacet
 facet normal -1.96906e-16 -0.584171 0.81163
  outer loop
   vertex 8.455 3.57169 3.55111
   vertex 8.455 3.56991 3.54983
   vertex 10.855 3.56991 3.54983
  endloop
 endfacet
 facet normal 4.89894e-17 -0.547634 0.836718
  outer loop
   vertex 8.455 3.57356 3.55234
   vertex 10.855 3.57169 3.55111
   vertex 10.855 3.57356 3.55234
  endloop
 endfacet
 facet normal -5.80493e-18 -0.547634 0.836718
  outer loop
   vertex 8.455 3.57356 3.55234
   vertex 8.455 3.57169 3.55111
   vertex 10.855 3.57169 3.55111
  endloop
 endfacet
 facet normal 3.0046e-17 -0.50951 0.860465
  outer loop
   vertex 8.455 3.5755 3.55349
   vertex 8.455 3.57356 3.55234
   vertex 10.855 3.57356 3.55234
  endloop
 endfacet
 facet normal 9.98276e-17 -0.469865 0.882738
  outer loop
   vertex 8.455 3.5755 3.55349
   vertex 10.855 3.5755 3.55349
   vertex 10.855 3.57752 3.55456
  endloop
 endfacet
 facet normal 1.26584e-16 -0.50951 0.860465
  outer loop
   vertex 8.455 3.5755 3.55349
   vertex 10.855 3.57356 3.55234
   vertex 10.855 3.5755 3.55349
  endloop
 endfacet
 facet normal 9.98276e-17 -0.469865 0.882738
  outer loop
   vertex 8.455 3.57752 3.55456
   vertex 8.455 3.5755 3.55349
   vertex 10.855 3.57752 3.55456
  endloop
 endfacet
 facet normal 7.25548e-17 -0.428777 0.903411
  outer loop
   vertex 8.455 3.57752 3.55456
   vertex 10.855 3.57752 3.55456
   vertex 10.855 3.57961 3.55555
  endloop
 endfacet
 facet normal -1.79865e-16 -0.428777 0.903411
  outer loop
   vertex 8.455 3.57961 3.55555
   vertex 8.455 3.57752 3.55456
   vertex 10.855 3.57961 3.55555
  endloop
 endfacet
 facet normal -1.29926e-16 -0.386337 0.922357
  outer loop
   vertex 8.455 3.58177 3.55646
   vertex 10.855 3.57961 3.55555
   vertex 10.855 3.58177 3.55646
  endloop
 endfacet
 facet normal -2.03155e-16 -0.386337 0.922357
  outer loop
   vertex 8.455 3.58177 3.55646
   vertex 8.455 3.57961 3.55555
   vertex 10.855 3.57961 3.55555
  endloop
 endfacet
 facet normal -1.92456e-16 -0.297839 0.954616
  outer loop
   vertex 8.455 3.58398 3.55726
   vertex 10.855 3.58398 3.55726
   vertex 10.855 3.58625 3.55797
  endloop
 endfacet
 facet normal -1.6124e-16 -0.342652 0.939462
  outer loop
   vertex 8.455 3.58398 3.55726
   vertex 10.855 3.58177 3.55646
   vertex 10.855 3.58398 3.55726
  endloop
 endfacet
 facet normal -1.61272e-16 -0.342652 0.939462
  outer loop
   vertex 8.455 3.58398 3.55726
   vertex 8.455 3.58177 3.55646
   vertex 10.855 3.58177 3.55646
  endloop
 endfacet
 facet normal 1.69302e-16 -0.297839 0.954616
  outer loop
   vertex 8.455 3.58625 3.55797
   vertex 8.455 3.58398 3.55726
   vertex 10.855 3.58625 3.55797
  endloop
 endfacet
 facet normal 1.16731e-16 -0.205356 0.978687
  outer loop
   vertex 8.455 3.58856 3.55857
   vertex 10.855 3.58856 3.55857
   vertex 10.855 3.59091 3.55907
  endloop
 endfacet
 facet normal 1.43261e-16 -0.252027 0.96772
  outer loop
   vertex 8.455 3.58856 3.55857
   vertex 10.855 3.58625 3.55797
   vertex 10.855 3.58856 3.55857
  endloop
 endfacet
 facet normal 1.43242e-16 -0.252027 0.96772
  outer loop
   vertex 8.455 3.58856 3.55857
   vertex 8.455 3.58625 3.55797
   vertex 10.855 3.58625 3.55797
  endloop
 endfacet
 facet normal 8.97995e-17 -0.157977 0.987443
  outer loop
   vertex 8.455 3.59091 3.55907
   vertex 10.855 3.59091 3.55907
   vertex 10.855 3.5933 3.55945
  endloop
 endfacet
 facet normal 1.16731e-16 -0.205356 0.978687
  outer loop
   vertex 8.455 3.59091 3.55907
   vertex 8.455 3.58856 3.55857
   vertex 10.855 3.59091 3.55907
  endloop
 endfacet
 facet normal 8.97995e-17 -0.157977 0.987443
  outer loop
   vertex 8.455 3.5933 3.55945
   vertex 8.455 3.59091 3.55907
   vertex 10.855 3.5933 3.55945
  endloop
 endfacet
 facet normal -3.31447e-16 -0.0617304 0.998093
  outer loop
   vertex 8.455 3.5957 3.55972
   vertex 10.855 3.5957 3.55972
   vertex 10.855 3.59813 3.55986
  endloop
 endfacet
 facet normal -2.93249e-16 -0.110047 0.993926
  outer loop
   vertex 8.455 3.5957 3.55972
   vertex 10.855 3.5933 3.55945
   vertex 10.855 3.5957 3.55972
  endloop
 endfacet
 facet normal 6.25636e-17 -0.110047 0.993926
  outer loop
   vertex 8.455 3.5957 3.55972
   vertex 8.455 3.5933 3.55945
   vertex 10.855 3.5933 3.55945
  endloop
 endfacet
 facet normal -1.7946e-16 -0.0131959 0.999913
  outer loop
   vertex 8.455 3.59813 3.55986
   vertex 10.855 3.59813 3.55986
   vertex 10.855 3.60056 3.5599
  endloop
 endfacet
 facet normal -1.42331e-16 -0.0617304 0.998093
  outer loop
   vertex 8.455 3.59813 3.55986
   vertex 8.455 3.5957 3.55972
   vertex 10.855 3.59813 3.55986
  endloop
 endfacet
 facet normal 1.91962e-16 -0.0131959 0.999913
  outer loop
   vertex 8.455 3.60056 3.5599
   vertex 8.455 3.59813 3.55986
   vertex 10.855 3.60056 3.5599
  endloop
 endfacet
 facet normal 1.82651e-16 0.0353853 0.999374
  outer loop
   vertex 8.455 3.60298 3.55981
   vertex 8.455 3.60056 3.5599
   vertex 10.855 3.60056 3.5599
  endloop
 endfacet
 facet normal -4.76583e-17 0.0838414 0.996479
  outer loop
   vertex 8.455 3.60298 3.55981
   vertex 10.855 3.60298 3.55981
   vertex 10.855 3.6054 3.55961
  endloop
 endfacet
 facet normal -2.01142e-17 0.0353853 0.999374
  outer loop
   vertex 8.455 3.60298 3.55981
   vertex 10.855 3.60056 3.5599
   vertex 10.855 3.60298 3.55981
  endloop
 endfacet
 facet normal -4.41166e-16 0.0838414 0.996479
  outer loop
   vertex 8.455 3.6054 3.55961
   vertex 8.455 3.60298 3.55981
   vertex 10.855 3.6054 3.55961
  endloop
 endfacet
 facet normal 1.18295e-16 0.1797 0.983721
  outer loop
   vertex 8.455 3.6078 3.55929
   vertex 10.855 3.6078 3.55929
   vertex 10.855 3.61017 3.55886
  endloop
 endfacet
 facet normal 1.37797e-16 0.132002 0.991249
  outer loop
   vertex 8.455 3.6078 3.55929
   vertex 10.855 3.6054 3.55961
   vertex 10.855 3.6078 3.55929
  endloop
 endfacet
 facet normal -4.75671e-16 0.132002 0.991249
  outer loop
   vertex 8.455 3.6078 3.55929
   vertex 8.455 3.6054 3.55961
   vertex 10.855 3.6054 3.55961
  endloop
 endfacet
 facet normal -3.40493e-17 0.1797 0.983721
  outer loop
   vertex 8.455 3.61017 3.55886
   vertex 8.455 3.6078 3.55929
   vertex 10.855 3.61017 3.55886
  endloop
 endfacet
 facet normal -1.55223e-16 0.273072 0.961994
  outer loop
   vertex 8.455 3.6125 3.55831
   vertex 10.855 3.6125 3.55831
   vertex 10.855 3.6148 3.55766
  endloop
 endfacet
 facet normal -1.28907e-16 0.226775 0.973947
  outer loop
   vertex 8.455 3.6125 3.55831
   vertex 10.855 3.61017 3.55886
   vertex 10.855 3.6125 3.55831
  endloop
 endfacet
 facet normal -4.29799e-17 0.226775 0.973947
  outer loop
   vertex 8.455 3.6125 3.55831
   vertex 8.455 3.61017 3.55886
   vertex 10.855 3.61017 3.55886
  endloop
 endfacet
 facet normal -1.03482e-16 0.273072 0.961994
  outer loop
   vertex 8.455 3.6148 3.55766
   vertex 8.455 3.6125 3.55831
   vertex 10.855 3.6148 3.55766
  endloop
 endfacet
 facet normal -3.14041e-16 0.362758 0.931884
  outer loop
   vertex 8.455 3.61704 3.55691
   vertex 10.855 3.61704 3.55691
   vertex 10.855 3.61923 3.55606
  endloop
 endfacet
 facet normal -3.00291e-16 0.318444 0.947942
  outer loop
   vertex 8.455 3.61704 3.55691
   vertex 10.855 3.6148 3.55766
   vertex 10.855 3.61704 3.55691
  endloop
 endfacet
 facet normal -1.20691e-16 0.318444 0.947942
  outer loop
   vertex 8.455 3.61704 3.55691
   vertex 8.455 3.6148 3.55766
   vertex 10.855 3.6148 3.55766
  endloop
 endfacet
 facet normal -6.87346e-17 0.362758 0.931884
  outer loop
   vertex 8.455 3.61923 3.55606
   vertex 8.455 3.61704 3.55691
   vertex 10.855 3.61923 3.55606
  endloop
 endfacet
 facet normal 5.08279e-16 0.447721 0.894173
  outer loop
   vertex 8.455 3.62135 3.55511
   vertex 10.855 3.62135 3.55511
   vertex 10.855 3.62341 3.55408
  endloop
 endfacet
 facet normal 5.19505e-16 0.405887 0.913923
  outer loop
   vertex 8.455 3.62135 3.55511
   vertex 10.855 3.61923 3.55606
   vertex 10.855 3.62135 3.55511
  endloop
 endfacet
 facet normal -7.6877e-17 0.405887 0.913923
  outer loop
   vertex 8.455 3.62135 3.55511
   vertex 8.455 3.61923 3.55606
   vertex 10.855 3.61923 3.55606
  endloop
 endfacet
 facet normal 8.45928e-17 0.447721 0.894173
  outer loop
   vertex 8.455 3.62341 3.55408
   vertex 8.455 3.62135 3.55511
   vertex 10.855 3.62341 3.55408
  endloop
 endfacet
 facet normal -3.60772e-16 0.52712 0.849791
  outer loop
   vertex 8.455 3.62539 3.55297
   vertex 10.855 3.62539 3.55297
   vertex 10.855 3.6273 3.55179
  endloop
 endfacet
 facet normal -3.50359e-16 0.488161 0.872754
  outer loop
   vertex 8.455 3.62539 3.55297
   vertex 10.855 3.62341 3.55408
   vertex 10.855 3.62539 3.55297
  endloop
 endfacet
 facet normal 7.28736e-17 0.488161 0.872754
  outer loop
   vertex 8.455 3.62539 3.55297
   vertex 8.455 3.62341 3.55408
   vertex 10.855 3.62341 3.55408
  endloop
 endfacet
 facet normal -9.98777e-17 0.52712 0.849791
  outer loop
   vertex 8.455 3.6273 3.55179
   vertex 8.455 3.62539 3.55297
   vertex 10.855 3.6273 3.55179
  endloop
 endfacet
 facet normal -1.06971e-16 0.564526 0.825415
  outer loop
   vertex 8.455 3.62913 3.55053
   vertex 8.455 3.6273 3.55179
   vertex 10.855 3.6273 3.55179
  endloop
 endfacet
 facet normal 3.77891e-17 0.600321 0.799759
  outer loop
   vertex 8.455 3.62913 3.55053
   vertex 10.855 3.62913 3.55053
   vertex 10.855 3.63088 3.54922
  endloop
 endfacet
 facet normal 4.94327e-17 0.564526 0.825415
  outer loop
   vertex 8.455 3.62913 3.55053
   vertex 10.855 3.6273 3.55179
   vertex 10.855 3.62913 3.55053
  endloop
 endfacet
 facet normal -3.79032e-16 0.600321 0.799759
  outer loop
   vertex 8.455 3.63088 3.54922
   vertex 8.455 3.62913 3.55053
   vertex 10.855 3.63088 3.54922
  endloop
 endfacet
 facet normal -3.86851e-16 0.634459 0.772956
  outer loop
   vertex 8.455 3.63255 3.54786
   vertex 8.455 3.63088 3.54922
   vertex 10.855 3.63088 3.54922
  endloop
 endfacet
 facet normal 1.48233e-17 0.666908 0.74514
  outer loop
   vertex 8.455 3.63255 3.54786
   vertex 10.855 3.63255 3.54786
   vertex 10.855 3.63413 3.54644
  endloop
 endfacet
 facet normal 2.62421e-17 0.634459 0.772956
  outer loop
   vertex 8.455 3.63255 3.54786
   vertex 10.855 3.63088 3.54922
   vertex 10.855 3.63255 3.54786
  endloop
 endfacet
 facet normal -1.26364e-16 0.666908 0.74514
  outer loop
   vertex 8.455 3.63413 3.54644
   vertex 8.455 3.63255 3.54786
   vertex 10.855 3.63413 3.54644
  endloop
 endfacet
 facet normal -1.32131e-16 0.697647 0.716442
  outer loop
   vertex 8.455 3.63562 3.54499
   vertex 8.455 3.63413 3.54644
   vertex 10.855 3.63413 3.54644
  endloop
 endfacet
 facet normal 3.5613e-18 0.697647 0.716442
  outer loop
   vertex 8.455 3.63562 3.54499
   vertex 10.855 3.63413 3.54644
   vertex 10.855 3.63562 3.54499
  endloop
 endfacet
 facet normal -7.4938e-18 0.726666 0.686991
  outer loop
   vertex 8.455 3.63703 3.5435
   vertex 8.455 3.63562 3.54499
   vertex 10.855 3.63562 3.54499
  endloop
 endfacet
 facet normal -0 0.753969 0.65691
  outer loop
   vertex 8.455 3.63703 3.5435
   vertex 10.855 3.63703 3.5435
   vertex 10.855 3.63835 3.54198
  endloop
 endfacet
 facet normal -0 0.726666 0.686991
  outer loop
   vertex 8.455 3.63703 3.5435
   vertex 10.855 3.63562 3.54499
   vertex 10.855 3.63703 3.5435
  endloop
 endfacet
 facet normal -0 0.753969 0.65691
  outer loop
   vertex 8.455 3.63835 3.54198
   vertex 8.455 3.63703 3.5435
   vertex 10.855 3.63835 3.54198
  endloop
 endfacet
 facet normal -2.66385e-16 0.779566 0.62632
  outer loop
   vertex 8.455 3.63959 3.54044
   vertex 10.855 3.63835 3.54198
   vertex 10.855 3.63959 3.54044
  endloop
 endfacet
 facet normal 0 0.779566 0.62632
  outer loop
   vertex 8.455 3.63959 3.54044
   vertex 8.455 3.63835 3.54198
   vertex 10.855 3.63835 3.54198
  endloop
 endfacet
 facet normal -2.65034e-16 0.803477 0.595336
  outer loop
   vertex 8.455 3.64074 3.53888
   vertex 8.455 3.63959 3.54044
   vertex 10.855 3.63959 3.54044
  endloop
 endfacet
 facet normal -4.95803e-17 0.825731 0.564063
  outer loop
   vertex 8.455 3.64074 3.53888
   vertex 10.855 3.64074 3.53888
   vertex 10.855 3.64182 3.53731
  endloop
 endfacet
 facet normal -3.94383e-17 0.803477 0.595336
  outer loop
   vertex 8.455 3.64074 3.53888
   vertex 10.855 3.63959 3.54044
   vertex 10.855 3.64074 3.53888
  endloop
 endfacet
 facet normal -0 0.825731 0.564063
  outer loop
   vertex 8.455 3.64182 3.53731
   vertex 8.455 3.64074 3.53888
   vertex 10.855 3.64182 3.53731
  endloop
 endfacet
 facet normal -0 0.846364 0.532606
  outer loop
   vertex 8.455 3.64182 3.53731
   vertex 10.855 3.64182 3.53731
   vertex 10.855 3.64281 3.53574
  endloop
 endfacet
 facet normal -4.21652e-16 0.846364 0.532606
  outer loop
   vertex 8.455 3.64281 3.53574
   vertex 8.455 3.64182 3.53731
   vertex 10.855 3.64281 3.53574
  endloop
 endfacet
 facet normal -4.22894e-16 0.865457 0.500983
  outer loop
   vertex 8.455 3.64372 3.53415
   vertex 8.455 3.64281 3.53574
   vertex 10.855 3.64281 3.53574
  endloop
 endfacet
 facet normal -3.53836e-16 0.865457 0.500983
  outer loop
   vertex 8.455 3.64372 3.53415
   vertex 10.855 3.64281 3.53574
   vertex 10.855 3.64372 3.53415
  endloop
 endfacet
 facet normal -3.4499e-16 0.883358 0.468699
  outer loop
   vertex 8.455 3.6446 3.53251
   vertex 8.455 3.64372 3.53415
   vertex 10.855 3.64372 3.53415
  endloop
 endfacet
 facet normal -8.24577e-17 0.900342 0.435183
  outer loop
   vertex 8.455 3.6446 3.53251
   vertex 10.855 3.6446 3.53251
   vertex 10.855 3.64542 3.5308
  endloop
 endfacet
 facet normal -8.88081e-17 0.883358 0.468699
  outer loop
   vertex 8.455 3.6446 3.53251
   vertex 10.855 3.64372 3.53415
   vertex 10.855 3.6446 3.53251
  endloop
 endfacet
 facet normal -1.64915e-16 0.900342 0.435183
  outer loop
   vertex 8.455 3.64542 3.5308
   vertex 8.455 3.6446 3.53251
   vertex 10.855 3.64542 3.5308
  endloop
 endfacet
 facet normal -7.58585e-17 0.91636 0.400355
  outer loop
   vertex 8.455 3.6462 3.52903
   vertex 10.855 3.64542 3.5308
   vertex 10.855 3.6462 3.52903
  endloop
 endfacet
 facet normal -1.51699e-16 0.91636 0.400355
  outer loop
   vertex 8.455 3.6462 3.52903
   vertex 8.455 3.64542 3.5308
   vertex 10.855 3.64542 3.5308
  endloop
 endfacet
 facet normal -6.90104e-17 0.931308 0.364233
  outer loop
   vertex 8.455 3.64692 3.52719
   vertex 8.455 3.6462 3.52903
   vertex 10.855 3.6462 3.52903
  endloop
 endfacet
 facet normal -2.41002e-16 0.945077 0.326848
  outer loop
   vertex 8.455 3.64692 3.52719
   vertex 10.855 3.64692 3.52719
   vertex 10.855 3.64757 3.52529
  endloop
 endfacet
 facet normal -2.45477e-16 0.931308 0.364233
  outer loop
   vertex 8.455 3.64692 3.52719
   vertex 10.855 3.6462 3.52903
   vertex 10.855 3.64692 3.52719
  endloop
 endfacet
 facet normal -1.79071e-16 0.945077 0.326848
  outer loop
   vertex 8.455 3.64757 3.52529
   vertex 8.455 3.64692 3.52719
   vertex 10.855 3.64757 3.52529
  endloop
 endfacet
 facet normal -1.81448e-16 0.957559 0.288237
  outer loop
   vertex 8.455 3.64816 3.52333
   vertex 8.455 3.64757 3.52529
   vertex 10.855 3.64757 3.52529
  endloop
 endfacet
 facet normal -2.90666e-16 0.957559 0.288237
  outer loop
   vertex 8.455 3.64816 3.52333
   vertex 10.855 3.64757 3.52529
   vertex 10.855 3.64816 3.52333
  endloop
 endfacet
 facet normal -2.77685e-16 0.968645 0.24845
  outer loop
   vertex 8.455 3.64868 3.52131
   vertex 8.455 3.64816 3.52333
   vertex 10.855 3.64816 3.52333
  endloop
 endfacet
 facet normal -3.93257e-17 0.978225 0.207547
  outer loop
   vertex 8.455 3.64868 3.52131
   vertex 10.855 3.64868 3.52131
   vertex 10.855 3.64912 3.51924
  endloop
 endfacet
 facet normal -4.70759e-17 0.968645 0.24845
  outer loop
   vertex 8.455 3.64868 3.52131
   vertex 10.855 3.64816 3.52333
   vertex 10.855 3.64868 3.52131
  endloop
 endfacet
 facet normal 1.85352e-16 0.978225 0.207547
  outer loop
   vertex 8.455 3.64912 3.51924
   vertex 8.455 3.64868 3.52131
   vertex 10.855 3.64912 3.51924
  endloop
 endfacet
 facet normal 1.86859e-16 0.986193 0.1656
  outer loop
   vertex 8.455 3.64948 3.51712
   vertex 8.455 3.64912 3.51924
   vertex 10.855 3.64912 3.51924
  endloop
 endfacet
 facet normal -0 0.992445 0.12269
  outer loop
   vertex 8.455 3.64948 3.51712
   vertex 10.855 3.64948 3.51712
   vertex 10.855 3.64974 3.51495
  endloop
 endfacet
 facet normal -0 0.986193 0.1656
  outer loop
   vertex 8.455 3.64948 3.51712
   vertex 10.855 3.64912 3.51924
   vertex 10.855 3.64948 3.51712
  endloop
 endfacet
 facet normal -2.03839e-16 0.996882 0.078913
  outer loop
   vertex 8.455 3.64974 3.51495
   vertex 10.855 3.64974 3.51495
   vertex 10.855 3.64992 3.51274
  endloop
 endfacet
 facet normal -2.11294e-16 0.992445 0.12269
  outer loop
   vertex 8.455 3.64974 3.51495
   vertex 8.455 3.64948 3.51712
   vertex 10.855 3.64974 3.51495
  endloop
 endfacet
 facet normal -1.49523e-17 0.996882 0.078913
  outer loop
   vertex 8.455 3.64992 3.51274
   vertex 8.455 3.64974 3.51495
   vertex 10.855 3.64992 3.51274
  endloop
 endfacet
 facet normal 1.82853e-16 0.999409 0.0343736
  outer loop
   vertex 8.455 3.65 3.5105
   vertex 10.855 3.64992 3.51274
   vertex 10.855 3.65 3.5105
  endloop
 endfacet
 facet normal -6.51529e-18 0.999409 0.0343736
  outer loop
   vertex 8.455 3.65 3.5105
   vertex 8.455 3.64992 3.51274
   vertex 10.855 3.64992 3.51274
  endloop
 endfacet
 facet normal 2.04855e-18 0.999942 -0.0108115
  outer loop
   vertex 8.455 3.64997 3.50822
   vertex 10.855 3.65 3.5105
   vertex 10.855 3.64997 3.50822
  endloop
 endfacet
 facet normal 1.91515e-16 0.999942 -0.0108115
  outer loop
   vertex 8.455 3.64997 3.50822
   vertex 8.455 3.65 3.5105
   vertex 10.855 3.65 3.5105
  endloop
 endfacet
 facet normal 3.7835e-16 0.998402 -0.0565152
  outer loop
   vertex 8.455 3.64984 3.50593
   vertex 10.855 3.64997 3.50822
   vertex 10.855 3.64984 3.50593
  endloop
 endfacet
 facet normal 1.07121e-17 0.998402 -0.0565152
  outer loop
   vertex 8.455 3.64984 3.50593
   vertex 8.455 3.64997 3.50822
   vertex 10.855 3.64997 3.50822
  endloop
 endfacet
 facet normal 0 0.994723 -0.102601
  outer loop
   vertex 8.455 3.6496 3.50362
   vertex 10.855 3.64984 3.50593
   vertex 10.855 3.6496 3.50362
  endloop
 endfacet
 facet normal 3.76955e-16 0.994723 -0.102601
  outer loop
   vertex 8.455 3.6496 3.50362
   vertex 8.455 3.64984 3.50593
   vertex 10.855 3.64984 3.50593
  endloop
 endfacet
 facet normal -1.48818e-16 0.980738 -0.195328
  outer loop
   vertex 8.455 3.64925 3.5013
   vertex 10.855 3.64925 3.5013
   vertex 10.855 3.64879 3.49898
  endloop
 endfacet
 facet normal -1.59148e-16 0.988849 -0.148923
  outer loop
   vertex 8.455 3.64925 3.5013
   vertex 10.855 3.6496 3.50362
   vertex 10.855 3.64925 3.5013
  endloop
 endfacet
 facet normal 0 0.988849 -0.148923
  outer loop
   vertex 8.455 3.64925 3.5013
   vertex 8.455 3.6496 3.50362
   vertex 10.855 3.6496 3.50362
  endloop
 endfacet
 facet normal 4.57889e-17 0.970361 -0.241658
  outer loop
   vertex 8.455 3.64879 3.49898
   vertex 10.855 3.64879 3.49898
   vertex 10.855 3.64822 3.49666
  endloop
 endfacet
 facet normal 3.70104e-17 0.980738 -0.195328
  outer loop
   vertex 8.455 3.64879 3.49898
   vertex 8.455 3.64925 3.5013
   vertex 10.855 3.64879 3.49898
  endloop
 endfacet
 facet normal 2.29651e-16 0.970361 -0.241658
  outer loop
   vertex 8.455 3.64822 3.49666
   vertex 8.455 3.64879 3.49898
   vertex 10.855 3.64822 3.49666
  endloop
 endfacet
 facet normal 0 0.942773 -0.333435
  outer loop
   vertex 8.455 3.64753 3.49437
   vertex 10.855 3.64753 3.49437
   vertex 10.855 3.64672 3.4921
  endloop
 endfacet
 facet normal 0 0.957706 -0.287749
  outer loop
   vertex 8.455 3.64753 3.49437
   vertex 10.855 3.64822 3.49666
   vertex 10.855 3.64753 3.49437
  endloop
 endfacet
 facet normal 2.35969e-16 0.957706 -0.287749
  outer loop
   vertex 8.455 3.64753 3.49437
   vertex 8.455 3.64822 3.49666
   vertex 10.855 3.64822 3.49666
  endloop
 endfacet
 facet normal 6.31785e-17 0.942773 -0.333435
  outer loop
   vertex 8.455 3.64672 3.4921
   vertex 8.455 3.64753 3.49437
   vertex 10.855 3.64672 3.4921
  endloop
 endfacet
 facet normal 7.16881e-17 0.925582 -0.378547
  outer loop
   vertex 8.455 3.64581 3.48986
   vertex 8.455 3.64672 3.4921
   vertex 10.855 3.64672 3.4921
  endloop
 endfacet
 facet normal 7.17264e-17 0.925582 -0.378547
  outer loop
   vertex 8.455 3.64581 3.48986
   vertex 10.855 3.64672 3.4921
   vertex 10.855 3.64581 3.48986
  endloop
 endfacet
 facet normal 8.01174e-17 0.906166 -0.422921
  outer loop
   vertex 8.455 3.64478 3.48766
   vertex 8.455 3.64581 3.48986
   vertex 10.855 3.64581 3.48986
  endloop
 endfacet
 facet normal 2.51833e-16 0.906166 -0.422921
  outer loop
   vertex 8.455 3.64478 3.48766
   vertex 10.855 3.64581 3.48986
   vertex 10.855 3.64478 3.48766
  endloop
 endfacet
 facet normal 2.55986e-16 0.884577 -0.466394
  outer loop
   vertex 8.455 3.64365 3.48551
   vertex 8.455 3.64478 3.48766
   vertex 10.855 3.64478 3.48766
  endloop
 endfacet
 facet normal -7.92366e-17 0.884577 -0.466394
  outer loop
   vertex 8.455 3.64365 3.48551
   vertex 10.855 3.64478 3.48766
   vertex 10.855 3.64365 3.48551
  endloop
 endfacet
 facet normal 1.63118e-16 0.860881 -0.508806
  outer loop
   vertex 8.455 3.64241 3.48342
   vertex 10.855 3.64365 3.48551
   vertex 10.855 3.64241 3.48342
  endloop
 endfacet
 facet normal -6.67163e-17 0.860881 -0.508806
  outer loop
   vertex 8.455 3.64241 3.48342
   vertex 8.455 3.64365 3.48551
   vertex 10.855 3.64365 3.48551
  endloop
 endfacet
 facet normal 1.58241e-16 0.835159 -0.550008
  outer loop
   vertex 8.455 3.64108 3.48139
   vertex 8.455 3.64241 3.48342
   vertex 10.855 3.64241 3.48342
  endloop
 endfacet
 facet normal -1.53005e-16 0.807508 -0.589856
  outer loop
   vertex 8.455 3.64108 3.48139
   vertex 10.855 3.64108 3.48139
   vertex 10.855 3.63965 3.47944
  endloop
 endfacet
 facet normal -1.58244e-16 0.835159 -0.550008
  outer loop
   vertex 8.455 3.64108 3.48139
   vertex 10.855 3.64241 3.48342
   vertex 10.855 3.64108 3.48139
  endloop
 endfacet
 facet normal 0 0.807508 -0.589856
  outer loop
   vertex 8.455 3.63965 3.47944
   vertex 8.455 3.64108 3.48139
   vertex 10.855 3.63965 3.47944
  endloop
 endfacet
 facet normal 0 0.778037 -0.628218
  outer loop
   vertex 8.455 3.63965 3.47944
   vertex 10.855 3.63965 3.47944
   vertex 10.855 3.63813 3.47756
  endloop
 endfacet
 facet normal 1.47421e-16 0.778037 -0.628218
  outer loop
   vertex 8.455 3.63813 3.47756
   vertex 8.455 3.63965 3.47944
   vertex 10.855 3.63813 3.47756
  endloop
 endfacet
 facet normal 1.41515e-16 0.746866 -0.664975
  outer loop
   vertex 8.455 3.63813 3.47756
   vertex 10.855 3.63813 3.47756
   vertex 10.855 3.63653 3.47576
  endloop
 endfacet
 facet normal 2.67513e-16 0.746866 -0.664975
  outer loop
   vertex 8.455 3.63653 3.47576
   vertex 8.455 3.63813 3.47756
   vertex 10.855 3.63653 3.47576
  endloop
 endfacet
 facet normal 2.67949e-16 0.714125 -0.700018
  outer loop
   vertex 8.455 3.63653 3.47576
   vertex 10.855 3.63653 3.47576
   vertex 10.855 3.63486 3.47406
  endloop
 endfacet
 facet normal 4.0326e-16 0.714125 -0.700018
  outer loop
   vertex 8.455 3.63486 3.47406
   vertex 8.455 3.63653 3.47576
   vertex 10.855 3.63486 3.47406
  endloop
 endfacet
 facet normal 0 0.644498 -0.764606
  outer loop
   vertex 8.455 3.63312 3.47244
   vertex 10.855 3.63312 3.47244
   vertex 10.855 3.63131 3.47092
  endloop
 endfacet
 facet normal 0 0.679954 -0.733255
  outer loop
   vertex 8.455 3.63312 3.47244
   vertex 10.855 3.63486 3.47406
   vertex 10.855 3.63312 3.47244
  endloop
 endfacet
 facet normal 3.96624e-16 0.679954 -0.733255
  outer loop
   vertex 8.455 3.63312 3.47244
   vertex 8.455 3.63486 3.47406
   vertex 10.855 3.63486 3.47406
  endloop
 endfacet
 facet normal 2.66994e-16 0.644498 -0.764606
  outer loop
   vertex 8.455 3.63131 3.47092
   vertex 8.455 3.63312 3.47244
   vertex 10.855 3.63131 3.47092
  endloop
 endfacet
 facet normal 2.65632e-16 0.607907 -0.794008
  outer loop
   vertex 8.455 3.63131 3.47092
   vertex 10.855 3.63131 3.47092
   vertex 10.855 3.62946 3.4695
  endloop
 endfacet
 facet normal 4.51341e-16 0.607907 -0.794008
  outer loop
   vertex 8.455 3.62946 3.4695
   vertex 8.455 3.63131 3.47092
   vertex 10.855 3.62946 3.4695
  endloop
 endfacet
 facet normal 4.66919e-16 0.570334 -0.821413
  outer loop
   vertex 8.455 3.62946 3.4695
   vertex 10.855 3.62946 3.4695
   vertex 10.855 3.62756 3.46818
  endloop
 endfacet
 facet normal -1.5564e-16 0.570334 -0.821413
  outer loop
   vertex 8.455 3.62756 3.46818
   vertex 8.455 3.62946 3.4695
   vertex 10.855 3.62756 3.46818
  endloop
 endfacet
 facet normal -1.60475e-16 0.531934 -0.846786
  outer loop
   vertex 8.455 3.62562 3.46696
   vertex 8.455 3.62756 3.46818
   vertex 10.855 3.62756 3.46818
  endloop
 endfacet
 facet normal 5.96575e-17 0.531934 -0.846786
  outer loop
   vertex 8.455 3.62562 3.46696
   vertex 10.855 3.62756 3.46818
   vertex 10.855 3.62562 3.46696
  endloop
 endfacet
 facet normal 7.14174e-17 0.492858 -0.870109
  outer loop
   vertex 8.455 3.62365 3.46585
   vertex 8.455 3.62562 3.46696
   vertex 10.855 3.62562 3.46696
  endloop
 endfacet
 facet normal 2.58253e-16 0.492858 -0.870109
  outer loop
   vertex 8.455 3.62365 3.46585
   vertex 10.855 3.62562 3.46696
   vertex 10.855 3.62365 3.46585
  endloop
 endfacet
 facet normal 2.54794e-16 0.453259 -0.891379
  outer loop
   vertex 8.455 3.62166 3.46484
   vertex 8.455 3.62365 3.46585
   vertex 10.855 3.62365 3.46585
  endloop
 endfacet
 facet normal 0 0.413282 -0.910603
  outer loop
   vertex 8.455 3.62166 3.46484
   vertex 10.855 3.62166 3.46484
   vertex 10.855 3.61966 3.46393
  endloop
 endfacet
 facet normal 0 0.453259 -0.891379
  outer loop
   vertex 8.455 3.62166 3.46484
   vertex 10.855 3.62365 3.46585
   vertex 10.855 3.62166 3.46484
  endloop
 endfacet
 facet normal 3.45079e-16 0.413282 -0.910603
  outer loop
   vertex 8.455 3.61966 3.46393
   vertex 8.455 3.62166 3.46484
   vertex 10.855 3.61966 3.46393
  endloop
 endfacet
 facet normal 3.51597e-16 0.37307 -0.927803
  outer loop
   vertex 8.455 3.61966 3.46393
   vertex 10.855 3.61966 3.46393
   vertex 10.855 3.61764 3.46312
  endloop
 endfacet
 facet normal 1.0511e-16 0.37307 -0.927803
  outer loop
   vertex 8.455 3.61764 3.46312
   vertex 8.455 3.61966 3.46393
   vertex 10.855 3.61764 3.46312
  endloop
 endfacet
 facet normal 1.1563e-16 0.332757 -0.943013
  outer loop
   vertex 8.455 3.61764 3.46312
   vertex 10.855 3.61764 3.46312
   vertex 10.855 3.61563 3.4624
  endloop
 endfacet
 facet normal 3.5736e-16 0.332757 -0.943013
  outer loop
   vertex 8.455 3.61563 3.4624
   vertex 8.455 3.61764 3.46312
   vertex 10.855 3.61563 3.4624
  endloop
 endfacet
 facet normal 3.62392e-16 0.292472 -0.956274
  outer loop
   vertex 8.455 3.61361 3.46179
   vertex 8.455 3.61563 3.4624
   vertex 10.855 3.61563 3.4624
  endloop
 endfacet
 facet normal 2.3661e-16 0.292472 -0.956274
  outer loop
   vertex 8.455 3.61361 3.46179
   vertex 10.855 3.61563 3.4624
   vertex 10.855 3.61361 3.46179
  endloop
 endfacet
 facet normal 2.31152e-16 0.252335 -0.96764
  outer loop
   vertex 8.455 3.61161 3.46127
   vertex 8.455 3.61361 3.46179
   vertex 10.855 3.61361 3.46179
  endloop
 endfacet
 facet normal 0 0.252335 -0.96764
  outer loop
   vertex 8.455 3.61161 3.46127
   vertex 10.855 3.61361 3.46179
   vertex 10.855 3.61161 3.46127
  endloop
 endfacet
 facet normal 0 0.210273 -0.977643
  outer loop
   vertex 8.455 3.60941 3.46079
   vertex 8.455 3.61161 3.46127
   vertex 10.855 3.61161 3.46127
  endloop
 endfacet
 facet normal 2.25084e-16 0.210273 -0.977643
  outer loop
   vertex 8.455 3.60941 3.46079
   vertex 10.855 3.61161 3.46127
   vertex 10.855 3.60941 3.46079
  endloop
 endfacet
 facet normal 2.17992e-16 0.164027 -0.986456
  outer loop
   vertex 8.455 3.60699 3.46039
   vertex 8.455 3.60941 3.46079
   vertex 10.855 3.60941 3.46079
  endloop
 endfacet
 facet normal 3.73824e-16 0.164027 -0.986456
  outer loop
   vertex 8.455 3.60699 3.46039
   vertex 10.855 3.60941 3.46079
   vertex 10.855 3.60699 3.46039
  endloop
 endfacet
 facet normal 3.76397e-16 0.116028 -0.993246
  outer loop
   vertex 8.455 3.60461 3.46011
   vertex 10.855 3.60699 3.46039
   vertex 10.855 3.60461 3.46011
  endloop
 endfacet
 facet normal 3.76393e-16 0.116028 -0.993246
  outer loop
   vertex 8.455 3.60461 3.46011
   vertex 8.455 3.60699 3.46039
   vertex 10.855 3.60699 3.46039
  endloop
 endfacet
 facet normal 3.64999e-16 0.068905 -0.997623
  outer loop
   vertex 8.455 3.60228 3.45995
   vertex 10.855 3.60461 3.46011
   vertex 10.855 3.60228 3.45995
  endloop
 endfacet
 facet normal 3.78059e-16 0.068905 -0.997623
  outer loop
   vertex 8.455 3.60228 3.45995
   vertex 8.455 3.60461 3.46011
   vertex 10.855 3.60461 3.46011
  endloop
 endfacet
 facet normal 1.89429e-16 0.0227902 -0.99974
  outer loop
   vertex 8.455 3.6 3.4599
   vertex 10.855 3.60228 3.45995
   vertex 10.855 3.6 3.4599
  endloop
 endfacet
 facet normal 3.74539e-16 0.0227902 -0.99974
  outer loop
   vertex 8.455 3.6 3.4599
   vertex 8.455 3.60228 3.45995
   vertex 10.855 3.60228 3.45995
  endloop
 endfacet
 facet normal -1 0 0
  outer loop
   vertex 8.455 3.5636 3.54418
   vertex 8.455 3.56097 3.54115
   vertex 8.455 3.56224 3.54268
  endloop
 endfacet
 facet normal -1 0 -0
  outer loop
   vertex 8.455 3.5682 3.54849
   vertex 8.455 3.56991 3.54983
   vertex 8.455 3.56658 3.54709
  endloop
 endfacet
 facet normal -1 0 -0
  outer loop
   vertex 8.455 3.56658 3.54709
   vertex 8.455 3.56991 3.54983
   vertex 8.455 3.56505 3.54566
  endloop
 endfacet
 facet normal -1 0 -0
  outer loop
   vertex 8.455 3.56991 3.54983
   vertex 8.455 3.57169 3.55111
   vertex 8.455 3.56505 3.54566
  endloop
 endfacet
 facet normal -1 0 0
  outer loop
   vertex 8.455 3.5636 3.54418
   vertex 8.455 3.55866 3.53803
   vertex 8.455 3.56097 3.54115
  endloop
 endfacet
 facet normal -1 0 0
  outer loop
   vertex 8.455 3.56097 3.54115
   vertex 8.455 3.55866 3.53803
   vertex 8.455 3.55977 3.5396
  endloop
 endfacet
 facet normal -1 0 0
  outer loop
   vertex 8.455 3.5636 3.54418
   vertex 8.455 3.55495 3.53159
   vertex 8.455 3.55866 3.53803
  endloop
 endfacet
 facet normal -1 0 0
  outer loop
   vertex 8.455 3.56505 3.54566
   vertex 8.455 3.55495 3.53159
   vertex 8.455 3.5636 3.54418
  endloop
 endfacet
 facet normal -1 0 0
  outer loop
   vertex 8.455 3.55866 3.53803
   vertex 8.455 3.55495 3.53159
   vertex 8.455 3.55764 3.53646
  endloop
 endfacet
 facet normal -1 0 0
  outer loop
   vertex 8.455 3.55764 3.53646
   vertex 8.455 3.55495 3.53159
   vertex 8.455 3.55669 3.53488
  endloop
 endfacet
 facet normal -1 0 0
  outer loop
   vertex 8.455 3.55669 3.53488
   vertex 8.455 3.55495 3.53159
   vertex 8.455 3.5558 3.53327
  endloop
 endfacet
 facet normal -1 0 -0
  outer loop
   vertex 8.455 3.57752 3.55456
   vertex 8.455 3.57961 3.55555
   vertex 8.455 3.5755 3.55349
  endloop
 endfacet
 facet normal -1 0 -0
  outer loop
   vertex 8.455 3.5755 3.55349
   vertex 8.455 3.57961 3.55555
   vertex 8.455 3.57356 3.55234
  endloop
 endfacet
 facet normal -1 0 -0
  outer loop
   vertex 8.455 3.57356 3.55234
   vertex 8.455 3.57961 3.55555
   vertex 8.455 3.57169 3.55111
  endloop
 endfacet
 facet normal -1 0 -0
  outer loop
   vertex 8.455 3.57961 3.55555
   vertex 8.455 3.58177 3.55646
   vertex 8.455 3.57169 3.55111
  endloop
 endfacet
 facet normal -1 0 0
  outer loop
   vertex 8.455 3.55495 3.53159
   vertex 8.455 3.55341 3.52804
   vertex 8.455 3.55415 3.52985
  endloop
 endfacet
 facet normal -1 0 0
  outer loop
   vertex 8.455 3.55341 3.52804
   vertex 8.455 3.5521 3.52423
   vertex 8.455 3.55272 3.52616
  endloop
 endfacet
 facet normal -1 0 -0
  outer loop
   vertex 8.455 3.58625 3.55797
   vertex 8.455 3.58856 3.55857
   vertex 8.455 3.58398 3.55726
  endloop
 endfacet
 facet normal -1 0 0
  outer loop
   vertex 8.455 3.55155 3.52224
   vertex 8.455 3.55068 3.51809
   vertex 8.455 3.55107 3.52019
  endloop
 endfacet
 facet normal -1 0 -0
  outer loop
   vertex 8.455 3.59091 3.55907
   vertex 8.455 3.5933 3.55945
   vertex 8.455 3.58856 3.55857
  endloop
 endfacet
 facet normal -1 0 -0
  outer loop
   vertex 8.455 3.58856 3.55857
   vertex 8.455 3.5933 3.55945
   vertex 8.455 3.58398 3.55726
  endloop
 endfacet
 facet normal -1 0 0
  outer loop
   vertex 8.455 3.5521 3.52423
   vertex 8.455 3.55037 3.51594
   vertex 8.455 3.55155 3.52224
  endloop
 endfacet
 facet normal -1 0 0
  outer loop
   vertex 8.455 3.55155 3.52224
   vertex 8.455 3.55037 3.51594
   vertex 8.455 3.55068 3.51809
  endloop
 endfacet
 facet normal -1 0 0
  outer loop
   vertex 8.455 3.55495 3.53159
   vertex 8.455 3.55037 3.51594
   vertex 8.455 3.55341 3.52804
  endloop
 endfacet
 facet normal -1 0 0
  outer loop
   vertex 8.455 3.55341 3.52804
   vertex 8.455 3.55037 3.51594
   vertex 8.455 3.5521 3.52423
  endloop
 endfacet
 facet normal -1 0 0
  outer loop
   vertex 8.455 3.55037 3.51594
   vertex 8.455 3.55003 3.51153
   vertex 8.455 3.55015 3.51375
  endloop
 endfacet
 facet normal -1 3.41993e-13 3.08229e-11
  outer loop
   vertex 8.455 3.60056 3.5599
   vertex 8.455 3.60298 3.55981
   vertex 8.455 3.59813 3.55986
  endloop
 endfacet
 facet normal -1 0 -0
  outer loop
   vertex 8.455 3.59813 3.55986
   vertex 8.455 3.60298 3.55981
   vertex 8.455 3.5957 3.55972
  endloop
 endfacet
 facet normal -1 0 -0
  outer loop
   vertex 8.455 3.5957 3.55972
   vertex 8.455 3.60298 3.55981
   vertex 8.455 3.5933 3.55945
  endloop
 endfacet
 facet normal -1 -3.43158e-11 -2.01728e-12
  outer loop
   vertex 8.455 3.55 3.50926
   vertex 8.455 3.55027 3.50467
   vertex 8.455 3.55009 3.50698
  endloop
 endfacet
 facet normal -1 0 0
  outer loop
   vertex 8.455 3.55 3.50926
   vertex 8.455 3.55057 3.50236
   vertex 8.455 3.55027 3.50467
  endloop
 endfacet
 facet normal -1 -0 -0
  outer loop
   vertex 8.455 3.6054 3.55961
   vertex 8.455 3.6078 3.55929
   vertex 8.455 3.60298 3.55981
  endloop
 endfacet
 facet normal -1 0 -0
  outer loop
   vertex 8.455 3.55037 3.51594
   vertex 8.455 3.55098 3.50004
   vertex 8.455 3.55003 3.51153
  endloop
 endfacet
 facet normal -1 0 -0
  outer loop
   vertex 8.455 3.55003 3.51153
   vertex 8.455 3.55098 3.50004
   vertex 8.455 3.55 3.50926
  endloop
 endfacet
 facet normal -1 0 0
  outer loop
   vertex 8.455 3.55 3.50926
   vertex 8.455 3.55098 3.50004
   vertex 8.455 3.55057 3.50236
  endloop
 endfacet
 facet normal -1 0 -0
  outer loop
   vertex 8.455 3.60298 3.55981
   vertex 8.455 3.6125 3.55831
   vertex 8.455 3.5933 3.55945
  endloop
 endfacet
 facet normal -1 -0 -0
  outer loop
   vertex 8.455 3.6078 3.55929
   vertex 8.455 3.6125 3.55831
   vertex 8.455 3.60298 3.55981
  endloop
 endfacet
 facet normal -1 -0 -0
  outer loop
   vertex 8.455 3.61017 3.55886
   vertex 8.455 3.6125 3.55831
   vertex 8.455 3.6078 3.55929
  endloop
 endfacet
 facet normal -1 0 0
  outer loop
   vertex 8.455 3.55098 3.50004
   vertex 8.455 3.55214 3.49542
   vertex 8.455 3.55151 3.49772
  endloop
 endfacet
 facet normal -1 -0 -0
  outer loop
   vertex 8.455 3.6148 3.55766
   vertex 8.455 3.61704 3.55691
   vertex 8.455 3.6125 3.55831
  endloop
 endfacet
 facet normal -1 -0 -0
  outer loop
   vertex 8.455 3.61704 3.55691
   vertex 8.455 3.61923 3.55606
   vertex 8.455 3.6125 3.55831
  endloop
 endfacet
 facet normal -1 -0 -0
  outer loop
   vertex 8.455 3.6125 3.55831
   vertex 8.455 3.62341 3.55408
   vertex 8.455 3.5933 3.55945
  endloop
 endfacet
 facet normal -1 -0 -0
  outer loop
   vertex 8.455 3.61923 3.55606
   vertex 8.455 3.62341 3.55408
   vertex 8.455 3.6125 3.55831
  endloop
 endfacet
 facet normal -1 -0 -0
  outer loop
   vertex 8.455 3.62135 3.55511
   vertex 8.455 3.62341 3.55408
   vertex 8.455 3.61923 3.55606
  endloop
 endfacet
 facet normal -1 0 0
  outer loop
   vertex 8.455 3.55376 3.49088
   vertex 8.455 3.55582 3.48649
   vertex 8.455 3.55474 3.48866
  endloop
 endfacet
 facet normal -1 -1.47889e-12 -4.86731e-13
  outer loop
   vertex 8.455 3.55214 3.49542
   vertex 8.455 3.55701 3.48437
   vertex 8.455 3.5529 3.49313
  endloop
 endfacet
 facet normal -1 -2.41227e-12 -9.24947e-13
  outer loop
   vertex 8.455 3.5529 3.49313
   vertex 8.455 3.55701 3.48437
   vertex 8.455 3.55376 3.49088
  endloop
 endfacet
 facet normal -1 -9.31804e-12 -4.37307e-12
  outer loop
   vertex 8.455 3.55376 3.49088
   vertex 8.455 3.55701 3.48437
   vertex 8.455 3.55582 3.48649
  endloop
 endfacet
 facet normal -1 0 0
  outer loop
   vertex 8.455 3.55037 3.51594
   vertex 8.455 3.5583 3.48231
   vertex 8.455 3.55098 3.50004
  endloop
 endfacet
 facet normal -1 0 0
  outer loop
   vertex 8.455 3.55098 3.50004
   vertex 8.455 3.5583 3.48231
   vertex 8.455 3.55214 3.49542
  endloop
 endfacet
 facet normal -1 5.61603e-12 2.63839e-12
  outer loop
   vertex 8.455 3.55214 3.49542
   vertex 8.455 3.5583 3.48231
   vertex 8.455 3.55701 3.48437
  endloop
 endfacet
 facet normal -1 0 0
  outer loop
   vertex 8.455 3.57169 3.55111
   vertex 8.455 3.5583 3.48231
   vertex 8.455 3.56505 3.54566
  endloop
 endfacet
 facet normal -1 0 0
  outer loop
   vertex 8.455 3.56505 3.54566
   vertex 8.455 3.5583 3.48231
   vertex 8.455 3.55495 3.53159
  endloop
 endfacet
 facet normal -1 0 0
  outer loop
   vertex 8.455 3.58177 3.55646
   vertex 8.455 3.5583 3.48231
   vertex 8.455 3.57169 3.55111
  endloop
 endfacet
 facet normal -1 0 -0
  outer loop
   vertex 8.455 3.55495 3.53159
   vertex 8.455 3.5583 3.48231
   vertex 8.455 3.55037 3.51594
  endloop
 endfacet
 facet normal -1 -0 -0
  outer loop
   vertex 8.455 3.6273 3.55179
   vertex 8.455 3.62913 3.55053
   vertex 8.455 3.62539 3.55297
  endloop
 endfacet
 facet normal -1 -0 -0
  outer loop
   vertex 8.455 3.62539 3.55297
   vertex 8.455 3.62913 3.55053
   vertex 8.455 3.62341 3.55408
  endloop
 endfacet
 facet normal -1 -0 -0
  outer loop
   vertex 8.455 3.63088 3.54922
   vertex 8.455 3.63255 3.54786
   vertex 8.455 3.62913 3.55053
  endloop
 endfacet
 facet normal -1 -0 -0
  outer loop
   vertex 8.455 3.62913 3.55053
   vertex 8.455 3.63255 3.54786
   vertex 8.455 3.62341 3.55408
  endloop
 endfacet
 facet normal -1 0 0
  outer loop
   vertex 8.455 3.55969 3.48032
   vertex 8.455 3.56273 3.47657
   vertex 8.455 3.56116 3.47841
  endloop
 endfacet
 facet normal -1 0 0
  outer loop
   vertex 8.455 3.5583 3.48231
   vertex 8.455 3.56608 3.47317
   vertex 8.455 3.55969 3.48032
  endloop
 endfacet
 facet normal -1 0 0
  outer loop
   vertex 8.455 3.56273 3.47657
   vertex 8.455 3.56608 3.47317
   vertex 8.455 3.56437 3.47482
  endloop
 endfacet
 facet normal -1 0 0
  outer loop
   vertex 8.455 3.55969 3.48032
   vertex 8.455 3.56608 3.47317
   vertex 8.455 3.56273 3.47657
  endloop
 endfacet
 facet normal -1 0 0
  outer loop
   vertex 8.455 3.58177 3.55646
   vertex 8.455 3.56608 3.47317
   vertex 8.455 3.5583 3.48231
  endloop
 endfacet
 facet normal -1 0 0
  outer loop
   vertex 8.455 3.58398 3.55726
   vertex 8.455 3.56608 3.47317
   vertex 8.455 3.58177 3.55646
  endloop
 endfacet
 facet normal -1 -0 -0
  outer loop
   vertex 8.455 3.63562 3.54499
   vertex 8.455 3.63703 3.5435
   vertex 8.455 3.63413 3.54644
  endloop
 endfacet
 facet normal -1 -0 -0
  outer loop
   vertex 8.455 3.63413 3.54644
   vertex 8.455 3.63835 3.54198
   vertex 8.455 3.63255 3.54786
  endloop
 endfacet
 facet normal -1 -0 -0
  outer loop
   vertex 8.455 3.63703 3.5435
   vertex 8.455 3.63835 3.54198
   vertex 8.455 3.63413 3.54644
  endloop
 endfacet
 facet normal -1 -0 -0
  outer loop
   vertex 8.455 3.63959 3.54044
   vertex 8.455 3.64074 3.53888
   vertex 8.455 3.63835 3.54198
  endloop
 endfacet
 facet normal -1 3.66088e-12 4.15765e-12
  outer loop
   vertex 8.455 3.56608 3.47317
   vertex 8.455 3.57157 3.46877
   vertex 8.455 3.56785 3.4716
  endloop
 endfacet
 facet normal -1 1.04694e-11 1.30847e-11
  outer loop
   vertex 8.455 3.56785 3.4716
   vertex 8.455 3.57157 3.46877
   vertex 8.455 3.56969 3.47014
  endloop
 endfacet
 facet normal -1 8.83041e-12 1.48626e-11
  outer loop
   vertex 8.455 3.57157 3.46877
   vertex 8.455 3.57545 3.46634
   vertex 8.455 3.57349 3.46751
  endloop
 endfacet
 facet normal -1 0 0
  outer loop
   vertex 8.455 3.58398 3.55726
   vertex 8.455 3.57545 3.46634
   vertex 8.455 3.56608 3.47317
  endloop
 endfacet
 facet normal -1 -3.32976e-12 -4.57185e-12
  outer loop
   vertex 8.455 3.56608 3.47317
   vertex 8.455 3.57545 3.46634
   vertex 8.455 3.57157 3.46877
  endloop
 endfacet
 facet normal -1 -2.27532e-11 -1.43183e-11
  outer loop
   vertex 8.455 3.64281 3.53574
   vertex 8.455 3.64372 3.53415
   vertex 8.455 3.64182 3.53731
  endloop
 endfacet
 facet normal -1 -7.27328e-12 -4.96843e-12
  outer loop
   vertex 8.455 3.64182 3.53731
   vertex 8.455 3.64372 3.53415
   vertex 8.455 3.64074 3.53888
  endloop
 endfacet
 facet normal -1 -2.3444e-11 -1.13317e-11
  outer loop
   vertex 8.455 3.6446 3.53251
   vertex 8.455 3.64542 3.5308
   vertex 8.455 3.64372 3.53415
  endloop
 endfacet
 facet normal -1 -0 -0
  outer loop
   vertex 8.455 3.63255 3.54786
   vertex 8.455 3.64542 3.5308
   vertex 8.455 3.62341 3.55408
  endloop
 endfacet
 facet normal -1 7.49443e-12 4.33874e-12
  outer loop
   vertex 8.455 3.64372 3.53415
   vertex 8.455 3.64542 3.5308
   vertex 8.455 3.64074 3.53888
  endloop
 endfacet
 facet normal -1 -0 -0
  outer loop
   vertex 8.455 3.63835 3.54198
   vertex 8.455 3.64542 3.5308
   vertex 8.455 3.63255 3.54786
  endloop
 endfacet
 facet normal -1 -0 -0
  outer loop
   vertex 8.455 3.64074 3.53888
   vertex 8.455 3.64542 3.5308
   vertex 8.455 3.63835 3.54198
  endloop
 endfacet
 facet normal -1 0 0
  outer loop
   vertex 8.455 3.58398 3.55726
   vertex 8.455 3.58144 3.46347
   vertex 8.455 3.57545 3.46634
  endloop
 endfacet
 facet normal -1 0 0
  outer loop
   vertex 8.455 3.57545 3.46634
   vertex 8.455 3.58144 3.46347
   vertex 8.455 3.57743 3.46529
  endloop
 endfacet
 facet normal -1 0 0
  outer loop
   vertex 8.455 3.57743 3.46529
   vertex 8.455 3.58144 3.46347
   vertex 8.455 3.57943 3.46433
  endloop
 endfacet
 facet normal -1 -0 -0
  outer loop
   vertex 8.455 3.6462 3.52903
   vertex 8.455 3.64692 3.52719
   vertex 8.455 3.64542 3.5308
  endloop
 endfacet
 facet normal -1 -0 -0
  outer loop
   vertex 8.455 3.64692 3.52719
   vertex 8.455 3.64816 3.52333
   vertex 8.455 3.64542 3.5308
  endloop
 endfacet
 facet normal -1 -0 -0
  outer loop
   vertex 8.455 3.64757 3.52529
   vertex 8.455 3.64816 3.52333
   vertex 8.455 3.64692 3.52719
  endloop
 endfacet
 facet normal -1 0 -0
  outer loop
   vertex 8.455 3.58398 3.55726
   vertex 8.455 3.58747 3.46149
   vertex 8.455 3.58144 3.46347
  endloop
 endfacet
 facet normal -1 0 0
  outer loop
   vertex 8.455 3.58144 3.46347
   vertex 8.455 3.58747 3.46149
   vertex 8.455 3.58345 3.46272
  endloop
 endfacet
 facet normal -1 0 0
  outer loop
   vertex 8.455 3.58345 3.46272
   vertex 8.455 3.58747 3.46149
   vertex 8.455 3.58547 3.46206
  endloop
 endfacet
 facet normal -1 -0 -0
  outer loop
   vertex 8.455 3.64816 3.52333
   vertex 8.455 3.64912 3.51924
   vertex 8.455 3.64542 3.5308
  endloop
 endfacet
 facet normal -1 -0 -0
  outer loop
   vertex 8.455 3.64868 3.52131
   vertex 8.455 3.64912 3.51924
   vertex 8.455 3.64816 3.52333
  endloop
 endfacet
 facet normal -1 0 0
  outer loop
   vertex 8.455 3.58747 3.46149
   vertex 8.455 3.59144 3.46064
   vertex 8.455 3.58947 3.46102
  endloop
 endfacet
 facet normal -1 -0 -0
  outer loop
   vertex 8.455 3.64992 3.51274
   vertex 8.455 3.65 3.5105
   vertex 8.455 3.64974 3.51495
  endloop
 endfacet
 facet normal -1 -0 -0
  outer loop
   vertex 8.455 3.64974 3.51495
   vertex 8.455 3.65 3.5105
   vertex 8.455 3.64948 3.51712
  endloop
 endfacet
 facet normal -1 -0 -0
  outer loop
   vertex 8.455 3.64948 3.51712
   vertex 8.455 3.65 3.5105
   vertex 8.455 3.64912 3.51924
  endloop
 endfacet
 facet normal -1 0 0
  outer loop
   vertex 8.455 3.59721 3.45998
   vertex 8.455 3.6 3.4599
   vertex 8.455 3.59862 3.45992
  endloop
 endfacet
 facet normal -1 0 -0
  outer loop
   vertex 8.455 3.5933 3.55945
   vertex 8.455 3.60228 3.45995
   vertex 8.455 3.58398 3.55726
  endloop
 endfacet
 facet normal -1 0 0
  outer loop
   vertex 8.455 3.58398 3.55726
   vertex 8.455 3.60228 3.45995
   vertex 8.455 3.58747 3.46149
  endloop
 endfacet
 facet normal -1 0 0
  outer loop
   vertex 8.455 3.59144 3.46064
   vertex 8.455 3.60228 3.45995
   vertex 8.455 3.59339 3.46034
  endloop
 endfacet
 facet normal -1 0 0
  outer loop
   vertex 8.455 3.59339 3.46034
   vertex 8.455 3.60228 3.45995
   vertex 8.455 3.59532 3.46012
  endloop
 endfacet
 facet normal -1 0 0
  outer loop
   vertex 8.455 3.59532 3.46012
   vertex 8.455 3.60228 3.45995
   vertex 8.455 3.59721 3.45998
  endloop
 endfacet
 facet normal -1 0 0
  outer loop
   vertex 8.455 3.58747 3.46149
   vertex 8.455 3.60228 3.45995
   vertex 8.455 3.59144 3.46064
  endloop
 endfacet
 facet normal -1 0 0
  outer loop
   vertex 8.455 3.59721 3.45998
   vertex 8.455 3.60228 3.45995
   vertex 8.455 3.6 3.4599
  endloop
 endfacet
 facet normal -1 -0 0
  outer loop
   vertex 8.455 3.62341 3.55408
   vertex 8.455 3.60461 3.46011
   vertex 8.455 3.5933 3.55945
  endloop
 endfacet
 facet normal -1 0 0
  outer loop
   vertex 8.455 3.5933 3.55945
   vertex 8.455 3.60461 3.46011
   vertex 8.455 3.60228 3.45995
  endloop
 endfacet
 facet normal -1 -0 0
  outer loop
   vertex 8.455 3.64984 3.50593
   vertex 8.455 3.6496 3.50362
   vertex 8.455 3.64997 3.50822
  endloop
 endfacet
 facet normal -1 -0 0
  outer loop
   vertex 8.455 3.64997 3.50822
   vertex 8.455 3.6496 3.50362
   vertex 8.455 3.65 3.5105
  endloop
 endfacet
 facet normal -1 -0 0
  outer loop
   vertex 8.455 3.65 3.5105
   vertex 8.455 3.6496 3.50362
   vertex 8.455 3.64912 3.51924
  endloop
 endfacet
 facet normal -1 0 0
  outer loop
   vertex 8.455 3.60461 3.46011
   vertex 8.455 3.60941 3.46079
   vertex 8.455 3.60699 3.46039
  endloop
 endfacet
 facet normal -1 0 0
  outer loop
   vertex 8.455 3.60461 3.46011
   vertex 8.455 3.61161 3.46127
   vertex 8.455 3.60941 3.46079
  endloop
 endfacet
 facet normal -1 0 0
  outer loop
   vertex 8.455 3.62341 3.55408
   vertex 8.455 3.61161 3.46127
   vertex 8.455 3.60461 3.46011
  endloop
 endfacet
 facet normal -1 -0 0
  outer loop
   vertex 8.455 3.64879 3.49898
   vertex 8.455 3.64822 3.49666
   vertex 8.455 3.64925 3.5013
  endloop
 endfacet
 facet normal -1 -0 0
  outer loop
   vertex 8.455 3.64925 3.5013
   vertex 8.455 3.64822 3.49666
   vertex 8.455 3.6496 3.50362
  endloop
 endfacet
 facet normal -1 0 0
  outer loop
   vertex 8.455 3.61161 3.46127
   vertex 8.455 3.61563 3.4624
   vertex 8.455 3.61361 3.46179
  endloop
 endfacet
 facet normal -1 0 0
  outer loop
   vertex 8.455 3.62341 3.55408
   vertex 8.455 3.61764 3.46312
   vertex 8.455 3.61161 3.46127
  endloop
 endfacet
 facet normal -1 0 0
  outer loop
   vertex 8.455 3.61161 3.46127
   vertex 8.455 3.61764 3.46312
   vertex 8.455 3.61563 3.4624
  endloop
 endfacet
 facet normal -1 -0 0
  outer loop
   vertex 8.455 3.64753 3.49437
   vertex 8.455 3.64672 3.4921
   vertex 8.455 3.64822 3.49666
  endloop
 endfacet
 facet normal -1 -0 0
  outer loop
   vertex 8.455 3.64581 3.48986
   vertex 8.455 3.64478 3.48766
   vertex 8.455 3.64672 3.4921
  endloop
 endfacet
 facet normal -1 -0 0
  outer loop
   vertex 8.455 3.64672 3.4921
   vertex 8.455 3.64478 3.48766
   vertex 8.455 3.64822 3.49666
  endloop
 endfacet
 facet normal -1 0 0
  outer loop
   vertex 8.455 3.62166 3.46484
   vertex 8.455 3.62562 3.46696
   vertex 8.455 3.62365 3.46585
  endloop
 endfacet
 facet normal -1 -2.69106e-11 1.50353e-11
  outer loop
   vertex 8.455 3.64365 3.48551
   vertex 8.455 3.64241 3.48342
   vertex 8.455 3.64478 3.48766
  endloop
 endfacet
 facet normal -1 -0 0
  outer loop
   vertex 8.455 3.64912 3.51924
   vertex 8.455 3.64241 3.48342
   vertex 8.455 3.64542 3.5308
  endloop
 endfacet
 facet normal -1 -0 0
  outer loop
   vertex 8.455 3.6496 3.50362
   vertex 8.455 3.64241 3.48342
   vertex 8.455 3.64912 3.51924
  endloop
 endfacet
 facet normal -1 -0 0
  outer loop
   vertex 8.455 3.64822 3.49666
   vertex 8.455 3.64241 3.48342
   vertex 8.455 3.6496 3.50362
  endloop
 endfacet
 facet normal -1 -0 0
  outer loop
   vertex 8.455 3.64542 3.5308
   vertex 8.455 3.64241 3.48342
   vertex 8.455 3.62341 3.55408
  endloop
 endfacet
 facet normal -1 -0 0
  outer loop
   vertex 8.455 3.64478 3.48766
   vertex 8.455 3.64241 3.48342
   vertex 8.455 3.64822 3.49666
  endloop
 endfacet
 facet normal -1 0 0
  outer loop
   vertex 8.455 3.62166 3.46484
   vertex 8.455 3.62756 3.46818
   vertex 8.455 3.62562 3.46696
  endloop
 endfacet
 facet normal -1 0 0
  outer loop
   vertex 8.455 3.61764 3.46312
   vertex 8.455 3.62946 3.4695
   vertex 8.455 3.61966 3.46393
  endloop
 endfacet
 facet normal -1 0 0
  outer loop
   vertex 8.455 3.61966 3.46393
   vertex 8.455 3.62946 3.4695
   vertex 8.455 3.62166 3.46484
  endloop
 endfacet
 facet normal -1 0 0
  outer loop
   vertex 8.455 3.62166 3.46484
   vertex 8.455 3.62946 3.4695
   vertex 8.455 3.62756 3.46818
  endloop
 endfacet
 facet normal -1 -0 0
  outer loop
   vertex 8.455 3.63965 3.47944
   vertex 8.455 3.63813 3.47756
   vertex 8.455 3.64108 3.48139
  endloop
 endfacet
 facet normal -1 1.48494e-13 3.99379e-14
  outer loop
   vertex 8.455 3.64241 3.48342
   vertex 8.455 3.63312 3.47244
   vertex 8.455 3.62341 3.55408
  endloop
 endfacet
 facet normal -1 1.01978e-12 -1.8876e-12
  outer loop
   vertex 8.455 3.61764 3.46312
   vertex 8.455 3.63312 3.47244
   vertex 8.455 3.62946 3.4695
  endloop
 endfacet
 facet normal -1 9.99601e-12 -1.30561e-11
  outer loop
   vertex 8.455 3.62946 3.4695
   vertex 8.455 3.63312 3.47244
   vertex 8.455 3.63131 3.47092
  endloop
 endfacet
 facet normal -1 -1.22211e-13 7.74777e-15
  outer loop
   vertex 8.455 3.62341 3.55408
   vertex 8.455 3.63312 3.47244
   vertex 8.455 3.61764 3.46312
  endloop
 endfacet
 facet normal -1 -0 0
  outer loop
   vertex 8.455 3.63813 3.47756
   vertex 8.455 3.63653 3.47576
   vertex 8.455 3.64108 3.48139
  endloop
 endfacet
 facet normal -1 4.14245e-12 -3.34106e-12
  outer loop
   vertex 8.455 3.64241 3.48342
   vertex 8.455 3.63486 3.47406
   vertex 8.455 3.63312 3.47244
  endloop
 endfacet
 facet normal -1 -0 0
  outer loop
   vertex 8.455 3.64108 3.48139
   vertex 8.455 3.63486 3.47406
   vertex 8.455 3.64241 3.48342
  endloop
 endfacet
 facet normal -1 -0 0
  outer loop
   vertex 8.455 3.63653 3.47576
   vertex 8.455 3.63486 3.47406
   vertex 8.455 3.64108 3.48139
  endloop
 endfacet
 facet normal 1 0 0
  outer loop
   vertex 10.855 3.56224 3.54268
   vertex 10.855 3.56505 3.54566
   vertex 10.855 3.5636 3.54418
  endloop
 endfacet
 facet normal 1 0 0
  outer loop
   vertex 10.855 3.5682 3.54849
   vertex 10.855 3.56658 3.54709
   vertex 10.855 3.56505 3.54566
  endloop
 endfacet
 facet normal 1 0 0
  outer loop
   vertex 10.855 3.55977 3.5396
   vertex 10.855 3.56505 3.54566
   vertex 10.855 3.56224 3.54268
  endloop
 endfacet
 facet normal 1 0 0
  outer loop
   vertex 10.855 3.55977 3.5396
   vertex 10.855 3.5682 3.54849
   vertex 10.855 3.56505 3.54566
  endloop
 endfacet
 facet normal 1 0 0
  outer loop
   vertex 10.855 3.55977 3.5396
   vertex 10.855 3.56224 3.54268
   vertex 10.855 3.56097 3.54115
  endloop
 endfacet
 facet normal 1 0 0
  outer loop
   vertex 10.855 3.55764 3.53646
   vertex 10.855 3.55977 3.5396
   vertex 10.855 3.55866 3.53803
  endloop
 endfacet
 facet normal 1 2.09621e-11 -3.05389e-11
  outer loop
   vertex 10.855 3.57356 3.55234
   vertex 10.855 3.57169 3.55111
   vertex 10.855 3.56991 3.54983
  endloop
 endfacet
 facet normal 1 -2.52481e-12 3.67831e-12
  outer loop
   vertex 10.855 3.57752 3.55456
   vertex 10.855 3.57356 3.55234
   vertex 10.855 3.56991 3.54983
  endloop
 endfacet
 facet normal 1 -8.91311e-12 1.50525e-11
  outer loop
   vertex 10.855 3.57752 3.55456
   vertex 10.855 3.5755 3.55349
   vertex 10.855 3.57356 3.55234
  endloop
 endfacet
 facet normal 1 0 0
  outer loop
   vertex 10.855 3.55495 3.53159
   vertex 10.855 3.55977 3.5396
   vertex 10.855 3.55764 3.53646
  endloop
 endfacet
 facet normal 1 0 0
  outer loop
   vertex 10.855 3.55495 3.53159
   vertex 10.855 3.55764 3.53646
   vertex 10.855 3.55669 3.53488
  endloop
 endfacet
 facet normal 1 0 0
  outer loop
   vertex 10.855 3.55495 3.53159
   vertex 10.855 3.55669 3.53488
   vertex 10.855 3.5558 3.53327
  endloop
 endfacet
 facet normal 1 0 0
  outer loop
   vertex 10.855 3.55272 3.52616
   vertex 10.855 3.55977 3.5396
   vertex 10.855 3.55495 3.53159
  endloop
 endfacet
 facet normal 1 0 0
  outer loop
   vertex 10.855 3.55272 3.52616
   vertex 10.855 3.55495 3.53159
   vertex 10.855 3.55415 3.52985
  endloop
 endfacet
 facet normal 1 0 0
  outer loop
   vertex 10.855 3.55272 3.52616
   vertex 10.855 3.55415 3.52985
   vertex 10.855 3.55341 3.52804
  endloop
 endfacet
 facet normal 1 5.69047e-12 -1.56018e-11
  outer loop
   vertex 10.855 3.58398 3.55726
   vertex 10.855 3.58177 3.55646
   vertex 10.855 3.57961 3.55555
  endloop
 endfacet
 facet normal 1 -6.47304e-12 1.5473e-11
  outer loop
   vertex 10.855 3.58398 3.55726
   vertex 10.855 3.57961 3.55555
   vertex 10.855 3.57752 3.55456
  endloop
 endfacet
 facet normal 1 0 0
  outer loop
   vertex 10.855 3.55155 3.52224
   vertex 10.855 3.55977 3.5396
   vertex 10.855 3.55272 3.52616
  endloop
 endfacet
 facet normal 1 0 0
  outer loop
   vertex 10.855 3.55155 3.52224
   vertex 10.855 3.55272 3.52616
   vertex 10.855 3.5521 3.52423
  endloop
 endfacet
 facet normal 1 0 0
  outer loop
   vertex 10.855 3.58856 3.55857
   vertex 10.855 3.58625 3.55797
   vertex 10.855 3.58398 3.55726
  endloop
 endfacet
 facet normal 1 0 0
  outer loop
   vertex 10.855 3.58856 3.55857
   vertex 10.855 3.58398 3.55726
   vertex 10.855 3.57752 3.55456
  endloop
 endfacet
 facet normal 1 1.95697e-11 -4.54801e-12
  outer loop
   vertex 10.855 3.55068 3.51809
   vertex 10.855 3.55155 3.52224
   vertex 10.855 3.55107 3.52019
  endloop
 endfacet
 facet normal 1 -1.9445e-11 3.64462e-12
  outer loop
   vertex 10.855 3.55037 3.51594
   vertex 10.855 3.55155 3.52224
   vertex 10.855 3.55068 3.51809
  endloop
 endfacet
 facet normal 1 0 0
  outer loop
   vertex 10.855 3.55015 3.51375
   vertex 10.855 3.55155 3.52224
   vertex 10.855 3.55037 3.51594
  endloop
 endfacet
 facet normal 1 0 0
  outer loop
   vertex 10.855 3.55015 3.51375
   vertex 10.855 3.5682 3.54849
   vertex 10.855 3.55977 3.5396
  endloop
 endfacet
 facet normal 1 1.80924e-12 -9.40421e-13
  outer loop
   vertex 10.855 3.55015 3.51375
   vertex 10.855 3.56991 3.54983
   vertex 10.855 3.5682 3.54849
  endloop
 endfacet
 facet normal 1 0 0
  outer loop
   vertex 10.855 3.55015 3.51375
   vertex 10.855 3.55977 3.5396
   vertex 10.855 3.55155 3.52224
  endloop
 endfacet
 facet normal 1 0 0
  outer loop
   vertex 10.855 3.59813 3.55986
   vertex 10.855 3.5957 3.55972
   vertex 10.855 3.5933 3.55945
  endloop
 endfacet
 facet normal 1 0 0
  outer loop
   vertex 10.855 3.59813 3.55986
   vertex 10.855 3.5933 3.55945
   vertex 10.855 3.59091 3.55907
  endloop
 endfacet
 facet normal 1 0 0
  outer loop
   vertex 10.855 3.55009 3.50698
   vertex 10.855 3.55003 3.51153
   vertex 10.855 3.55 3.50926
  endloop
 endfacet
 facet normal 1 3.41993e-13 3.08229e-11
  outer loop
   vertex 10.855 3.60298 3.55981
   vertex 10.855 3.60056 3.5599
   vertex 10.855 3.59813 3.55986
  endloop
 endfacet
 facet normal 1 0 0
  outer loop
   vertex 10.855 3.55057 3.50236
   vertex 10.855 3.55015 3.51375
   vertex 10.855 3.55003 3.51153
  endloop
 endfacet
 facet normal 1 -3.34831e-11 -3.52733e-12
  outer loop
   vertex 10.855 3.55057 3.50236
   vertex 10.855 3.55009 3.50698
   vertex 10.855 3.55027 3.50467
  endloop
 endfacet
 facet normal 1 8.62192e-14 3.2042e-15
  outer loop
   vertex 10.855 3.55057 3.50236
   vertex 10.855 3.56991 3.54983
   vertex 10.855 3.55015 3.51375
  endloop
 endfacet
 facet normal 1 -3.5161e-13 1.81509e-13
  outer loop
   vertex 10.855 3.55057 3.50236
   vertex 10.855 3.57752 3.55456
   vertex 10.855 3.56991 3.54983
  endloop
 endfacet
 facet normal 1 0 0
  outer loop
   vertex 10.855 3.55057 3.50236
   vertex 10.855 3.58856 3.55857
   vertex 10.855 3.57752 3.55456
  endloop
 endfacet
 facet normal 1 0 0
  outer loop
   vertex 10.855 3.55057 3.50236
   vertex 10.855 3.55003 3.51153
   vertex 10.855 3.55009 3.50698
  endloop
 endfacet
 facet normal 1 0 0
  outer loop
   vertex 10.855 3.6078 3.55929
   vertex 10.855 3.6054 3.55961
   vertex 10.855 3.60298 3.55981
  endloop
 endfacet
 facet normal 1 0 0
  outer loop
   vertex 10.855 3.55151 3.49772
   vertex 10.855 3.55057 3.50236
   vertex 10.855 3.55098 3.50004
  endloop
 endfacet
 facet normal 1 0 0
  outer loop
   vertex 10.855 3.6125 3.55831
   vertex 10.855 3.60298 3.55981
   vertex 10.855 3.59813 3.55986
  endloop
 endfacet
 facet normal 1 0 0
  outer loop
   vertex 10.855 3.6125 3.55831
   vertex 10.855 3.59813 3.55986
   vertex 10.855 3.59091 3.55907
  endloop
 endfacet
 facet normal 1 0 0
  outer loop
   vertex 10.855 3.6125 3.55831
   vertex 10.855 3.6078 3.55929
   vertex 10.855 3.60298 3.55981
  endloop
 endfacet
 facet normal 1 6.39726e-12 3.08197e-11
  outer loop
   vertex 10.855 3.6125 3.55831
   vertex 10.855 3.61017 3.55886
   vertex 10.855 3.6078 3.55929
  endloop
 endfacet
 facet normal 1 0 0
  outer loop
   vertex 10.855 3.6125 3.55831
   vertex 10.855 3.59091 3.55907
   vertex 10.855 3.58856 3.55857
  endloop
 endfacet
 facet normal 1 -3.02896e-11 -9.17235e-12
  outer loop
   vertex 10.855 3.5529 3.49313
   vertex 10.855 3.55151 3.49772
   vertex 10.855 3.55214 3.49542
  endloop
 endfacet
 facet normal 1 0 0
  outer loop
   vertex 10.855 3.61704 3.55691
   vertex 10.855 3.6148 3.55766
   vertex 10.855 3.6125 3.55831
  endloop
 endfacet
 facet normal 1 0 -0
  outer loop
   vertex 10.855 3.55376 3.49088
   vertex 10.855 3.58856 3.55857
   vertex 10.855 3.55057 3.50236
  endloop
 endfacet
 facet normal 1 0 0
  outer loop
   vertex 10.855 3.55376 3.49088
   vertex 10.855 3.55057 3.50236
   vertex 10.855 3.55151 3.49772
  endloop
 endfacet
 facet normal 1 0 0
  outer loop
   vertex 10.855 3.55376 3.49088
   vertex 10.855 3.6125 3.55831
   vertex 10.855 3.58856 3.55857
  endloop
 endfacet
 facet normal 1 0 0
  outer loop
   vertex 10.855 3.55376 3.49088
   vertex 10.855 3.55151 3.49772
   vertex 10.855 3.5529 3.49313
  endloop
 endfacet
 facet normal 1 0 0
  outer loop
   vertex 10.855 3.62341 3.55408
   vertex 10.855 3.62135 3.55511
   vertex 10.855 3.61923 3.55606
  endloop
 endfacet
 facet normal 1 0 0
  outer loop
   vertex 10.855 3.62341 3.55408
   vertex 10.855 3.61923 3.55606
   vertex 10.855 3.61704 3.55691
  endloop
 endfacet
 facet normal 1 0 0
  outer loop
   vertex 10.855 3.62539 3.55297
   vertex 10.855 3.55376 3.49088
   vertex 10.855 3.55474 3.48866
  endloop
 endfacet
 facet normal 1 0 0
  outer loop
   vertex 10.855 3.62539 3.55297
   vertex 10.855 3.6125 3.55831
   vertex 10.855 3.55376 3.49088
  endloop
 endfacet
 facet normal 1 0 0
  outer loop
   vertex 10.855 3.62539 3.55297
   vertex 10.855 3.61704 3.55691
   vertex 10.855 3.6125 3.55831
  endloop
 endfacet
 facet normal 1 0 0
  outer loop
   vertex 10.855 3.62539 3.55297
   vertex 10.855 3.62341 3.55408
   vertex 10.855 3.61704 3.55691
  endloop
 endfacet
 facet normal 1 0 0
  outer loop
   vertex 10.855 3.55701 3.48437
   vertex 10.855 3.55474 3.48866
   vertex 10.855 3.55582 3.48649
  endloop
 endfacet
 facet normal 1 0 0
  outer loop
   vertex 10.855 3.5583 3.48231
   vertex 10.855 3.55474 3.48866
   vertex 10.855 3.55701 3.48437
  endloop
 endfacet
 facet normal 1 -9.68656e-12 -1.56161e-11
  outer loop
   vertex 10.855 3.62913 3.55053
   vertex 10.855 3.6273 3.55179
   vertex 10.855 3.62539 3.55297
  endloop
 endfacet
 facet normal 1 1.28902e-13 -1.41624e-13
  outer loop
   vertex 10.855 3.55969 3.48032
   vertex 10.855 3.62539 3.55297
   vertex 10.855 3.55474 3.48866
  endloop
 endfacet
 facet normal 1 6.74442e-12 3.78684e-12
  outer loop
   vertex 10.855 3.55969 3.48032
   vertex 10.855 3.55474 3.48866
   vertex 10.855 3.5583 3.48231
  endloop
 endfacet
 facet normal 1 -1.21643e-11 -1.48196e-11
  outer loop
   vertex 10.855 3.63255 3.54786
   vertex 10.855 3.63088 3.54922
   vertex 10.855 3.62913 3.55053
  endloop
 endfacet
 facet normal 1 2.42422e-11 1.96549e-11
  outer loop
   vertex 10.855 3.56273 3.47657
   vertex 10.855 3.55969 3.48032
   vertex 10.855 3.56116 3.47841
  endloop
 endfacet
 facet normal 1 1.49791e-11 1.53826e-11
  outer loop
   vertex 10.855 3.63703 3.5435
   vertex 10.855 3.63562 3.54499
   vertex 10.855 3.63413 3.54644
  endloop
 endfacet
 facet normal 1 3.29592e-12 4.13264e-12
  outer loop
   vertex 10.855 3.56785 3.4716
   vertex 10.855 3.56273 3.47657
   vertex 10.855 3.56437 3.47482
  endloop
 endfacet
 facet normal 1 -1.12663e-11 -1.16318e-11
  outer loop
   vertex 10.855 3.56785 3.4716
   vertex 10.855 3.56437 3.47482
   vertex 10.855 3.56608 3.47317
  endloop
 endfacet
 facet normal 1 -3.31201e-12 -2.68529e-12
  outer loop
   vertex 10.855 3.56785 3.4716
   vertex 10.855 3.55969 3.48032
   vertex 10.855 3.56273 3.47657
  endloop
 endfacet
 facet normal 1 -2.39067e-12 -2.67111e-12
  outer loop
   vertex 10.855 3.63835 3.54198
   vertex 10.855 3.63413 3.54644
   vertex 10.855 3.63255 3.54786
  endloop
 endfacet
 facet normal 1 -3.45284e-12 -3.72033e-12
  outer loop
   vertex 10.855 3.63835 3.54198
   vertex 10.855 3.63255 3.54786
   vertex 10.855 3.62913 3.55053
  endloop
 endfacet
 facet normal 1 -2.63492e-11 -2.53543e-11
  outer loop
   vertex 10.855 3.63835 3.54198
   vertex 10.855 3.63703 3.5435
   vertex 10.855 3.63413 3.54644
  endloop
 endfacet
 facet normal 1 4.30945e-12 4.6433e-12
  outer loop
   vertex 10.855 3.63959 3.54044
   vertex 10.855 3.63835 3.54198
   vertex 10.855 3.62913 3.55053
  endloop
 endfacet
 facet normal 1 0 0
  outer loop
   vertex 10.855 3.64281 3.53574
   vertex 10.855 3.64182 3.53731
   vertex 10.855 3.64074 3.53888
  endloop
 endfacet
 facet normal 1 0 0
  outer loop
   vertex 10.855 3.64281 3.53574
   vertex 10.855 3.64074 3.53888
   vertex 10.855 3.63959 3.54044
  endloop
 endfacet
 facet normal 1 -5.12731e-13 -3.50824e-13
  outer loop
   vertex 10.855 3.64281 3.53574
   vertex 10.855 3.63959 3.54044
   vertex 10.855 3.62913 3.55053
  endloop
 endfacet
 facet normal 1 -4.61762e-12 -7.01197e-12
  outer loop
   vertex 10.855 3.57545 3.46634
   vertex 10.855 3.56785 3.4716
   vertex 10.855 3.56969 3.47014
  endloop
 endfacet
 facet normal 1 9.40984e-12 1.42891e-11
  outer loop
   vertex 10.855 3.57545 3.46634
   vertex 10.855 3.56969 3.47014
   vertex 10.855 3.57157 3.46877
  endloop
 endfacet
 facet normal 1 9.60983e-12 1.46087e-11
  outer loop
   vertex 10.855 3.57545 3.46634
   vertex 10.855 3.57157 3.46877
   vertex 10.855 3.57349 3.46751
  endloop
 endfacet
 facet normal 1 1.5057e-12 1.82768e-12
  outer loop
   vertex 10.855 3.57545 3.46634
   vertex 10.855 3.55969 3.48032
   vertex 10.855 3.56785 3.4716
  endloop
 endfacet
 facet normal 1 2.96802e-12 2.86532e-12
  outer loop
   vertex 10.855 3.64372 3.53415
   vertex 10.855 3.64281 3.53574
   vertex 10.855 3.62913 3.55053
  endloop
 endfacet
 facet normal 1 -3.69291e-12 -3.06677e-12
  outer loop
   vertex 10.855 3.6446 3.53251
   vertex 10.855 3.64372 3.53415
   vertex 10.855 3.62913 3.55053
  endloop
 endfacet
 facet normal 1 0 0
  outer loop
   vertex 10.855 3.58144 3.46347
   vertex 10.855 3.57545 3.46634
   vertex 10.855 3.57743 3.46529
  endloop
 endfacet
 facet normal 1 0 0
  outer loop
   vertex 10.855 3.58144 3.46347
   vertex 10.855 3.57743 3.46529
   vertex 10.855 3.57943 3.46433
  endloop
 endfacet
 facet normal 1 0 0
  outer loop
   vertex 10.855 3.64757 3.52529
   vertex 10.855 3.64692 3.52719
   vertex 10.855 3.6462 3.52903
  endloop
 endfacet
 facet normal 1 -1.49039e-11 -5.48604e-12
  outer loop
   vertex 10.855 3.64757 3.52529
   vertex 10.855 3.6462 3.52903
   vertex 10.855 3.64542 3.5308
  endloop
 endfacet
 facet normal 1 7.05701e-12 1.88154e-11
  outer loop
   vertex 10.855 3.58547 3.46206
   vertex 10.855 3.58144 3.46347
   vertex 10.855 3.58345 3.46272
  endloop
 endfacet
 facet normal 1 -6.3648e-12 -1.94149e-11
  outer loop
   vertex 10.855 3.58747 3.46149
   vertex 10.855 3.58144 3.46347
   vertex 10.855 3.58547 3.46206
  endloop
 endfacet
 facet normal 1 -2.45365e-12 -6.27493e-13
  outer loop
   vertex 10.855 3.64912 3.51924
   vertex 10.855 3.64757 3.52529
   vertex 10.855 3.64542 3.5308
  endloop
 endfacet
 facet normal 1 -4.01457e-11 -9.39556e-12
  outer loop
   vertex 10.855 3.64912 3.51924
   vertex 10.855 3.64868 3.52131
   vertex 10.855 3.64816 3.52333
  endloop
 endfacet
 facet normal 1 0 0
  outer loop
   vertex 10.855 3.64912 3.51924
   vertex 10.855 3.64816 3.52333
   vertex 10.855 3.64757 3.52529
  endloop
 endfacet
 facet normal 1 0 0
  outer loop
   vertex 10.855 3.59144 3.46064
   vertex 10.855 3.58747 3.46149
   vertex 10.855 3.58947 3.46102
  endloop
 endfacet
 facet normal 1 -9.02502e-13 -1.31345e-13
  outer loop
   vertex 10.855 3.64974 3.51495
   vertex 10.855 3.64912 3.51924
   vertex 10.855 3.64542 3.5308
  endloop
 endfacet
 facet normal 1 0 0
  outer loop
   vertex 10.855 3.64974 3.51495
   vertex 10.855 3.64948 3.51712
   vertex 10.855 3.64912 3.51924
  endloop
 endfacet
 facet normal 1 0 0
  outer loop
   vertex 10.855 3.59532 3.46012
   vertex 10.855 3.59144 3.46064
   vertex 10.855 3.59339 3.46034
  endloop
 endfacet
 facet normal 1 0 0
  outer loop
   vertex 10.855 3.59532 3.46012
   vertex 10.855 3.58747 3.46149
   vertex 10.855 3.59144 3.46064
  endloop
 endfacet
 facet normal 1 5.6794e-14 1.94168e-13
  outer loop
   vertex 10.855 3.59721 3.45998
   vertex 10.855 3.55969 3.48032
   vertex 10.855 3.57545 3.46634
  endloop
 endfacet
 facet normal 1 0 0
  outer loop
   vertex 10.855 3.59721 3.45998
   vertex 10.855 3.58144 3.46347
   vertex 10.855 3.58747 3.46149
  endloop
 endfacet
 facet normal 1 0 0
  outer loop
   vertex 10.855 3.59721 3.45998
   vertex 10.855 3.57545 3.46634
   vertex 10.855 3.58144 3.46347
  endloop
 endfacet
 facet normal 1 0 0
  outer loop
   vertex 10.855 3.59721 3.45998
   vertex 10.855 3.58747 3.46149
   vertex 10.855 3.59532 3.46012
  endloop
 endfacet
 facet normal 1 -4.16326e-14 1.26168e-14
  outer loop
   vertex 10.855 3.59721 3.45998
   vertex 10.855 3.62539 3.55297
   vertex 10.855 3.55969 3.48032
  endloop
 endfacet
 facet normal 1 4.06167e-13 -1.23089e-13
  outer loop
   vertex 10.855 3.59721 3.45998
   vertex 10.855 3.62913 3.55053
   vertex 10.855 3.62539 3.55297
  endloop
 endfacet
 facet normal 1 3.6503e-11 2.06605e-12
  outer loop
   vertex 10.855 3.65 3.5105
   vertex 10.855 3.64992 3.51274
   vertex 10.855 3.64974 3.51495
  endloop
 endfacet
 facet normal 1 0 0
  outer loop
   vertex 10.855 3.64984 3.50593
   vertex 10.855 3.64997 3.50822
   vertex 10.855 3.65 3.5105
  endloop
 endfacet
 facet normal 1 -1.57596e-12 3.41115e-11
  outer loop
   vertex 10.855 3.60461 3.46011
   vertex 10.855 3.6 3.4599
   vertex 10.855 3.60228 3.45995
  endloop
 endfacet
 facet normal 1 0 0
  outer loop
   vertex 10.855 3.60461 3.46011
   vertex 10.855 3.59721 3.45998
   vertex 10.855 3.59862 3.45992
  endloop
 endfacet
 facet normal 1 0 0
  outer loop
   vertex 10.855 3.60461 3.46011
   vertex 10.855 3.59862 3.45992
   vertex 10.855 3.6 3.4599
  endloop
 endfacet
 facet normal 1 0 0
  outer loop
   vertex 10.855 3.6496 3.50362
   vertex 10.855 3.64984 3.50593
   vertex 10.855 3.65 3.5105
  endloop
 endfacet
 facet normal 1 -1.77574e-12 1.52011e-11
  outer loop
   vertex 10.855 3.60941 3.46079
   vertex 10.855 3.60461 3.46011
   vertex 10.855 3.60699 3.46039
  endloop
 endfacet
 facet normal 1 -5.61351e-14 3.07027e-12
  outer loop
   vertex 10.855 3.60941 3.46079
   vertex 10.855 3.59721 3.45998
   vertex 10.855 3.60461 3.46011
  endloop
 endfacet
 facet normal 1 -7.64074e-14 3.53739e-14
  outer loop
   vertex 10.855 3.61161 3.46127
   vertex 10.855 3.6446 3.53251
   vertex 10.855 3.62913 3.55053
  endloop
 endfacet
 facet normal 1 -1.85755e-15 2.07415e-14
  outer loop
   vertex 10.855 3.61161 3.46127
   vertex 10.855 3.62913 3.55053
   vertex 10.855 3.59721 3.45998
  endloop
 endfacet
 facet normal 1 5.88571e-13 -6.572e-12
  outer loop
   vertex 10.855 3.61161 3.46127
   vertex 10.855 3.59721 3.45998
   vertex 10.855 3.60941 3.46079
  endloop
 endfacet
 facet normal 1 0 0
  outer loop
   vertex 10.855 3.64822 3.49666
   vertex 10.855 3.65 3.5105
   vertex 10.855 3.64974 3.51495
  endloop
 endfacet
 facet normal 1 -3.14978e-11 7.05738e-12
  outer loop
   vertex 10.855 3.64822 3.49666
   vertex 10.855 3.64879 3.49898
   vertex 10.855 3.64925 3.5013
  endloop
 endfacet
 facet normal 1 0 0
  outer loop
   vertex 10.855 3.64822 3.49666
   vertex 10.855 3.64925 3.5013
   vertex 10.855 3.6496 3.50362
  endloop
 endfacet
 facet normal 1 0 0
  outer loop
   vertex 10.855 3.64822 3.49666
   vertex 10.855 3.6496 3.50362
   vertex 10.855 3.65 3.5105
  endloop
 endfacet
 facet normal 1 0 0
  outer loop
   vertex 10.855 3.64753 3.49437
   vertex 10.855 3.64822 3.49666
   vertex 10.855 3.64974 3.51495
  endloop
 endfacet
 facet normal 1 0 0
  outer loop
   vertex 10.855 3.61563 3.4624
   vertex 10.855 3.61161 3.46127
   vertex 10.855 3.61361 3.46179
  endloop
 endfacet
 facet normal 1 1.18737e-12 -4.90665e-13
  outer loop
   vertex 10.855 3.61563 3.4624
   vertex 10.855 3.64542 3.5308
   vertex 10.855 3.6446 3.53251
  endloop
 endfacet
 facet normal 1 0 -0
  outer loop
   vertex 10.855 3.61563 3.4624
   vertex 10.855 3.6446 3.53251
   vertex 10.855 3.61161 3.46127
  endloop
 endfacet
 facet normal 1 -2.6712e-13 4.19109e-14
  outer loop
   vertex 10.855 3.64581 3.48986
   vertex 10.855 3.64974 3.51495
   vertex 10.855 3.64542 3.5308
  endloop
 endfacet
 facet normal 1 0 0
  outer loop
   vertex 10.855 3.64581 3.48986
   vertex 10.855 3.64672 3.4921
   vertex 10.855 3.64753 3.49437
  endloop
 endfacet
 facet normal 1 0 0
  outer loop
   vertex 10.855 3.64581 3.48986
   vertex 10.855 3.64753 3.49437
   vertex 10.855 3.64974 3.51495
  endloop
 endfacet
 facet normal 1 7.27153e-12 -1.805e-11
  outer loop
   vertex 10.855 3.62166 3.46484
   vertex 10.855 3.61563 3.4624
   vertex 10.855 3.61764 3.46312
  endloop
 endfacet
 facet normal 1 -7.91943e-12 1.74492e-11
  outer loop
   vertex 10.855 3.62166 3.46484
   vertex 10.855 3.61764 3.46312
   vertex 10.855 3.61966 3.46393
  endloop
 endfacet
 facet normal 1 -1.36357e-11 7.18942e-12
  outer loop
   vertex 10.855 3.64241 3.48342
   vertex 10.855 3.64365 3.48551
   vertex 10.855 3.64478 3.48766
  endloop
 endfacet
 facet normal 1 -4.66325e-12 2.17641e-12
  outer loop
   vertex 10.855 3.64241 3.48342
   vertex 10.855 3.64478 3.48766
   vertex 10.855 3.64581 3.48986
  endloop
 endfacet
 facet normal 1 -6.09223e-13 3.86866e-14
  outer loop
   vertex 10.855 3.64241 3.48342
   vertex 10.855 3.64581 3.48986
   vertex 10.855 3.64542 3.5308
  endloop
 endfacet
 facet normal 1 7.14659e-14 -4.5382e-15
  outer loop
   vertex 10.855 3.64241 3.48342
   vertex 10.855 3.64542 3.5308
   vertex 10.855 3.61563 3.4624
  endloop
 endfacet
 facet normal 1 -2.67321e-12 5.25713e-12
  outer loop
   vertex 10.855 3.62756 3.46818
   vertex 10.855 3.62166 3.46484
   vertex 10.855 3.62365 3.46585
  endloop
 endfacet
 facet normal 1 -8.60947e-12 1.51995e-11
  outer loop
   vertex 10.855 3.62756 3.46818
   vertex 10.855 3.62365 3.46585
   vertex 10.855 3.62562 3.46696
  endloop
 endfacet
 facet normal 1 3.07753e-12 -4.88224e-12
  outer loop
   vertex 10.855 3.63131 3.47092
   vertex 10.855 3.62166 3.46484
   vertex 10.855 3.62756 3.46818
  endloop
 endfacet
 facet normal 1 -1.02792e-11 1.34261e-11
  outer loop
   vertex 10.855 3.63131 3.47092
   vertex 10.855 3.62756 3.46818
   vertex 10.855 3.62946 3.4695
  endloop
 endfacet
 facet normal 1 0 0
  outer loop
   vertex 10.855 3.63131 3.47092
   vertex 10.855 3.61563 3.4624
   vertex 10.855 3.62166 3.46484
  endloop
 endfacet
 facet normal 1 -1.20791e-11 9.75315e-12
  outer loop
   vertex 10.855 3.63813 3.47756
   vertex 10.855 3.63965 3.47944
   vertex 10.855 3.64108 3.48139
  endloop
 endfacet
 facet normal 1 -2.97913e-13 4.66254e-13
  outer loop
   vertex 10.855 3.63653 3.47576
   vertex 10.855 3.64241 3.48342
   vertex 10.855 3.61563 3.4624
  endloop
 endfacet
 facet normal 1 0 0
  outer loop
   vertex 10.855 3.63653 3.47576
   vertex 10.855 3.61563 3.4624
   vertex 10.855 3.63131 3.47092
  endloop
 endfacet
 facet normal 1 -3.88187e-12 3.45624e-12
  outer loop
   vertex 10.855 3.63653 3.47576
   vertex 10.855 3.63813 3.47756
   vertex 10.855 3.64108 3.48139
  endloop
 endfacet
 facet normal 1 2.17419e-12 -1.43185e-12
  outer loop
   vertex 10.855 3.63653 3.47576
   vertex 10.855 3.64108 3.48139
   vertex 10.855 3.64241 3.48342
  endloop
 endfacet
 facet normal 1 -1.04299e-11 1.23736e-11
  outer loop
   vertex 10.855 3.63486 3.47406
   vertex 10.855 3.63131 3.47092
   vertex 10.855 3.63312 3.47244
  endloop
 endfacet
 facet normal 1 1.09352e-11 -1.17843e-11
  outer loop
   vertex 10.855 3.63486 3.47406
   vertex 10.855 3.63653 3.47576
   vertex 10.855 3.63131 3.47092
  endloop
 endfacet
 facet normal 1.8946e-16 -0.0138339 -0.999904
  outer loop
   vertex 8.455 4.6 3.4599
   vertex 10.855 4.6 3.4599
   vertex 10.855 4.59862 3.45992
  endloop
 endfacet
 facet normal 1.84217e-16 -0.0138339 -0.999904
  outer loop
   vertex 8.455 4.59862 3.45992
   vertex 8.455 4.6 3.4599
   vertex 10.855 4.59862 3.45992
  endloop
 endfacet
 facet normal 3.49591e-16 -0.0746954 -0.997206
  outer loop
   vertex 8.455 4.59721 3.45998
   vertex 10.855 4.59721 3.45998
   vertex 10.855 4.59532 3.46012
  endloop
 endfacet
 facet normal 3.62821e-16 -0.0417083 -0.99913
  outer loop
   vertex 8.455 4.59721 3.45998
   vertex 10.855 4.59862 3.45992
   vertex 10.855 4.59721 3.45998
  endloop
 endfacet
 facet normal 1.73506e-16 -0.0417083 -0.99913
  outer loop
   vertex 8.455 4.59721 3.45998
   vertex 8.455 4.59862 3.45992
   vertex 10.855 4.59862 3.45992
  endloop
 endfacet
 facet normal 3.33753e-16 -0.11289 -0.993608
  outer loop
   vertex 8.455 4.59532 3.46012
   vertex 10.855 4.59532 3.46012
   vertex 10.855 4.59339 3.46034
  endloop
 endfacet
 facet normal 3.49591e-16 -0.0746954 -0.997206
  outer loop
   vertex 8.455 4.59532 3.46012
   vertex 8.455 4.59721 3.45998
   vertex 10.855 4.59532 3.46012
  endloop
 endfacet
 facet normal 5.04384e-16 -0.151666 -0.988432
  outer loop
   vertex 8.455 4.59339 3.46034
   vertex 10.855 4.59339 3.46034
   vertex 10.855 4.59144 3.46064
  endloop
 endfacet
 facet normal 5.2202e-16 -0.11289 -0.993608
  outer loop
   vertex 8.455 4.59339 3.46034
   vertex 8.455 4.59532 3.46012
   vertex 10.855 4.59339 3.46034
  endloop
 endfacet
 facet normal 4.13256e-16 -0.190944 -0.981601
  outer loop
   vertex 8.455 4.59144 3.46064
   vertex 10.855 4.59144 3.46064
   vertex 10.855 4.58947 3.46102
  endloop
 endfacet
 facet normal 4.46909e-16 -0.151666 -0.988432
  outer loop
   vertex 8.455 4.59144 3.46064
   vertex 8.455 4.59339 3.46034
   vertex 10.855 4.59144 3.46064
  endloop
 endfacet
 facet normal 4.85616e-16 -0.190944 -0.981601
  outer loop
   vertex 8.455 4.58947 3.46102
   vertex 8.455 4.59144 3.46064
   vertex 10.855 4.58947 3.46102
  endloop
 endfacet
 facet normal 3.42094e-16 -0.270646 -0.962679
  outer loop
   vertex 8.455 4.58747 3.46149
   vertex 10.855 4.58747 3.46149
   vertex 10.855 4.58547 3.46206
  endloop
 endfacet
 facet normal 3.78306e-16 -0.230637 -0.97304
  outer loop
   vertex 8.455 4.58747 3.46149
   vertex 10.855 4.58947 3.46102
   vertex 10.855 4.58747 3.46149
  endloop
 endfacet
 facet normal 4.65698e-16 -0.230637 -0.97304
  outer loop
   vertex 8.455 4.58747 3.46149
   vertex 8.455 4.58947 3.46102
   vertex 10.855 4.58947 3.46102
  endloop
 endfacet
 facet normal 1.86858e-16 -0.310865 -0.950454
  outer loop
   vertex 8.455 4.58547 3.46206
   vertex 10.855 4.58547 3.46206
   vertex 10.855 4.58345 3.46272
  endloop
 endfacet
 facet normal 2.3953e-16 -0.270646 -0.962679
  outer loop
   vertex 8.455 4.58547 3.46206
   vertex 8.455 4.58747 3.46149
   vertex 10.855 4.58547 3.46206
  endloop
 endfacet
 facet normal 3.99149e-16 -0.351178 -0.936309
  outer loop
   vertex 8.455 4.58345 3.46272
   vertex 10.855 4.58345 3.46272
   vertex 10.855 4.58144 3.46347
  endloop
 endfacet
 facet normal 4.22466e-16 -0.310865 -0.950454
  outer loop
   vertex 8.455 4.58345 3.46272
   vertex 8.455 4.58547 3.46206
   vertex 10.855 4.58345 3.46272
  endloop
 endfacet
 facet normal 2.26377e-16 -0.391461 -0.920195
  outer loop
   vertex 8.455 4.58144 3.46347
   vertex 10.855 4.58144 3.46347
   vertex 10.855 4.57943 3.46433
  endloop
 endfacet
 facet normal 2.66068e-16 -0.351178 -0.936309
  outer loop
   vertex 8.455 4.58144 3.46347
   vertex 8.455 4.58345 3.46272
   vertex 10.855 4.58144 3.46347
  endloop
 endfacet
 facet normal 7.23437e-16 -0.391461 -0.920195
  outer loop
   vertex 8.455 4.57943 3.46433
   vertex 8.455 4.58144 3.46347
   vertex 10.855 4.57943 3.46433
  endloop
 endfacet
 facet normal 3.5659e-16 -0.431583 -0.902073
  outer loop
   vertex 8.455 4.57743 3.46529
   vertex 10.855 4.57943 3.46433
   vertex 10.855 4.57743 3.46529
  endloop
 endfacet
 facet normal 6.91083e-16 -0.431583 -0.902073
  outer loop
   vertex 8.455 4.57743 3.46529
   vertex 8.455 4.57943 3.46433
   vertex 10.855 4.57943 3.46433
  endloop
 endfacet
 facet normal 2.64454e-16 -0.510784 -0.859709
  outer loop
   vertex 8.455 4.57545 3.46634
   vertex 10.855 4.57545 3.46634
   vertex 10.855 4.57349 3.46751
  endloop
 endfacet
 facet normal 3.11131e-16 -0.471406 -0.881916
  outer loop
   vertex 8.455 4.57545 3.46634
   vertex 10.855 4.57743 3.46529
   vertex 10.855 4.57545 3.46634
  endloop
 endfacet
 facet normal 3.11185e-16 -0.471406 -0.881916
  outer loop
   vertex 8.455 4.57545 3.46634
   vertex 8.455 4.57743 3.46529
   vertex 10.855 4.57743 3.46529
  endloop
 endfacet
 facet normal 1.01558e-16 -0.510784 -0.859709
  outer loop
   vertex 8.455 4.57349 3.46751
   vertex 8.455 4.57545 3.46634
   vertex 10.855 4.57349 3.46751
  endloop
 endfacet
 facet normal 5.43895e-16 -0.587612 -0.809143
  outer loop
   vertex 8.455 4.57157 3.46877
   vertex 10.855 4.57157 3.46877
   vertex 10.855 4.56969 3.47014
  endloop
 endfacet
 facet normal 5.83232e-16 -0.54957 -0.835447
  outer loop
   vertex 8.455 4.57157 3.46877
   vertex 10.855 4.57349 3.46751
   vertex 10.855 4.57157 3.46877
  endloop
 endfacet
 facet normal 5.83951e-17 -0.54957 -0.835447
  outer loop
   vertex 8.455 4.57157 3.46877
   vertex 8.455 4.57349 3.46751
   vertex 10.855 4.57349 3.46751
  endloop
 endfacet
 facet normal 1.67901e-16 -0.587612 -0.809143
  outer loop
   vertex 8.455 4.56969 3.47014
   vertex 8.455 4.57157 3.46877
   vertex 10.855 4.56969 3.47014
  endloop
 endfacet
 facet normal 3.55039e-16 -0.624755 -0.780821
  outer loop
   vertex 8.455 4.56785 3.4716
   vertex 10.855 4.56969 3.47014
   vertex 10.855 4.56785 3.4716
  endloop
 endfacet
 facet normal 1.1829e-16 -0.624755 -0.780821
  outer loop
   vertex 8.455 4.56785 3.4716
   vertex 8.455 4.56969 3.47014
   vertex 10.855 4.56969 3.47014
  endloop
 endfacet
 facet normal -1.82465e-16 -0.660846 -0.750522
  outer loop
   vertex 8.455 4.56608 3.47317
   vertex 10.855 4.56785 3.4716
   vertex 10.855 4.56608 3.47317
  endloop
 endfacet
 facet normal 3.18385e-16 -0.660846 -0.750522
  outer loop
   vertex 8.455 4.56608 3.47317
   vertex 8.455 4.56785 3.4716
   vertex 10.855 4.56785 3.4716
  endloop
 endfacet
 facet normal 4.16858e-16 -0.695733 -0.7183
  outer loop
   vertex 8.455 4.56437 3.47482
   vertex 10.855 4.56608 3.47317
   vertex 10.855 4.56437 3.47482
  endloop
 endfacet
 facet normal -2.46526e-16 -0.695733 -0.7183
  outer loop
   vertex 8.455 4.56437 3.47482
   vertex 8.455 4.56608 3.47317
   vertex 10.855 4.56608 3.47317
  endloop
 endfacet
 facet normal 3.72719e-17 -0.761309 -0.648389
  outer loop
   vertex 8.455 4.56273 3.47657
   vertex 10.855 4.56273 3.47657
   vertex 10.855 4.56116 3.47841
  endloop
 endfacet
 facet normal 9.55088e-17 -0.729269 -0.684227
  outer loop
   vertex 8.455 4.56273 3.47657
   vertex 10.855 4.56437 3.47482
   vertex 10.855 4.56273 3.47657
  endloop
 endfacet
 facet normal 3.719e-16 -0.729269 -0.684227
  outer loop
   vertex 8.455 4.56273 3.47657
   vertex 8.455 4.56437 3.47482
   vertex 10.855 4.56437 3.47482
  endloop
 endfacet
 facet normal 3.94468e-16 -0.79172 -0.610885
  outer loop
   vertex 8.455 4.56116 3.47841
   vertex 10.855 4.56116 3.47841
   vertex 10.855 4.55969 3.48032
  endloop
 endfacet
 facet normal 4.4863e-16 -0.761309 -0.648389
  outer loop
   vertex 8.455 4.56116 3.47841
   vertex 8.455 4.56273 3.47657
   vertex 10.855 4.56116 3.47841
  endloop
 endfacet
 facet normal -3.21335e-16 -0.79172 -0.610885
  outer loop
   vertex 8.455 4.55969 3.48032
   vertex 8.455 4.56116 3.47841
   vertex 10.855 4.55969 3.48032
  endloop
 endfacet
 facet normal 1.82355e-16 -0.847156 -0.531344
  outer loop
   vertex 8.455 4.5583 3.48231
   vertex 10.855 4.5583 3.48231
   vertex 10.855 4.55701 3.48437
  endloop
 endfacet
 facet normal 2.30858e-16 -0.820374 -0.571828
  outer loop
   vertex 8.455 4.5583 3.48231
   vertex 10.855 4.55969 3.48032
   vertex 10.855 4.5583 3.48231
  endloop
 endfacet
 facet normal -3.90866e-16 -0.820374 -0.571828
  outer loop
   vertex 8.455 4.5583 3.48231
   vertex 8.455 4.55969 3.48032
   vertex 10.855 4.55969 3.48032
  endloop
 endfacet
 facet normal 2.83034e-16 -0.847156 -0.531344
  outer loop
   vertex 8.455 4.55701 3.48437
   vertex 8.455 4.5583 3.48231
   vertex 10.855 4.55701 3.48437
  endloop
 endfacet
 facet normal 5.56578e-16 -0.871963 -0.489571
  outer loop
   vertex 8.455 4.55582 3.48649
   vertex 10.855 4.55701 3.48437
   vertex 10.855 4.55582 3.48649
  endloop
 endfacet
 facet normal 2.26198e-16 -0.871963 -0.489571
  outer loop
   vertex 8.455 4.55582 3.48649
   vertex 8.455 4.55701 3.48437
   vertex 10.855 4.55701 3.48437
  endloop
 endfacet
 facet normal 5.07788e-16 -0.894706 -0.446655
  outer loop
   vertex 8.455 4.55474 3.48866
   vertex 10.855 4.55582 3.48649
   vertex 10.855 4.55474 3.48866
  endloop
 endfacet
 facet normal 5.07756e-16 -0.894706 -0.446655
  outer loop
   vertex 8.455 4.55474 3.48866
   vertex 8.455 4.55582 3.48649
   vertex 10.855 4.55582 3.48649
  endloop
 endfacet
 facet normal -4.36327e-16 -0.933714 -0.358019
  outer loop
   vertex 8.455 4.55376 3.49088
   vertex 10.855 4.55376 3.49088
   vertex 10.855 4.5529 3.49313
  endloop
 endfacet
 facet normal -3.88474e-16 -0.91531 -0.402751
  outer loop
   vertex 8.455 4.55376 3.49088
   vertex 10.855 4.55474 3.48866
   vertex 10.855 4.55376 3.49088
  endloop
 endfacet
 facet normal 4.57853e-16 -0.91531 -0.402751
  outer loop
   vertex 8.455 4.55376 3.49088
   vertex 8.455 4.55474 3.48866
   vertex 10.855 4.55474 3.48866
  endloop
 endfacet
 facet normal -1.2302e-16 -0.949877 -0.312624
  outer loop
   vertex 8.455 4.5529 3.49313
   vertex 10.855 4.5529 3.49313
   vertex 10.855 4.55214 3.49542
  endloop
 endfacet
 facet normal -8.24898e-17 -0.933714 -0.358019
  outer loop
   vertex 8.455 4.5529 3.49313
   vertex 8.455 4.55376 3.49088
   vertex 10.855 4.5529 3.49313
  endloop
 endfacet
 facet normal -4.54961e-18 -0.949877 -0.312624
  outer loop
   vertex 8.455 4.55214 3.49542
   vertex 8.455 4.5529 3.49313
   vertex 10.855 4.55214 3.49542
  endloop
 endfacet
 facet normal 2.50693e-16 -0.975384 -0.220512
  outer loop
   vertex 8.455 4.55151 3.49772
   vertex 10.855 4.55151 3.49772
   vertex 10.855 4.55098 3.50004
  endloop
 endfacet
 facet normal 3.0324e-16 -0.963771 -0.266732
  outer loop
   vertex 8.455 4.55151 3.49772
   vertex 10.855 4.55214 3.49542
   vertex 10.855 4.55151 3.49772
  endloop
 endfacet
 facet normal -6.1994e-17 -0.963771 -0.266732
  outer loop
   vertex 8.455 4.55151 3.49772
   vertex 8.455 4.55214 3.49542
   vertex 10.855 4.55214 3.49542
  endloop
 endfacet
 facet normal -1.60717e-16 -0.975384 -0.220512
  outer loop
   vertex 8.455 4.55098 3.50004
   vertex 8.455 4.55151 3.49772
   vertex 10.855 4.55098 3.50004
  endloop
 endfacet
 facet normal -1.75207e-16 -0.984723 -0.174127
  outer loop
   vertex 8.455 4.55057 3.50236
   vertex 10.855 4.55098 3.50004
   vertex 10.855 4.55057 3.50236
  endloop
 endfacet
 facet normal -2.08193e-16 -0.984723 -0.174127
  outer loop
   vertex 8.455 4.55057 3.50236
   vertex 8.455 4.55098 3.50004
   vertex 10.855 4.55098 3.50004
  endloop
 endfacet
 facet normal 1.45224e-16 -0.991808 -0.127741
  outer loop
   vertex 8.455 4.55027 3.50467
   vertex 10.855 4.55057 3.50236
   vertex 10.855 4.55027 3.50467
  endloop
 endfacet
 facet normal -2.30636e-16 -0.991808 -0.127741
  outer loop
   vertex 8.455 4.55027 3.50467
   vertex 8.455 4.55057 3.50236
   vertex 10.855 4.55057 3.50236
  endloop
 endfacet
 facet normal -3.15919e-16 -0.996673 -0.081508
  outer loop
   vertex 8.455 4.55009 3.50698
   vertex 10.855 4.55027 3.50467
   vertex 10.855 4.55009 3.50698
  endloop
 endfacet
 facet normal 9.26622e-17 -0.996673 -0.081508
  outer loop
   vertex 8.455 4.55009 3.50698
   vertex 8.455 4.55027 3.50467
   vertex 10.855 4.55027 3.50467
  endloop
 endfacet
 facet normal 4.04491e-17 -0.999367 -0.0355794
  outer loop
   vertex 8.455 4.55 3.50926
   vertex 10.855 4.55009 3.50698
   vertex 10.855 4.55 3.50926
  endloop
 endfacet
 facet normal -3.51749e-16 -0.999367 -0.0355794
  outer loop
   vertex 8.455 4.55 3.50926
   vertex 8.455 4.55009 3.50698
   vertex 10.855 4.55009 3.50698
  endloop
 endfacet
 facet normal -1.12593e-17 -0.999951 0.00990381
  outer loop
   vertex 8.455 4.55003 3.51153
   vertex 10.855 4.55 3.50926
   vertex 10.855 4.55003 3.51153
  endloop
 endfacet
 facet normal -1.126e-17 -0.999951 0.00990381
  outer loop
   vertex 8.455 4.55003 3.51153
   vertex 8.455 4.55 3.50926
   vertex 10.855 4.55 3.50926
  endloop
 endfacet
 facet normal 3.26461e-16 -0.998497 0.0548091
  outer loop
   vertex 8.455 4.55015 3.51375
   vertex 10.855 4.55003 3.51153
   vertex 10.855 4.55015 3.51375
  endloop
 endfacet
 facet normal -6.23101e-17 -0.998497 0.0548091
  outer loop
   vertex 8.455 4.55015 3.51375
   vertex 8.455 4.55003 3.51153
   vertex 10.855 4.55003 3.51153
  endloop
 endfacet
 facet normal -7.5044e-17 -0.995086 0.0990141
  outer loop
   vertex 8.455 4.55037 3.51594
   vertex 10.855 4.55015 3.51375
   vertex 10.855 4.55037 3.51594
  endloop
 endfacet
 facet normal 2.83289e-16 -0.995086 0.0990141
  outer loop
   vertex 8.455 4.55037 3.51594
   vertex 8.455 4.55015 3.51375
   vertex 10.855 4.55015 3.51375
  endloop
 endfacet
 facet normal -5.10009e-16 -0.989808 0.142407
  outer loop
   vertex 8.455 4.55068 3.51809
   vertex 10.855 4.55037 3.51594
   vertex 10.855 4.55068 3.51809
  endloop
 endfacet
 facet normal -1.07946e-16 -0.989808 0.142407
  outer loop
   vertex 8.455 4.55068 3.51809
   vertex 8.455 4.55037 3.51594
   vertex 10.855 4.55037 3.51594
  endloop
 endfacet
 facet normal -1.40129e-16 -0.98276 0.184888
  outer loop
   vertex 8.455 4.55107 3.52019
   vertex 10.855 4.55068 3.51809
   vertex 10.855 4.55107 3.52019
  endloop
 endfacet
 facet normal -5.47581e-16 -0.98276 0.184888
  outer loop
   vertex 8.455 4.55107 3.52019
   vertex 8.455 4.55068 3.51809
   vertex 10.855 4.55068 3.51809
  endloop
 endfacet
 facet normal -1.71567e-16 -0.974042 0.226368
  outer loop
   vertex 8.455 4.55155 3.52224
   vertex 10.855 4.55107 3.52019
   vertex 10.855 4.55155 3.52224
  endloop
 endfacet
 facet normal -1.71559e-16 -0.974042 0.226368
  outer loop
   vertex 8.455 4.55155 3.52224
   vertex 8.455 4.55107 3.52019
   vertex 10.855 4.55107 3.52019
  endloop
 endfacet
 facet normal 1.12488e-16 -0.96376 0.266769
  outer loop
   vertex 8.455 4.5521 3.52423
   vertex 10.855 4.55155 3.52224
   vertex 10.855 4.5521 3.52423
  endloop
 endfacet
 facet normal -2.02203e-16 -0.96376 0.266769
  outer loop
   vertex 8.455 4.5521 3.52423
   vertex 8.455 4.55155 3.52224
   vertex 10.855 4.55155 3.52224
  endloop
 endfacet
 facet normal 1.28834e-16 -0.952023 0.306026
  outer loop
   vertex 8.455 4.55272 3.52616
   vertex 10.855 4.5521 3.52423
   vertex 10.855 4.55272 3.52616
  endloop
 endfacet
 facet normal 7.085e-17 -0.952023 0.306026
  outer loop
   vertex 8.455 4.55272 3.52616
   vertex 8.455 4.5521 3.52423
   vertex 10.855 4.5521 3.52423
  endloop
 endfacet
 facet normal 6.17052e-17 -0.924619 0.380895
  outer loop
   vertex 8.455 4.55341 3.52804
   vertex 10.855 4.55341 3.52804
   vertex 10.855 4.55415 3.52985
  endloop
 endfacet
 facet normal 9.50327e-17 -0.93894 0.344082
  outer loop
   vertex 8.455 4.55341 3.52804
   vertex 10.855 4.55272 3.52616
   vertex 10.855 4.55341 3.52804
  endloop
 endfacet
 facet normal 9.50384e-17 -0.93894 0.344082
  outer loop
   vertex 8.455 4.55341 3.52804
   vertex 8.455 4.55272 3.52616
   vertex 10.855 4.55272 3.52616
  endloop
 endfacet
 facet normal 1.07823e-16 -0.909169 0.416428
  outer loop
   vertex 8.455 4.55415 3.52985
   vertex 10.855 4.55415 3.52985
   vertex 10.855 4.55495 3.53159
  endloop
 endfacet
 facet normal 1.33876e-16 -0.924619 0.380895
  outer loop
   vertex 8.455 4.55415 3.52985
   vertex 8.455 4.55341 3.52804
   vertex 10.855 4.55415 3.52985
  endloop
 endfacet
 facet normal -3.26703e-18 -0.892696 0.450659
  outer loop
   vertex 8.455 4.55495 3.53159
   vertex 10.855 4.55495 3.53159
   vertex 10.855 4.5558 3.53327
  endloop
 endfacet
 facet normal 2.89189e-17 -0.909169 0.416428
  outer loop
   vertex 8.455 4.55495 3.53159
   vertex 8.455 4.55415 3.52985
   vertex 10.855 4.55495 3.53159
  endloop
 endfacet
 facet normal -1.26427e-16 -0.875306 0.48357
  outer loop
   vertex 8.455 4.5558 3.53327
   vertex 10.855 4.5558 3.53327
   vertex 10.855 4.55669 3.53488
  endloop
 endfacet
 facet normal -8.8657e-17 -0.892696 0.450659
  outer loop
   vertex 8.455 4.5558 3.53327
   vertex 8.455 4.55495 3.53159
   vertex 10.855 4.5558 3.53327
  endloop
 endfacet
 facet normal -3.90685e-16 -0.856904 0.515475
  outer loop
   vertex 8.455 4.55669 3.53488
   vertex 10.855 4.55669 3.53488
   vertex 10.855 4.55764 3.53646
  endloop
 endfacet
 facet normal -3.66504e-16 -0.875306 0.48357
  outer loop
   vertex 8.455 4.55669 3.53488
   vertex 8.455 4.5558 3.53327
   vertex 10.855 4.55669 3.53488
  endloop
 endfacet
 facet normal 3.17153e-17 -0.856904 0.515475
  outer loop
   vertex 8.455 4.55764 3.53646
   vertex 8.455 4.55669 3.53488
   vertex 10.855 4.55764 3.53646
  endloop
 endfacet
 facet normal 2.8951e-16 -0.815768 0.578379
  outer loop
   vertex 8.455 4.55866 3.53803
   vertex 10.855 4.55866 3.53803
   vertex 10.855 4.55977 3.5396
  endloop
 endfacet
 facet normal 3.23546e-16 -0.837136 0.546994
  outer loop
   vertex 8.455 4.55866 3.53803
   vertex 10.855 4.55764 3.53646
   vertex 10.855 4.55866 3.53803
  endloop
 endfacet
 facet normal 6.3012e-18 -0.837136 0.546994
  outer loop
   vertex 8.455 4.55866 3.53803
   vertex 8.455 4.55764 3.53646
   vertex 10.855 4.55764 3.53646
  endloop
 endfacet
 facet normal -4.6058e-17 -0.792761 0.609533
  outer loop
   vertex 8.455 4.55977 3.5396
   vertex 10.855 4.55977 3.5396
   vertex 10.855 4.56097 3.54115
  endloop
 endfacet
 facet normal -1.96303e-17 -0.815768 0.578379
  outer loop
   vertex 8.455 4.55977 3.5396
   vertex 8.455 4.55866 3.53803
   vertex 10.855 4.55977 3.5396
  endloop
 endfacet
 facet normal -4.6058e-17 -0.792761 0.609533
  outer loop
   vertex 8.455 4.56097 3.54115
   vertex 8.455 4.55977 3.5396
   vertex 10.855 4.56097 3.54115
  endloop
 endfacet
 facet normal -7.29281e-17 -0.768082 0.640351
  outer loop
   vertex 8.455 4.56224 3.54268
   vertex 10.855 4.56097 3.54115
   vertex 10.855 4.56224 3.54268
  endloop
 endfacet
 facet normal -7.29364e-17 -0.768082 0.640351
  outer loop
   vertex 8.455 4.56224 3.54268
   vertex 8.455 4.56097 3.54115
   vertex 10.855 4.56097 3.54115
  endloop
 endfacet
 facet normal -3.98206e-16 -0.713622 0.700531
  outer loop
   vertex 8.455 4.5636 3.54418
   vertex 10.855 4.5636 3.54418
   vertex 10.855 4.56505 3.54566
  endloop
 endfacet
 facet normal -3.81262e-16 -0.741708 0.670723
  outer loop
   vertex 8.455 4.5636 3.54418
   vertex 10.855 4.56224 3.54268
   vertex 10.855 4.5636 3.54418
  endloop
 endfacet
 facet normal -1.00191e-16 -0.741708 0.670723
  outer loop
   vertex 8.455 4.5636 3.54418
   vertex 8.455 4.56224 3.54268
   vertex 10.855 4.56224 3.54268
  endloop
 endfacet
 facet normal -1.55624e-16 -0.683817 0.729654
  outer loop
   vertex 8.455 4.56505 3.54566
   vertex 10.855 4.56505 3.54566
   vertex 10.855 4.56658 3.54709
  endloop
 endfacet
 facet normal -1.27774e-16 -0.713622 0.700531
  outer loop
   vertex 8.455 4.56505 3.54566
   vertex 8.455 4.5636 3.54418
   vertex 10.855 4.56505 3.54566
  endloop
 endfacet
 facet normal -2.87236e-16 -0.652295 0.757965
  outer loop
   vertex 8.455 4.56658 3.54709
   vertex 10.855 4.56658 3.54709
   vertex 10.855 4.5682 3.54849
  endloop
 endfacet
 facet normal -2.76507e-16 -0.683817 0.729654
  outer loop
   vertex 8.455 4.56658 3.54709
   vertex 8.455 4.56505 3.54566
   vertex 10.855 4.56658 3.54709
  endloop
 endfacet
 facet normal -4.00445e-17 -0.652295 0.757965
  outer loop
   vertex 8.455 4.5682 3.54849
   vertex 8.455 4.56658 3.54709
   vertex 10.855 4.5682 3.54849
  endloop
 endfacet
 facet normal -6.29617e-17 -0.619071 0.785335
  outer loop
   vertex 8.455 4.56991 3.54983
   vertex 8.455 4.5682 3.54849
   vertex 10.855 4.5682 3.54849
  endloop
 endfacet
 facet normal -8.61971e-17 -0.584171 0.81163
  outer loop
   vertex 8.455 4.56991 3.54983
   vertex 10.855 4.56991 3.54983
   vertex 10.855 4.57169 3.55111
  endloop
 endfacet
 facet normal -6.30067e-17 -0.619071 0.785335
  outer loop
   vertex 8.455 4.56991 3.54983
   vertex 10.855 4.5682 3.54849
   vertex 10.855 4.56991 3.54983
  endloop
 endfacet
 facet normal 2.88964e-16 -0.584171 0.81163
  outer loop
   vertex 8.455 4.57169 3.55111
   vertex 8.455 4.56991 3.54983
   vertex 10.855 4.57169 3.55111
  endloop
 endfacet
 facet normal 2.56519e-16 -0.547634 0.836718
  outer loop
   vertex 8.455 4.57169 3.55111
   vertex 10.855 4.57169 3.55111
   vertex 10.855 4.57356 3.55234
  endloop
 endfacet
 facet normal -1.0955e-16 -0.547634 0.836718
  outer loop
   vertex 8.455 4.57356 3.55234
   vertex 8.455 4.57169 3.55111
   vertex 10.855 4.57356 3.55234
  endloop
 endfacet
 facet normal -1.56461e-16 -0.469865 0.882738
  outer loop
   vertex 8.455 4.5755 3.55349
   vertex 10.855 4.5755 3.55349
   vertex 10.855 4.57752 3.55456
  endloop
 endfacet
 facet normal -1.32997e-16 -0.50951 0.860465
  outer loop
   vertex 8.455 4.5755 3.55349
   vertex 10.855 4.57356 3.55234
   vertex 10.855 4.5755 3.55349
  endloop
 endfacet
 facet normal -1.32956e-16 -0.50951 0.860465
  outer loop
   vertex 8.455 4.5755 3.55349
   vertex 8.455 4.57356 3.55234
   vertex 10.855 4.57356 3.55234
  endloop
 endfacet
 facet normal -1.73779e-17 -0.428777 0.903411
  outer loop
   vertex 8.455 4.57752 3.55456
   vertex 10.855 4.57752 3.55456
   vertex 10.855 4.57961 3.55555
  endloop
 endfacet
 facet normal 2.15971e-17 -0.469865 0.882738
  outer loop
   vertex 8.455 4.57752 3.55456
   vertex 8.455 4.5755 3.55349
   vertex 10.855 4.57752 3.55456
  endloop
 endfacet
 facet normal -2.3149e-16 -0.386337 0.922357
  outer loop
   vertex 8.455 4.57961 3.55555
   vertex 10.855 4.57961 3.55555
   vertex 10.855 4.58177 3.55646
  endloop
 endfacet
 facet normal -1.88554e-16 -0.428777 0.903411
  outer loop
   vertex 8.455 4.57961 3.55555
   vertex 8.455 4.57752 3.55456
   vertex 10.855 4.57961 3.55555
  endloop
 endfacet
 facet normal 8.16929e-17 -0.342652 0.939462
  outer loop
   vertex 8.455 4.58177 3.55646
   vertex 10.855 4.58177 3.55646
   vertex 10.855 4.58398 3.55726
  endloop
 endfacet
 facet normal 1.18043e-16 -0.386337 0.922357
  outer loop
   vertex 8.455 4.58177 3.55646
   vertex 8.455 4.57961 3.55555
   vertex 10.855 4.58177 3.55646
  endloop
 endfacet
 facet normal -9.63146e-17 -0.342652 0.939462
  outer loop
   vertex 8.455 4.58398 3.55726
   vertex 8.455 4.58177 3.55646
   vertex 10.855 4.58398 3.55726
  endloop
 endfacet
 facet normal -8.78547e-17 -0.252027 0.96772
  outer loop
   vertex 8.455 4.58625 3.55797
   vertex 10.855 4.58625 3.55797
   vertex 10.855 4.58856 3.55857
  endloop
 endfacet
 facet normal -6.80109e-17 -0.297839 0.954616
  outer loop
   vertex 8.455 4.58625 3.55797
   vertex 10.855 4.58398 3.55726
   vertex 10.855 4.58625 3.55797
  endloop
 endfacet
 facet normal -1.3602e-16 -0.297839 0.954616
  outer loop
   vertex 8.455 4.58625 3.55797
   vertex 8.455 4.58398 3.55726
   vertex 10.855 4.58398 3.55726
  endloop
 endfacet
 facet normal 7.65242e-18 -0.252027 0.96772
  outer loop
   vertex 8.455 4.58856 3.55857
   vertex 8.455 4.58625 3.55797
   vertex 10.855 4.58856 3.55857
  endloop
 endfacet
 facet normal 5.98663e-17 -0.157977 0.987443
  outer loop
   vertex 8.455 4.59091 3.55907
   vertex 10.855 4.59091 3.55907
   vertex 10.855 4.5933 3.55945
  endloop
 endfacet
 facet normal 7.7821e-17 -0.205356 0.978687
  outer loop
   vertex 8.455 4.59091 3.55907
   vertex 10.855 4.58856 3.55857
   vertex 10.855 4.59091 3.55907
  endloop
 endfacet
 facet normal -2.97906e-17 -0.205356 0.978687
  outer loop
   vertex 8.455 4.59091 3.55907
   vertex 8.455 4.58856 3.55857
   vertex 10.855 4.58856 3.55857
  endloop
 endfacet
 facet normal 1.19733e-16 -0.157977 0.987443
  outer loop
   vertex 8.455 4.5933 3.55945
   vertex 8.455 4.59091 3.55907
   vertex 10.855 4.5933 3.55945
  endloop
 endfacet
 facet normal 7.01793e-17 -0.0617304 0.998093
  outer loop
   vertex 8.455 4.5957 3.55972
   vertex 10.855 4.5957 3.55972
   vertex 10.855 4.59813 3.55986
  endloop
 endfacet
 facet normal 1.25109e-16 -0.110047 0.993926
  outer loop
   vertex 8.455 4.5957 3.55972
   vertex 10.855 4.5933 3.55945
   vertex 10.855 4.5957 3.55972
  endloop
 endfacet
 facet normal 8.3399e-17 -0.110047 0.993926
  outer loop
   vertex 8.455 4.5957 3.55972
   vertex 8.455 4.5933 3.55945
   vertex 10.855 4.5933 3.55945
  endloop
 endfacet
 facet normal -1.65724e-16 -0.0617304 0.998093
  outer loop
   vertex 8.455 4.59813 3.55986
   vertex 8.455 4.5957 3.55972
   vertex 10.855 4.59813 3.55986
  endloop
 endfacet
 facet normal -2.6819e-17 0.0353853 0.999374
  outer loop
   vertex 8.455 4.60056 3.5599
   vertex 10.855 4.60056 3.5599
   vertex 10.855 4.60298 3.55981
  endloop
 endfacet
 facet normal 1.00013e-17 -0.0131959 0.999913
  outer loop
   vertex 8.455 4.60056 3.5599
   vertex 10.855 4.59813 3.55986
   vertex 10.855 4.60056 3.5599
  endloop
 endfacet
 facet normal -1.84461e-16 -0.0131959 0.999913
  outer loop
   vertex 8.455 4.60056 3.5599
   vertex 8.455 4.59813 3.55986
   vertex 10.855 4.59813 3.55986
  endloop
 endfacet
 facet normal 1.7595e-16 0.0353853 0.999374
  outer loop
   vertex 8.455 4.60298 3.55981
   vertex 8.455 4.60056 3.5599
   vertex 10.855 4.60298 3.55981
  endloop
 endfacet
 facet normal -2.87866e-16 0.132002 0.991249
  outer loop
   vertex 8.455 4.6054 3.55961
   vertex 10.855 4.6054 3.55961
   vertex 10.855 4.6078 3.55929
  endloop
 endfacet
 facet normal -2.52355e-16 0.0838414 0.996479
  outer loop
   vertex 8.455 4.6054 3.55961
   vertex 10.855 4.60298 3.55981
   vertex 10.855 4.6054 3.55961
  endloop
 endfacet
 facet normal 1.57039e-16 0.0838414 0.996479
  outer loop
   vertex 8.455 4.6054 3.55961
   vertex 8.455 4.60298 3.55981
   vertex 10.855 4.60298 3.55981
  endloop
 endfacet
 facet normal -1.00046e-16 0.132002 0.991249
  outer loop
   vertex 8.455 4.6078 3.55929
   vertex 8.455 4.6054 3.55961
   vertex 10.855 4.6078 3.55929
  endloop
 endfacet
 facet normal -1.36213e-16 0.1797 0.983721
  outer loop
   vertex 8.455 4.61017 3.55886
   vertex 8.455 4.6078 3.55929
   vertex 10.855 4.6078 3.55929
  endloop
 endfacet
 facet normal -8.59378e-17 0.226775 0.973947
  outer loop
   vertex 8.455 4.61017 3.55886
   vertex 10.855 4.61017 3.55886
   vertex 10.855 4.6125 3.55831
  endloop
 endfacet
 facet normal -6.80986e-17 0.1797 0.983721
  outer loop
   vertex 8.455 4.61017 3.55886
   vertex 10.855 4.6078 3.55929
   vertex 10.855 4.61017 3.55886
  endloop
 endfacet
 facet normal 9.86038e-17 0.226775 0.973947
  outer loop
   vertex 8.455 4.6125 3.55831
   vertex 8.455 4.61017 3.55886
   vertex 10.855 4.6125 3.55831
  endloop
 endfacet
 facet normal -3.89241e-16 0.273072 0.961994
  outer loop
   vertex 8.455 4.6148 3.55766
   vertex 10.855 4.6125 3.55831
   vertex 10.855 4.6148 3.55766
  endloop
 endfacet
 facet normal 7.87978e-17 0.273072 0.961994
  outer loop
   vertex 8.455 4.6148 3.55766
   vertex 8.455 4.6125 3.55831
   vertex 10.855 4.6125 3.55831
  endloop
 endfacet
 facet normal -4.20967e-16 0.318444 0.947942
  outer loop
   vertex 8.455 4.61704 3.55691
   vertex 10.855 4.6148 3.55766
   vertex 10.855 4.61704 3.55691
  endloop
 endfacet
 facet normal -4.20953e-16 0.318444 0.947942
  outer loop
   vertex 8.455 4.61704 3.55691
   vertex 8.455 4.6148 3.55766
   vertex 10.855 4.6148 3.55766
  endloop
 endfacet
 facet normal -1.53813e-16 0.405887 0.913923
  outer loop
   vertex 8.455 4.61923 3.55606
   vertex 10.855 4.61923 3.55606
   vertex 10.855 4.62135 3.55511
  endloop
 endfacet
 facet normal -1.37469e-16 0.362758 0.931884
  outer loop
   vertex 8.455 4.61923 3.55606
   vertex 10.855 4.61704 3.55691
   vertex 10.855 4.61923 3.55606
  endloop
 endfacet
 facet normal -4.51495e-16 0.362758 0.931884
  outer loop
   vertex 8.455 4.61923 3.55606
   vertex 8.455 4.61704 3.55691
   vertex 10.855 4.61704 3.55691
  endloop
 endfacet
 facet normal 1.93549e-17 0.405887 0.913923
  outer loop
   vertex 8.455 4.62135 3.55511
   vertex 8.455 4.61923 3.55606
   vertex 10.855 4.62135 3.55511
  endloop
 endfacet
 facet normal -1.84992e-16 0.488161 0.872754
  outer loop
   vertex 8.455 4.62341 3.55408
   vertex 10.855 4.62341 3.55408
   vertex 10.855 4.62539 3.55297
  endloop
 endfacet
 facet normal -1.69667e-16 0.447721 0.894173
  outer loop
   vertex 8.455 4.62341 3.55408
   vertex 10.855 4.62135 3.55511
   vertex 10.855 4.62341 3.55408
  endloop
 endfacet
 facet normal -2.41238e-19 0.447721 0.894173
  outer loop
   vertex 8.455 4.62341 3.55408
   vertex 8.455 4.62135 3.55511
   vertex 10.855 4.62135 3.55511
  endloop
 endfacet
 facet normal -3.50359e-16 0.488161 0.872754
  outer loop
   vertex 8.455 4.62539 3.55297
   vertex 8.455 4.62341 3.55408
   vertex 10.855 4.62539 3.55297
  endloop
 endfacet
 facet normal -1.99755e-16 0.52712 0.849791
  outer loop
   vertex 8.455 4.6273 3.55179
   vertex 10.855 4.62539 3.55297
   vertex 10.855 4.6273 3.55179
  endloop
 endfacet
 facet normal -3.60739e-16 0.52712 0.849791
  outer loop
   vertex 8.455 4.6273 3.55179
   vertex 8.455 4.62539 3.55297
   vertex 10.855 4.62539 3.55297
  endloop
 endfacet
 facet normal -2.13943e-16 0.564526 0.825415
  outer loop
   vertex 8.455 4.62913 3.55053
   vertex 8.455 4.6273 3.55179
   vertex 10.855 4.6273 3.55179
  endloop
 endfacet
 facet normal -2.71463e-16 0.564526 0.825415
  outer loop
   vertex 8.455 4.62913 3.55053
   vertex 10.855 4.6273 3.55179
   vertex 10.855 4.62913 3.55053
  endloop
 endfacet
 facet normal -3.03484e-16 0.600321 0.799759
  outer loop
   vertex 8.455 4.63088 3.54922
   vertex 8.455 4.62913 3.55053
   vertex 10.855 4.62913 3.55053
  endloop
 endfacet
 facet normal -2.27495e-16 0.600321 0.799759
  outer loop
   vertex 8.455 4.63088 3.54922
   vertex 10.855 4.62913 3.55053
   vertex 10.855 4.63088 3.54922
  endloop
 endfacet
 facet normal -2.40461e-16 0.634459 0.772956
  outer loop
   vertex 8.455 4.63255 3.54786
   vertex 8.455 4.63088 3.54922
   vertex 10.855 4.63088 3.54922
  endloop
 endfacet
 facet normal 2.92916e-16 0.634459 0.772956
  outer loop
   vertex 8.455 4.63255 3.54786
   vertex 10.855 4.63088 3.54922
   vertex 10.855 4.63255 3.54786
  endloop
 endfacet
 facet normal 2.82434e-16 0.666908 0.74514
  outer loop
   vertex 8.455 4.63413 3.54644
   vertex 8.455 4.63255 3.54786
   vertex 10.855 4.63255 3.54786
  endloop
 endfacet
 facet normal -2.52729e-16 0.666908 0.74514
  outer loop
   vertex 8.455 4.63413 3.54644
   vertex 10.855 4.63255 3.54786
   vertex 10.855 4.63413 3.54644
  endloop
 endfacet
 facet normal -2.6435e-16 0.697647 0.716442
  outer loop
   vertex 8.455 4.63562 3.54499
   vertex 8.455 4.63413 3.54644
   vertex 10.855 4.63413 3.54644
  endloop
 endfacet
 facet normal 1.3017e-16 0.726666 0.686991
  outer loop
   vertex 8.455 4.63562 3.54499
   vertex 10.855 4.63562 3.54499
   vertex 10.855 4.63703 3.5435
  endloop
 endfacet
 facet normal 1.3575e-16 0.697647 0.716442
  outer loop
   vertex 8.455 4.63562 3.54499
   vertex 10.855 4.63413 3.54644
   vertex 10.855 4.63562 3.54499
  endloop
 endfacet
 facet normal -2.75375e-16 0.726666 0.686991
  outer loop
   vertex 8.455 4.63703 3.5435
   vertex 8.455 4.63562 3.54499
   vertex 10.855 4.63703 3.5435
  endloop
 endfacet
 facet normal -2.85705e-16 0.753969 0.65691
  outer loop
   vertex 8.455 4.63835 3.54198
   vertex 8.455 4.63703 3.5435
   vertex 10.855 4.63703 3.5435
  endloop
 endfacet
 facet normal 1.2447e-16 0.753969 0.65691
  outer loop
   vertex 8.455 4.63835 3.54198
   vertex 10.855 4.63703 3.5435
   vertex 10.855 4.63835 3.54198
  endloop
 endfacet
 facet normal 1.18707e-16 0.779566 0.62632
  outer loop
   vertex 8.455 4.63959 3.54044
   vertex 8.455 4.63835 3.54198
   vertex 10.855 4.63835 3.54198
  endloop
 endfacet
 facet normal 1.12803e-16 0.803477 0.595336
  outer loop
   vertex 8.455 4.63959 3.54044
   vertex 10.855 4.63959 3.54044
   vertex 10.855 4.64074 3.53888
  endloop
 endfacet
 facet normal 1.18674e-16 0.779566 0.62632
  outer loop
   vertex 8.455 4.63959 3.54044
   vertex 10.855 4.63835 3.54198
   vertex 10.855 4.63959 3.54044
  endloop
 endfacet
 facet normal 1.12803e-16 0.803477 0.595336
  outer loop
   vertex 8.455 4.64074 3.53888
   vertex 8.455 4.63959 3.54044
   vertex 10.855 4.64074 3.53888
  endloop
 endfacet
 facet normal 1.06925e-16 0.825731 0.564063
  outer loop
   vertex 8.455 4.64182 3.53731
   vertex 8.455 4.64074 3.53888
   vertex 10.855 4.64074 3.53888
  endloop
 endfacet
 facet normal -3.20735e-16 0.846364 0.532606
  outer loop
   vertex 8.455 4.64182 3.53731
   vertex 10.855 4.64182 3.53731
   vertex 10.855 4.64281 3.53574
  endloop
 endfacet
 facet normal -3.12916e-16 0.825731 0.564063
  outer loop
   vertex 8.455 4.64182 3.53731
   vertex 10.855 4.64074 3.53888
   vertex 10.855 4.64182 3.53731
  endloop
 endfacet
 facet normal -1.00917e-16 0.846364 0.532606
  outer loop
   vertex 8.455 4.64281 3.53574
   vertex 8.455 4.64182 3.53731
   vertex 10.855 4.64281 3.53574
  endloop
 endfacet
 facet normal -9.49415e-17 0.865457 0.500983
  outer loop
   vertex 8.455 4.64372 3.53415
   vertex 8.455 4.64281 3.53574
   vertex 10.855 4.64281 3.53574
  endloop
 endfacet
 facet normal -8.88081e-17 0.883358 0.468699
  outer loop
   vertex 8.455 4.64372 3.53415
   vertex 10.855 4.64372 3.53415
   vertex 10.855 4.6446 3.53251
  endloop
 endfacet
 facet normal -9.49254e-17 0.865457 0.500983
  outer loop
   vertex 8.455 4.64372 3.53415
   vertex 10.855 4.64281 3.53574
   vertex 10.855 4.64372 3.53415
  endloop
 endfacet
 facet normal 8.88081e-17 0.883358 0.468699
  outer loop
   vertex 8.455 4.6446 3.53251
   vertex 8.455 4.64372 3.53415
   vertex 10.855 4.6446 3.53251
  endloop
 endfacet
 facet normal 8.24385e-17 0.900342 0.435183
  outer loop
   vertex 8.455 4.64542 3.5308
   vertex 8.455 4.6446 3.53251
   vertex 10.855 4.6446 3.53251
  endloop
 endfacet
 facet normal -7.58585e-17 0.91636 0.400355
  outer loop
   vertex 8.455 4.64542 3.5308
   vertex 10.855 4.64542 3.5308
   vertex 10.855 4.6462 3.52903
  endloop
 endfacet
 facet normal -8.24577e-17 0.900342 0.435183
  outer loop
   vertex 8.455 4.64542 3.5308
   vertex 10.855 4.6446 3.53251
   vertex 10.855 4.64542 3.5308
  endloop
 endfacet
 facet normal -7.58585e-17 0.91636 0.400355
  outer loop
   vertex 8.455 4.6462 3.52903
   vertex 8.455 4.64542 3.5308
   vertex 10.855 4.6462 3.52903
  endloop
 endfacet
 facet normal -6.90142e-17 0.931308 0.364233
  outer loop
   vertex 8.455 4.6462 3.52903
   vertex 10.855 4.6462 3.52903
   vertex 10.855 4.64692 3.52719
  endloop
 endfacet
 facet normal -3.52925e-16 0.931308 0.364233
  outer loop
   vertex 8.455 4.64692 3.52719
   vertex 8.455 4.6462 3.52903
   vertex 10.855 4.64692 3.52719
  endloop
 endfacet
 facet normal -3.58134e-16 0.945077 0.326848
  outer loop
   vertex 8.455 4.64757 3.52529
   vertex 8.455 4.64692 3.52719
   vertex 10.855 4.64692 3.52719
  endloop
 endfacet
 facet normal -0 0.957559 0.288237
  outer loop
   vertex 8.455 4.64757 3.52529
   vertex 10.855 4.64757 3.52529
   vertex 10.855 4.64816 3.52333
  endloop
 endfacet
 facet normal -0 0.945077 0.326848
  outer loop
   vertex 8.455 4.64757 3.52529
   vertex 10.855 4.64692 3.52719
   vertex 10.855 4.64757 3.52529
  endloop
 endfacet
 facet normal -0 0.957559 0.288237
  outer loop
   vertex 8.455 4.64816 3.52333
   vertex 8.455 4.64757 3.52529
   vertex 10.855 4.64816 3.52333
  endloop
 endfacet
 facet normal 0 0.968645 0.24845
  outer loop
   vertex 8.455 4.64868 3.52131
   vertex 8.455 4.64816 3.52333
   vertex 10.855 4.64816 3.52333
  endloop
 endfacet
 facet normal -0 0.978225 0.207547
  outer loop
   vertex 8.455 4.64868 3.52131
   vertex 10.855 4.64868 3.52131
   vertex 10.855 4.64912 3.51924
  endloop
 endfacet
 facet normal -0 0.968645 0.24845
  outer loop
   vertex 8.455 4.64868 3.52131
   vertex 10.855 4.64816 3.52333
   vertex 10.855 4.64868 3.52131
  endloop
 endfacet
 facet normal 3.93257e-17 0.978225 0.207547
  outer loop
   vertex 8.455 4.64912 3.51924
   vertex 8.455 4.64868 3.52131
   vertex 10.855 4.64912 3.51924
  endloop
 endfacet
 facet normal 3.13869e-17 0.986193 0.1656
  outer loop
   vertex 8.455 4.64948 3.51712
   vertex 8.455 4.64912 3.51924
   vertex 10.855 4.64912 3.51924
  endloop
 endfacet
 facet normal -0 0.992445 0.12269
  outer loop
   vertex 8.455 4.64948 3.51712
   vertex 10.855 4.64948 3.51712
   vertex 10.855 4.64974 3.51495
  endloop
 endfacet
 facet normal -0 0.986193 0.1656
  outer loop
   vertex 8.455 4.64948 3.51712
   vertex 10.855 4.64912 3.51924
   vertex 10.855 4.64948 3.51712
  endloop
 endfacet
 facet normal -2.32471e-17 0.992445 0.12269
  outer loop
   vertex 8.455 4.64974 3.51495
   vertex 8.455 4.64948 3.51712
   vertex 10.855 4.64974 3.51495
  endloop
 endfacet
 facet normal -1.49523e-17 0.996882 0.078913
  outer loop
   vertex 8.455 4.64992 3.51274
   vertex 10.855 4.64974 3.51495
   vertex 10.855 4.64992 3.51274
  endloop
 endfacet
 facet normal -1.49486e-17 0.996882 0.078913
  outer loop
   vertex 8.455 4.64992 3.51274
   vertex 8.455 4.64974 3.51495
   vertex 10.855 4.64974 3.51495
  endloop
 endfacet
 facet normal -6.51304e-18 0.999409 0.0343736
  outer loop
   vertex 8.455 4.65 3.5105
   vertex 10.855 4.64992 3.51274
   vertex 10.855 4.65 3.5105
  endloop
 endfacet
 facet normal -6.51529e-18 0.999409 0.0343736
  outer loop
   vertex 8.455 4.65 3.5105
   vertex 8.455 4.64992 3.51274
   vertex 10.855 4.64992 3.51274
  endloop
 endfacet
 facet normal -3.74837e-16 0.999942 -0.0108115
  outer loop
   vertex 8.455 4.64997 3.50822
   vertex 10.855 4.65 3.5105
   vertex 10.855 4.64997 3.50822
  endloop
 endfacet
 facet normal 2.04878e-18 0.999942 -0.0108115
  outer loop
   vertex 8.455 4.64997 3.50822
   vertex 8.455 4.65 3.5105
   vertex 10.855 4.65 3.5105
  endloop
 endfacet
 facet normal 3.96397e-16 0.994723 -0.102601
  outer loop
   vertex 8.455 4.64984 3.50593
   vertex 10.855 4.64984 3.50593
   vertex 10.855 4.6496 3.50362
  endloop
 endfacet
 facet normal 3.89059e-16 0.998402 -0.0565152
  outer loop
   vertex 8.455 4.64984 3.50593
   vertex 10.855 4.64997 3.50822
   vertex 10.855 4.64984 3.50593
  endloop
 endfacet
 facet normal -3.5694e-16 0.998402 -0.0565152
  outer loop
   vertex 8.455 4.64984 3.50593
   vertex 8.455 4.64997 3.50822
   vertex 10.855 4.64997 3.50822
  endloop
 endfacet
 facet normal -1.94406e-17 0.994723 -0.102601
  outer loop
   vertex 8.455 4.6496 3.50362
   vertex 8.455 4.64984 3.50593
   vertex 10.855 4.6496 3.50362
  endloop
 endfacet
 facet normal -2.82176e-17 0.988849 -0.148923
  outer loop
   vertex 8.455 4.6496 3.50362
   vertex 10.855 4.6496 3.50362
   vertex 10.855 4.64925 3.5013
  endloop
 endfacet
 facet normal 7.40209e-17 0.980738 -0.195328
  outer loop
   vertex 8.455 4.64925 3.5013
   vertex 10.855 4.64925 3.5013
   vertex 10.855 4.64879 3.49898
  endloop
 endfacet
 facet normal 5.64352e-17 0.988849 -0.148923
  outer loop
   vertex 8.455 4.64925 3.5013
   vertex 8.455 4.6496 3.50362
   vertex 10.855 4.64925 3.5013
  endloop
 endfacet
 facet normal 0 0.980738 -0.195328
  outer loop
   vertex 8.455 4.64879 3.49898
   vertex 8.455 4.64925 3.5013
   vertex 10.855 4.64879 3.49898
  endloop
 endfacet
 facet normal 0 0.970361 -0.241658
  outer loop
   vertex 8.455 4.64822 3.49666
   vertex 8.455 4.64879 3.49898
   vertex 10.855 4.64879 3.49898
  endloop
 endfacet
 facet normal 5.45221e-17 0.957706 -0.287749
  outer loop
   vertex 8.455 4.64822 3.49666
   vertex 10.855 4.64822 3.49666
   vertex 10.855 4.64753 3.49437
  endloop
 endfacet
 facet normal 4.57889e-17 0.970361 -0.241658
  outer loop
   vertex 8.455 4.64822 3.49666
   vertex 10.855 4.64879 3.49898
   vertex 10.855 4.64822 3.49666
  endloop
 endfacet
 facet normal 0 0.957706 -0.287749
  outer loop
   vertex 8.455 4.64753 3.49437
   vertex 8.455 4.64822 3.49666
   vertex 10.855 4.64753 3.49437
  endloop
 endfacet
 facet normal 6.31785e-17 0.942773 -0.333435
  outer loop
   vertex 8.455 4.64672 3.4921
   vertex 10.855 4.64753 3.49437
   vertex 10.855 4.64672 3.4921
  endloop
 endfacet
 facet normal 0 0.942773 -0.333435
  outer loop
   vertex 8.455 4.64672 3.4921
   vertex 8.455 4.64753 3.49437
   vertex 10.855 4.64753 3.49437
  endloop
 endfacet
 facet normal 7.17646e-17 0.925582 -0.378547
  outer loop
   vertex 8.455 4.64581 3.48986
   vertex 8.455 4.64672 3.4921
   vertex 10.855 4.64672 3.4921
  endloop
 endfacet
 facet normal 7.17264e-17 0.925582 -0.378547
  outer loop
   vertex 8.455 4.64581 3.48986
   vertex 10.855 4.64672 3.4921
   vertex 10.855 4.64581 3.48986
  endloop
 endfacet
 facet normal 8.01174e-17 0.906166 -0.422921
  outer loop
   vertex 8.455 4.64478 3.48766
   vertex 8.455 4.64581 3.48986
   vertex 10.855 4.64581 3.48986
  endloop
 endfacet
 facet normal 0 0.884577 -0.466394
  outer loop
   vertex 8.455 4.64478 3.48766
   vertex 10.855 4.64478 3.48766
   vertex 10.855 4.64365 3.48551
  endloop
 endfacet
 facet normal 0 0.906166 -0.422921
  outer loop
   vertex 8.455 4.64478 3.48766
   vertex 10.855 4.64581 3.48986
   vertex 10.855 4.64478 3.48766
  endloop
 endfacet
 facet normal 0 0.884577 -0.466394
  outer loop
   vertex 8.455 4.64365 3.48551
   vertex 8.455 4.64478 3.48766
   vertex 10.855 4.64365 3.48551
  endloop
 endfacet
 facet normal 0 0.860881 -0.508806
  outer loop
   vertex 8.455 4.64365 3.48551
   vertex 10.855 4.64365 3.48551
   vertex 10.855 4.64241 3.48342
  endloop
 endfacet
 facet normal 0 0.860881 -0.508806
  outer loop
   vertex 8.455 4.64241 3.48342
   vertex 8.455 4.64365 3.48551
   vertex 10.855 4.64241 3.48342
  endloop
 endfacet
 facet normal 0 0.835159 -0.550008
  outer loop
   vertex 8.455 4.64108 3.48139
   vertex 10.855 4.64241 3.48342
   vertex 10.855 4.64108 3.48139
  endloop
 endfacet
 facet normal 0 0.835159 -0.550008
  outer loop
   vertex 8.455 4.64108 3.48139
   vertex 8.455 4.64241 3.48342
   vertex 10.855 4.64241 3.48342
  endloop
 endfacet
 facet normal 0 0.807508 -0.589856
  outer loop
   vertex 8.455 4.63965 3.47944
   vertex 8.455 4.64108 3.48139
   vertex 10.855 4.64108 3.48139
  endloop
 endfacet
 facet normal 3.0601e-16 0.807508 -0.589856
  outer loop
   vertex 8.455 4.63965 3.47944
   vertex 10.855 4.64108 3.48139
   vertex 10.855 4.63965 3.47944
  endloop
 endfacet
 facet normal 2.94839e-16 0.778037 -0.628218
  outer loop
   vertex 8.455 4.63813 3.47756
   vertex 8.455 4.63965 3.47944
   vertex 10.855 4.63965 3.47944
  endloop
 endfacet
 facet normal -1.25998e-16 0.746866 -0.664975
  outer loop
   vertex 8.455 4.63813 3.47756
   vertex 10.855 4.63813 3.47756
   vertex 10.855 4.63653 3.47576
  endloop
 endfacet
 facet normal -1.19034e-16 0.778037 -0.628218
  outer loop
   vertex 8.455 4.63813 3.47756
   vertex 10.855 4.63965 3.47944
   vertex 10.855 4.63813 3.47756
  endloop
 endfacet
 facet normal 0 0.746866 -0.664975
  outer loop
   vertex 8.455 4.63653 3.47576
   vertex 8.455 4.63813 3.47756
   vertex 10.855 4.63653 3.47576
  endloop
 endfacet
 facet normal 0 0.714125 -0.700018
  outer loop
   vertex 8.455 4.63653 3.47576
   vertex 10.855 4.63653 3.47576
   vertex 10.855 4.63486 3.47406
  endloop
 endfacet
 facet normal 1.32638e-16 0.714125 -0.700018
  outer loop
   vertex 8.455 4.63486 3.47406
   vertex 8.455 4.63653 3.47576
   vertex 10.855 4.63486 3.47406
  endloop
 endfacet
 facet normal 1.38936e-16 0.679954 -0.733255
  outer loop
   vertex 8.455 4.63486 3.47406
   vertex 10.855 4.63486 3.47406
   vertex 10.855 4.63312 3.47244
  endloop
 endfacet
 facet normal 0 0.679954 -0.733255
  outer loop
   vertex 8.455 4.63312 3.47244
   vertex 8.455 4.63486 3.47406
   vertex 10.855 4.63312 3.47244
  endloop
 endfacet
 facet normal 0 0.644498 -0.764606
  outer loop
   vertex 8.455 4.63312 3.47244
   vertex 10.855 4.63312 3.47244
   vertex 10.855 4.63131 3.47092
  endloop
 endfacet
 facet normal -9.93603e-17 0.644498 -0.764606
  outer loop
   vertex 8.455 4.63131 3.47092
   vertex 8.455 4.63312 3.47244
   vertex 10.855 4.63131 3.47092
  endloop
 endfacet
 facet normal 3.00894e-16 0.607907 -0.794008
  outer loop
   vertex 8.455 4.62946 3.4695
   vertex 10.855 4.63131 3.47092
   vertex 10.855 4.62946 3.4695
  endloop
 endfacet
 facet normal -7.99007e-17 0.607907 -0.794008
  outer loop
   vertex 8.455 4.62946 3.4695
   vertex 8.455 4.63131 3.47092
   vertex 10.855 4.63131 3.47092
  endloop
 endfacet
 facet normal 3.11247e-16 0.570334 -0.821413
  outer loop
   vertex 8.455 4.62756 3.46818
   vertex 8.455 4.62946 3.4695
   vertex 10.855 4.62946 3.4695
  endloop
 endfacet
 facet normal 0 0.531934 -0.846786
  outer loop
   vertex 8.455 4.62756 3.46818
   vertex 10.855 4.62756 3.46818
   vertex 10.855 4.62562 3.46696
  endloop
 endfacet
 facet normal 0 0.570334 -0.821413
  outer loop
   vertex 8.455 4.62756 3.46818
   vertex 10.855 4.62946 3.4695
   vertex 10.855 4.62756 3.46818
  endloop
 endfacet
 facet normal 3.20895e-16 0.531934 -0.846786
  outer loop
   vertex 8.455 4.62562 3.46696
   vertex 8.455 4.62756 3.46818
   vertex 10.855 4.62562 3.46696
  endloop
 endfacet
 facet normal 3.29682e-16 0.492858 -0.870109
  outer loop
   vertex 8.455 4.62365 3.46585
   vertex 8.455 4.62562 3.46696
   vertex 10.855 4.62562 3.46696
  endloop
 endfacet
 facet normal 1.68897e-16 0.453259 -0.891379
  outer loop
   vertex 8.455 4.62365 3.46585
   vertex 10.855 4.62365 3.46585
   vertex 10.855 4.62166 3.46484
  endloop
 endfacet
 facet normal 1.64867e-16 0.492858 -0.870109
  outer loop
   vertex 8.455 4.62365 3.46585
   vertex 10.855 4.62562 3.46696
   vertex 10.855 4.62365 3.46585
  endloop
 endfacet
 facet normal 3.40662e-16 0.453259 -0.891379
  outer loop
   vertex 8.455 4.62166 3.46484
   vertex 8.455 4.62365 3.46585
   vertex 10.855 4.62166 3.46484
  endloop
 endfacet
 facet normal 3.29155e-16 0.413282 -0.910603
  outer loop
   vertex 8.455 4.62166 3.46484
   vertex 10.855 4.62166 3.46484
   vertex 10.855 4.61966 3.46393
  endloop
 endfacet
 facet normal 3.45079e-16 0.413282 -0.910603
  outer loop
   vertex 8.455 4.61966 3.46393
   vertex 8.455 4.62166 3.46484
   vertex 10.855 4.61966 3.46393
  endloop
 endfacet
 facet normal 3.51597e-16 0.37307 -0.927803
  outer loop
   vertex 8.455 4.61966 3.46393
   vertex 10.855 4.61966 3.46393
   vertex 10.855 4.61764 3.46312
  endloop
 endfacet
 facet normal 1.75798e-16 0.37307 -0.927803
  outer loop
   vertex 8.455 4.61764 3.46312
   vertex 8.455 4.61966 3.46393
   vertex 10.855 4.61764 3.46312
  endloop
 endfacet
 facet normal 1.78698e-16 0.332757 -0.943013
  outer loop
   vertex 8.455 4.61563 3.4624
   vertex 8.455 4.61764 3.46312
   vertex 10.855 4.61764 3.46312
  endloop
 endfacet
 facet normal 1.7868e-16 0.332757 -0.943013
  outer loop
   vertex 8.455 4.61563 3.4624
   vertex 10.855 4.61764 3.46312
   vertex 10.855 4.61563 3.4624
  endloop
 endfacet
 facet normal 1.81218e-16 0.292472 -0.956274
  outer loop
   vertex 8.455 4.61361 3.46179
   vertex 8.455 4.61563 3.4624
   vertex 10.855 4.61563 3.4624
  endloop
 endfacet
 facet normal 1.81193e-16 0.292472 -0.956274
  outer loop
   vertex 8.455 4.61361 3.46179
   vertex 10.855 4.61563 3.4624
   vertex 10.855 4.61361 3.46179
  endloop
 endfacet
 facet normal 1.83374e-16 0.252335 -0.96764
  outer loop
   vertex 8.455 4.61161 3.46127
   vertex 8.455 4.61361 3.46179
   vertex 10.855 4.61361 3.46179
  endloop
 endfacet
 facet normal 9.56239e-17 0.252335 -0.96764
  outer loop
   vertex 8.455 4.61161 3.46127
   vertex 10.855 4.61361 3.46179
   vertex 10.855 4.61161 3.46127
  endloop
 endfacet
 facet normal 7.96625e-17 0.210273 -0.977643
  outer loop
   vertex 8.455 4.60941 3.46079
   vertex 8.455 4.61161 3.46127
   vertex 10.855 4.61161 3.46127
  endloop
 endfacet
 facet normal 3.70484e-16 0.210273 -0.977643
  outer loop
   vertex 8.455 4.60941 3.46079
   vertex 10.855 4.61161 3.46127
   vertex 10.855 4.60941 3.46079
  endloop
 endfacet
 facet normal 3.73833e-16 0.164027 -0.986456
  outer loop
   vertex 8.455 4.60699 3.46039
   vertex 8.455 4.60941 3.46079
   vertex 10.855 4.60941 3.46079
  endloop
 endfacet
 facet normal 3.76397e-16 0.116028 -0.993246
  outer loop
   vertex 8.455 4.60699 3.46039
   vertex 10.855 4.60699 3.46039
   vertex 10.855 4.60461 3.46011
  endloop
 endfacet
 facet normal 3.73824e-16 0.164027 -0.986456
  outer loop
   vertex 8.455 4.60699 3.46039
   vertex 10.855 4.60941 3.46079
   vertex 10.855 4.60699 3.46039
  endloop
 endfacet
 facet normal 3.76397e-16 0.116028 -0.993246
  outer loop
   vertex 8.455 4.60461 3.46011
   vertex 8.455 4.60699 3.46039
   vertex 10.855 4.60461 3.46011
  endloop
 endfacet
 facet normal 3.78055e-16 0.068905 -0.997623
  outer loop
   vertex 8.455 4.60228 3.45995
   vertex 10.855 4.60461 3.46011
   vertex 10.855 4.60228 3.45995
  endloop
 endfacet
 facet normal 3.78059e-16 0.068905 -0.997623
  outer loop
   vertex 8.455 4.60228 3.45995
   vertex 8.455 4.60461 3.46011
   vertex 10.855 4.60461 3.46011
  endloop
 endfacet
 facet normal 1.89429e-16 0.0227902 -0.99974
  outer loop
   vertex 8.455 4.6 3.4599
   vertex 10.855 4.60228 3.45995
   vertex 10.855 4.6 3.4599
  endloop
 endfacet
 facet normal 3.78857e-16 0.0227902 -0.99974
  outer loop
   vertex 8.455 4.6 3.4599
   vertex 8.455 4.60228 3.45995
   vertex 10.855 4.60228 3.45995
  endloop
 endfacet
 facet normal -1 0 0
  outer loop
   vertex 8.455 4.56505 3.54566
   vertex 8.455 4.56224 3.54268
   vertex 8.455 4.5636 3.54418
  endloop
 endfacet
 facet normal -1 0 -0
  outer loop
   vertex 8.455 4.56658 3.54709
   vertex 8.455 4.5682 3.54849
   vertex 8.455 4.56505 3.54566
  endloop
 endfacet
 facet normal -1 0 -0
  outer loop
   vertex 8.455 4.5682 3.54849
   vertex 8.455 4.56991 3.54983
   vertex 8.455 4.56505 3.54566
  endloop
 endfacet
 facet normal -1 0 -0
  outer loop
   vertex 8.455 4.56991 3.54983
   vertex 8.455 4.57169 3.55111
   vertex 8.455 4.56505 3.54566
  endloop
 endfacet
 facet normal -1 0 0
  outer loop
   vertex 8.455 4.56097 3.54115
   vertex 8.455 4.55866 3.53803
   vertex 8.455 4.55977 3.5396
  endloop
 endfacet
 facet normal -1 -2.79278e-12 2.06331e-12
  outer loop
   vertex 8.455 4.56097 3.54115
   vertex 8.455 4.5558 3.53327
   vertex 8.455 4.55866 3.53803
  endloop
 endfacet
 facet normal -1 -7.43719e-12 4.85954e-12
  outer loop
   vertex 8.455 4.55866 3.53803
   vertex 8.455 4.5558 3.53327
   vertex 8.455 4.55764 3.53646
  endloop
 endfacet
 facet normal -1 -2.29783e-11 1.38227e-11
  outer loop
   vertex 8.455 4.55764 3.53646
   vertex 8.455 4.5558 3.53327
   vertex 8.455 4.55669 3.53488
  endloop
 endfacet
 facet normal -1 0 -0
  outer loop
   vertex 8.455 4.5755 3.55349
   vertex 8.455 4.57752 3.55456
   vertex 8.455 4.57356 3.55234
  endloop
 endfacet
 facet normal -1 0 -0
  outer loop
   vertex 8.455 4.57356 3.55234
   vertex 8.455 4.57752 3.55456
   vertex 8.455 4.57169 3.55111
  endloop
 endfacet
 facet normal -1 8.68886e-12 -5.47005e-12
  outer loop
   vertex 8.455 4.56097 3.54115
   vertex 8.455 4.55495 3.53159
   vertex 8.455 4.5558 3.53327
  endloop
 endfacet
 facet normal -1 0 -0
  outer loop
   vertex 8.455 4.57752 3.55456
   vertex 8.455 4.57961 3.55555
   vertex 8.455 4.57169 3.55111
  endloop
 endfacet
 facet normal -1 0 0
  outer loop
   vertex 8.455 4.56097 3.54115
   vertex 8.455 4.55415 3.52985
   vertex 8.455 4.55495 3.53159
  endloop
 endfacet
 facet normal -1 0 0
  outer loop
   vertex 8.455 4.56097 3.54115
   vertex 8.455 4.55341 3.52804
   vertex 8.455 4.55415 3.52985
  endloop
 endfacet
 facet normal -1 0 0
  outer loop
   vertex 8.455 4.56224 3.54268
   vertex 8.455 4.55341 3.52804
   vertex 8.455 4.56097 3.54115
  endloop
 endfacet
 facet normal -1 0 0
  outer loop
   vertex 8.455 4.56224 3.54268
   vertex 8.455 4.55272 3.52616
   vertex 8.455 4.55341 3.52804
  endloop
 endfacet
 facet normal -1 0 -0
  outer loop
   vertex 8.455 4.58177 3.55646
   vertex 8.455 4.58398 3.55726
   vertex 8.455 4.57961 3.55555
  endloop
 endfacet
 facet normal -1 0 0
  outer loop
   vertex 8.455 4.56505 3.54566
   vertex 8.455 4.55155 3.52224
   vertex 8.455 4.56224 3.54268
  endloop
 endfacet
 facet normal -1 0 0
  outer loop
   vertex 8.455 4.56224 3.54268
   vertex 8.455 4.55155 3.52224
   vertex 8.455 4.55272 3.52616
  endloop
 endfacet
 facet normal -1 0 0
  outer loop
   vertex 8.455 4.55272 3.52616
   vertex 8.455 4.55155 3.52224
   vertex 8.455 4.5521 3.52423
  endloop
 endfacet
 facet normal -1 -4.75773e-12 1.52492e-11
  outer loop
   vertex 8.455 4.58625 3.55797
   vertex 8.455 4.58856 3.55857
   vertex 8.455 4.58398 3.55726
  endloop
 endfacet
 facet normal -1 0 0
  outer loop
   vertex 8.455 4.56505 3.54566
   vertex 8.455 4.55107 3.52019
   vertex 8.455 4.55155 3.52224
  endloop
 endfacet
 facet normal -1 0 0
  outer loop
   vertex 8.455 4.55107 3.52019
   vertex 8.455 4.55037 3.51594
   vertex 8.455 4.55068 3.51809
  endloop
 endfacet
 facet normal -1 0 0
  outer loop
   vertex 8.455 4.55037 3.51594
   vertex 8.455 4.55003 3.51153
   vertex 8.455 4.55015 3.51375
  endloop
 endfacet
 facet normal -1 0 0
  outer loop
   vertex 8.455 4.57169 3.55111
   vertex 8.455 4.55003 3.51153
   vertex 8.455 4.56505 3.54566
  endloop
 endfacet
 facet normal -1 0 0
  outer loop
   vertex 8.455 4.56505 3.54566
   vertex 8.455 4.55003 3.51153
   vertex 8.455 4.55107 3.52019
  endloop
 endfacet
 facet normal -1 0 0
  outer loop
   vertex 8.455 4.55107 3.52019
   vertex 8.455 4.55003 3.51153
   vertex 8.455 4.55037 3.51594
  endloop
 endfacet
 facet normal -1 -7.48208e-13 -4.21078e-14
  outer loop
   vertex 8.455 4.59813 3.55986
   vertex 8.455 4.60056 3.5599
   vertex 8.455 4.5957 3.55972
  endloop
 endfacet
 facet normal -1 0 -0
  outer loop
   vertex 8.455 4.55003 3.51153
   vertex 8.455 4.55027 3.50467
   vertex 8.455 4.55 3.50926
  endloop
 endfacet
 facet normal -1 0 0
  outer loop
   vertex 8.455 4.55 3.50926
   vertex 8.455 4.55027 3.50467
   vertex 8.455 4.55009 3.50698
  endloop
 endfacet
 facet normal -1 1.29386e-12 1.53779e-11
  outer loop
   vertex 8.455 4.60298 3.55981
   vertex 8.455 4.6054 3.55961
   vertex 8.455 4.60056 3.5599
  endloop
 endfacet
 facet normal -1 0 0
  outer loop
   vertex 8.455 4.55027 3.50467
   vertex 8.455 4.55151 3.49772
   vertex 8.455 4.55057 3.50236
  endloop
 endfacet
 facet normal -1 0 0
  outer loop
   vertex 8.455 4.55057 3.50236
   vertex 8.455 4.55151 3.49772
   vertex 8.455 4.55098 3.50004
  endloop
 endfacet
 facet normal -1 0 0
  outer loop
   vertex 8.455 4.55003 3.51153
   vertex 8.455 4.55151 3.49772
   vertex 8.455 4.55027 3.50467
  endloop
 endfacet
 facet normal -1 -0 -0
  outer loop
   vertex 8.455 4.61017 3.55886
   vertex 8.455 4.6125 3.55831
   vertex 8.455 4.6078 3.55929
  endloop
 endfacet
 facet normal -1 0 0
  outer loop
   vertex 8.455 4.57169 3.55111
   vertex 8.455 4.55214 3.49542
   vertex 8.455 4.55003 3.51153
  endloop
 endfacet
 facet normal -1 0 0
  outer loop
   vertex 8.455 4.55003 3.51153
   vertex 8.455 4.55214 3.49542
   vertex 8.455 4.55151 3.49772
  endloop
 endfacet
 facet normal -1 0 0
  outer loop
   vertex 8.455 4.57961 3.55555
   vertex 8.455 4.55214 3.49542
   vertex 8.455 4.57169 3.55111
  endloop
 endfacet
 facet normal -1 0 0
  outer loop
   vertex 8.455 4.55214 3.49542
   vertex 8.455 4.55474 3.48866
   vertex 8.455 4.5529 3.49313
  endloop
 endfacet
 facet normal -1 -2.87584e-11 -1.18338e-11
  outer loop
   vertex 8.455 4.5529 3.49313
   vertex 8.455 4.55474 3.48866
   vertex 8.455 4.55376 3.49088
  endloop
 endfacet
 facet normal -1 0 0
  outer loop
   vertex 8.455 4.57961 3.55555
   vertex 8.455 4.55474 3.48866
   vertex 8.455 4.55214 3.49542
  endloop
 endfacet
 facet normal -1 -0 -0
  outer loop
   vertex 8.455 4.6125 3.55831
   vertex 8.455 4.62135 3.55511
   vertex 8.455 4.6078 3.55929
  endloop
 endfacet
 facet normal -1 -0 -0
  outer loop
   vertex 8.455 4.61923 3.55606
   vertex 8.455 4.62135 3.55511
   vertex 8.455 4.61704 3.55691
  endloop
 endfacet
 facet normal -1 -0 -0
  outer loop
   vertex 8.455 4.61704 3.55691
   vertex 8.455 4.62135 3.55511
   vertex 8.455 4.6148 3.55766
  endloop
 endfacet
 facet normal -1 -0 -0
  outer loop
   vertex 8.455 4.6148 3.55766
   vertex 8.455 4.62135 3.55511
   vertex 8.455 4.6125 3.55831
  endloop
 endfacet
 facet normal -1 -0 -0
  outer loop
   vertex 8.455 4.6078 3.55929
   vertex 8.455 4.62135 3.55511
   vertex 8.455 4.6054 3.55961
  endloop
 endfacet
 facet normal -1 -0 -0
  outer loop
   vertex 8.455 4.62135 3.55511
   vertex 8.455 4.62341 3.55408
   vertex 8.455 4.6054 3.55961
  endloop
 endfacet
 facet normal -1 -0 -0
  outer loop
   vertex 8.455 4.6273 3.55179
   vertex 8.455 4.62913 3.55053
   vertex 8.455 4.62539 3.55297
  endloop
 endfacet
 facet normal -1 -0 -0
  outer loop
   vertex 8.455 4.62539 3.55297
   vertex 8.455 4.63088 3.54922
   vertex 8.455 4.62341 3.55408
  endloop
 endfacet
 facet normal -1 -0 -0
  outer loop
   vertex 8.455 4.62913 3.55053
   vertex 8.455 4.63088 3.54922
   vertex 8.455 4.62539 3.55297
  endloop
 endfacet
 facet normal -1 0 0
  outer loop
   vertex 8.455 4.55474 3.48866
   vertex 8.455 4.56116 3.47841
   vertex 8.455 4.55582 3.48649
  endloop
 endfacet
 facet normal -1 8.59299e-12 5.68324e-12
  outer loop
   vertex 8.455 4.55582 3.48649
   vertex 8.455 4.56116 3.47841
   vertex 8.455 4.55701 3.48437
  endloop
 endfacet
 facet normal -1 -8.3093e-12 -6.09571e-12
  outer loop
   vertex 8.455 4.55701 3.48437
   vertex 8.455 4.56116 3.47841
   vertex 8.455 4.5583 3.48231
  endloop
 endfacet
 facet normal -1 0 0
  outer loop
   vertex 8.455 4.5583 3.48231
   vertex 8.455 4.56116 3.47841
   vertex 8.455 4.55969 3.48032
  endloop
 endfacet
 facet normal -1 0 0
  outer loop
   vertex 8.455 4.57961 3.55555
   vertex 8.455 4.56116 3.47841
   vertex 8.455 4.55474 3.48866
  endloop
 endfacet
 facet normal -1 0 0
  outer loop
   vertex 8.455 4.57961 3.55555
   vertex 8.455 4.56273 3.47657
   vertex 8.455 4.56116 3.47841
  endloop
 endfacet
 facet normal -1 0 0
  outer loop
   vertex 8.455 4.58398 3.55726
   vertex 8.455 4.56273 3.47657
   vertex 8.455 4.57961 3.55555
  endloop
 endfacet
 facet normal -1 -0 -0
  outer loop
   vertex 8.455 4.63255 3.54786
   vertex 8.455 4.63413 3.54644
   vertex 8.455 4.63088 3.54922
  endloop
 endfacet
 facet normal -1 0 0
  outer loop
   vertex 8.455 4.56273 3.47657
   vertex 8.455 4.56608 3.47317
   vertex 8.455 4.56437 3.47482
  endloop
 endfacet
 facet normal -1 0 0
  outer loop
   vertex 8.455 4.58398 3.55726
   vertex 8.455 4.56608 3.47317
   vertex 8.455 4.56273 3.47657
  endloop
 endfacet
 facet normal -1 -4.22897e-13 9.00116e-14
  outer loop
   vertex 8.455 4.58856 3.55857
   vertex 8.455 4.56608 3.47317
   vertex 8.455 4.58398 3.55726
  endloop
 endfacet
 facet normal -1 -0 -0
  outer loop
   vertex 8.455 4.63562 3.54499
   vertex 8.455 4.63703 3.5435
   vertex 8.455 4.63413 3.54644
  endloop
 endfacet
 facet normal -1 -0 -0
  outer loop
   vertex 8.455 4.63413 3.54644
   vertex 8.455 4.63703 3.5435
   vertex 8.455 4.63088 3.54922
  endloop
 endfacet
 facet normal -1 -0 -0
  outer loop
   vertex 8.455 4.63835 3.54198
   vertex 8.455 4.63959 3.54044
   vertex 8.455 4.63703 3.5435
  endloop
 endfacet
 facet normal -1 0 0
  outer loop
   vertex 8.455 4.56608 3.47317
   vertex 8.455 4.56969 3.47014
   vertex 8.455 4.56785 3.4716
  endloop
 endfacet
 facet normal -1 -1.46466e-14 -1.74428e-14
  outer loop
   vertex 8.455 4.58856 3.55857
   vertex 8.455 4.56969 3.47014
   vertex 8.455 4.56608 3.47317
  endloop
 endfacet
 facet normal -1 -0 -0
  outer loop
   vertex 8.455 4.63959 3.54044
   vertex 8.455 4.64074 3.53888
   vertex 8.455 4.63703 3.5435
  endloop
 endfacet
 facet normal -1 0 0
  outer loop
   vertex 8.455 4.56969 3.47014
   vertex 8.455 4.57349 3.46751
   vertex 8.455 4.57157 3.46877
  endloop
 endfacet
 facet normal -1 0 0
  outer loop
   vertex 8.455 4.5933 3.55945
   vertex 8.455 4.57349 3.46751
   vertex 8.455 4.59091 3.55907
  endloop
 endfacet
 facet normal -1 8.05362e-13 -1.5324e-13
  outer loop
   vertex 8.455 4.59091 3.55907
   vertex 8.455 4.57349 3.46751
   vertex 8.455 4.58856 3.55857
  endloop
 endfacet
 facet normal -1 -1.23963e-14 -1.79229e-14
  outer loop
   vertex 8.455 4.58856 3.55857
   vertex 8.455 4.57349 3.46751
   vertex 8.455 4.56969 3.47014
  endloop
 endfacet
 facet normal -1 -0 -0
  outer loop
   vertex 8.455 4.64182 3.53731
   vertex 8.455 4.64281 3.53574
   vertex 8.455 4.64074 3.53888
  endloop
 endfacet
 facet normal -1 0 0
  outer loop
   vertex 8.455 4.5933 3.55945
   vertex 8.455 4.57545 3.46634
   vertex 8.455 4.57349 3.46751
  endloop
 endfacet
 facet normal -1 -0 -0
  outer loop
   vertex 8.455 4.64281 3.53574
   vertex 8.455 4.64372 3.53415
   vertex 8.455 4.64074 3.53888
  endloop
 endfacet
 facet normal -1 -0 -0
  outer loop
   vertex 8.455 4.64372 3.53415
   vertex 8.455 4.64542 3.5308
   vertex 8.455 4.64074 3.53888
  endloop
 endfacet
 facet normal -1 -0 -0
  outer loop
   vertex 8.455 4.63088 3.54922
   vertex 8.455 4.64542 3.5308
   vertex 8.455 4.62341 3.55408
  endloop
 endfacet
 facet normal -1 -0 -0
  outer loop
   vertex 8.455 4.6446 3.53251
   vertex 8.455 4.64542 3.5308
   vertex 8.455 4.64372 3.53415
  endloop
 endfacet
 facet normal -1 -0 -0
  outer loop
   vertex 8.455 4.63703 3.5435
   vertex 8.455 4.64542 3.5308
   vertex 8.455 4.63088 3.54922
  endloop
 endfacet
 facet normal -1 -0 -0
  outer loop
   vertex 8.455 4.64074 3.53888
   vertex 8.455 4.64542 3.5308
   vertex 8.455 4.63703 3.5435
  endloop
 endfacet
 facet normal -1 0 0
  outer loop
   vertex 8.455 4.57545 3.46634
   vertex 8.455 4.57943 3.46433
   vertex 8.455 4.57743 3.46529
  endloop
 endfacet
 facet normal -1 -0 -0
  outer loop
   vertex 8.455 4.64542 3.5308
   vertex 8.455 4.6462 3.52903
   vertex 8.455 4.62341 3.55408
  endloop
 endfacet
 facet normal -1 0 0
  outer loop
   vertex 8.455 4.5933 3.55945
   vertex 8.455 4.58547 3.46206
   vertex 8.455 4.57545 3.46634
  endloop
 endfacet
 facet normal -1 -7.53445e-13 9.75975e-14
  outer loop
   vertex 8.455 4.60056 3.5599
   vertex 8.455 4.58547 3.46206
   vertex 8.455 4.5957 3.55972
  endloop
 endfacet
 facet normal -1 0 0
  outer loop
   vertex 8.455 4.57943 3.46433
   vertex 8.455 4.58547 3.46206
   vertex 8.455 4.58144 3.46347
  endloop
 endfacet
 facet normal -1 0 0
  outer loop
   vertex 8.455 4.58144 3.46347
   vertex 8.455 4.58547 3.46206
   vertex 8.455 4.58345 3.46272
  endloop
 endfacet
 facet normal -1 7.62319e-13 -6.12747e-14
  outer loop
   vertex 8.455 4.5957 3.55972
   vertex 8.455 4.58547 3.46206
   vertex 8.455 4.5933 3.55945
  endloop
 endfacet
 facet normal -1 0 0
  outer loop
   vertex 8.455 4.57545 3.46634
   vertex 8.455 4.58547 3.46206
   vertex 8.455 4.57943 3.46433
  endloop
 endfacet
 facet normal -1 -0 -0
  outer loop
   vertex 8.455 4.64757 3.52529
   vertex 8.455 4.64816 3.52333
   vertex 8.455 4.64692 3.52719
  endloop
 endfacet
 facet normal -1 -0 -0
  outer loop
   vertex 8.455 4.64692 3.52719
   vertex 8.455 4.64816 3.52333
   vertex 8.455 4.6462 3.52903
  endloop
 endfacet
 facet normal -1 -0 -0
  outer loop
   vertex 8.455 4.6462 3.52903
   vertex 8.455 4.64868 3.52131
   vertex 8.455 4.62341 3.55408
  endloop
 endfacet
 facet normal -1 -0 -0
  outer loop
   vertex 8.455 4.64816 3.52333
   vertex 8.455 4.64868 3.52131
   vertex 8.455 4.6462 3.52903
  endloop
 endfacet
 facet normal -1 0 0
  outer loop
   vertex 8.455 4.58547 3.46206
   vertex 8.455 4.59144 3.46064
   vertex 8.455 4.58747 3.46149
  endloop
 endfacet
 facet normal -1 0 0
  outer loop
   vertex 8.455 4.58747 3.46149
   vertex 8.455 4.59144 3.46064
   vertex 8.455 4.58947 3.46102
  endloop
 endfacet
 facet normal -1 -0 -0
  outer loop
   vertex 8.455 4.64912 3.51924
   vertex 8.455 4.64948 3.51712
   vertex 8.455 4.64868 3.52131
  endloop
 endfacet
 facet normal -1 0 0
  outer loop
   vertex 8.455 4.58547 3.46206
   vertex 8.455 4.59339 3.46034
   vertex 8.455 4.59144 3.46064
  endloop
 endfacet
 facet normal -1 -3.90414e-15 -1.79897e-14
  outer loop
   vertex 8.455 4.60056 3.5599
   vertex 8.455 4.59339 3.46034
   vertex 8.455 4.58547 3.46206
  endloop
 endfacet
 facet normal -1 4.64749e-12 4.9223e-11
  outer loop
   vertex 8.455 4.59339 3.46034
   vertex 8.455 4.59721 3.45998
   vertex 8.455 4.59532 3.46012
  endloop
 endfacet
 facet normal -1 -0 -0
  outer loop
   vertex 8.455 4.64948 3.51712
   vertex 8.455 4.65 3.5105
   vertex 8.455 4.64868 3.52131
  endloop
 endfacet
 facet normal -1 -0 -0
  outer loop
   vertex 8.455 4.64992 3.51274
   vertex 8.455 4.65 3.5105
   vertex 8.455 4.64974 3.51495
  endloop
 endfacet
 facet normal -1 -0 -0
  outer loop
   vertex 8.455 4.64974 3.51495
   vertex 8.455 4.65 3.5105
   vertex 8.455 4.64948 3.51712
  endloop
 endfacet
 facet normal -1 0 0
  outer loop
   vertex 8.455 4.59721 3.45998
   vertex 8.455 4.6 3.4599
   vertex 8.455 4.59862 3.45992
  endloop
 endfacet
 facet normal -1 0 0
  outer loop
   vertex 8.455 4.59339 3.46034
   vertex 8.455 4.6 3.4599
   vertex 8.455 4.59721 3.45998
  endloop
 endfacet
 facet normal -1 0 0
  outer loop
   vertex 8.455 4.6 3.4599
   vertex 8.455 4.60461 3.46011
   vertex 8.455 4.60228 3.45995
  endloop
 endfacet
 facet normal -1 -3.66474e-16 -1.82442e-14
  outer loop
   vertex 8.455 4.60056 3.5599
   vertex 8.455 4.60461 3.46011
   vertex 8.455 4.59339 3.46034
  endloop
 endfacet
 facet normal -1 0 0
  outer loop
   vertex 8.455 4.59339 3.46034
   vertex 8.455 4.60461 3.46011
   vertex 8.455 4.6 3.4599
  endloop
 endfacet
 facet normal -1 -0 0
  outer loop
   vertex 8.455 4.6496 3.50362
   vertex 8.455 4.64925 3.5013
   vertex 8.455 4.64984 3.50593
  endloop
 endfacet
 facet normal -1 -0 0
  outer loop
   vertex 8.455 4.64984 3.50593
   vertex 8.455 4.64925 3.5013
   vertex 8.455 4.64997 3.50822
  endloop
 endfacet
 facet normal -1 -0 0
  outer loop
   vertex 8.455 4.64997 3.50822
   vertex 8.455 4.64925 3.5013
   vertex 8.455 4.65 3.5105
  endloop
 endfacet
 facet normal -1 0 0
  outer loop
   vertex 8.455 4.60461 3.46011
   vertex 8.455 4.60941 3.46079
   vertex 8.455 4.60699 3.46039
  endloop
 endfacet
 facet normal -1 3.76412e-13 1.52723e-14
  outer loop
   vertex 8.455 4.6054 3.55961
   vertex 8.455 4.60941 3.46079
   vertex 8.455 4.60056 3.5599
  endloop
 endfacet
 facet normal -1 2.56929e-15 -1.81249e-14
  outer loop
   vertex 8.455 4.60056 3.5599
   vertex 8.455 4.60941 3.46079
   vertex 8.455 4.60461 3.46011
  endloop
 endfacet
 facet normal -1 -0 0
  outer loop
   vertex 8.455 4.64879 3.49898
   vertex 8.455 4.64822 3.49666
   vertex 8.455 4.64925 3.5013
  endloop
 endfacet
 facet normal -1 -0 0
  outer loop
   vertex 8.455 4.64868 3.52131
   vertex 8.455 4.64822 3.49666
   vertex 8.455 4.62341 3.55408
  endloop
 endfacet
 facet normal -1 -0 0
  outer loop
   vertex 8.455 4.65 3.5105
   vertex 8.455 4.64822 3.49666
   vertex 8.455 4.64868 3.52131
  endloop
 endfacet
 facet normal -1 -0 0
  outer loop
   vertex 8.455 4.64925 3.5013
   vertex 8.455 4.64822 3.49666
   vertex 8.455 4.65 3.5105
  endloop
 endfacet
 facet normal -1 0 0
  outer loop
   vertex 8.455 4.60941 3.46079
   vertex 8.455 4.61361 3.46179
   vertex 8.455 4.61161 3.46127
  endloop
 endfacet
 facet normal -1 -0 0
  outer loop
   vertex 8.455 4.64753 3.49437
   vertex 8.455 4.64672 3.4921
   vertex 8.455 4.64822 3.49666
  endloop
 endfacet
 facet normal -1 0 0
  outer loop
   vertex 8.455 4.61361 3.46179
   vertex 8.455 4.61966 3.46393
   vertex 8.455 4.61563 3.4624
  endloop
 endfacet
 facet normal -1 0 0
  outer loop
   vertex 8.455 4.61563 3.4624
   vertex 8.455 4.61966 3.46393
   vertex 8.455 4.61764 3.46312
  endloop
 endfacet
 facet normal -1 -0 0
  outer loop
   vertex 8.455 4.64672 3.4921
   vertex 8.455 4.64581 3.48986
   vertex 8.455 4.64822 3.49666
  endloop
 endfacet
 facet normal -1 -0 0
  outer loop
   vertex 8.455 4.64822 3.49666
   vertex 8.455 4.64478 3.48766
   vertex 8.455 4.62341 3.55408
  endloop
 endfacet
 facet normal -1 -0 0
  outer loop
   vertex 8.455 4.64581 3.48986
   vertex 8.455 4.64478 3.48766
   vertex 8.455 4.64822 3.49666
  endloop
 endfacet
 facet normal -1 0 0
  outer loop
   vertex 8.455 4.61966 3.46393
   vertex 8.455 4.62365 3.46585
   vertex 8.455 4.62166 3.46484
  endloop
 endfacet
 facet normal -1 0 0
  outer loop
   vertex 8.455 4.61361 3.46179
   vertex 8.455 4.62365 3.46585
   vertex 8.455 4.61966 3.46393
  endloop
 endfacet
 facet normal -1 0 0
  outer loop
   vertex 8.455 4.61361 3.46179
   vertex 8.455 4.62562 3.46696
   vertex 8.455 4.62365 3.46585
  endloop
 endfacet
 facet normal -1 -0 0
  outer loop
   vertex 8.455 4.64241 3.48342
   vertex 8.455 4.64108 3.48139
   vertex 8.455 4.64365 3.48551
  endloop
 endfacet
 facet normal -1 -0 0
  outer loop
   vertex 8.455 4.64365 3.48551
   vertex 8.455 4.64108 3.48139
   vertex 8.455 4.64478 3.48766
  endloop
 endfacet
 facet normal -1 0 0
  outer loop
   vertex 8.455 4.61361 3.46179
   vertex 8.455 4.62946 3.4695
   vertex 8.455 4.62562 3.46696
  endloop
 endfacet
 facet normal -1 0 0
  outer loop
   vertex 8.455 4.62562 3.46696
   vertex 8.455 4.62946 3.4695
   vertex 8.455 4.62756 3.46818
  endloop
 endfacet
 facet normal -1 0 0
  outer loop
   vertex 8.455 4.60941 3.46079
   vertex 8.455 4.62946 3.4695
   vertex 8.455 4.61361 3.46179
  endloop
 endfacet
 facet normal -1 -0 0
  outer loop
   vertex 8.455 4.64108 3.48139
   vertex 8.455 4.63965 3.47944
   vertex 8.455 4.64478 3.48766
  endloop
 endfacet
 facet normal -1 0 0
  outer loop
   vertex 8.455 4.60941 3.46079
   vertex 8.455 4.63131 3.47092
   vertex 8.455 4.62946 3.4695
  endloop
 endfacet
 facet normal -1 0 0
  outer loop
   vertex 8.455 4.6054 3.55961
   vertex 8.455 4.63131 3.47092
   vertex 8.455 4.60941 3.46079
  endloop
 endfacet
 facet normal -1 -0 0
  outer loop
   vertex 8.455 4.63965 3.47944
   vertex 8.455 4.63486 3.47406
   vertex 8.455 4.64478 3.48766
  endloop
 endfacet
 facet normal -1 0 0
  outer loop
   vertex 8.455 4.63131 3.47092
   vertex 8.455 4.63486 3.47406
   vertex 8.455 4.63312 3.47244
  endloop
 endfacet
 facet normal -1 0 0
  outer loop
   vertex 8.455 4.6054 3.55961
   vertex 8.455 4.63486 3.47406
   vertex 8.455 4.63131 3.47092
  endloop
 endfacet
 facet normal -1 2.31173e-11 -2.15955e-11
  outer loop
   vertex 8.455 4.63653 3.47576
   vertex 8.455 4.63486 3.47406
   vertex 8.455 4.63813 3.47756
  endloop
 endfacet
 facet normal -1 -0 0
  outer loop
   vertex 8.455 4.63813 3.47756
   vertex 8.455 4.63486 3.47406
   vertex 8.455 4.63965 3.47944
  endloop
 endfacet
 facet normal -1 -0 -0
  outer loop
   vertex 8.455 4.62341 3.55408
   vertex 8.455 4.63486 3.47406
   vertex 8.455 4.6054 3.55961
  endloop
 endfacet
 facet normal -1 -0 0
  outer loop
   vertex 8.455 4.64478 3.48766
   vertex 8.455 4.63486 3.47406
   vertex 8.455 4.62341 3.55408
  endloop
 endfacet
 facet normal 1 0 0
  outer loop
   vertex 10.855 4.56224 3.54268
   vertex 10.855 4.56505 3.54566
   vertex 10.855 4.5636 3.54418
  endloop
 endfacet
 facet normal 1 0 0
  outer loop
   vertex 10.855 4.55764 3.53646
   vertex 10.855 4.55977 3.5396
   vertex 10.855 4.55866 3.53803
  endloop
 endfacet
 facet normal 1 2.09621e-11 -3.05389e-11
  outer loop
   vertex 10.855 4.57356 3.55234
   vertex 10.855 4.57169 3.55111
   vertex 10.855 4.56991 3.54983
  endloop
 endfacet
 facet normal 1 0 0
  outer loop
   vertex 10.855 4.55669 3.53488
   vertex 10.855 4.55977 3.5396
   vertex 10.855 4.55764 3.53646
  endloop
 endfacet
 facet normal 1 -8.91311e-12 1.50525e-11
  outer loop
   vertex 10.855 4.57752 3.55456
   vertex 10.855 4.5755 3.55349
   vertex 10.855 4.57356 3.55234
  endloop
 endfacet
 facet normal 1 0 0
  outer loop
   vertex 10.855 4.55495 3.53159
   vertex 10.855 4.55977 3.5396
   vertex 10.855 4.55669 3.53488
  endloop
 endfacet
 facet normal 1 0 0
  outer loop
   vertex 10.855 4.55495 3.53159
   vertex 10.855 4.55669 3.53488
   vertex 10.855 4.5558 3.53327
  endloop
 endfacet
 facet normal 1 -1.37286e-11 3.07602e-11
  outer loop
   vertex 10.855 4.58177 3.55646
   vertex 10.855 4.57961 3.55555
   vertex 10.855 4.57752 3.55456
  endloop
 endfacet
 facet normal 1 0 0
  outer loop
   vertex 10.855 4.55272 3.52616
   vertex 10.855 4.55977 3.5396
   vertex 10.855 4.55495 3.53159
  endloop
 endfacet
 facet normal 1 0 0
  outer loop
   vertex 10.855 4.55272 3.52616
   vertex 10.855 4.55495 3.53159
   vertex 10.855 4.55415 3.52985
  endloop
 endfacet
 facet normal 1 0 0
  outer loop
   vertex 10.855 4.55272 3.52616
   vertex 10.855 4.55415 3.52985
   vertex 10.855 4.55341 3.52804
  endloop
 endfacet
 facet normal 1 0 0
  outer loop
   vertex 10.855 4.55155 3.52224
   vertex 10.855 4.55977 3.5396
   vertex 10.855 4.55272 3.52616
  endloop
 endfacet
 facet normal 1 0 0
  outer loop
   vertex 10.855 4.55155 3.52224
   vertex 10.855 4.56224 3.54268
   vertex 10.855 4.56097 3.54115
  endloop
 endfacet
 facet normal 1 0 0
  outer loop
   vertex 10.855 4.55155 3.52224
   vertex 10.855 4.56097 3.54115
   vertex 10.855 4.55977 3.5396
  endloop
 endfacet
 facet normal 1 0 0
  outer loop
   vertex 10.855 4.55155 3.52224
   vertex 10.855 4.55272 3.52616
   vertex 10.855 4.5521 3.52423
  endloop
 endfacet
 facet normal 1 0 0
  outer loop
   vertex 10.855 4.58856 3.55857
   vertex 10.855 4.58625 3.55797
   vertex 10.855 4.58398 3.55726
  endloop
 endfacet
 facet normal 1 0 0
  outer loop
   vertex 10.855 4.58856 3.55857
   vertex 10.855 4.58398 3.55726
   vertex 10.855 4.58177 3.55646
  endloop
 endfacet
 facet normal 1 0 0
  outer loop
   vertex 10.855 4.58856 3.55857
   vertex 10.855 4.58177 3.55646
   vertex 10.855 4.57752 3.55456
  endloop
 endfacet
 facet normal 1 1.95697e-11 -4.54801e-12
  outer loop
   vertex 10.855 4.55068 3.51809
   vertex 10.855 4.55155 3.52224
   vertex 10.855 4.55107 3.52019
  endloop
 endfacet
 facet normal 1 0 0
  outer loop
   vertex 10.855 4.55037 3.51594
   vertex 10.855 4.56505 3.54566
   vertex 10.855 4.56224 3.54268
  endloop
 endfacet
 facet normal 1 0 0
  outer loop
   vertex 10.855 4.55037 3.51594
   vertex 10.855 4.56224 3.54268
   vertex 10.855 4.55155 3.52224
  endloop
 endfacet
 facet normal 1 -1.9445e-11 3.64462e-12
  outer loop
   vertex 10.855 4.55037 3.51594
   vertex 10.855 4.55155 3.52224
   vertex 10.855 4.55068 3.51809
  endloop
 endfacet
 facet normal 1 0 0
  outer loop
   vertex 10.855 4.55015 3.51375
   vertex 10.855 4.56505 3.54566
   vertex 10.855 4.55037 3.51594
  endloop
 endfacet
 facet normal 1 0 0
  outer loop
   vertex 10.855 4.55015 3.51375
   vertex 10.855 4.5682 3.54849
   vertex 10.855 4.56658 3.54709
  endloop
 endfacet
 facet normal 1 0 0
  outer loop
   vertex 10.855 4.55015 3.51375
   vertex 10.855 4.56658 3.54709
   vertex 10.855 4.56505 3.54566
  endloop
 endfacet
 facet normal 1 0 0
  outer loop
   vertex 10.855 4.59813 3.55986
   vertex 10.855 4.5957 3.55972
   vertex 10.855 4.5933 3.55945
  endloop
 endfacet
 facet normal 1 0 0
  outer loop
   vertex 10.855 4.59813 3.55986
   vertex 10.855 4.5933 3.55945
   vertex 10.855 4.59091 3.55907
  endloop
 endfacet
 facet normal 1 0 0
  outer loop
   vertex 10.855 4.59813 3.55986
   vertex 10.855 4.59091 3.55907
   vertex 10.855 4.58856 3.55857
  endloop
 endfacet
 facet normal 1 0 -0
  outer loop
   vertex 10.855 4.55009 3.50698
   vertex 10.855 4.55015 3.51375
   vertex 10.855 4.55003 3.51153
  endloop
 endfacet
 facet normal 1 0 0
  outer loop
   vertex 10.855 4.55009 3.50698
   vertex 10.855 4.55003 3.51153
   vertex 10.855 4.55 3.50926
  endloop
 endfacet
 facet normal 1 0 0
  outer loop
   vertex 10.855 4.55009 3.50698
   vertex 10.855 4.5682 3.54849
   vertex 10.855 4.55015 3.51375
  endloop
 endfacet
 facet normal 1 1.62806e-12 -7.10589e-13
  outer loop
   vertex 10.855 4.55009 3.50698
   vertex 10.855 4.56991 3.54983
   vertex 10.855 4.5682 3.54849
  endloop
 endfacet
 facet normal 1 3.41993e-13 3.08229e-11
  outer loop
   vertex 10.855 4.60298 3.55981
   vertex 10.855 4.60056 3.5599
   vertex 10.855 4.59813 3.55986
  endloop
 endfacet
 facet normal 1 -3.34831e-11 -3.52733e-12
  outer loop
   vertex 10.855 4.55057 3.50236
   vertex 10.855 4.55009 3.50698
   vertex 10.855 4.55027 3.50467
  endloop
 endfacet
 facet normal 1 0 0
  outer loop
   vertex 10.855 4.6078 3.55929
   vertex 10.855 4.6054 3.55961
   vertex 10.855 4.60298 3.55981
  endloop
 endfacet
 facet normal 1 0 0
  outer loop
   vertex 10.855 4.55151 3.49772
   vertex 10.855 4.55057 3.50236
   vertex 10.855 4.55098 3.50004
  endloop
 endfacet
 facet normal 1 6.89113e-14 1.05756e-14
  outer loop
   vertex 10.855 4.55151 3.49772
   vertex 10.855 4.56991 3.54983
   vertex 10.855 4.55009 3.50698
  endloop
 endfacet
 facet normal 1 0 0
  outer loop
   vertex 10.855 4.55151 3.49772
   vertex 10.855 4.55009 3.50698
   vertex 10.855 4.55057 3.50236
  endloop
 endfacet
 facet normal 1 -3.16249e-14 4.60732e-14
  outer loop
   vertex 10.855 4.55151 3.49772
   vertex 10.855 4.57356 3.55234
   vertex 10.855 4.56991 3.54983
  endloop
 endfacet
 facet normal 1 0 0
  outer loop
   vertex 10.855 4.6125 3.55831
   vertex 10.855 4.60298 3.55981
   vertex 10.855 4.59813 3.55986
  endloop
 endfacet
 facet normal 1 0 0
  outer loop
   vertex 10.855 4.6125 3.55831
   vertex 10.855 4.6078 3.55929
   vertex 10.855 4.60298 3.55981
  endloop
 endfacet
 facet normal 1 6.39726e-12 3.08197e-11
  outer loop
   vertex 10.855 4.6125 3.55831
   vertex 10.855 4.61017 3.55886
   vertex 10.855 4.6078 3.55929
  endloop
 endfacet
 facet normal 1 0 0
  outer loop
   vertex 10.855 4.61704 3.55691
   vertex 10.855 4.6148 3.55766
   vertex 10.855 4.6125 3.55831
  endloop
 endfacet
 facet normal 1 1.46656e-11 5.62332e-12
  outer loop
   vertex 10.855 4.55376 3.49088
   vertex 10.855 4.55214 3.49542
   vertex 10.855 4.5529 3.49313
  endloop
 endfacet
 facet normal 1 -9.90485e-12 -3.53069e-12
  outer loop
   vertex 10.855 4.55474 3.48866
   vertex 10.855 4.55151 3.49772
   vertex 10.855 4.55214 3.49542
  endloop
 endfacet
 facet normal 1 4.38088e-14 1.56161e-14
  outer loop
   vertex 10.855 4.55474 3.48866
   vertex 10.855 4.57356 3.55234
   vertex 10.855 4.55151 3.49772
  endloop
 endfacet
 facet normal 1 4.77674e-12 2.10184e-12
  outer loop
   vertex 10.855 4.55474 3.48866
   vertex 10.855 4.55214 3.49542
   vertex 10.855 4.55376 3.49088
  endloop
 endfacet
 facet normal 1 -5.69495e-13 1.96909e-13
  outer loop
   vertex 10.855 4.55474 3.48866
   vertex 10.855 4.57752 3.55456
   vertex 10.855 4.57356 3.55234
  endloop
 endfacet
 facet normal 1 0 0
  outer loop
   vertex 10.855 4.62135 3.55511
   vertex 10.855 4.61704 3.55691
   vertex 10.855 4.6125 3.55831
  endloop
 endfacet
 facet normal 1 0 0
  outer loop
   vertex 10.855 4.62135 3.55511
   vertex 10.855 4.61923 3.55606
   vertex 10.855 4.61704 3.55691
  endloop
 endfacet
 facet normal 1 0 0
  outer loop
   vertex 10.855 4.5583 3.48231
   vertex 10.855 4.55474 3.48866
   vertex 10.855 4.55582 3.48649
  endloop
 endfacet
 facet normal 1 0 0
  outer loop
   vertex 10.855 4.5583 3.48231
   vertex 10.855 4.55582 3.48649
   vertex 10.855 4.55701 3.48437
  endloop
 endfacet
 facet normal 1 -9.68656e-12 -1.56161e-11
  outer loop
   vertex 10.855 4.62913 3.55053
   vertex 10.855 4.6273 3.55179
   vertex 10.855 4.62539 3.55297
  endloop
 endfacet
 facet normal 1 -2.95355e-12 -5.28048e-12
  outer loop
   vertex 10.855 4.62913 3.55053
   vertex 10.855 4.62539 3.55297
   vertex 10.855 4.62341 3.55408
  endloop
 endfacet
 facet normal 1 -1.33912e-12 -2.67445e-12
  outer loop
   vertex 10.855 4.62913 3.55053
   vertex 10.855 4.62341 3.55408
   vertex 10.855 4.62135 3.55511
  endloop
 endfacet
 facet normal 1 2.32198e-13 -8.02847e-14
  outer loop
   vertex 10.855 4.55969 3.48032
   vertex 10.855 4.57752 3.55456
   vertex 10.855 4.55474 3.48866
  endloop
 endfacet
 facet normal 1 6.74442e-12 3.78684e-12
  outer loop
   vertex 10.855 4.55969 3.48032
   vertex 10.855 4.55474 3.48866
   vertex 10.855 4.5583 3.48231
  endloop
 endfacet
 facet normal 1 -9.62956e-13 2.0684e-13
  outer loop
   vertex 10.855 4.56116 3.47841
   vertex 10.855 4.57752 3.55456
   vertex 10.855 4.55969 3.48032
  endloop
 endfacet
 facet normal 1 -1.21643e-11 -1.48196e-11
  outer loop
   vertex 10.855 4.63255 3.54786
   vertex 10.855 4.63088 3.54922
   vertex 10.855 4.62913 3.55053
  endloop
 endfacet
 facet normal 1 -4.33006e-12 -4.838e-12
  outer loop
   vertex 10.855 4.63413 3.54644
   vertex 10.855 4.63255 3.54786
   vertex 10.855 4.62913 3.55053
  endloop
 endfacet
 facet normal 1 -1.15214e-11 -1.08041e-11
  outer loop
   vertex 10.855 4.56608 3.47317
   vertex 10.855 4.56116 3.47841
   vertex 10.855 4.56273 3.47657
  endloop
 endfacet
 facet normal 1 1.10436e-11 1.14018e-11
  outer loop
   vertex 10.855 4.56608 3.47317
   vertex 10.855 4.56273 3.47657
   vertex 10.855 4.56437 3.47482
  endloop
 endfacet
 facet normal 1 0 -0
  outer loop
   vertex 10.855 4.56608 3.47317
   vertex 10.855 4.57752 3.55456
   vertex 10.855 4.56116 3.47841
  endloop
 endfacet
 facet normal 1 0 0
  outer loop
   vertex 10.855 4.56608 3.47317
   vertex 10.855 4.58856 3.55857
   vertex 10.855 4.57752 3.55456
  endloop
 endfacet
 facet normal 1 1.49791e-11 1.53826e-11
  outer loop
   vertex 10.855 4.63703 3.5435
   vertex 10.855 4.63562 3.54499
   vertex 10.855 4.63413 3.54644
  endloop
 endfacet
 facet normal 1 -2.63492e-11 -2.53543e-11
  outer loop
   vertex 10.855 4.63835 3.54198
   vertex 10.855 4.63703 3.5435
   vertex 10.855 4.63413 3.54644
  endloop
 endfacet
 facet normal 1 -1.8904e-11 -1.40069e-11
  outer loop
   vertex 10.855 4.64074 3.53888
   vertex 10.855 4.63959 3.54044
   vertex 10.855 4.63835 3.54198
  endloop
 endfacet
 facet normal 1 4.84793e-12 6.66917e-12
  outer loop
   vertex 10.855 4.57349 3.46751
   vertex 10.855 4.56608 3.47317
   vertex 10.855 4.56785 3.4716
  endloop
 endfacet
 facet normal 1 -9.85821e-12 -1.35617e-11
  outer loop
   vertex 10.855 4.57349 3.46751
   vertex 10.855 4.56785 3.4716
   vertex 10.855 4.56969 3.47014
  endloop
 endfacet
 facet normal 1 9.30087e-12 1.4139e-11
  outer loop
   vertex 10.855 4.57349 3.46751
   vertex 10.855 4.56969 3.47014
   vertex 10.855 4.57157 3.46877
  endloop
 endfacet
 facet normal 1 0 0
  outer loop
   vertex 10.855 4.64281 3.53574
   vertex 10.855 4.64182 3.53731
   vertex 10.855 4.64074 3.53888
  endloop
 endfacet
 facet normal 1 0 -0
  outer loop
   vertex 10.855 4.57545 3.46634
   vertex 10.855 4.58856 3.55857
   vertex 10.855 4.56608 3.47317
  endloop
 endfacet
 facet normal 1 5.0494e-12 6.93297e-12
  outer loop
   vertex 10.855 4.57545 3.46634
   vertex 10.855 4.56608 3.47317
   vertex 10.855 4.57349 3.46751
  endloop
 endfacet
 facet normal 1 0 0
  outer loop
   vertex 10.855 4.6446 3.53251
   vertex 10.855 4.64281 3.53574
   vertex 10.855 4.64074 3.53888
  endloop
 endfacet
 facet normal 1 -4.66997e-11 -2.58856e-11
  outer loop
   vertex 10.855 4.6446 3.53251
   vertex 10.855 4.64372 3.53415
   vertex 10.855 4.64281 3.53574
  endloop
 endfacet
 facet normal 1 -3.50682e-12 -2.12006e-12
  outer loop
   vertex 10.855 4.6446 3.53251
   vertex 10.855 4.64074 3.53888
   vertex 10.855 4.63835 3.54198
  endloop
 endfacet
 facet normal 1 2.08652e-12 1.56776e-12
  outer loop
   vertex 10.855 4.6446 3.53251
   vertex 10.855 4.63835 3.54198
   vertex 10.855 4.63413 3.54644
  endloop
 endfacet
 facet normal 1 0 0
  outer loop
   vertex 10.855 4.6462 3.52903
   vertex 10.855 4.6446 3.53251
   vertex 10.855 4.63413 3.54644
  endloop
 endfacet
 facet normal 1 4.49889e-11 2.06809e-11
  outer loop
   vertex 10.855 4.6462 3.52903
   vertex 10.855 4.64542 3.5308
   vertex 10.855 4.6446 3.53251
  endloop
 endfacet
 facet normal 1 0 -0
  outer loop
   vertex 10.855 4.58144 3.46347
   vertex 10.855 4.58856 3.55857
   vertex 10.855 4.57545 3.46634
  endloop
 endfacet
 facet normal 1 0 0
  outer loop
   vertex 10.855 4.58144 3.46347
   vertex 10.855 4.57545 3.46634
   vertex 10.855 4.57743 3.46529
  endloop
 endfacet
 facet normal 1 0 0
  outer loop
   vertex 10.855 4.58144 3.46347
   vertex 10.855 4.57743 3.46529
   vertex 10.855 4.57943 3.46433
  endloop
 endfacet
 facet normal 1 2.5552e-15 -1.89286e-14
  outer loop
   vertex 10.855 4.58547 3.46206
   vertex 10.855 4.59813 3.55986
   vertex 10.855 4.58856 3.55857
  endloop
 endfacet
 facet normal 1 4.39784e-13 -3.29338e-14
  outer loop
   vertex 10.855 4.58547 3.46206
   vertex 10.855 4.58856 3.55857
   vertex 10.855 4.58144 3.46347
  endloop
 endfacet
 facet normal 1 -1.98168e-15 -1.83414e-14
  outer loop
   vertex 10.855 4.58547 3.46206
   vertex 10.855 4.6125 3.55831
   vertex 10.855 4.59813 3.55986
  endloop
 endfacet
 facet normal 1 7.05701e-12 1.88154e-11
  outer loop
   vertex 10.855 4.58547 3.46206
   vertex 10.855 4.58144 3.46347
   vertex 10.855 4.58345 3.46272
  endloop
 endfacet
 facet normal 1 0 0
  outer loop
   vertex 10.855 4.64816 3.52333
   vertex 10.855 4.64757 3.52529
   vertex 10.855 4.64692 3.52719
  endloop
 endfacet
 facet normal 1 0 0
  outer loop
   vertex 10.855 4.64816 3.52333
   vertex 10.855 4.64692 3.52719
   vertex 10.855 4.6462 3.52903
  endloop
 endfacet
 facet normal 1 0 0
  outer loop
   vertex 10.855 4.64816 3.52333
   vertex 10.855 4.6462 3.52903
   vertex 10.855 4.63413 3.54644
  endloop
 endfacet
 facet normal 1 -8.45102e-13 2.18478e-13
  outer loop
   vertex 10.855 4.58747 3.46149
   vertex 10.855 4.6125 3.55831
   vertex 10.855 4.58547 3.46206
  endloop
 endfacet
 facet normal 1 0 0
  outer loop
   vertex 10.855 4.64912 3.51924
   vertex 10.855 4.64816 3.52333
   vertex 10.855 4.63413 3.54644
  endloop
 endfacet
 facet normal 1 -4.01457e-11 -9.39556e-12
  outer loop
   vertex 10.855 4.64912 3.51924
   vertex 10.855 4.64868 3.52131
   vertex 10.855 4.64816 3.52333
  endloop
 endfacet
 facet normal 1 0 0
  outer loop
   vertex 10.855 4.59144 3.46064
   vertex 10.855 4.58747 3.46149
   vertex 10.855 4.58947 3.46102
  endloop
 endfacet
 facet normal 1 0 0
  outer loop
   vertex 10.855 4.59339 3.46034
   vertex 10.855 4.58747 3.46149
   vertex 10.855 4.59144 3.46064
  endloop
 endfacet
 facet normal 1 0 0
  outer loop
   vertex 10.855 4.59721 3.45998
   vertex 10.855 4.59339 3.46034
   vertex 10.855 4.59532 3.46012
  endloop
 endfacet
 facet normal 1 0 0
  outer loop
   vertex 10.855 4.59721 3.45998
   vertex 10.855 4.58747 3.46149
   vertex 10.855 4.59339 3.46034
  endloop
 endfacet
 facet normal 1 0 0
  outer loop
   vertex 10.855 4.59862 3.45992
   vertex 10.855 4.58747 3.46149
   vertex 10.855 4.59721 3.45998
  endloop
 endfacet
 facet normal 1 3.6503e-11 2.06605e-12
  outer loop
   vertex 10.855 4.65 3.5105
   vertex 10.855 4.64992 3.51274
   vertex 10.855 4.64974 3.51495
  endloop
 endfacet
 facet normal 1 0 0
  outer loop
   vertex 10.855 4.65 3.5105
   vertex 10.855 4.64974 3.51495
   vertex 10.855 4.64948 3.51712
  endloop
 endfacet
 facet normal 1 0 -0
  outer loop
   vertex 10.855 4.6 3.4599
   vertex 10.855 4.6125 3.55831
   vertex 10.855 4.58747 3.46149
  endloop
 endfacet
 facet normal 1 0 0
  outer loop
   vertex 10.855 4.6 3.4599
   vertex 10.855 4.58747 3.46149
   vertex 10.855 4.59862 3.45992
  endloop
 endfacet
 facet normal 1 0 0
  outer loop
   vertex 10.855 4.64984 3.50593
   vertex 10.855 4.64997 3.50822
   vertex 10.855 4.65 3.5105
  endloop
 endfacet
 facet normal 1 0 0
  outer loop
   vertex 10.855 4.64984 3.50593
   vertex 10.855 4.64912 3.51924
   vertex 10.855 4.63413 3.54644
  endloop
 endfacet
 facet normal 1 0 0
  outer loop
   vertex 10.855 4.64984 3.50593
   vertex 10.855 4.64948 3.51712
   vertex 10.855 4.64912 3.51924
  endloop
 endfacet
 facet normal 1 0 -0
  outer loop
   vertex 10.855 4.64984 3.50593
   vertex 10.855 4.65 3.5105
   vertex 10.855 4.64948 3.51712
  endloop
 endfacet
 facet normal 1 -1.18197e-12 1.68283e-11
  outer loop
   vertex 10.855 4.60699 3.46039
   vertex 10.855 4.6 3.4599
   vertex 10.855 4.60228 3.45995
  endloop
 endfacet
 facet normal 1 1.90854e-12 -1.63379e-11
  outer loop
   vertex 10.855 4.60699 3.46039
   vertex 10.855 4.60228 3.45995
   vertex 10.855 4.60461 3.46011
  endloop
 endfacet
 facet normal 1 1.61471e-11 -2.43179e-12
  outer loop
   vertex 10.855 4.64879 3.49898
   vertex 10.855 4.64925 3.5013
   vertex 10.855 4.6496 3.50362
  endloop
 endfacet
 facet normal 1 5.4655e-12 -5.6374e-13
  outer loop
   vertex 10.855 4.64879 3.49898
   vertex 10.855 4.6496 3.50362
   vertex 10.855 4.64984 3.50593
  endloop
 endfacet
 facet normal 1 6.12436e-12 -3.23101e-11
  outer loop
   vertex 10.855 4.61161 3.46127
   vertex 10.855 4.60699 3.46039
   vertex 10.855 4.60941 3.46079
  endloop
 endfacet
 facet normal 1 0 0
  outer loop
   vertex 10.855 4.61161 3.46127
   vertex 10.855 4.6 3.4599
   vertex 10.855 4.60699 3.46039
  endloop
 endfacet
 facet normal 1 0 0
  outer loop
   vertex 10.855 4.61563 3.4624
   vertex 10.855 4.61161 3.46127
   vertex 10.855 4.61361 3.46179
  endloop
 endfacet
 facet normal 1 0 0
  outer loop
   vertex 10.855 4.64672 3.4921
   vertex 10.855 4.64753 3.49437
   vertex 10.855 4.64822 3.49666
  endloop
 endfacet
 facet normal 1 1.01023e-11 -3.30266e-12
  outer loop
   vertex 10.855 4.64672 3.4921
   vertex 10.855 4.64822 3.49666
   vertex 10.855 4.64879 3.49898
  endloop
 endfacet
 facet normal 1 -4.38489e-13 -9.05145e-14
  outer loop
   vertex 10.855 4.64581 3.48986
   vertex 10.855 4.63413 3.54644
   vertex 10.855 4.62913 3.55053
  endloop
 endfacet
 facet normal 1 0 -0
  outer loop
   vertex 10.855 4.64581 3.48986
   vertex 10.855 4.64984 3.50593
   vertex 10.855 4.63413 3.54644
  endloop
 endfacet
 facet normal 1 -2.61612e-12 6.5681e-13
  outer loop
   vertex 10.855 4.64581 3.48986
   vertex 10.855 4.64879 3.49898
   vertex 10.855 4.64984 3.50593
  endloop
 endfacet
 facet normal 1 2.44307e-12 -9.99174e-13
  outer loop
   vertex 10.855 4.64581 3.48986
   vertex 10.855 4.64672 3.4921
   vertex 10.855 4.64879 3.49898
  endloop
 endfacet
 facet normal 1 0 0
  outer loop
   vertex 10.855 4.62562 3.46696
   vertex 10.855 4.62166 3.46484
   vertex 10.855 4.62365 3.46585
  endloop
 endfacet
 facet normal 1 -5.54857e-12 1.03268e-11
  outer loop
   vertex 10.855 4.62756 3.46818
   vertex 10.855 4.62166 3.46484
   vertex 10.855 4.62562 3.46696
  endloop
 endfacet
 facet normal 1 2.91931e-12 -5.71604e-12
  outer loop
   vertex 10.855 4.62756 3.46818
   vertex 10.855 4.61563 3.4624
   vertex 10.855 4.61764 3.46312
  endloop
 endfacet
 facet normal 1 -4.24617e-12 8.31406e-12
  outer loop
   vertex 10.855 4.62756 3.46818
   vertex 10.855 4.61764 3.46312
   vertex 10.855 4.61966 3.46393
  endloop
 endfacet
 facet normal 1 -1.23552e-12 2.72229e-12
  outer loop
   vertex 10.855 4.62756 3.46818
   vertex 10.855 4.61966 3.46393
   vertex 10.855 4.62166 3.46484
  endloop
 endfacet
 facet normal 1 6.86236e-14 -8.71869e-15
  outer loop
   vertex 10.855 4.62756 3.46818
   vertex 10.855 4.6125 3.55831
   vertex 10.855 4.6 3.4599
  endloop
 endfacet
 facet normal 1 -4.25321e-14 3.61223e-13
  outer loop
   vertex 10.855 4.62756 3.46818
   vertex 10.855 4.6 3.4599
   vertex 10.855 4.61161 3.46127
  endloop
 endfacet
 facet normal 1 -2.15239e-13 7.59577e-13
  outer loop
   vertex 10.855 4.62756 3.46818
   vertex 10.855 4.61161 3.46127
   vertex 10.855 4.61563 3.4624
  endloop
 endfacet
 facet normal 1 1.28771e-11 -8.48042e-12
  outer loop
   vertex 10.855 4.64108 3.48139
   vertex 10.855 4.64241 3.48342
   vertex 10.855 4.64365 3.48551
  endloop
 endfacet
 facet normal 1 -4.55172e-12 2.3999e-12
  outer loop
   vertex 10.855 4.64108 3.48139
   vertex 10.855 4.64365 3.48551
   vertex 10.855 4.64478 3.48766
  endloop
 endfacet
 facet normal 1 -2.33495e-12 1.08976e-12
  outer loop
   vertex 10.855 4.64108 3.48139
   vertex 10.855 4.64478 3.48766
   vertex 10.855 4.64581 3.48986
  endloop
 endfacet
 facet normal 1 -9.87846e-15 -2.73184e-14
  outer loop
   vertex 10.855 4.64108 3.48139
   vertex 10.855 4.62135 3.55511
   vertex 10.855 4.6125 3.55831
  endloop
 endfacet
 facet normal 1 -2.93767e-13 -5.07458e-14
  outer loop
   vertex 10.855 4.64108 3.48139
   vertex 10.855 4.64581 3.48986
   vertex 10.855 4.62913 3.55053
  endloop
 endfacet
 facet normal 1 2.60133e-13 4.49359e-14
  outer loop
   vertex 10.855 4.64108 3.48139
   vertex 10.855 4.62913 3.55053
   vertex 10.855 4.62135 3.55511
  endloop
 endfacet
 facet normal 1 -1.20791e-11 9.75315e-12
  outer loop
   vertex 10.855 4.63813 3.47756
   vertex 10.855 4.63965 3.47944
   vertex 10.855 4.64108 3.48139
  endloop
 endfacet
 facet normal 1 -7.03281e-12 8.75047e-12
  outer loop
   vertex 10.855 4.63312 3.47244
   vertex 10.855 4.62756 3.46818
   vertex 10.855 4.62946 3.4695
  endloop
 endfacet
 facet normal 1 0 0
  outer loop
   vertex 10.855 4.63312 3.47244
   vertex 10.855 4.62946 3.4695
   vertex 10.855 4.63131 3.47092
  endloop
 endfacet
 facet normal 1 2.94132e-13 8.56215e-14
  outer loop
   vertex 10.855 4.63653 3.47576
   vertex 10.855 4.64108 3.48139
   vertex 10.855 4.6125 3.55831
  endloop
 endfacet
 facet normal 1 -3.88187e-12 3.45624e-12
  outer loop
   vertex 10.855 4.63653 3.47576
   vertex 10.855 4.63813 3.47756
   vertex 10.855 4.64108 3.48139
  endloop
 endfacet
 facet normal 1 -1.62679e-13 -4.73557e-14
  outer loop
   vertex 10.855 4.63653 3.47576
   vertex 10.855 4.6125 3.55831
   vertex 10.855 4.62756 3.46818
  endloop
 endfacet
 facet normal 1 -6.85521e-12 8.5187e-12
  outer loop
   vertex 10.855 4.63486 3.47406
   vertex 10.855 4.62756 3.46818
   vertex 10.855 4.63312 3.47244
  endloop
 endfacet
 facet normal 1 4.05909e-12 -5.04407e-12
  outer loop
   vertex 10.855 4.63486 3.47406
   vertex 10.855 4.63653 3.47576
   vertex 10.855 4.62756 3.46818
  endloop
 endfacet
 facet normal 1.8946e-16 -0.0138339 -0.999904
  outer loop
   vertex 10.895 3.6 3.4599
   vertex 13.295 3.6 3.4599
   vertex 13.295 3.59862 3.45992
  endloop
 endfacet
 facet normal 1.57702e-16 -0.0417083 -0.99913
  outer loop
   vertex 10.895 3.59862 3.45992
   vertex 13.295 3.59862 3.45992
   vertex 13.295 3.59721 3.45998
  endloop
 endfacet
 facet normal 1.78975e-16 -0.0138339 -0.999904
  outer loop
   vertex 10.895 3.59862 3.45992
   vertex 10.895 3.6 3.4599
   vertex 13.295 3.59862 3.45992
  endloop
 endfacet
 facet normal 2.92979e-16 -0.0746954 -0.997206
  outer loop
   vertex 10.895 3.59721 3.45998
   vertex 13.295 3.59721 3.45998
   vertex 13.295 3.59532 3.46012
  endloop
 endfacet
 facet normal 3.3121e-16 -0.0417083 -0.99913
  outer loop
   vertex 10.895 3.59721 3.45998
   vertex 10.895 3.59862 3.45992
   vertex 13.295 3.59721 3.45998
  endloop
 endfacet
 facet normal 4.1507e-16 -0.11289 -0.993608
  outer loop
   vertex 10.895 3.59532 3.46012
   vertex 13.295 3.59532 3.46012
   vertex 13.295 3.59339 3.46034
  endloop
 endfacet
 facet normal 4.67774e-16 -0.0746954 -0.997206
  outer loop
   vertex 10.895 3.59532 3.46012
   vertex 10.895 3.59721 3.45998
   vertex 13.295 3.59532 3.46012
  endloop
 endfacet
 facet normal 3.60697e-16 -0.151666 -0.988432
  outer loop
   vertex 10.895 3.59339 3.46034
   vertex 13.295 3.59339 3.46034
   vertex 13.295 3.59144 3.46064
  endloop
 endfacet
 facet normal 4.1507e-16 -0.11289 -0.993608
  outer loop
   vertex 10.895 3.59339 3.46034
   vertex 10.895 3.59532 3.46012
   vertex 13.295 3.59339 3.46034
  endloop
 endfacet
 facet normal 2.68537e-16 -0.190944 -0.981601
  outer loop
   vertex 10.895 3.59144 3.46064
   vertex 13.295 3.59144 3.46064
   vertex 13.295 3.58947 3.46102
  endloop
 endfacet
 facet normal 3.3196e-16 -0.151666 -0.988432
  outer loop
   vertex 10.895 3.59144 3.46064
   vertex 10.895 3.59339 3.46034
   vertex 13.295 3.59144 3.46064
  endloop
 endfacet
 facet normal 4.75275e-16 -0.230637 -0.97304
  outer loop
   vertex 10.895 3.58947 3.46102
   vertex 13.295 3.58947 3.46102
   vertex 13.295 3.58747 3.46149
  endloop
 endfacet
 facet normal 5.26889e-16 -0.190944 -0.981601
  outer loop
   vertex 10.895 3.58947 3.46102
   vertex 10.895 3.59144 3.46064
   vertex 13.295 3.58947 3.46102
  endloop
 endfacet
 facet normal 2.47204e-16 -0.230637 -0.97304
  outer loop
   vertex 10.895 3.58747 3.46149
   vertex 10.895 3.58947 3.46102
   vertex 13.295 3.58747 3.46149
  endloop
 endfacet
 facet normal 1.36967e-16 -0.270646 -0.962679
  outer loop
   vertex 10.895 3.58547 3.46206
   vertex 13.295 3.58747 3.46149
   vertex 13.295 3.58547 3.46206
  endloop
 endfacet
 facet normal 1.88247e-16 -0.270646 -0.962679
  outer loop
   vertex 10.895 3.58547 3.46206
   vertex 10.895 3.58747 3.46149
   vertex 13.295 3.58747 3.46149
  endloop
 endfacet
 facet normal 1.77316e-16 -0.351178 -0.936309
  outer loop
   vertex 10.895 3.58345 3.46272
   vertex 13.295 3.58345 3.46272
   vertex 13.295 3.58144 3.46347
  endloop
 endfacet
 facet normal 2.49144e-16 -0.310865 -0.950454
  outer loop
   vertex 10.895 3.58345 3.46272
   vertex 13.295 3.58547 3.46206
   vertex 13.295 3.58345 3.46272
  endloop
 endfacet
 facet normal 6.9065e-17 -0.310865 -0.950454
  outer loop
   vertex 10.895 3.58345 3.46272
   vertex 10.895 3.58547 3.46206
   vertex 13.295 3.58547 3.46206
  endloop
 endfacet
 facet normal 1.77316e-16 -0.351178 -0.936309
  outer loop
   vertex 10.895 3.58144 3.46347
   vertex 10.895 3.58345 3.46272
   vertex 13.295 3.58144 3.46347
  endloop
 endfacet
 facet normal 5.34885e-16 -0.431583 -0.902073
  outer loop
   vertex 10.895 3.57943 3.46433
   vertex 13.295 3.57943 3.46433
   vertex 13.295 3.57743 3.46529
  endloop
 endfacet
 facet normal 6.011e-16 -0.391461 -0.920195
  outer loop
   vertex 10.895 3.57943 3.46433
   vertex 13.295 3.58144 3.46347
   vertex 13.295 3.57943 3.46433
  endloop
 endfacet
 facet normal 1.04048e-16 -0.391461 -0.920195
  outer loop
   vertex 10.895 3.57943 3.46433
   vertex 10.895 3.58144 3.46347
   vertex 13.295 3.58144 3.46347
  endloop
 endfacet
 facet normal 2.99593e-16 -0.471406 -0.881916
  outer loop
   vertex 10.895 3.57743 3.46529
   vertex 13.295 3.57743 3.46529
   vertex 13.295 3.57545 3.46634
  endloop
 endfacet
 facet normal 3.63962e-16 -0.431583 -0.902073
  outer loop
   vertex 10.895 3.57743 3.46529
   vertex 10.895 3.57943 3.46433
   vertex 13.295 3.57743 3.46529
  endloop
 endfacet
 facet normal 2.99899e-16 -0.510784 -0.859709
  outer loop
   vertex 10.895 3.57545 3.46634
   vertex 13.295 3.57545 3.46634
   vertex 13.295 3.57349 3.46751
  endloop
 endfacet
 facet normal 3.77375e-16 -0.471406 -0.881916
  outer loop
   vertex 10.895 3.57545 3.46634
   vertex 10.895 3.57743 3.46529
   vertex 13.295 3.57545 3.46634
  endloop
 endfacet
 facet normal 1.66706e-16 -0.54957 -0.835447
  outer loop
   vertex 10.895 3.57349 3.46751
   vertex 13.295 3.57349 3.46751
   vertex 13.295 3.57157 3.46877
  endloop
 endfacet
 facet normal 2.33785e-16 -0.510784 -0.859709
  outer loop
   vertex 10.895 3.57349 3.46751
   vertex 10.895 3.57545 3.46634
   vertex 13.295 3.57349 3.46751
  endloop
 endfacet
 facet normal 3.25005e-16 -0.54957 -0.835447
  outer loop
   vertex 10.895 3.57157 3.46877
   vertex 10.895 3.57349 3.46751
   vertex 13.295 3.57157 3.46877
  endloop
 endfacet
 facet normal 3.63191e-16 -0.587612 -0.809143
  outer loop
   vertex 10.895 3.56969 3.47014
   vertex 13.295 3.57157 3.46877
   vertex 13.295 3.56969 3.47014
  endloop
 endfacet
 facet normal 2.51861e-16 -0.587612 -0.809143
  outer loop
   vertex 10.895 3.56969 3.47014
   vertex 10.895 3.57157 3.46877
   vertex 13.295 3.57157 3.46877
  endloop
 endfacet
 facet normal 8.49577e-17 -0.660846 -0.750522
  outer loop
   vertex 10.895 3.56785 3.4716
   vertex 13.295 3.56785 3.4716
   vertex 13.295 3.56608 3.47317
  endloop
 endfacet
 facet normal 1.47856e-16 -0.624755 -0.780821
  outer loop
   vertex 10.895 3.56785 3.4716
   vertex 13.295 3.56969 3.47014
   vertex 13.295 3.56785 3.4716
  endloop
 endfacet
 facet normal 2.95805e-16 -0.624755 -0.780821
  outer loop
   vertex 10.895 3.56785 3.4716
   vertex 10.895 3.56969 3.47014
   vertex 13.295 3.56969 3.47014
  endloop
 endfacet
 facet normal 2.13796e-17 -0.695733 -0.7183
  outer loop
   vertex 10.895 3.56608 3.47317
   vertex 13.295 3.56608 3.47317
   vertex 13.295 3.56437 3.47482
  endloop
 endfacet
 facet normal 8.49577e-17 -0.660846 -0.750522
  outer loop
   vertex 10.895 3.56608 3.47317
   vertex 10.895 3.56785 3.4716
   vertex 13.295 3.56608 3.47317
  endloop
 endfacet
 facet normal 4.84447e-16 -0.729269 -0.684227
  outer loop
   vertex 10.895 3.56437 3.47482
   vertex 13.295 3.56437 3.47482
   vertex 13.295 3.56273 3.47657
  endloop
 endfacet
 facet normal 5.61512e-16 -0.695733 -0.7183
  outer loop
   vertex 10.895 3.56437 3.47482
   vertex 10.895 3.56608 3.47317
   vertex 13.295 3.56437 3.47482
  endloop
 endfacet
 facet normal 2.82983e-16 -0.761309 -0.648389
  outer loop
   vertex 10.895 3.56273 3.47657
   vertex 13.295 3.56273 3.47657
   vertex 13.295 3.56116 3.47841
  endloop
 endfacet
 facet normal 3.54801e-16 -0.729269 -0.684227
  outer loop
   vertex 10.895 3.56273 3.47657
   vertex 10.895 3.56437 3.47482
   vertex 13.295 3.56273 3.47657
  endloop
 endfacet
 facet normal 4.75953e-16 -0.79172 -0.610885
  outer loop
   vertex 10.895 3.56116 3.47841
   vertex 13.295 3.56116 3.47841
   vertex 13.295 3.55969 3.48032
  endloop
 endfacet
 facet normal 5.5009e-16 -0.761309 -0.648389
  outer loop
   vertex 10.895 3.56116 3.47841
   vertex 10.895 3.56273 3.47657
   vertex 13.295 3.56116 3.47841
  endloop
 endfacet
 facet normal 2.45019e-16 -0.820374 -0.571828
  outer loop
   vertex 10.895 3.55969 3.48032
   vertex 13.295 3.55969 3.48032
   vertex 13.295 3.5583 3.48231
  endloop
 endfacet
 facet normal 3.2594e-16 -0.79172 -0.610885
  outer loop
   vertex 10.895 3.55969 3.48032
   vertex 10.895 3.56116 3.47841
   vertex 13.295 3.55969 3.48032
  endloop
 endfacet
 facet normal 1.63355e-16 -0.847156 -0.531344
  outer loop
   vertex 10.895 3.5583 3.48231
   vertex 13.295 3.5583 3.48231
   vertex 13.295 3.55701 3.48437
  endloop
 endfacet
 facet normal 2.45019e-16 -0.820374 -0.571828
  outer loop
   vertex 10.895 3.5583 3.48231
   vertex 10.895 3.55969 3.48032
   vertex 13.295 3.5583 3.48231
  endloop
 endfacet
 facet normal 4.2455e-16 -0.847156 -0.531344
  outer loop
   vertex 10.895 3.55701 3.48437
   vertex 10.895 3.5583 3.48231
   vertex 13.295 3.55701 3.48437
  endloop
 endfacet
 facet normal 2.4645e-16 -0.871963 -0.489571
  outer loop
   vertex 10.895 3.55582 3.48649
   vertex 13.295 3.55701 3.48437
   vertex 13.295 3.55582 3.48649
  endloop
 endfacet
 facet normal 3.39221e-16 -0.871963 -0.489571
  outer loop
   vertex 10.895 3.55582 3.48649
   vertex 10.895 3.55701 3.48437
   vertex 13.295 3.55701 3.48437
  endloop
 endfacet
 facet normal 9.02066e-17 -0.91531 -0.402751
  outer loop
   vertex 10.895 3.55474 3.48866
   vertex 13.295 3.55474 3.48866
   vertex 13.295 3.55376 3.49088
  endloop
 endfacet
 facet normal 1.6847e-16 -0.894706 -0.446655
  outer loop
   vertex 10.895 3.55474 3.48866
   vertex 13.295 3.55582 3.48649
   vertex 13.295 3.55474 3.48866
  endloop
 endfacet
 facet normal 1.68464e-16 -0.894706 -0.446655
  outer loop
   vertex 10.895 3.55474 3.48866
   vertex 10.895 3.55582 3.48649
   vertex 13.295 3.55582 3.48649
  endloop
 endfacet
 facet normal -5.5898e-17 -0.933714 -0.358019
  outer loop
   vertex 10.895 3.55376 3.49088
   vertex 13.295 3.55376 3.49088
   vertex 13.295 3.5529 3.49313
  endloop
 endfacet
 facet normal 1.38941e-17 -0.91531 -0.402751
  outer loop
   vertex 10.895 3.55376 3.49088
   vertex 10.895 3.55474 3.48866
   vertex 13.295 3.55376 3.49088
  endloop
 endfacet
 facet normal -2.43766e-16 -0.949877 -0.312624
  outer loop
   vertex 10.895 3.5529 3.49313
   vertex 13.295 3.5529 3.49313
   vertex 13.295 3.55214 3.49542
  endloop
 endfacet
 facet normal -1.91571e-16 -0.933714 -0.358019
  outer loop
   vertex 10.895 3.5529 3.49313
   vertex 10.895 3.55376 3.49088
   vertex 13.295 3.5529 3.49313
  endloop
 endfacet
 facet normal 5.46857e-17 -0.949877 -0.312624
  outer loop
   vertex 10.895 3.55214 3.49542
   vertex 10.895 3.5529 3.49313
   vertex 13.295 3.55214 3.49542
  endloop
 endfacet
 facet normal -6.19871e-17 -0.963771 -0.266732
  outer loop
   vertex 10.895 3.55151 3.49772
   vertex 13.295 3.55214 3.49542
   vertex 13.295 3.55151 3.49772
  endloop
 endfacet
 facet normal -1.14546e-17 -0.963771 -0.266732
  outer loop
   vertex 10.895 3.55151 3.49772
   vertex 10.895 3.55214 3.49542
   vertex 13.295 3.55214 3.49542
  endloop
 endfacet
 facet normal -1.42214e-16 -0.984723 -0.174127
  outer loop
   vertex 10.895 3.55098 3.50004
   vertex 13.295 3.55098 3.50004
   vertex 13.295 3.55057 3.50236
  endloop
 endfacet
 facet normal -7.71527e-17 -0.975384 -0.220512
  outer loop
   vertex 10.895 3.55098 3.50004
   vertex 13.295 3.55151 3.49772
   vertex 13.295 3.55098 3.50004
  endloop
 endfacet
 facet normal -1.18933e-16 -0.975384 -0.220512
  outer loop
   vertex 10.895 3.55098 3.50004
   vertex 10.895 3.55151 3.49772
   vertex 13.295 3.55151 3.49772
  endloop
 endfacet
 facet normal -2.16169e-17 -0.984723 -0.174127
  outer loop
   vertex 10.895 3.55057 3.50236
   vertex 10.895 3.55098 3.50004
   vertex 13.295 3.55057 3.50236
  endloop
 endfacet
 facet normal 1.23552e-16 -0.996673 -0.081508
  outer loop
   vertex 10.895 3.55027 3.50467
   vertex 13.295 3.55027 3.50467
   vertex 13.295 3.55009 3.50698
  endloop
 endfacet
 facet normal 1.93632e-16 -0.991808 -0.127741
  outer loop
   vertex 10.895 3.55027 3.50467
   vertex 13.295 3.55057 3.50236
   vertex 13.295 3.55027 3.50467
  endloop
 endfacet
 facet normal -6.69173e-17 -0.991808 -0.127741
  outer loop
   vertex 10.895 3.55027 3.50467
   vertex 10.895 3.55057 3.50236
   vertex 13.295 3.55057 3.50236
  endloop
 endfacet
 facet normal -9.61837e-17 -0.996673 -0.081508
  outer loop
   vertex 10.895 3.55009 3.50698
   vertex 10.895 3.55027 3.50467
   vertex 13.295 3.55009 3.50698
  endloop
 endfacet
 facet normal 2.36549e-16 -0.999367 -0.0355794
  outer loop
   vertex 10.895 3.55 3.50926
   vertex 13.295 3.55009 3.50698
   vertex 13.295 3.55 3.50926
  endloop
 endfacet
 facet normal -1.48912e-16 -0.999367 -0.0355794
  outer loop
   vertex 10.895 3.55 3.50926
   vertex 10.895 3.55009 3.50698
   vertex 13.295 3.55009 3.50698
  endloop
 endfacet
 facet normal -1.31359e-17 -0.999951 0.00990381
  outer loop
   vertex 10.895 3.55003 3.51153
   vertex 13.295 3.55 3.50926
   vertex 13.295 3.55003 3.51153
  endloop
 endfacet
 facet normal 1.76332e-16 -0.999951 0.00990381
  outer loop
   vertex 10.895 3.55003 3.51153
   vertex 10.895 3.55 3.50926
   vertex 13.295 3.55 3.50926
  endloop
 endfacet
 facet normal 1.16497e-16 -0.998497 0.0548091
  outer loop
   vertex 10.895 3.55015 3.51375
   vertex 13.295 3.55003 3.51153
   vertex 13.295 3.55015 3.51375
  endloop
 endfacet
 facet normal -7.26934e-17 -0.998497 0.0548091
  outer loop
   vertex 10.895 3.55015 3.51375
   vertex 10.895 3.55003 3.51153
   vertex 13.295 3.55003 3.51153
  endloop
 endfacet
 facet normal 7.59809e-17 -0.995086 0.0990141
  outer loop
   vertex 10.895 3.55037 3.51594
   vertex 13.295 3.55015 3.51375
   vertex 13.295 3.55037 3.51594
  endloop
 endfacet
 facet normal 5.72252e-17 -0.995086 0.0990141
  outer loop
   vertex 10.895 3.55037 3.51594
   vertex 10.895 3.55015 3.51375
   vertex 13.295 3.55015 3.51375
  endloop
 endfacet
 facet normal -2.10194e-16 -0.98276 0.184888
  outer loop
   vertex 10.895 3.55068 3.51809
   vertex 13.295 3.55068 3.51809
   vertex 13.295 3.55107 3.52019
  endloop
 endfacet
 facet normal -1.61898e-16 -0.989808 0.142407
  outer loop
   vertex 10.895 3.55068 3.51809
   vertex 13.295 3.55037 3.51594
   vertex 13.295 3.55068 3.51809
  endloop
 endfacet
 facet normal 2.56487e-17 -0.989808 0.142407
  outer loop
   vertex 10.895 3.55068 3.51809
   vertex 10.895 3.55037 3.51594
   vertex 13.295 3.55037 3.51594
  endloop
 endfacet
 facet normal -2.14459e-16 -0.974042 0.226368
  outer loop
   vertex 10.895 3.55107 3.52019
   vertex 13.295 3.55107 3.52019
   vertex 13.295 3.55155 3.52224
  endloop
 endfacet
 facet normal -1.75161e-16 -0.98276 0.184888
  outer loop
   vertex 10.895 3.55107 3.52019
   vertex 10.895 3.55068 3.51809
   vertex 13.295 3.55107 3.52019
  endloop
 endfacet
 facet normal -2.14459e-16 -0.974042 0.226368
  outer loop
   vertex 10.895 3.55155 3.52224
   vertex 10.895 3.55107 3.52019
   vertex 13.295 3.55155 3.52224
  endloop
 endfacet
 facet normal -1.67524e-16 -0.952023 0.306026
  outer loop
   vertex 10.895 3.5521 3.52423
   vertex 13.295 3.5521 3.52423
   vertex 13.295 3.55272 3.52616
  endloop
 endfacet
 facet normal -1.2067e-16 -0.96376 0.266769
  outer loop
   vertex 10.895 3.5521 3.52423
   vertex 13.295 3.55155 3.52224
   vertex 13.295 3.5521 3.52423
  endloop
 endfacet
 facet normal -2.52743e-16 -0.96376 0.266769
  outer loop
   vertex 10.895 3.5521 3.52423
   vertex 10.895 3.55155 3.52224
   vertex 13.295 3.55155 3.52224
  endloop
 endfacet
 facet normal -5.15532e-17 -0.952023 0.306026
  outer loop
   vertex 10.895 3.55272 3.52616
   vertex 10.895 3.5521 3.52423
   vertex 13.295 3.55272 3.52616
  endloop
 endfacet
 facet normal -1.48072e-16 -0.93894 0.344082
  outer loop
   vertex 10.895 3.55341 3.52804
   vertex 13.295 3.55272 3.52616
   vertex 13.295 3.55341 3.52804
  endloop
 endfacet
 facet normal -8.28802e-17 -0.93894 0.344082
  outer loop
   vertex 10.895 3.55341 3.52804
   vertex 10.895 3.55272 3.52616
   vertex 13.295 3.55272 3.52616
  endloop
 endfacet
 facet normal 2.89189e-17 -0.909169 0.416428
  outer loop
   vertex 10.895 3.55415 3.52985
   vertex 13.295 3.55415 3.52985
   vertex 13.295 3.55495 3.53159
  endloop
 endfacet
 facet normal 6.17052e-17 -0.924619 0.380895
  outer loop
   vertex 10.895 3.55415 3.52985
   vertex 13.295 3.55341 3.52804
   vertex 13.295 3.55415 3.52985
  endloop
 endfacet
 facet normal -1.85673e-16 -0.924619 0.380895
  outer loop
   vertex 10.895 3.55415 3.52985
   vertex 10.895 3.55341 3.52804
   vertex 13.295 3.55341 3.52804
  endloop
 endfacet
 facet normal -3.26703e-18 -0.892696 0.450659
  outer loop
   vertex 10.895 3.55495 3.53159
   vertex 13.295 3.55495 3.53159
   vertex 13.295 3.5558 3.53327
  endloop
 endfacet
 facet normal 2.89189e-17 -0.909169 0.416428
  outer loop
   vertex 10.895 3.55495 3.53159
   vertex 10.895 3.55415 3.52985
   vertex 13.295 3.55495 3.53159
  endloop
 endfacet
 facet normal 3.94239e-17 -0.875306 0.48357
  outer loop
   vertex 10.895 3.5558 3.53327
   vertex 13.295 3.5558 3.53327
   vertex 13.295 3.55669 3.53488
  endloop
 endfacet
 facet normal 8.04894e-17 -0.892696 0.450659
  outer loop
   vertex 10.895 3.5558 3.53327
   vertex 10.895 3.55495 3.53159
   vertex 13.295 3.5558 3.53327
  endloop
 endfacet
 facet normal -6.5956e-17 -0.856904 0.515475
  outer loop
   vertex 10.895 3.55669 3.53488
   vertex 13.295 3.55669 3.53488
   vertex 13.295 3.55764 3.53646
  endloop
 endfacet
 facet normal -3.48013e-17 -0.875306 0.48357
  outer loop
   vertex 10.895 3.55669 3.53488
   vertex 10.895 3.5558 3.53327
   vertex 13.295 3.55669 3.53488
  endloop
 endfacet
 facet normal 3.17153e-17 -0.856904 0.515475
  outer loop
   vertex 10.895 3.55764 3.53646
   vertex 10.895 3.55669 3.53488
   vertex 13.295 3.55764 3.53646
  endloop
 endfacet
 facet normal 6.30778e-18 -0.837136 0.546994
  outer loop
   vertex 10.895 3.55764 3.53646
   vertex 13.295 3.55764 3.53646
   vertex 13.295 3.55866 3.53803
  endloop
 endfacet
 facet normal 6.30778e-18 -0.837136 0.546994
  outer loop
   vertex 10.895 3.55866 3.53803
   vertex 10.895 3.55764 3.53646
   vertex 13.295 3.55866 3.53803
  endloop
 endfacet
 facet normal -1.96303e-17 -0.815768 0.578379
  outer loop
   vertex 10.895 3.55866 3.53803
   vertex 13.295 3.55866 3.53803
   vertex 13.295 3.55977 3.5396
  endloop
 endfacet
 facet normal -8.07756e-17 -0.792761 0.609533
  outer loop
   vertex 10.895 3.55977 3.5396
   vertex 13.295 3.55977 3.5396
   vertex 13.295 3.56097 3.54115
  endloop
 endfacet
 facet normal -6.46103e-17 -0.815768 0.578379
  outer loop
   vertex 10.895 3.55977 3.5396
   vertex 10.895 3.55866 3.53803
   vertex 13.295 3.55977 3.5396
  endloop
 endfacet
 facet normal -1.96269e-16 -0.792761 0.609533
  outer loop
   vertex 10.895 3.56097 3.54115
   vertex 10.895 3.55977 3.5396
   vertex 13.295 3.56097 3.54115
  endloop
 endfacet
 facet normal 4.84044e-17 -0.768082 0.640351
  outer loop
   vertex 10.895 3.56224 3.54268
   vertex 13.295 3.56097 3.54115
   vertex 13.295 3.56224 3.54268
  endloop
 endfacet
 facet normal -2.18438e-16 -0.768082 0.640351
  outer loop
   vertex 10.895 3.56224 3.54268
   vertex 10.895 3.56097 3.54115
   vertex 13.295 3.56097 3.54115
  endloop
 endfacet
 facet normal 2.69003e-17 -0.741708 0.670723
  outer loop
   vertex 10.895 3.5636 3.54418
   vertex 13.295 3.56224 3.54268
   vertex 13.295 3.5636 3.54418
  endloop
 endfacet
 facet normal 2.68939e-17 -0.741708 0.670723
  outer loop
   vertex 10.895 3.5636 3.54418
   vertex 10.895 3.56224 3.54268
   vertex 13.295 3.56224 3.54268
  endloop
 endfacet
 facet normal 1.12198e-16 -0.683817 0.729654
  outer loop
   vertex 10.895 3.56505 3.54566
   vertex 13.295 3.56505 3.54566
   vertex 13.295 3.56658 3.54709
  endloop
 endfacet
 facet normal 1.40177e-16 -0.713622 0.700531
  outer loop
   vertex 10.895 3.56505 3.54566
   vertex 13.295 3.5636 3.54418
   vertex 13.295 3.56505 3.54566
  endloop
 endfacet
 facet normal 4.92624e-18 -0.713622 0.700531
  outer loop
   vertex 10.895 3.56505 3.54566
   vertex 10.895 3.5636 3.54418
   vertex 13.295 3.5636 3.54418
  endloop
 endfacet
 facet normal -1.55624e-16 -0.683817 0.729654
  outer loop
   vertex 10.895 3.56658 3.54709
   vertex 10.895 3.56505 3.54566
   vertex 13.295 3.56658 3.54709
  endloop
 endfacet
 facet normal -4.00445e-17 -0.652295 0.757965
  outer loop
   vertex 10.895 3.5682 3.54849
   vertex 13.295 3.56658 3.54709
   vertex 13.295 3.5682 3.54849
  endloop
 endfacet
 facet normal -1.83681e-16 -0.652295 0.757965
  outer loop
   vertex 10.895 3.5682 3.54849
   vertex 10.895 3.56658 3.54709
   vertex 13.295 3.56658 3.54709
  endloop
 endfacet
 facet normal -6.29617e-17 -0.619071 0.785335
  outer loop
   vertex 10.895 3.56991 3.54983
   vertex 10.895 3.5682 3.54849
   vertex 13.295 3.5682 3.54849
  endloop
 endfacet
 facet normal -1.80307e-16 -0.619071 0.785335
  outer loop
   vertex 10.895 3.56991 3.54983
   vertex 13.295 3.5682 3.54849
   vertex 13.295 3.56991 3.54983
  endloop
 endfacet
 facet normal -1.96906e-16 -0.584171 0.81163
  outer loop
   vertex 10.895 3.57169 3.55111
   vertex 10.895 3.56991 3.54983
   vertex 13.295 3.56991 3.54983
  endloop
 endfacet
 facet normal 2.44906e-17 -0.584171 0.81163
  outer loop
   vertex 10.895 3.57169 3.55111
   vertex 13.295 3.56991 3.54983
   vertex 13.295 3.57169 3.55111
  endloop
 endfacet
 facet normal 4.89894e-17 -0.547634 0.836718
  outer loop
   vertex 10.895 3.57356 3.55234
   vertex 13.295 3.57169 3.55111
   vertex 13.295 3.57356 3.55234
  endloop
 endfacet
 facet normal -5.80493e-18 -0.547634 0.836718
  outer loop
   vertex 10.895 3.57356 3.55234
   vertex 10.895 3.57169 3.55111
   vertex 13.295 3.57169 3.55111
  endloop
 endfacet
 facet normal 3.0046e-17 -0.50951 0.860465
  outer loop
   vertex 10.895 3.5755 3.55349
   vertex 10.895 3.57356 3.55234
   vertex 13.295 3.57356 3.55234
  endloop
 endfacet
 facet normal 9.98276e-17 -0.469865 0.882738
  outer loop
   vertex 10.895 3.5755 3.55349
   vertex 13.295 3.5755 3.55349
   vertex 13.295 3.57752 3.55456
  endloop
 endfacet
 facet normal 1.26584e-16 -0.50951 0.860465
  outer loop
   vertex 10.895 3.5755 3.55349
   vertex 13.295 3.57356 3.55234
   vertex 13.295 3.5755 3.55349
  endloop
 endfacet
 facet normal 7.25548e-17 -0.428777 0.903411
  outer loop
   vertex 10.895 3.57752 3.55456
   vertex 13.295 3.57752 3.55456
   vertex 13.295 3.57961 3.55555
  endloop
 endfacet
 facet normal 9.98276e-17 -0.469865 0.882738
  outer loop
   vertex 10.895 3.57752 3.55456
   vertex 10.895 3.5755 3.55349
   vertex 13.295 3.57752 3.55456
  endloop
 endfacet
 facet normal -1.79865e-16 -0.428777 0.903411
  outer loop
   vertex 10.895 3.57961 3.55555
   vertex 10.895 3.57752 3.55456
   vertex 13.295 3.57961 3.55555
  endloop
 endfacet
 facet normal -1.29926e-16 -0.386337 0.922357
  outer loop
   vertex 10.895 3.58177 3.55646
   vertex 13.295 3.57961 3.55555
   vertex 13.295 3.58177 3.55646
  endloop
 endfacet
 facet normal -2.03155e-16 -0.386337 0.922357
  outer loop
   vertex 10.895 3.58177 3.55646
   vertex 10.895 3.57961 3.55555
   vertex 13.295 3.57961 3.55555
  endloop
 endfacet
 facet normal -1.92456e-16 -0.297839 0.954616
  outer loop
   vertex 10.895 3.58398 3.55726
   vertex 13.295 3.58398 3.55726
   vertex 13.295 3.58625 3.55797
  endloop
 endfacet
 facet normal -1.6124e-16 -0.342652 0.939462
  outer loop
   vertex 10.895 3.58398 3.55726
   vertex 13.295 3.58177 3.55646
   vertex 13.295 3.58398 3.55726
  endloop
 endfacet
 facet normal -1.61272e-16 -0.342652 0.939462
  outer loop
   vertex 10.895 3.58398 3.55726
   vertex 10.895 3.58177 3.55646
   vertex 13.295 3.58177 3.55646
  endloop
 endfacet
 facet normal 1.69302e-16 -0.297839 0.954616
  outer loop
   vertex 10.895 3.58625 3.55797
   vertex 10.895 3.58398 3.55726
   vertex 13.295 3.58625 3.55797
  endloop
 endfacet
 facet normal 1.43261e-16 -0.252027 0.96772
  outer loop
   vertex 10.895 3.58856 3.55857
   vertex 13.295 3.58625 3.55797
   vertex 13.295 3.58856 3.55857
  endloop
 endfacet
 facet normal 1.43242e-16 -0.252027 0.96772
  outer loop
   vertex 10.895 3.58856 3.55857
   vertex 10.895 3.58625 3.55797
   vertex 13.295 3.58625 3.55797
  endloop
 endfacet
 facet normal 8.97995e-17 -0.157977 0.987443
  outer loop
   vertex 10.895 3.59091 3.55907
   vertex 13.295 3.59091 3.55907
   vertex 13.295 3.5933 3.55945
  endloop
 endfacet
 facet normal 1.16731e-16 -0.205356 0.978687
  outer loop
   vertex 10.895 3.59091 3.55907
   vertex 13.295 3.58856 3.55857
   vertex 13.295 3.59091 3.55907
  endloop
 endfacet
 facet normal 1.16699e-16 -0.205356 0.978687
  outer loop
   vertex 10.895 3.59091 3.55907
   vertex 10.895 3.58856 3.55857
   vertex 13.295 3.58856 3.55857
  endloop
 endfacet
 facet normal 8.97995e-17 -0.157977 0.987443
  outer loop
   vertex 10.895 3.5933 3.55945
   vertex 10.895 3.59091 3.55907
   vertex 13.295 3.5933 3.55945
  endloop
 endfacet
 facet normal 6.25544e-17 -0.110047 0.993926
  outer loop
   vertex 10.895 3.5933 3.55945
   vertex 13.295 3.5933 3.55945
   vertex 13.295 3.5957 3.55972
  endloop
 endfacet
 facet normal -2.93249e-16 -0.110047 0.993926
  outer loop
   vertex 10.895 3.5957 3.55972
   vertex 10.895 3.5933 3.55945
   vertex 13.295 3.5957 3.55972
  endloop
 endfacet
 facet normal -1.7946e-16 -0.0131959 0.999913
  outer loop
   vertex 10.895 3.59813 3.55986
   vertex 13.295 3.59813 3.55986
   vertex 13.295 3.60056 3.5599
  endloop
 endfacet
 facet normal -1.42331e-16 -0.0617304 0.998093
  outer loop
   vertex 10.895 3.59813 3.55986
   vertex 13.295 3.5957 3.55972
   vertex 13.295 3.59813 3.55986
  endloop
 endfacet
 facet normal -3.31452e-16 -0.0617304 0.998093
  outer loop
   vertex 10.895 3.59813 3.55986
   vertex 10.895 3.5957 3.55972
   vertex 13.295 3.5957 3.55972
  endloop
 endfacet
 facet normal 1.91962e-16 -0.0131959 0.999913
  outer loop
   vertex 10.895 3.60056 3.5599
   vertex 10.895 3.59813 3.55986
   vertex 13.295 3.60056 3.5599
  endloop
 endfacet
 facet normal -4.76583e-17 0.0838414 0.996479
  outer loop
   vertex 10.895 3.60298 3.55981
   vertex 13.295 3.60298 3.55981
   vertex 13.295 3.6054 3.55961
  endloop
 endfacet
 facet normal -2.01142e-17 0.0353853 0.999374
  outer loop
   vertex 10.895 3.60298 3.55981
   vertex 13.295 3.60056 3.5599
   vertex 13.295 3.60298 3.55981
  endloop
 endfacet
 facet normal 1.82651e-16 0.0353853 0.999374
  outer loop
   vertex 10.895 3.60298 3.55981
   vertex 10.895 3.60056 3.5599
   vertex 13.295 3.60056 3.5599
  endloop
 endfacet
 facet normal -4.75686e-16 0.132002 0.991249
  outer loop
   vertex 10.895 3.6054 3.55961
   vertex 13.295 3.6054 3.55961
   vertex 13.295 3.6078 3.55929
  endloop
 endfacet
 facet normal -4.41166e-16 0.0838414 0.996479
  outer loop
   vertex 10.895 3.6054 3.55961
   vertex 10.895 3.60298 3.55981
   vertex 13.295 3.6054 3.55961
  endloop
 endfacet
 facet normal 1.37797e-16 0.132002 0.991249
  outer loop
   vertex 10.895 3.6078 3.55929
   vertex 10.895 3.6054 3.55961
   vertex 13.295 3.6078 3.55929
  endloop
 endfacet
 facet normal 1.18284e-16 0.1797 0.983721
  outer loop
   vertex 10.895 3.61017 3.55886
   vertex 10.895 3.6078 3.55929
   vertex 13.295 3.6078 3.55929
  endloop
 endfacet
 facet normal -4.29689e-17 0.226775 0.973947
  outer loop
   vertex 10.895 3.61017 3.55886
   vertex 13.295 3.61017 3.55886
   vertex 13.295 3.6125 3.55831
  endloop
 endfacet
 facet normal -3.40493e-17 0.1797 0.983721
  outer loop
   vertex 10.895 3.61017 3.55886
   vertex 13.295 3.6078 3.55929
   vertex 13.295 3.61017 3.55886
  endloop
 endfacet
 facet normal -1.28907e-16 0.226775 0.973947
  outer loop
   vertex 10.895 3.6125 3.55831
   vertex 10.895 3.61017 3.55886
   vertex 13.295 3.6125 3.55831
  endloop
 endfacet
 facet normal -1.03482e-16 0.273072 0.961994
  outer loop
   vertex 10.895 3.6148 3.55766
   vertex 13.295 3.6125 3.55831
   vertex 13.295 3.6148 3.55766
  endloop
 endfacet
 facet normal -1.55228e-16 0.273072 0.961994
  outer loop
   vertex 10.895 3.6148 3.55766
   vertex 10.895 3.6125 3.55831
   vertex 13.295 3.6125 3.55831
  endloop
 endfacet
 facet normal -3.00291e-16 0.318444 0.947942
  outer loop
   vertex 10.895 3.61704 3.55691
   vertex 13.295 3.6148 3.55766
   vertex 13.295 3.61704 3.55691
  endloop
 endfacet
 facet normal -1.20691e-16 0.318444 0.947942
  outer loop
   vertex 10.895 3.61704 3.55691
   vertex 10.895 3.6148 3.55766
   vertex 13.295 3.6148 3.55766
  endloop
 endfacet
 facet normal -7.69067e-17 0.405887 0.913923
  outer loop
   vertex 10.895 3.61923 3.55606
   vertex 13.295 3.61923 3.55606
   vertex 13.295 3.62135 3.55511
  endloop
 endfacet
 facet normal -6.87346e-17 0.362758 0.931884
  outer loop
   vertex 10.895 3.61923 3.55606
   vertex 13.295 3.61704 3.55691
   vertex 13.295 3.61923 3.55606
  endloop
 endfacet
 facet normal -3.14032e-16 0.362758 0.931884
  outer loop
   vertex 10.895 3.61923 3.55606
   vertex 10.895 3.61704 3.55691
   vertex 13.295 3.61704 3.55691
  endloop
 endfacet
 facet normal 5.19505e-16 0.405887 0.913923
  outer loop
   vertex 10.895 3.62135 3.55511
   vertex 10.895 3.61923 3.55606
   vertex 13.295 3.62135 3.55511
  endloop
 endfacet
 facet normal 7.28719e-17 0.488161 0.872754
  outer loop
   vertex 10.895 3.62341 3.55408
   vertex 13.295 3.62341 3.55408
   vertex 13.295 3.62539 3.55297
  endloop
 endfacet
 facet normal 8.45928e-17 0.447721 0.894173
  outer loop
   vertex 10.895 3.62341 3.55408
   vertex 13.295 3.62135 3.55511
   vertex 13.295 3.62341 3.55408
  endloop
 endfacet
 facet normal 5.08288e-16 0.447721 0.894173
  outer loop
   vertex 10.895 3.62341 3.55408
   vertex 10.895 3.62135 3.55511
   vertex 13.295 3.62135 3.55511
  endloop
 endfacet
 facet normal -3.50359e-16 0.488161 0.872754
  outer loop
   vertex 10.895 3.62539 3.55297
   vertex 10.895 3.62341 3.55408
   vertex 13.295 3.62539 3.55297
  endloop
 endfacet
 facet normal -9.98777e-17 0.52712 0.849791
  outer loop
   vertex 10.895 3.6273 3.55179
   vertex 13.295 3.62539 3.55297
   vertex 13.295 3.6273 3.55179
  endloop
 endfacet
 facet normal -3.60739e-16 0.52712 0.849791
  outer loop
   vertex 10.895 3.6273 3.55179
   vertex 10.895 3.62539 3.55297
   vertex 13.295 3.62539 3.55297
  endloop
 endfacet
 facet normal -1.06965e-16 0.564526 0.825415
  outer loop
   vertex 10.895 3.6273 3.55179
   vertex 13.295 3.6273 3.55179
   vertex 13.295 3.62913 3.55053
  endloop
 endfacet
 facet normal 4.94327e-17 0.564526 0.825415
  outer loop
   vertex 10.895 3.62913 3.55053
   vertex 10.895 3.6273 3.55179
   vertex 13.295 3.62913 3.55053
  endloop
 endfacet
 facet normal 3.77451e-17 0.600321 0.799759
  outer loop
   vertex 10.895 3.63088 3.54922
   vertex 10.895 3.62913 3.55053
   vertex 13.295 3.62913 3.55053
  endloop
 endfacet
 facet normal -3.79032e-16 0.600321 0.799759
  outer loop
   vertex 10.895 3.63088 3.54922
   vertex 13.295 3.62913 3.55053
   vertex 13.295 3.63088 3.54922
  endloop
 endfacet
 facet normal -3.86851e-16 0.634459 0.772956
  outer loop
   vertex 10.895 3.63255 3.54786
   vertex 10.895 3.63088 3.54922
   vertex 13.295 3.63088 3.54922
  endloop
 endfacet
 facet normal 1.48233e-17 0.666908 0.74514
  outer loop
   vertex 10.895 3.63255 3.54786
   vertex 13.295 3.63255 3.54786
   vertex 13.295 3.63413 3.54644
  endloop
 endfacet
 facet normal 2.62421e-17 0.634459 0.772956
  outer loop
   vertex 10.895 3.63255 3.54786
   vertex 13.295 3.63088 3.54922
   vertex 13.295 3.63255 3.54786
  endloop
 endfacet
 facet normal -1.26364e-16 0.666908 0.74514
  outer loop
   vertex 10.895 3.63413 3.54644
   vertex 10.895 3.63255 3.54786
   vertex 13.295 3.63413 3.54644
  endloop
 endfacet
 facet normal -1.32131e-16 0.697647 0.716442
  outer loop
   vertex 10.895 3.63562 3.54499
   vertex 10.895 3.63413 3.54644
   vertex 13.295 3.63413 3.54644
  endloop
 endfacet
 facet normal 3.5613e-18 0.697647 0.716442
  outer loop
   vertex 10.895 3.63562 3.54499
   vertex 13.295 3.63413 3.54644
   vertex 13.295 3.63562 3.54499
  endloop
 endfacet
 facet normal -7.4938e-18 0.726666 0.686991
  outer loop
   vertex 10.895 3.63703 3.5435
   vertex 10.895 3.63562 3.54499
   vertex 13.295 3.63562 3.54499
  endloop
 endfacet
 facet normal -0 0.726666 0.686991
  outer loop
   vertex 10.895 3.63703 3.5435
   vertex 13.295 3.63562 3.54499
   vertex 13.295 3.63703 3.5435
  endloop
 endfacet
 facet normal 0 0.753969 0.65691
  outer loop
   vertex 10.895 3.63835 3.54198
   vertex 10.895 3.63703 3.5435
   vertex 13.295 3.63703 3.5435
  endloop
 endfacet
 facet normal -0 0.779566 0.62632
  outer loop
   vertex 10.895 3.63835 3.54198
   vertex 13.295 3.63835 3.54198
   vertex 13.295 3.63959 3.54044
  endloop
 endfacet
 facet normal -0 0.753969 0.65691
  outer loop
   vertex 10.895 3.63835 3.54198
   vertex 13.295 3.63703 3.5435
   vertex 13.295 3.63835 3.54198
  endloop
 endfacet
 facet normal -2.66385e-16 0.779566 0.62632
  outer loop
   vertex 10.895 3.63959 3.54044
   vertex 10.895 3.63835 3.54198
   vertex 13.295 3.63959 3.54044
  endloop
 endfacet
 facet normal -2.65034e-16 0.803477 0.595336
  outer loop
   vertex 10.895 3.64074 3.53888
   vertex 10.895 3.63959 3.54044
   vertex 13.295 3.63959 3.54044
  endloop
 endfacet
 facet normal -3.94383e-17 0.803477 0.595336
  outer loop
   vertex 10.895 3.64074 3.53888
   vertex 13.295 3.63959 3.54044
   vertex 13.295 3.64074 3.53888
  endloop
 endfacet
 facet normal -4.95674e-17 0.825731 0.564063
  outer loop
   vertex 10.895 3.64182 3.53731
   vertex 10.895 3.64074 3.53888
   vertex 13.295 3.64074 3.53888
  endloop
 endfacet
 facet normal -0 0.825731 0.564063
  outer loop
   vertex 10.895 3.64182 3.53731
   vertex 13.295 3.64074 3.53888
   vertex 13.295 3.64182 3.53731
  endloop
 endfacet
 facet normal 0 0.846364 0.532606
  outer loop
   vertex 10.895 3.64281 3.53574
   vertex 10.895 3.64182 3.53731
   vertex 13.295 3.64182 3.53731
  endloop
 endfacet
 facet normal -4.22896e-16 0.865457 0.500983
  outer loop
   vertex 10.895 3.64281 3.53574
   vertex 13.295 3.64281 3.53574
   vertex 13.295 3.64372 3.53415
  endloop
 endfacet
 facet normal -4.21652e-16 0.846364 0.532606
  outer loop
   vertex 10.895 3.64281 3.53574
   vertex 13.295 3.64182 3.53731
   vertex 13.295 3.64281 3.53574
  endloop
 endfacet
 facet normal -3.53836e-16 0.865457 0.500983
  outer loop
   vertex 10.895 3.64372 3.53415
   vertex 10.895 3.64281 3.53574
   vertex 13.295 3.64372 3.53415
  endloop
 endfacet
 facet normal -3.44993e-16 0.883358 0.468699
  outer loop
   vertex 10.895 3.64372 3.53415
   vertex 13.295 3.64372 3.53415
   vertex 13.295 3.6446 3.53251
  endloop
 endfacet
 facet normal -8.88081e-17 0.883358 0.468699
  outer loop
   vertex 10.895 3.6446 3.53251
   vertex 10.895 3.64372 3.53415
   vertex 13.295 3.6446 3.53251
  endloop
 endfacet
 facet normal -8.24385e-17 0.900342 0.435183
  outer loop
   vertex 10.895 3.64542 3.5308
   vertex 10.895 3.6446 3.53251
   vertex 13.295 3.6446 3.53251
  endloop
 endfacet
 facet normal -1.51717e-16 0.91636 0.400355
  outer loop
   vertex 10.895 3.64542 3.5308
   vertex 13.295 3.64542 3.5308
   vertex 13.295 3.6462 3.52903
  endloop
 endfacet
 facet normal -1.64915e-16 0.900342 0.435183
  outer loop
   vertex 10.895 3.64542 3.5308
   vertex 13.295 3.6446 3.53251
   vertex 13.295 3.64542 3.5308
  endloop
 endfacet
 facet normal -7.58585e-17 0.91636 0.400355
  outer loop
   vertex 10.895 3.6462 3.52903
   vertex 10.895 3.64542 3.5308
   vertex 13.295 3.6462 3.52903
  endloop
 endfacet
 facet normal -6.90142e-17 0.931308 0.364233
  outer loop
   vertex 10.895 3.6462 3.52903
   vertex 13.295 3.6462 3.52903
   vertex 13.295 3.64692 3.52719
  endloop
 endfacet
 facet normal -2.45477e-16 0.931308 0.364233
  outer loop
   vertex 10.895 3.64692 3.52719
   vertex 10.895 3.6462 3.52903
   vertex 13.295 3.64692 3.52719
  endloop
 endfacet
 facet normal -2.4098e-16 0.945077 0.326848
  outer loop
   vertex 10.895 3.64757 3.52529
   vertex 10.895 3.64692 3.52719
   vertex 13.295 3.64692 3.52719
  endloop
 endfacet
 facet normal -1.81436e-16 0.957559 0.288237
  outer loop
   vertex 10.895 3.64757 3.52529
   vertex 13.295 3.64757 3.52529
   vertex 13.295 3.64816 3.52333
  endloop
 endfacet
 facet normal -1.79071e-16 0.945077 0.326848
  outer loop
   vertex 10.895 3.64757 3.52529
   vertex 13.295 3.64692 3.52719
   vertex 13.295 3.64757 3.52529
  endloop
 endfacet
 facet normal -2.90666e-16 0.957559 0.288237
  outer loop
   vertex 10.895 3.64816 3.52333
   vertex 10.895 3.64757 3.52529
   vertex 13.295 3.64816 3.52333
  endloop
 endfacet
 facet normal -2.77685e-16 0.968645 0.24845
  outer loop
   vertex 10.895 3.64868 3.52131
   vertex 10.895 3.64816 3.52333
   vertex 13.295 3.64816 3.52333
  endloop
 endfacet
 facet normal -3.93257e-17 0.978225 0.207547
  outer loop
   vertex 10.895 3.64868 3.52131
   vertex 13.295 3.64868 3.52131
   vertex 13.295 3.64912 3.51924
  endloop
 endfacet
 facet normal -4.70759e-17 0.968645 0.24845
  outer loop
   vertex 10.895 3.64868 3.52131
   vertex 13.295 3.64816 3.52333
   vertex 13.295 3.64868 3.52131
  endloop
 endfacet
 facet normal 1.85352e-16 0.978225 0.207547
  outer loop
   vertex 10.895 3.64912 3.51924
   vertex 10.895 3.64868 3.52131
   vertex 13.295 3.64912 3.51924
  endloop
 endfacet
 facet normal 1.86859e-16 0.986193 0.1656
  outer loop
   vertex 10.895 3.64948 3.51712
   vertex 10.895 3.64912 3.51924
   vertex 13.295 3.64912 3.51924
  endloop
 endfacet
 facet normal -0 0.992445 0.12269
  outer loop
   vertex 10.895 3.64948 3.51712
   vertex 13.295 3.64948 3.51712
   vertex 13.295 3.64974 3.51495
  endloop
 endfacet
 facet normal -0 0.986193 0.1656
  outer loop
   vertex 10.895 3.64948 3.51712
   vertex 13.295 3.64912 3.51924
   vertex 13.295 3.64948 3.51712
  endloop
 endfacet
 facet normal -2.03839e-16 0.996882 0.078913
  outer loop
   vertex 10.895 3.64974 3.51495
   vertex 13.295 3.64974 3.51495
   vertex 13.295 3.64992 3.51274
  endloop
 endfacet
 facet normal -2.11294e-16 0.992445 0.12269
  outer loop
   vertex 10.895 3.64974 3.51495
   vertex 10.895 3.64948 3.51712
   vertex 13.295 3.64974 3.51495
  endloop
 endfacet
 facet normal -6.51304e-18 0.999409 0.0343736
  outer loop
   vertex 10.895 3.64992 3.51274
   vertex 13.295 3.64992 3.51274
   vertex 13.295 3.65 3.5105
  endloop
 endfacet
 facet normal -1.49523e-17 0.996882 0.078913
  outer loop
   vertex 10.895 3.64992 3.51274
   vertex 10.895 3.64974 3.51495
   vertex 13.295 3.64992 3.51274
  endloop
 endfacet
 facet normal 1.82853e-16 0.999409 0.0343736
  outer loop
   vertex 10.895 3.65 3.5105
   vertex 10.895 3.64992 3.51274
   vertex 13.295 3.65 3.5105
  endloop
 endfacet
 facet normal 2.04855e-18 0.999942 -0.0108115
  outer loop
   vertex 10.895 3.64997 3.50822
   vertex 13.295 3.65 3.5105
   vertex 13.295 3.64997 3.50822
  endloop
 endfacet
 facet normal 1.91515e-16 0.999942 -0.0108115
  outer loop
   vertex 10.895 3.64997 3.50822
   vertex 10.895 3.65 3.5105
   vertex 13.295 3.65 3.5105
  endloop
 endfacet
 facet normal 3.7835e-16 0.998402 -0.0565152
  outer loop
   vertex 10.895 3.64984 3.50593
   vertex 13.295 3.64997 3.50822
   vertex 13.295 3.64984 3.50593
  endloop
 endfacet
 facet normal 1.07121e-17 0.998402 -0.0565152
  outer loop
   vertex 10.895 3.64984 3.50593
   vertex 10.895 3.64997 3.50822
   vertex 13.295 3.64997 3.50822
  endloop
 endfacet
 facet normal 0 0.994723 -0.102601
  outer loop
   vertex 10.895 3.6496 3.50362
   vertex 13.295 3.64984 3.50593
   vertex 13.295 3.6496 3.50362
  endloop
 endfacet
 facet normal 3.76955e-16 0.994723 -0.102601
  outer loop
   vertex 10.895 3.6496 3.50362
   vertex 10.895 3.64984 3.50593
   vertex 13.295 3.64984 3.50593
  endloop
 endfacet
 facet normal 0 0.988849 -0.148923
  outer loop
   vertex 10.895 3.64925 3.5013
   vertex 10.895 3.6496 3.50362
   vertex 13.295 3.6496 3.50362
  endloop
 endfacet
 facet normal -1.48818e-16 0.980738 -0.195328
  outer loop
   vertex 10.895 3.64925 3.5013
   vertex 13.295 3.64925 3.5013
   vertex 13.295 3.64879 3.49898
  endloop
 endfacet
 facet normal -1.59148e-16 0.988849 -0.148923
  outer loop
   vertex 10.895 3.64925 3.5013
   vertex 13.295 3.6496 3.50362
   vertex 13.295 3.64925 3.5013
  endloop
 endfacet
 facet normal 3.70104e-17 0.980738 -0.195328
  outer loop
   vertex 10.895 3.64879 3.49898
   vertex 10.895 3.64925 3.5013
   vertex 13.295 3.64879 3.49898
  endloop
 endfacet
 facet normal 4.57889e-17 0.970361 -0.241658
  outer loop
   vertex 10.895 3.64879 3.49898
   vertex 13.295 3.64879 3.49898
   vertex 13.295 3.64822 3.49666
  endloop
 endfacet
 facet normal 2.29651e-16 0.970361 -0.241658
  outer loop
   vertex 10.895 3.64822 3.49666
   vertex 10.895 3.64879 3.49898
   vertex 13.295 3.64822 3.49666
  endloop
 endfacet
 facet normal 0 0.942773 -0.333435
  outer loop
   vertex 10.895 3.64753 3.49437
   vertex 13.295 3.64753 3.49437
   vertex 13.295 3.64672 3.4921
  endloop
 endfacet
 facet normal 0 0.957706 -0.287749
  outer loop
   vertex 10.895 3.64753 3.49437
   vertex 13.295 3.64822 3.49666
   vertex 13.295 3.64753 3.49437
  endloop
 endfacet
 facet normal 2.35969e-16 0.957706 -0.287749
  outer loop
   vertex 10.895 3.64753 3.49437
   vertex 10.895 3.64822 3.49666
   vertex 13.295 3.64822 3.49666
  endloop
 endfacet
 facet normal 6.31785e-17 0.942773 -0.333435
  outer loop
   vertex 10.895 3.64672 3.4921
   vertex 10.895 3.64753 3.49437
   vertex 13.295 3.64672 3.4921
  endloop
 endfacet
 facet normal 7.17264e-17 0.925582 -0.378547
  outer loop
   vertex 10.895 3.64581 3.48986
   vertex 13.295 3.64672 3.4921
   vertex 13.295 3.64581 3.48986
  endloop
 endfacet
 facet normal 7.16881e-17 0.925582 -0.378547
  outer loop
   vertex 10.895 3.64581 3.48986
   vertex 10.895 3.64672 3.4921
   vertex 13.295 3.64672 3.4921
  endloop
 endfacet
 facet normal 8.01174e-17 0.906166 -0.422921
  outer loop
   vertex 10.895 3.64478 3.48766
   vertex 10.895 3.64581 3.48986
   vertex 13.295 3.64581 3.48986
  endloop
 endfacet
 facet normal 2.51833e-16 0.906166 -0.422921
  outer loop
   vertex 10.895 3.64478 3.48766
   vertex 13.295 3.64581 3.48986
   vertex 13.295 3.64478 3.48766
  endloop
 endfacet
 facet normal 2.55986e-16 0.884577 -0.466394
  outer loop
   vertex 10.895 3.64365 3.48551
   vertex 10.895 3.64478 3.48766
   vertex 13.295 3.64478 3.48766
  endloop
 endfacet
 facet normal -7.92366e-17 0.884577 -0.466394
  outer loop
   vertex 10.895 3.64365 3.48551
   vertex 13.295 3.64478 3.48766
   vertex 13.295 3.64365 3.48551
  endloop
 endfacet
 facet normal -6.67163e-17 0.860881 -0.508806
  outer loop
   vertex 10.895 3.64241 3.48342
   vertex 10.895 3.64365 3.48551
   vertex 13.295 3.64365 3.48551
  endloop
 endfacet
 facet normal 1.63118e-16 0.860881 -0.508806
  outer loop
   vertex 10.895 3.64241 3.48342
   vertex 13.295 3.64365 3.48551
   vertex 13.295 3.64241 3.48342
  endloop
 endfacet
 facet normal 1.58241e-16 0.835159 -0.550008
  outer loop
   vertex 10.895 3.64108 3.48139
   vertex 10.895 3.64241 3.48342
   vertex 13.295 3.64241 3.48342
  endloop
 endfacet
 facet normal -1.53005e-16 0.807508 -0.589856
  outer loop
   vertex 10.895 3.64108 3.48139
   vertex 13.295 3.64108 3.48139
   vertex 13.295 3.63965 3.47944
  endloop
 endfacet
 facet normal -1.58244e-16 0.835159 -0.550008
  outer loop
   vertex 10.895 3.64108 3.48139
   vertex 13.295 3.64241 3.48342
   vertex 13.295 3.64108 3.48139
  endloop
 endfacet
 facet normal 0 0.807508 -0.589856
  outer loop
   vertex 10.895 3.63965 3.47944
   vertex 10.895 3.64108 3.48139
   vertex 13.295 3.63965 3.47944
  endloop
 endfacet
 facet normal 0 0.778037 -0.628218
  outer loop
   vertex 10.895 3.63965 3.47944
   vertex 13.295 3.63965 3.47944
   vertex 13.295 3.63813 3.47756
  endloop
 endfacet
 facet normal 1.47421e-16 0.778037 -0.628218
  outer loop
   vertex 10.895 3.63813 3.47756
   vertex 10.895 3.63965 3.47944
   vertex 13.295 3.63813 3.47756
  endloop
 endfacet
 facet normal 1.41515e-16 0.746866 -0.664975
  outer loop
   vertex 10.895 3.63813 3.47756
   vertex 13.295 3.63813 3.47756
   vertex 13.295 3.63653 3.47576
  endloop
 endfacet
 facet normal 2.67513e-16 0.746866 -0.664975
  outer loop
   vertex 10.895 3.63653 3.47576
   vertex 10.895 3.63813 3.47756
   vertex 13.295 3.63653 3.47576
  endloop
 endfacet
 facet normal 2.67949e-16 0.714125 -0.700018
  outer loop
   vertex 10.895 3.63653 3.47576
   vertex 13.295 3.63653 3.47576
   vertex 13.295 3.63486 3.47406
  endloop
 endfacet
 facet normal 4.0326e-16 0.714125 -0.700018
  outer loop
   vertex 10.895 3.63486 3.47406
   vertex 10.895 3.63653 3.47576
   vertex 13.295 3.63486 3.47406
  endloop
 endfacet
 facet normal 3.96624e-16 0.679954 -0.733255
  outer loop
   vertex 10.895 3.63312 3.47244
   vertex 10.895 3.63486 3.47406
   vertex 13.295 3.63486 3.47406
  endloop
 endfacet
 facet normal 0 0.644498 -0.764606
  outer loop
   vertex 10.895 3.63312 3.47244
   vertex 13.295 3.63312 3.47244
   vertex 13.295 3.63131 3.47092
  endloop
 endfacet
 facet normal 0 0.679954 -0.733255
  outer loop
   vertex 10.895 3.63312 3.47244
   vertex 13.295 3.63486 3.47406
   vertex 13.295 3.63312 3.47244
  endloop
 endfacet
 facet normal 2.66994e-16 0.644498 -0.764606
  outer loop
   vertex 10.895 3.63131 3.47092
   vertex 10.895 3.63312 3.47244
   vertex 13.295 3.63131 3.47092
  endloop
 endfacet
 facet normal 2.65632e-16 0.607907 -0.794008
  outer loop
   vertex 10.895 3.63131 3.47092
   vertex 13.295 3.63131 3.47092
   vertex 13.295 3.62946 3.4695
  endloop
 endfacet
 facet normal 4.51341e-16 0.607907 -0.794008
  outer loop
   vertex 10.895 3.62946 3.4695
   vertex 10.895 3.63131 3.47092
   vertex 13.295 3.62946 3.4695
  endloop
 endfacet
 facet normal 4.66919e-16 0.570334 -0.821413
  outer loop
   vertex 10.895 3.62946 3.4695
   vertex 13.295 3.62946 3.4695
   vertex 13.295 3.62756 3.46818
  endloop
 endfacet
 facet normal -1.5564e-16 0.570334 -0.821413
  outer loop
   vertex 10.895 3.62756 3.46818
   vertex 10.895 3.62946 3.4695
   vertex 13.295 3.62756 3.46818
  endloop
 endfacet
 facet normal 5.96575e-17 0.531934 -0.846786
  outer loop
   vertex 10.895 3.62562 3.46696
   vertex 13.295 3.62756 3.46818
   vertex 13.295 3.62562 3.46696
  endloop
 endfacet
 facet normal -1.60475e-16 0.531934 -0.846786
  outer loop
   vertex 10.895 3.62562 3.46696
   vertex 10.895 3.62756 3.46818
   vertex 13.295 3.62756 3.46818
  endloop
 endfacet
 facet normal 7.14174e-17 0.492858 -0.870109
  outer loop
   vertex 10.895 3.62365 3.46585
   vertex 10.895 3.62562 3.46696
   vertex 13.295 3.62562 3.46696
  endloop
 endfacet
 facet normal 2.58253e-16 0.492858 -0.870109
  outer loop
   vertex 10.895 3.62365 3.46585
   vertex 13.295 3.62562 3.46696
   vertex 13.295 3.62365 3.46585
  endloop
 endfacet
 facet normal 2.54794e-16 0.453259 -0.891379
  outer loop
   vertex 10.895 3.62166 3.46484
   vertex 10.895 3.62365 3.46585
   vertex 13.295 3.62365 3.46585
  endloop
 endfacet
 facet normal 0 0.413282 -0.910603
  outer loop
   vertex 10.895 3.62166 3.46484
   vertex 13.295 3.62166 3.46484
   vertex 13.295 3.61966 3.46393
  endloop
 endfacet
 facet normal 0 0.453259 -0.891379
  outer loop
   vertex 10.895 3.62166 3.46484
   vertex 13.295 3.62365 3.46585
   vertex 13.295 3.62166 3.46484
  endloop
 endfacet
 facet normal 3.51597e-16 0.37307 -0.927803
  outer loop
   vertex 10.895 3.61966 3.46393
   vertex 13.295 3.61966 3.46393
   vertex 13.295 3.61764 3.46312
  endloop
 endfacet
 facet normal 3.45079e-16 0.413282 -0.910603
  outer loop
   vertex 10.895 3.61966 3.46393
   vertex 10.895 3.62166 3.46484
   vertex 13.295 3.61966 3.46393
  endloop
 endfacet
 facet normal 1.0511e-16 0.37307 -0.927803
  outer loop
   vertex 10.895 3.61764 3.46312
   vertex 10.895 3.61966 3.46393
   vertex 13.295 3.61764 3.46312
  endloop
 endfacet
 facet normal 1.1563e-16 0.332757 -0.943013
  outer loop
   vertex 10.895 3.61764 3.46312
   vertex 13.295 3.61764 3.46312
   vertex 13.295 3.61563 3.4624
  endloop
 endfacet
 facet normal 3.5736e-16 0.332757 -0.943013
  outer loop
   vertex 10.895 3.61563 3.4624
   vertex 10.895 3.61764 3.46312
   vertex 13.295 3.61563 3.4624
  endloop
 endfacet
 facet normal 3.62392e-16 0.292472 -0.956274
  outer loop
   vertex 10.895 3.61361 3.46179
   vertex 10.895 3.61563 3.4624
   vertex 13.295 3.61563 3.4624
  endloop
 endfacet
 facet normal 2.3661e-16 0.292472 -0.956274
  outer loop
   vertex 10.895 3.61361 3.46179
   vertex 13.295 3.61563 3.4624
   vertex 13.295 3.61361 3.46179
  endloop
 endfacet
 facet normal 2.31152e-16 0.252335 -0.96764
  outer loop
   vertex 10.895 3.61161 3.46127
   vertex 10.895 3.61361 3.46179
   vertex 13.295 3.61361 3.46179
  endloop
 endfacet
 facet normal 0 0.252335 -0.96764
  outer loop
   vertex 10.895 3.61161 3.46127
   vertex 13.295 3.61361 3.46179
   vertex 13.295 3.61161 3.46127
  endloop
 endfacet
 facet normal 0 0.210273 -0.977643
  outer loop
   vertex 10.895 3.60941 3.46079
   vertex 10.895 3.61161 3.46127
   vertex 13.295 3.61161 3.46127
  endloop
 endfacet
 facet normal 2.25084e-16 0.210273 -0.977643
  outer loop
   vertex 10.895 3.60941 3.46079
   vertex 13.295 3.61161 3.46127
   vertex 13.295 3.60941 3.46079
  endloop
 endfacet
 facet normal 2.17992e-16 0.164027 -0.986456
  outer loop
   vertex 10.895 3.60699 3.46039
   vertex 10.895 3.60941 3.46079
   vertex 13.295 3.60941 3.46079
  endloop
 endfacet
 facet normal 3.73824e-16 0.164027 -0.986456
  outer loop
   vertex 10.895 3.60699 3.46039
   vertex 13.295 3.60941 3.46079
   vertex 13.295 3.60699 3.46039
  endloop
 endfacet
 facet normal 3.76397e-16 0.116028 -0.993246
  outer loop
   vertex 10.895 3.60461 3.46011
   vertex 13.295 3.60699 3.46039
   vertex 13.295 3.60461 3.46011
  endloop
 endfacet
 facet normal 3.76393e-16 0.116028 -0.993246
  outer loop
   vertex 10.895 3.60461 3.46011
   vertex 10.895 3.60699 3.46039
   vertex 13.295 3.60699 3.46039
  endloop
 endfacet
 facet normal 3.64999e-16 0.068905 -0.997623
  outer loop
   vertex 10.895 3.60228 3.45995
   vertex 13.295 3.60461 3.46011
   vertex 13.295 3.60228 3.45995
  endloop
 endfacet
 facet normal 3.78059e-16 0.068905 -0.997623
  outer loop
   vertex 10.895 3.60228 3.45995
   vertex 10.895 3.60461 3.46011
   vertex 13.295 3.60461 3.46011
  endloop
 endfacet
 facet normal 1.89429e-16 0.0227902 -0.99974
  outer loop
   vertex 10.895 3.6 3.4599
   vertex 13.295 3.60228 3.45995
   vertex 13.295 3.6 3.4599
  endloop
 endfacet
 facet normal 3.74539e-16 0.0227902 -0.99974
  outer loop
   vertex 10.895 3.6 3.4599
   vertex 10.895 3.60228 3.45995
   vertex 13.295 3.60228 3.45995
  endloop
 endfacet
 facet normal -1 -3.36689e-11 3.04466e-11
  outer loop
   vertex 10.895 3.5636 3.54418
   vertex 10.895 3.56097 3.54115
   vertex 10.895 3.56224 3.54268
  endloop
 endfacet
 facet normal -1 0 -0
  outer loop
   vertex 10.895 3.5682 3.54849
   vertex 10.895 3.56991 3.54983
   vertex 10.895 3.56658 3.54709
  endloop
 endfacet
 facet normal -1 0 -0
  outer loop
   vertex 10.895 3.56658 3.54709
   vertex 10.895 3.56991 3.54983
   vertex 10.895 3.56505 3.54566
  endloop
 endfacet
 facet normal -1 0 -0
  outer loop
   vertex 10.895 3.56991 3.54983
   vertex 10.895 3.57169 3.55111
   vertex 10.895 3.56505 3.54566
  endloop
 endfacet
 facet normal -1 1.82164e-11 -1.46265e-11
  outer loop
   vertex 10.895 3.5636 3.54418
   vertex 10.895 3.55866 3.53803
   vertex 10.895 3.56097 3.54115
  endloop
 endfacet
 facet normal -1 -3.91969e-11 2.77906e-11
  outer loop
   vertex 10.895 3.56097 3.54115
   vertex 10.895 3.55866 3.53803
   vertex 10.895 3.55977 3.5396
  endloop
 endfacet
 facet normal -1 0 0
  outer loop
   vertex 10.895 3.5636 3.54418
   vertex 10.895 3.55495 3.53159
   vertex 10.895 3.55866 3.53803
  endloop
 endfacet
 facet normal -1 0 0
  outer loop
   vertex 10.895 3.56505 3.54566
   vertex 10.895 3.55495 3.53159
   vertex 10.895 3.5636 3.54418
  endloop
 endfacet
 facet normal -1 0 0
  outer loop
   vertex 10.895 3.55866 3.53803
   vertex 10.895 3.55495 3.53159
   vertex 10.895 3.55764 3.53646
  endloop
 endfacet
 facet normal -1 0 0
  outer loop
   vertex 10.895 3.55764 3.53646
   vertex 10.895 3.55495 3.53159
   vertex 10.895 3.55669 3.53488
  endloop
 endfacet
 facet normal -1 0 0
  outer loop
   vertex 10.895 3.55669 3.53488
   vertex 10.895 3.55495 3.53159
   vertex 10.895 3.5558 3.53327
  endloop
 endfacet
 facet normal -1 3.09079e-11 -6.14521e-11
  outer loop
   vertex 10.895 3.57752 3.55456
   vertex 10.895 3.57961 3.55555
   vertex 10.895 3.5755 3.55349
  endloop
 endfacet
 facet normal -1 0 -0
  outer loop
   vertex 10.895 3.5755 3.55349
   vertex 10.895 3.57961 3.55555
   vertex 10.895 3.57356 3.55234
  endloop
 endfacet
 facet normal -1 0 -0
  outer loop
   vertex 10.895 3.57356 3.55234
   vertex 10.895 3.57961 3.55555
   vertex 10.895 3.57169 3.55111
  endloop
 endfacet
 facet normal -1 -6.68054e-12 1.19172e-11
  outer loop
   vertex 10.895 3.57961 3.55555
   vertex 10.895 3.58177 3.55646
   vertex 10.895 3.57169 3.55111
  endloop
 endfacet
 facet normal -1 0 0
  outer loop
   vertex 10.895 3.55495 3.53159
   vertex 10.895 3.55341 3.52804
   vertex 10.895 3.55415 3.52985
  endloop
 endfacet
 facet normal -1 -4.18098e-11 1.53216e-11
  outer loop
   vertex 10.895 3.55341 3.52804
   vertex 10.895 3.5521 3.52423
   vertex 10.895 3.55272 3.52616
  endloop
 endfacet
 facet normal -1 1.76213e-11 -6.16227e-11
  outer loop
   vertex 10.895 3.58625 3.55797
   vertex 10.895 3.58856 3.55857
   vertex 10.895 3.58398 3.55726
  endloop
 endfacet
 facet normal -1 -3.91393e-11 9.09601e-12
  outer loop
   vertex 10.895 3.55155 3.52224
   vertex 10.895 3.55068 3.51809
   vertex 10.895 3.55107 3.52019
  endloop
 endfacet
 facet normal -1 -6.42402e-12 3.06156e-11
  outer loop
   vertex 10.895 3.59091 3.55907
   vertex 10.895 3.5933 3.55945
   vertex 10.895 3.58856 3.55857
  endloop
 endfacet
 facet normal -1 -2.16997e-12 7.58852e-12
  outer loop
   vertex 10.895 3.58856 3.55857
   vertex 10.895 3.5933 3.55945
   vertex 10.895 3.58398 3.55726
  endloop
 endfacet
 facet normal -1 -2.04369e-11 3.83054e-12
  outer loop
   vertex 10.895 3.5521 3.52423
   vertex 10.895 3.55037 3.51594
   vertex 10.895 3.55155 3.52224
  endloop
 endfacet
 facet normal -1 3.889e-11 -7.28924e-12
  outer loop
   vertex 10.895 3.55155 3.52224
   vertex 10.895 3.55037 3.51594
   vertex 10.895 3.55068 3.51809
  endloop
 endfacet
 facet normal -1 0 0
  outer loop
   vertex 10.895 3.55495 3.53159
   vertex 10.895 3.55037 3.51594
   vertex 10.895 3.55341 3.52804
  endloop
 endfacet
 facet normal -1 1.03588e-11 -2.6031e-12
  outer loop
   vertex 10.895 3.55341 3.52804
   vertex 10.895 3.55037 3.51594
   vertex 10.895 3.5521 3.52423
  endloop
 endfacet
 facet normal -1 0 0
  outer loop
   vertex 10.895 3.55037 3.51594
   vertex 10.895 3.55003 3.51153
   vertex 10.895 3.55015 3.51375
  endloop
 endfacet
 facet normal -1 0 -0
  outer loop
   vertex 10.895 3.60056 3.5599
   vertex 10.895 3.60298 3.55981
   vertex 10.895 3.59813 3.55986
  endloop
 endfacet
 facet normal -1 2.28411e-13 2.05861e-11
  outer loop
   vertex 10.895 3.59813 3.55986
   vertex 10.895 3.60298 3.55981
   vertex 10.895 3.5957 3.55972
  endloop
 endfacet
 facet normal -1 5.67304e-13 -5.1238e-12
  outer loop
   vertex 10.895 3.5957 3.55972
   vertex 10.895 3.60298 3.55981
   vertex 10.895 3.5933 3.55945
  endloop
 endfacet
 facet normal -1 -3.44564e-11 -2.81785e-12
  outer loop
   vertex 10.895 3.55 3.50926
   vertex 10.895 3.55027 3.50467
   vertex 10.895 3.55009 3.50698
  endloop
 endfacet
 facet normal -1 -1.13171e-11 -1.45759e-12
  outer loop
   vertex 10.895 3.55 3.50926
   vertex 10.895 3.55057 3.50236
   vertex 10.895 3.55027 3.50467
  endloop
 endfacet
 facet normal -1 -0 -0
  outer loop
   vertex 10.895 3.6054 3.55961
   vertex 10.895 3.6078 3.55929
   vertex 10.895 3.60298 3.55981
  endloop
 endfacet
 facet normal -1 0 -0
  outer loop
   vertex 10.895 3.55037 3.51594
   vertex 10.895 3.55098 3.50004
   vertex 10.895 3.55003 3.51153
  endloop
 endfacet
 facet normal -1 1.72787e-11 1.43807e-12
  outer loop
   vertex 10.895 3.55003 3.51153
   vertex 10.895 3.55098 3.50004
   vertex 10.895 3.55 3.50926
  endloop
 endfacet
 facet normal -1 -5.56872e-12 -9.84709e-13
  outer loop
   vertex 10.895 3.55 3.50926
   vertex 10.895 3.55098 3.50004
   vertex 10.895 3.55057 3.50236
  endloop
 endfacet
 facet normal -1 2.30091e-13 3.887e-12
  outer loop
   vertex 10.895 3.60298 3.55981
   vertex 10.895 3.6125 3.55831
   vertex 10.895 3.5933 3.55945
  endloop
 endfacet
 facet normal -1 8.47514e-13 7.80717e-12
  outer loop
   vertex 10.895 3.6078 3.55929
   vertex 10.895 3.6125 3.55831
   vertex 10.895 3.60298 3.55981
  endloop
 endfacet
 facet normal -1 5.67197e-12 3.10497e-11
  outer loop
   vertex 10.895 3.61017 3.55886
   vertex 10.895 3.6125 3.55831
   vertex 10.895 3.6078 3.55929
  endloop
 endfacet
 facet normal -1 -3.11521e-11 -7.04278e-12
  outer loop
   vertex 10.895 3.55098 3.50004
   vertex 10.895 3.55214 3.49542
   vertex 10.895 3.55151 3.49772
  endloop
 endfacet
 facet normal -1 1.02358e-11 3.04698e-11
  outer loop
   vertex 10.895 3.6148 3.55766
   vertex 10.895 3.61704 3.55691
   vertex 10.895 3.6125 3.55831
  endloop
 endfacet
 facet normal -1 3.91903e-12 1.00675e-11
  outer loop
   vertex 10.895 3.61704 3.55691
   vertex 10.895 3.61923 3.55606
   vertex 10.895 3.6125 3.55831
  endloop
 endfacet
 facet normal -1 -6.00833e-14 -1.015e-12
  outer loop
   vertex 10.895 3.6125 3.55831
   vertex 10.895 3.62341 3.55408
   vertex 10.895 3.5933 3.55945
  endloop
 endfacet
 facet normal -1 1.87187e-12 3.96618e-12
  outer loop
   vertex 10.895 3.61923 3.55606
   vertex 10.895 3.62341 3.55408
   vertex 10.895 3.6125 3.55831
  endloop
 endfacet
 facet normal -1 -0 -0
  outer loop
   vertex 10.895 3.62135 3.55511
   vertex 10.895 3.62341 3.55408
   vertex 10.895 3.61923 3.55606
  endloop
 endfacet
 facet normal -1 -5.60069e-11 -2.62847e-11
  outer loop
   vertex 10.895 3.55376 3.49088
   vertex 10.895 3.55582 3.48649
   vertex 10.895 3.55474 3.48866
  endloop
 endfacet
 facet normal -1 -1.13492e-11 -5.32836e-12
  outer loop
   vertex 10.895 3.55214 3.49542
   vertex 10.895 3.55701 3.48437
   vertex 10.895 3.5529 3.49313
  endloop
 endfacet
 facet normal -1 1.87501e-11 8.80304e-12
  outer loop
   vertex 10.895 3.5529 3.49313
   vertex 10.895 3.55701 3.48437
   vertex 10.895 3.55376 3.49088
  endloop
 endfacet
 facet normal -1 1.86361e-11 8.74613e-12
  outer loop
   vertex 10.895 3.55376 3.49088
   vertex 10.895 3.55701 3.48437
   vertex 10.895 3.55582 3.48649
  endloop
 endfacet
 facet normal -1 -5.48625e-13 -2.12405e-14
  outer loop
   vertex 10.895 3.55037 3.51594
   vertex 10.895 3.5583 3.48231
   vertex 10.895 3.55098 3.50004
  endloop
 endfacet
 facet normal -1 3.60423e-12 1.69326e-12
  outer loop
   vertex 10.895 3.55098 3.50004
   vertex 10.895 3.5583 3.48231
   vertex 10.895 3.55214 3.49542
  endloop
 endfacet
 facet normal -1 -1.12321e-11 -5.27678e-12
  outer loop
   vertex 10.895 3.55214 3.49542
   vertex 10.895 3.5583 3.48231
   vertex 10.895 3.55701 3.48437
  endloop
 endfacet
 facet normal -1 -5.17306e-14 6.29443e-14
  outer loop
   vertex 10.895 3.57169 3.55111
   vertex 10.895 3.5583 3.48231
   vertex 10.895 3.56505 3.54566
  endloop
 endfacet
 facet normal -1 -9.39185e-14 6.744e-14
  outer loop
   vertex 10.895 3.56505 3.54566
   vertex 10.895 3.5583 3.48231
   vertex 10.895 3.55495 3.53159
  endloop
 endfacet
 facet normal -1 -4.33964e-13 1.37342e-13
  outer loop
   vertex 10.895 3.58177 3.55646
   vertex 10.895 3.5583 3.48231
   vertex 10.895 3.57169 3.55111
  endloop
 endfacet
 facet normal -1 -2.04554e-13 5.99175e-14
  outer loop
   vertex 10.895 3.55495 3.53159
   vertex 10.895 3.5583 3.48231
   vertex 10.895 3.55037 3.51594
  endloop
 endfacet
 facet normal -1 -0 -0
  outer loop
   vertex 10.895 3.6273 3.55179
   vertex 10.895 3.62913 3.55053
   vertex 10.895 3.62539 3.55297
  endloop
 endfacet
 facet normal -1 -0 -0
  outer loop
   vertex 10.895 3.62539 3.55297
   vertex 10.895 3.62913 3.55053
   vertex 10.895 3.62341 3.55408
  endloop
 endfacet
 facet normal -1 -0 -0
  outer loop
   vertex 10.895 3.63088 3.54922
   vertex 10.895 3.63255 3.54786
   vertex 10.895 3.62913 3.55053
  endloop
 endfacet
 facet normal -1 -0 -0
  outer loop
   vertex 10.895 3.62913 3.55053
   vertex 10.895 3.63255 3.54786
   vertex 10.895 3.62341 3.55408
  endloop
 endfacet
 facet normal -1 0 0
  outer loop
   vertex 10.895 3.55969 3.48032
   vertex 10.895 3.56273 3.47657
   vertex 10.895 3.56116 3.47841
  endloop
 endfacet
 facet normal -1 2.59056e-12 1.80571e-12
  outer loop
   vertex 10.895 3.5583 3.48231
   vertex 10.895 3.56608 3.47317
   vertex 10.895 3.55969 3.48032
  endloop
 endfacet
 facet normal -1 2.32935e-11 2.18549e-11
  outer loop
   vertex 10.895 3.56273 3.47657
   vertex 10.895 3.56608 3.47317
   vertex 10.895 3.56437 3.47482
  endloop
 endfacet
 facet normal -1 6.16198e-12 4.99597e-12
  outer loop
   vertex 10.895 3.55969 3.48032
   vertex 10.895 3.56608 3.47317
   vertex 10.895 3.56273 3.47657
  endloop
 endfacet
 facet normal -1 3.4084e-13 -1.0787e-13
  outer loop
   vertex 10.895 3.58177 3.55646
   vertex 10.895 3.56608 3.47317
   vertex 10.895 3.5583 3.48231
  endloop
 endfacet
 facet normal -1 1.78189e-12 -3.79267e-13
  outer loop
   vertex 10.895 3.58398 3.55726
   vertex 10.895 3.56608 3.47317
   vertex 10.895 3.58177 3.55646
  endloop
 endfacet
 facet normal -1 -0 -0
  outer loop
   vertex 10.895 3.63562 3.54499
   vertex 10.895 3.63703 3.5435
   vertex 10.895 3.63413 3.54644
  endloop
 endfacet
 facet normal -1 4.78135e-12 5.34223e-12
  outer loop
   vertex 10.895 3.63413 3.54644
   vertex 10.895 3.63835 3.54198
   vertex 10.895 3.63255 3.54786
  endloop
 endfacet
 facet normal -1 2.09494e-11 2.06496e-11
  outer loop
   vertex 10.895 3.63703 3.5435
   vertex 10.895 3.63835 3.54198
   vertex 10.895 3.63413 3.54644
  endloop
 endfacet
 facet normal -1 3.78079e-11 2.80137e-11
  outer loop
   vertex 10.895 3.63959 3.54044
   vertex 10.895 3.64074 3.53888
   vertex 10.895 3.63835 3.54198
  endloop
 endfacet
 facet normal -1 0 0
  outer loop
   vertex 10.895 3.56608 3.47317
   vertex 10.895 3.57157 3.46877
   vertex 10.895 3.56785 3.4716
  endloop
 endfacet
 facet normal -1 0 0
  outer loop
   vertex 10.895 3.56785 3.4716
   vertex 10.895 3.57157 3.46877
   vertex 10.895 3.56969 3.47014
  endloop
 endfacet
 facet normal -1 0 0
  outer loop
   vertex 10.895 3.57157 3.46877
   vertex 10.895 3.57545 3.46634
   vertex 10.895 3.57349 3.46751
  endloop
 endfacet
 facet normal -1 0 0
  outer loop
   vertex 10.895 3.58398 3.55726
   vertex 10.895 3.57545 3.46634
   vertex 10.895 3.56608 3.47317
  endloop
 endfacet
 facet normal -1 0 0
  outer loop
   vertex 10.895 3.56608 3.47317
   vertex 10.895 3.57545 3.46634
   vertex 10.895 3.57157 3.46877
  endloop
 endfacet
 facet normal -1 4.57861e-11 2.6504e-11
  outer loop
   vertex 10.895 3.64281 3.53574
   vertex 10.895 3.64372 3.53415
   vertex 10.895 3.64182 3.53731
  endloop
 endfacet
 facet normal -1 -4.38567e-11 -2.76402e-11
  outer loop
   vertex 10.895 3.64182 3.53731
   vertex 10.895 3.64372 3.53415
   vertex 10.895 3.64074 3.53888
  endloop
 endfacet
 facet normal -1 -0 -0
  outer loop
   vertex 10.895 3.6446 3.53251
   vertex 10.895 3.64542 3.5308
   vertex 10.895 3.64372 3.53415
  endloop
 endfacet
 facet normal -1 -0 -0
  outer loop
   vertex 10.895 3.63255 3.54786
   vertex 10.895 3.64542 3.5308
   vertex 10.895 3.62341 3.55408
  endloop
 endfacet
 facet normal -1 -0 -0
  outer loop
   vertex 10.895 3.64372 3.53415
   vertex 10.895 3.64542 3.5308
   vertex 10.895 3.64074 3.53888
  endloop
 endfacet
 facet normal -1 -2.65799e-12 -2.00642e-12
  outer loop
   vertex 10.895 3.63835 3.54198
   vertex 10.895 3.64542 3.5308
   vertex 10.895 3.63255 3.54786
  endloop
 endfacet
 facet normal -1 6.08286e-12 3.52154e-12
  outer loop
   vertex 10.895 3.64074 3.53888
   vertex 10.895 3.64542 3.5308
   vertex 10.895 3.63835 3.54198
  endloop
 endfacet
 facet normal -1 0 0
  outer loop
   vertex 10.895 3.58398 3.55726
   vertex 10.895 3.58144 3.46347
   vertex 10.895 3.57545 3.46634
  endloop
 endfacet
 facet normal -1 0 0
  outer loop
   vertex 10.895 3.57545 3.46634
   vertex 10.895 3.58144 3.46347
   vertex 10.895 3.57743 3.46529
  endloop
 endfacet
 facet normal -1 0 0
  outer loop
   vertex 10.895 3.57743 3.46529
   vertex 10.895 3.58144 3.46347
   vertex 10.895 3.57943 3.46433
  endloop
 endfacet
 facet normal -1 4.32214e-11 1.88833e-11
  outer loop
   vertex 10.895 3.6462 3.52903
   vertex 10.895 3.64692 3.52719
   vertex 10.895 3.64542 3.5308
  endloop
 endfacet
 facet normal -1 -2.15395e-11 -7.90131e-12
  outer loop
   vertex 10.895 3.64692 3.52719
   vertex 10.895 3.64816 3.52333
   vertex 10.895 3.64542 3.5308
  endloop
 endfacet
 facet normal -1 4.27062e-11 1.28551e-11
  outer loop
   vertex 10.895 3.64757 3.52529
   vertex 10.895 3.64816 3.52333
   vertex 10.895 3.64692 3.52719
  endloop
 endfacet
 facet normal -1 0 -0
  outer loop
   vertex 10.895 3.58398 3.55726
   vertex 10.895 3.58747 3.46149
   vertex 10.895 3.58144 3.46347
  endloop
 endfacet
 facet normal -1 0 0
  outer loop
   vertex 10.895 3.58144 3.46347
   vertex 10.895 3.58747 3.46149
   vertex 10.895 3.58345 3.46272
  endloop
 endfacet
 facet normal -1 0 0
  outer loop
   vertex 10.895 3.58345 3.46272
   vertex 10.895 3.58747 3.46149
   vertex 10.895 3.58547 3.46206
  endloop
 endfacet
 facet normal -1 -0 -0
  outer loop
   vertex 10.895 3.64816 3.52333
   vertex 10.895 3.64912 3.51924
   vertex 10.895 3.64542 3.5308
  endloop
 endfacet
 facet normal -1 -0 -0
  outer loop
   vertex 10.895 3.64868 3.52131
   vertex 10.895 3.64912 3.51924
   vertex 10.895 3.64816 3.52333
  endloop
 endfacet
 facet normal -1 1.8625e-11 8.62774e-11
  outer loop
   vertex 10.895 3.58747 3.46149
   vertex 10.895 3.59144 3.46064
   vertex 10.895 3.58947 3.46102
  endloop
 endfacet
 facet normal -1 -0 -0
  outer loop
   vertex 10.895 3.64992 3.51274
   vertex 10.895 3.65 3.5105
   vertex 10.895 3.64974 3.51495
  endloop
 endfacet
 facet normal -1 -0 -0
  outer loop
   vertex 10.895 3.64974 3.51495
   vertex 10.895 3.65 3.5105
   vertex 10.895 3.64948 3.51712
  endloop
 endfacet
 facet normal -1 -0 -0
  outer loop
   vertex 10.895 3.64948 3.51712
   vertex 10.895 3.65 3.5105
   vertex 10.895 3.64912 3.51924
  endloop
 endfacet
 facet normal -1 -1.28458e-12 -9.28481e-11
  outer loop
   vertex 10.895 3.59721 3.45998
   vertex 10.895 3.6 3.4599
   vertex 10.895 3.59862 3.45992
  endloop
 endfacet
 facet normal -1 -3.73991e-13 -7.03292e-14
  outer loop
   vertex 10.895 3.5933 3.55945
   vertex 10.895 3.60228 3.45995
   vertex 10.895 3.58398 3.55726
  endloop
 endfacet
 facet normal -1 0 0
  outer loop
   vertex 10.895 3.58398 3.55726
   vertex 10.895 3.60228 3.45995
   vertex 10.895 3.58747 3.46149
  endloop
 endfacet
 facet normal -1 0 0
  outer loop
   vertex 10.895 3.59144 3.46064
   vertex 10.895 3.60228 3.45995
   vertex 10.895 3.59339 3.46034
  endloop
 endfacet
 facet normal -1 0 0
  outer loop
   vertex 10.895 3.59339 3.46034
   vertex 10.895 3.60228 3.45995
   vertex 10.895 3.59532 3.46012
  endloop
 endfacet
 facet normal -1 9.10743e-13 3.78035e-11
  outer loop
   vertex 10.895 3.59532 3.46012
   vertex 10.895 3.60228 3.45995
   vertex 10.895 3.59721 3.45998
  endloop
 endfacet
 facet normal -1 0 0
  outer loop
   vertex 10.895 3.58747 3.46149
   vertex 10.895 3.60228 3.45995
   vertex 10.895 3.59144 3.46064
  endloop
 endfacet
 facet normal -1 5.87005e-13 -2.57502e-11
  outer loop
   vertex 10.895 3.59721 3.45998
   vertex 10.895 3.60228 3.45995
   vertex 10.895 3.6 3.4599
  endloop
 endfacet
 facet normal -1 1.1665e-13 -2.33362e-14
  outer loop
   vertex 10.895 3.62341 3.55408
   vertex 10.895 3.60461 3.46011
   vertex 10.895 3.5933 3.55945
  endloop
 endfacet
 facet normal -1 2.50979e-15 -3.63373e-14
  outer loop
   vertex 10.895 3.5933 3.55945
   vertex 10.895 3.60461 3.46011
   vertex 10.895 3.60228 3.45995
  endloop
 endfacet
 facet normal -1 -0 0
  outer loop
   vertex 10.895 3.64984 3.50593
   vertex 10.895 3.6496 3.50362
   vertex 10.895 3.64997 3.50822
  endloop
 endfacet
 facet normal -1 -0 0
  outer loop
   vertex 10.895 3.64997 3.50822
   vertex 10.895 3.6496 3.50362
   vertex 10.895 3.65 3.5105
  endloop
 endfacet
 facet normal -1 -0 0
  outer loop
   vertex 10.895 3.65 3.5105
   vertex 10.895 3.6496 3.50362
   vertex 10.895 3.64912 3.51924
  endloop
 endfacet
 facet normal -1 0 0
  outer loop
   vertex 10.895 3.60461 3.46011
   vertex 10.895 3.60941 3.46079
   vertex 10.895 3.60699 3.46039
  endloop
 endfacet
 facet normal -1 3.18956e-12 -2.25005e-11
  outer loop
   vertex 10.895 3.60461 3.46011
   vertex 10.895 3.61161 3.46127
   vertex 10.895 3.60941 3.46079
  endloop
 endfacet
 facet normal -1 -5.37183e-13 1.07465e-13
  outer loop
   vertex 10.895 3.62341 3.55408
   vertex 10.895 3.61161 3.46127
   vertex 10.895 3.60461 3.46011
  endloop
 endfacet
 facet normal -1 3.14445e-11 -7.83092e-12
  outer loop
   vertex 10.895 3.64879 3.49898
   vertex 10.895 3.64822 3.49666
   vertex 10.895 3.64925 3.5013
  endloop
 endfacet
 facet normal -1 -3.20446e-11 6.39445e-12
  outer loop
   vertex 10.895 3.64925 3.5013
   vertex 10.895 3.64822 3.49666
   vertex 10.895 3.6496 3.50362
  endloop
 endfacet
 facet normal -1 1.2336e-11 -4.03342e-11
  outer loop
   vertex 10.895 3.61161 3.46127
   vertex 10.895 3.61563 3.4624
   vertex 10.895 3.61361 3.46179
  endloop
 endfacet
 facet normal -1 -1.25051e-14 4.07856e-14
  outer loop
   vertex 10.895 3.62341 3.55408
   vertex 10.895 3.61764 3.46312
   vertex 10.895 3.61161 3.46127
  endloop
 endfacet
 facet normal -1 1.19613e-11 -3.90119e-11
  outer loop
   vertex 10.895 3.61161 3.46127
   vertex 10.895 3.61764 3.46312
   vertex 10.895 3.61563 3.4624
  endloop
 endfacet
 facet normal -1 -0 0
  outer loop
   vertex 10.895 3.64753 3.49437
   vertex 10.895 3.64672 3.4921
   vertex 10.895 3.64822 3.49666
  endloop
 endfacet
 facet normal -1 -0 0
  outer loop
   vertex 10.895 3.64581 3.48986
   vertex 10.895 3.64478 3.48766
   vertex 10.895 3.64672 3.4921
  endloop
 endfacet
 facet normal -1 -0 0
  outer loop
   vertex 10.895 3.64672 3.4921
   vertex 10.895 3.64478 3.48766
   vertex 10.895 3.64822 3.49666
  endloop
 endfacet
 facet normal -1 0 0
  outer loop
   vertex 10.895 3.62166 3.46484
   vertex 10.895 3.62562 3.46696
   vertex 10.895 3.62365 3.46585
  endloop
 endfacet
 facet normal -1 -0 0
  outer loop
   vertex 10.895 3.64365 3.48551
   vertex 10.895 3.64241 3.48342
   vertex 10.895 3.64478 3.48766
  endloop
 endfacet
 facet normal -1 -0 0
  outer loop
   vertex 10.895 3.64912 3.51924
   vertex 10.895 3.64241 3.48342
   vertex 10.895 3.64542 3.5308
  endloop
 endfacet
 facet normal -1 -0 0
  outer loop
   vertex 10.895 3.6496 3.50362
   vertex 10.895 3.64241 3.48342
   vertex 10.895 3.64912 3.51924
  endloop
 endfacet
 facet normal -1 -0 0
  outer loop
   vertex 10.895 3.64822 3.49666
   vertex 10.895 3.64241 3.48342
   vertex 10.895 3.6496 3.50362
  endloop
 endfacet
 facet normal -1 -0 0
  outer loop
   vertex 10.895 3.64542 3.5308
   vertex 10.895 3.64241 3.48342
   vertex 10.895 3.62341 3.55408
  endloop
 endfacet
 facet normal -1 -0 0
  outer loop
   vertex 10.895 3.64478 3.48766
   vertex 10.895 3.64241 3.48342
   vertex 10.895 3.64822 3.49666
  endloop
 endfacet
 facet normal -1 0 0
  outer loop
   vertex 10.895 3.62166 3.46484
   vertex 10.895 3.62756 3.46818
   vertex 10.895 3.62562 3.46696
  endloop
 endfacet
 facet normal -1 0 0
  outer loop
   vertex 10.895 3.61764 3.46312
   vertex 10.895 3.62946 3.4695
   vertex 10.895 3.61966 3.46393
  endloop
 endfacet
 facet normal -1 8.98514e-12 -1.58012e-11
  outer loop
   vertex 10.895 3.61966 3.46393
   vertex 10.895 3.62946 3.4695
   vertex 10.895 3.62166 3.46484
  endloop
 endfacet
 facet normal -1 8.53723e-12 -1.50524e-11
  outer loop
   vertex 10.895 3.62166 3.46484
   vertex 10.895 3.62946 3.4695
   vertex 10.895 3.62756 3.46818
  endloop
 endfacet
 facet normal -1 4.93114e-11 -3.78798e-11
  outer loop
   vertex 10.895 3.63965 3.47944
   vertex 10.895 3.63813 3.47756
   vertex 10.895 3.64108 3.48139
  endloop
 endfacet
 facet normal -1 2.96988e-13 7.98758e-14
  outer loop
   vertex 10.895 3.64241 3.48342
   vertex 10.895 3.63312 3.47244
   vertex 10.895 3.62341 3.55408
  endloop
 endfacet
 facet normal -1 0 0
  outer loop
   vertex 10.895 3.61764 3.46312
   vertex 10.895 3.63312 3.47244
   vertex 10.895 3.62946 3.4695
  endloop
 endfacet
 facet normal -1 0 0
  outer loop
   vertex 10.895 3.62946 3.4695
   vertex 10.895 3.63312 3.47244
   vertex 10.895 3.63131 3.47092
  endloop
 endfacet
 facet normal -1 -2.50536e-14 4.15811e-14
  outer loop
   vertex 10.895 3.62341 3.55408
   vertex 10.895 3.63312 3.47244
   vertex 10.895 3.61764 3.46312
  endloop
 endfacet
 facet normal -1 -1.65806e-11 1.27368e-11
  outer loop
   vertex 10.895 3.63813 3.47756
   vertex 10.895 3.63653 3.47576
   vertex 10.895 3.64108 3.48139
  endloop
 endfacet
 facet normal -1 8.28491e-12 -6.68213e-12
  outer loop
   vertex 10.895 3.64241 3.48342
   vertex 10.895 3.63486 3.47406
   vertex 10.895 3.63312 3.47244
  endloop
 endfacet
 facet normal -1 -1.21264e-11 9.78048e-12
  outer loop
   vertex 10.895 3.64108 3.48139
   vertex 10.895 3.63486 3.47406
   vertex 10.895 3.64241 3.48342
  endloop
 endfacet
 facet normal -1 3.73213e-12 -3.6584e-12
  outer loop
   vertex 10.895 3.63653 3.47576
   vertex 10.895 3.63486 3.47406
   vertex 10.895 3.64108 3.48139
  endloop
 endfacet
 facet normal 1 3.12377e-11 -3.06646e-11
  outer loop
   vertex 13.295 3.56224 3.54268
   vertex 13.295 3.56505 3.54566
   vertex 13.295 3.5636 3.54418
  endloop
 endfacet
 facet normal 1 2.7499e-11 -2.93424e-11
  outer loop
   vertex 13.295 3.5682 3.54849
   vertex 13.295 3.56658 3.54709
   vertex 13.295 3.56505 3.54566
  endloop
 endfacet
 facet normal 1 -1.69753e-11 1.47795e-11
  outer loop
   vertex 13.295 3.55977 3.5396
   vertex 13.295 3.56505 3.54566
   vertex 13.295 3.56224 3.54268
  endloop
 endfacet
 facet normal 1 5.28734e-12 -4.60341e-12
  outer loop
   vertex 13.295 3.55977 3.5396
   vertex 13.295 3.5682 3.54849
   vertex 13.295 3.56505 3.54566
  endloop
 endfacet
 facet normal 1 3.66635e-11 -2.81896e-11
  outer loop
   vertex 13.295 3.55977 3.5396
   vertex 13.295 3.56224 3.54268
   vertex 13.295 3.56097 3.54115
  endloop
 endfacet
 facet normal 1 0 0
  outer loop
   vertex 13.295 3.55764 3.53646
   vertex 13.295 3.55977 3.5396
   vertex 13.295 3.55866 3.53803
  endloop
 endfacet
 facet normal 1 2.04294e-11 -3.12136e-11
  outer loop
   vertex 13.295 3.57356 3.55234
   vertex 13.295 3.57169 3.55111
   vertex 13.295 3.56991 3.54983
  endloop
 endfacet
 facet normal 1 9.53268e-12 -1.53386e-11
  outer loop
   vertex 13.295 3.57752 3.55456
   vertex 13.295 3.57356 3.55234
   vertex 13.295 3.56991 3.54983
  endloop
 endfacet
 facet normal 1 1.78262e-11 -3.01051e-11
  outer loop
   vertex 13.295 3.57752 3.55456
   vertex 13.295 3.5755 3.55349
   vertex 13.295 3.57356 3.55234
  endloop
 endfacet
 facet normal 1 0 0
  outer loop
   vertex 13.295 3.55495 3.53159
   vertex 13.295 3.55977 3.5396
   vertex 13.295 3.55764 3.53646
  endloop
 endfacet
 facet normal 1 0 0
  outer loop
   vertex 13.295 3.55495 3.53159
   vertex 13.295 3.55764 3.53646
   vertex 13.295 3.55669 3.53488
  endloop
 endfacet
 facet normal 1 0 0
  outer loop
   vertex 13.295 3.55495 3.53159
   vertex 13.295 3.55669 3.53488
   vertex 13.295 3.5558 3.53327
  endloop
 endfacet
 facet normal 1 0 0
  outer loop
   vertex 13.295 3.55272 3.52616
   vertex 13.295 3.55977 3.5396
   vertex 13.295 3.55495 3.53159
  endloop
 endfacet
 facet normal 1 0 0
  outer loop
   vertex 13.295 3.55272 3.52616
   vertex 13.295 3.55495 3.53159
   vertex 13.295 3.55415 3.52985
  endloop
 endfacet
 facet normal 1 0 0
  outer loop
   vertex 13.295 3.55272 3.52616
   vertex 13.295 3.55415 3.52985
   vertex 13.295 3.55341 3.52804
  endloop
 endfacet
 facet normal 1 1.27188e-11 -3.03653e-11
  outer loop
   vertex 13.295 3.58398 3.55726
   vertex 13.295 3.58177 3.55646
   vertex 13.295 3.57961 3.55555
  endloop
 endfacet
 facet normal 1 1.29461e-11 -3.0946e-11
  outer loop
   vertex 13.295 3.58398 3.55726
   vertex 13.295 3.57961 3.55555
   vertex 13.295 3.57752 3.55456
  endloop
 endfacet
 facet normal 1 0 0
  outer loop
   vertex 13.295 3.55155 3.52224
   vertex 13.295 3.55977 3.5396
   vertex 13.295 3.55272 3.52616
  endloop
 endfacet
 facet normal 1 0 0
  outer loop
   vertex 13.295 3.55155 3.52224
   vertex 13.295 3.55272 3.52616
   vertex 13.295 3.5521 3.52423
  endloop
 endfacet
 facet normal 1 8.10582e-12 -3.11243e-11
  outer loop
   vertex 13.295 3.58856 3.55857
   vertex 13.295 3.58625 3.55797
   vertex 13.295 3.58398 3.55726
  endloop
 endfacet
 facet normal 1 -2.50999e-12 5.99982e-12
  outer loop
   vertex 13.295 3.58856 3.55857
   vertex 13.295 3.58398 3.55726
   vertex 13.295 3.57752 3.55456
  endloop
 endfacet
 facet normal 1 0 0
  outer loop
   vertex 13.295 3.55068 3.51809
   vertex 13.295 3.55155 3.52224
   vertex 13.295 3.55107 3.52019
  endloop
 endfacet
 facet normal 1 0 0
  outer loop
   vertex 13.295 3.55037 3.51594
   vertex 13.295 3.55155 3.52224
   vertex 13.295 3.55068 3.51809
  endloop
 endfacet
 facet normal 1 0 0
  outer loop
   vertex 13.295 3.55015 3.51375
   vertex 13.295 3.55155 3.52224
   vertex 13.295 3.55037 3.51594
  endloop
 endfacet
 facet normal 1 7.10935e-13 -2.64792e-13
  outer loop
   vertex 13.295 3.55015 3.51375
   vertex 13.295 3.5682 3.54849
   vertex 13.295 3.55977 3.5396
  endloop
 endfacet
 facet normal 1 -1.39886e-13 1.77455e-13
  outer loop
   vertex 13.295 3.55015 3.51375
   vertex 13.295 3.56991 3.54983
   vertex 13.295 3.5682 3.54849
  endloop
 endfacet
 facet normal 1 0 0
  outer loop
   vertex 13.295 3.55015 3.51375
   vertex 13.295 3.55977 3.5396
   vertex 13.295 3.55155 3.52224
  endloop
 endfacet
 facet normal 1 0 0
  outer loop
   vertex 13.295 3.59813 3.55986
   vertex 13.295 3.5957 3.55972
   vertex 13.295 3.5933 3.55945
  endloop
 endfacet
 facet normal 1 0 0
  outer loop
   vertex 13.295 3.59813 3.55986
   vertex 13.295 3.5933 3.55945
   vertex 13.295 3.59091 3.55907
  endloop
 endfacet
 facet normal 1 0 0
  outer loop
   vertex 13.295 3.55009 3.50698
   vertex 13.295 3.55003 3.51153
   vertex 13.295 3.55 3.50926
  endloop
 endfacet
 facet normal 1 6.83986e-13 6.16459e-11
  outer loop
   vertex 13.295 3.60298 3.55981
   vertex 13.295 3.60056 3.5599
   vertex 13.295 3.59813 3.55986
  endloop
 endfacet
 facet normal 1 0 0
  outer loop
   vertex 13.295 3.55057 3.50236
   vertex 13.295 3.55015 3.51375
   vertex 13.295 3.55003 3.51153
  endloop
 endfacet
 facet normal 1 0 0
  outer loop
   vertex 13.295 3.55057 3.50236
   vertex 13.295 3.55009 3.50698
   vertex 13.295 3.55027 3.50467
  endloop
 endfacet
 facet normal 1 1.72438e-13 6.40839e-15
  outer loop
   vertex 13.295 3.55057 3.50236
   vertex 13.295 3.56991 3.54983
   vertex 13.295 3.55015 3.51375
  endloop
 endfacet
 facet normal 1 -6.37651e-14 1.02601e-13
  outer loop
   vertex 13.295 3.55057 3.50236
   vertex 13.295 3.57752 3.55456
   vertex 13.295 3.56991 3.54983
  endloop
 endfacet
 facet normal 1 -4.36921e-13 2.95233e-13
  outer loop
   vertex 13.295 3.55057 3.50236
   vertex 13.295 3.58856 3.55857
   vertex 13.295 3.57752 3.55456
  endloop
 endfacet
 facet normal 1 0 0
  outer loop
   vertex 13.295 3.55057 3.50236
   vertex 13.295 3.55003 3.51153
   vertex 13.295 3.55009 3.50698
  endloop
 endfacet
 facet normal 1 -2.60357e-12 -3.09442e-11
  outer loop
   vertex 13.295 3.6078 3.55929
   vertex 13.295 3.6054 3.55961
   vertex 13.295 3.60298 3.55981
  endloop
 endfacet
 facet normal 1 0 0
  outer loop
   vertex 13.295 3.55151 3.49772
   vertex 13.295 3.55057 3.50236
   vertex 13.295 3.55098 3.50004
  endloop
 endfacet
 facet normal 1 -2.89586e-14 -2.60996e-12
  outer loop
   vertex 13.295 3.6125 3.55831
   vertex 13.295 3.60298 3.55981
   vertex 13.295 3.59813 3.55986
  endloop
 endfacet
 facet normal 1 1.27988e-13 -1.15734e-12
  outer loop
   vertex 13.295 3.6125 3.55831
   vertex 13.295 3.59813 3.55986
   vertex 13.295 3.59091 3.55907
  endloop
 endfacet
 facet normal 1 1.58402e-12 7.63122e-12
  outer loop
   vertex 13.295 3.6125 3.55831
   vertex 13.295 3.6078 3.55929
   vertex 13.295 3.60298 3.55981
  endloop
 endfacet
 facet normal 1 -1.27945e-11 -6.16394e-11
  outer loop
   vertex 13.295 3.6125 3.55831
   vertex 13.295 3.61017 3.55886
   vertex 13.295 3.6078 3.55929
  endloop
 endfacet
 facet normal 1 1.44405e-13 -6.88208e-13
  outer loop
   vertex 13.295 3.6125 3.55831
   vertex 13.295 3.59091 3.55907
   vertex 13.295 3.58856 3.55857
  endloop
 endfacet
 facet normal 1 0 0
  outer loop
   vertex 13.295 3.5529 3.49313
   vertex 13.295 3.55151 3.49772
   vertex 13.295 3.55214 3.49542
  endloop
 endfacet
 facet normal 1 -1.02358e-11 -3.04698e-11
  outer loop
   vertex 13.295 3.61704 3.55691
   vertex 13.295 3.6148 3.55766
   vertex 13.295 3.6125 3.55831
  endloop
 endfacet
 facet normal 1 0 -0
  outer loop
   vertex 13.295 3.55376 3.49088
   vertex 13.295 3.58856 3.55857
   vertex 13.295 3.55057 3.50236
  endloop
 endfacet
 facet normal 1 0 0
  outer loop
   vertex 13.295 3.55376 3.49088
   vertex 13.295 3.55057 3.50236
   vertex 13.295 3.55151 3.49772
  endloop
 endfacet
 facet normal 1 1.51085e-13 -7.7664e-14
  outer loop
   vertex 13.295 3.55376 3.49088
   vertex 13.295 3.6125 3.55831
   vertex 13.295 3.58856 3.55857
  endloop
 endfacet
 facet normal 1 0 0
  outer loop
   vertex 13.295 3.55376 3.49088
   vertex 13.295 3.55151 3.49772
   vertex 13.295 3.5529 3.49313
  endloop
 endfacet
 facet normal 1 0 0
  outer loop
   vertex 13.295 3.62341 3.55408
   vertex 13.295 3.62135 3.55511
   vertex 13.295 3.61923 3.55606
  endloop
 endfacet
 facet normal 1 0 0
  outer loop
   vertex 13.295 3.62341 3.55408
   vertex 13.295 3.61923 3.55606
   vertex 13.295 3.61704 3.55691
  endloop
 endfacet
 facet normal 1 0 0
  outer loop
   vertex 13.295 3.62539 3.55297
   vertex 13.295 3.55376 3.49088
   vertex 13.295 3.55474 3.48866
  endloop
 endfacet
 facet normal 1 -1.90949e-13 2.20286e-13
  outer loop
   vertex 13.295 3.62539 3.55297
   vertex 13.295 3.6125 3.55831
   vertex 13.295 3.55376 3.49088
  endloop
 endfacet
 facet normal 1 -2.33983e-12 -4.96697e-12
  outer loop
   vertex 13.295 3.62539 3.55297
   vertex 13.295 3.61704 3.55691
   vertex 13.295 3.6125 3.55831
  endloop
 endfacet
 facet normal 1 0 0
  outer loop
   vertex 13.295 3.62539 3.55297
   vertex 13.295 3.62341 3.55408
   vertex 13.295 3.61704 3.55691
  endloop
 endfacet
 facet normal 1 0 0
  outer loop
   vertex 13.295 3.55701 3.48437
   vertex 13.295 3.55474 3.48866
   vertex 13.295 3.55582 3.48649
  endloop
 endfacet
 facet normal 1 0 0
  outer loop
   vertex 13.295 3.5583 3.48231
   vertex 13.295 3.55474 3.48866
   vertex 13.295 3.55701 3.48437
  endloop
 endfacet
 facet normal 1 -1.93731e-11 -3.12322e-11
  outer loop
   vertex 13.295 3.62913 3.55053
   vertex 13.295 3.6273 3.55179
   vertex 13.295 3.62539 3.55297
  endloop
 endfacet
 facet normal 1 0 -0
  outer loop
   vertex 13.295 3.55969 3.48032
   vertex 13.295 3.62539 3.55297
   vertex 13.295 3.55474 3.48866
  endloop
 endfacet
 facet normal 1 0 0
  outer loop
   vertex 13.295 3.55969 3.48032
   vertex 13.295 3.55474 3.48866
   vertex 13.295 3.5583 3.48231
  endloop
 endfacet
 facet normal 1 -2.43285e-11 -2.96392e-11
  outer loop
   vertex 13.295 3.63255 3.54786
   vertex 13.295 3.63088 3.54922
   vertex 13.295 3.62913 3.55053
  endloop
 endfacet
 facet normal 1 0 0
  outer loop
   vertex 13.295 3.56273 3.47657
   vertex 13.295 3.55969 3.48032
   vertex 13.295 3.56116 3.47841
  endloop
 endfacet
 facet normal 1 0 0
  outer loop
   vertex 13.295 3.63703 3.5435
   vertex 13.295 3.63562 3.54499
   vertex 13.295 3.63413 3.54644
  endloop
 endfacet
 facet normal 1 0 0
  outer loop
   vertex 13.295 3.56785 3.4716
   vertex 13.295 3.56273 3.47657
   vertex 13.295 3.56437 3.47482
  endloop
 endfacet
 facet normal 1 0 0
  outer loop
   vertex 13.295 3.56785 3.4716
   vertex 13.295 3.56437 3.47482
   vertex 13.295 3.56608 3.47317
  endloop
 endfacet
 facet normal 1 0 0
  outer loop
   vertex 13.295 3.56785 3.4716
   vertex 13.295 3.55969 3.48032
   vertex 13.295 3.56273 3.47657
  endloop
 endfacet
 facet normal 1 -4.78135e-12 -5.34223e-12
  outer loop
   vertex 13.295 3.63835 3.54198
   vertex 13.295 3.63413 3.54644
   vertex 13.295 3.63255 3.54786
  endloop
 endfacet
 facet normal 1 -6.90569e-12 -7.44067e-12
  outer loop
   vertex 13.295 3.63835 3.54198
   vertex 13.295 3.63255 3.54786
   vertex 13.295 3.62913 3.55053
  endloop
 endfacet
 facet normal 1 -2.09494e-11 -2.06496e-11
  outer loop
   vertex 13.295 3.63835 3.54198
   vertex 13.295 3.63703 3.5435
   vertex 13.295 3.63413 3.54644
  endloop
 endfacet
 facet normal 1 8.6189e-12 9.2866e-12
  outer loop
   vertex 13.295 3.63959 3.54044
   vertex 13.295 3.63835 3.54198
   vertex 13.295 3.62913 3.55053
  endloop
 endfacet
 facet normal 1 0 0
  outer loop
   vertex 13.295 3.64281 3.53574
   vertex 13.295 3.64182 3.53731
   vertex 13.295 3.64074 3.53888
  endloop
 endfacet
 facet normal 1 0 0
  outer loop
   vertex 13.295 3.64281 3.53574
   vertex 13.295 3.64074 3.53888
   vertex 13.295 3.63959 3.54044
  endloop
 endfacet
 facet normal 1 -1.02546e-12 -7.01648e-13
  outer loop
   vertex 13.295 3.64281 3.53574
   vertex 13.295 3.63959 3.54044
   vertex 13.295 3.62913 3.55053
  endloop
 endfacet
 facet normal 1 0 0
  outer loop
   vertex 13.295 3.57545 3.46634
   vertex 13.295 3.56785 3.4716
   vertex 13.295 3.56969 3.47014
  endloop
 endfacet
 facet normal 1 0 0
  outer loop
   vertex 13.295 3.57545 3.46634
   vertex 13.295 3.56969 3.47014
   vertex 13.295 3.57157 3.46877
  endloop
 endfacet
 facet normal 1 0 0
  outer loop
   vertex 13.295 3.57545 3.46634
   vertex 13.295 3.57157 3.46877
   vertex 13.295 3.57349 3.46751
  endloop
 endfacet
 facet normal 1 0 0
  outer loop
   vertex 13.295 3.57545 3.46634
   vertex 13.295 3.55969 3.48032
   vertex 13.295 3.56785 3.4716
  endloop
 endfacet
 facet normal 1 -7.124e-13 -4.12384e-13
  outer loop
   vertex 13.295 3.64372 3.53415
   vertex 13.295 3.64281 3.53574
   vertex 13.295 3.62913 3.55053
  endloop
 endfacet
 facet normal 1 -6.1686e-13 -3.27298e-13
  outer loop
   vertex 13.295 3.6446 3.53251
   vertex 13.295 3.64372 3.53415
   vertex 13.295 3.62913 3.55053
  endloop
 endfacet
 facet normal 1 0 0
  outer loop
   vertex 13.295 3.58144 3.46347
   vertex 13.295 3.57545 3.46634
   vertex 13.295 3.57743 3.46529
  endloop
 endfacet
 facet normal 1 3.09171e-11 6.84238e-11
  outer loop
   vertex 13.295 3.58144 3.46347
   vertex 13.295 3.57743 3.46529
   vertex 13.295 3.57943 3.46433
  endloop
 endfacet
 facet normal 1 -4.37387e-11 -1.51267e-11
  outer loop
   vertex 13.295 3.64757 3.52529
   vertex 13.295 3.64692 3.52719
   vertex 13.295 3.6462 3.52903
  endloop
 endfacet
 facet normal 1 1.4145e-11 6.17991e-12
  outer loop
   vertex 13.295 3.64757 3.52529
   vertex 13.295 3.6462 3.52903
   vertex 13.295 3.64542 3.5308
  endloop
 endfacet
 facet normal 1 0 0
  outer loop
   vertex 13.295 3.58547 3.46206
   vertex 13.295 3.58144 3.46347
   vertex 13.295 3.58345 3.46272
  endloop
 endfacet
 facet normal 1 0 0
  outer loop
   vertex 13.295 3.58747 3.46149
   vertex 13.295 3.58144 3.46347
   vertex 13.295 3.58547 3.46206
  endloop
 endfacet
 facet normal 1 -4.9073e-12 -1.25499e-12
  outer loop
   vertex 13.295 3.64912 3.51924
   vertex 13.295 3.64757 3.52529
   vertex 13.295 3.64542 3.5308
  endloop
 endfacet
 facet normal 1 0 0
  outer loop
   vertex 13.295 3.64912 3.51924
   vertex 13.295 3.64868 3.52131
   vertex 13.295 3.64816 3.52333
  endloop
 endfacet
 facet normal 1 0 0
  outer loop
   vertex 13.295 3.64912 3.51924
   vertex 13.295 3.64816 3.52333
   vertex 13.295 3.64757 3.52529
  endloop
 endfacet
 facet normal 1 0 0
  outer loop
   vertex 13.295 3.59144 3.46064
   vertex 13.295 3.58747 3.46149
   vertex 13.295 3.58947 3.46102
  endloop
 endfacet
 facet normal 1 -1.805e-12 -2.6269e-13
  outer loop
   vertex 13.295 3.64974 3.51495
   vertex 13.295 3.64912 3.51924
   vertex 13.295 3.64542 3.5308
  endloop
 endfacet
 facet normal 1 0 0
  outer loop
   vertex 13.295 3.64974 3.51495
   vertex 13.295 3.64948 3.51712
   vertex 13.295 3.64912 3.51924
  endloop
 endfacet
 facet normal 1 0 0
  outer loop
   vertex 13.295 3.59532 3.46012
   vertex 13.295 3.59144 3.46064
   vertex 13.295 3.59339 3.46034
  endloop
 endfacet
 facet normal 1 0 0
  outer loop
   vertex 13.295 3.59532 3.46012
   vertex 13.295 3.58747 3.46149
   vertex 13.295 3.59144 3.46064
  endloop
 endfacet
 facet normal 1 0 0
  outer loop
   vertex 13.295 3.59721 3.45998
   vertex 13.295 3.55969 3.48032
   vertex 13.295 3.57545 3.46634
  endloop
 endfacet
 facet normal 1 0 0
  outer loop
   vertex 13.295 3.59721 3.45998
   vertex 13.295 3.58144 3.46347
   vertex 13.295 3.58747 3.46149
  endloop
 endfacet
 facet normal 1 0 0
  outer loop
   vertex 13.295 3.59721 3.45998
   vertex 13.295 3.57545 3.46634
   vertex 13.295 3.58144 3.46347
  endloop
 endfacet
 facet normal 1 0 0
  outer loop
   vertex 13.295 3.59721 3.45998
   vertex 13.295 3.58747 3.46149
   vertex 13.295 3.59532 3.46012
  endloop
 endfacet
 facet normal 1 0 -0
  outer loop
   vertex 13.295 3.59721 3.45998
   vertex 13.295 3.62539 3.55297
   vertex 13.295 3.55969 3.48032
  endloop
 endfacet
 facet normal 1 8.12335e-13 -2.46178e-13
  outer loop
   vertex 13.295 3.59721 3.45998
   vertex 13.295 3.62913 3.55053
   vertex 13.295 3.62539 3.55297
  endloop
 endfacet
 facet normal 1 0 0
  outer loop
   vertex 13.295 3.65 3.5105
   vertex 13.295 3.64992 3.51274
   vertex 13.295 3.64974 3.51495
  endloop
 endfacet
 facet normal 1 0 0
  outer loop
   vertex 13.295 3.64984 3.50593
   vertex 13.295 3.64997 3.50822
   vertex 13.295 3.65 3.5105
  endloop
 endfacet
 facet normal 1 0 0
  outer loop
   vertex 13.295 3.60461 3.46011
   vertex 13.295 3.6 3.4599
   vertex 13.295 3.60228 3.45995
  endloop
 endfacet
 facet normal 1 0 0
  outer loop
   vertex 13.295 3.60461 3.46011
   vertex 13.295 3.59721 3.45998
   vertex 13.295 3.59862 3.45992
  endloop
 endfacet
 facet normal 1 0 0
  outer loop
   vertex 13.295 3.60461 3.46011
   vertex 13.295 3.59862 3.45992
   vertex 13.295 3.6 3.4599
  endloop
 endfacet
 facet normal 1 0 0
  outer loop
   vertex 13.295 3.6496 3.50362
   vertex 13.295 3.64984 3.50593
   vertex 13.295 3.65 3.5105
  endloop
 endfacet
 facet normal 1 0 0
  outer loop
   vertex 13.295 3.60941 3.46079
   vertex 13.295 3.60461 3.46011
   vertex 13.295 3.60699 3.46039
  endloop
 endfacet
 facet normal 1 0 0
  outer loop
   vertex 13.295 3.60941 3.46079
   vertex 13.295 3.59721 3.45998
   vertex 13.295 3.60461 3.46011
  endloop
 endfacet
 facet normal 1 -1.52815e-13 7.07479e-14
  outer loop
   vertex 13.295 3.61161 3.46127
   vertex 13.295 3.6446 3.53251
   vertex 13.295 3.62913 3.55053
  endloop
 endfacet
 facet normal 1 -3.71511e-15 4.1483e-14
  outer loop
   vertex 13.295 3.61161 3.46127
   vertex 13.295 3.62913 3.55053
   vertex 13.295 3.59721 3.45998
  endloop
 endfacet
 facet normal 1 0 0
  outer loop
   vertex 13.295 3.61161 3.46127
   vertex 13.295 3.59721 3.45998
   vertex 13.295 3.60941 3.46079
  endloop
 endfacet
 facet normal 1 0 0
  outer loop
   vertex 13.295 3.64822 3.49666
   vertex 13.295 3.65 3.5105
   vertex 13.295 3.64974 3.51495
  endloop
 endfacet
 facet normal 1 0 0
  outer loop
   vertex 13.295 3.64822 3.49666
   vertex 13.295 3.64879 3.49898
   vertex 13.295 3.64925 3.5013
  endloop
 endfacet
 facet normal 1 0 0
  outer loop
   vertex 13.295 3.64822 3.49666
   vertex 13.295 3.64925 3.5013
   vertex 13.295 3.6496 3.50362
  endloop
 endfacet
 facet normal 1 0 0
  outer loop
   vertex 13.295 3.64822 3.49666
   vertex 13.295 3.6496 3.50362
   vertex 13.295 3.65 3.5105
  endloop
 endfacet
 facet normal 1 0 0
  outer loop
   vertex 13.295 3.64753 3.49437
   vertex 13.295 3.64822 3.49666
   vertex 13.295 3.64974 3.51495
  endloop
 endfacet
 facet normal 1 0 0
  outer loop
   vertex 13.295 3.61563 3.4624
   vertex 13.295 3.61161 3.46127
   vertex 13.295 3.61361 3.46179
  endloop
 endfacet
 facet normal 1 2.37474e-12 -9.81329e-13
  outer loop
   vertex 13.295 3.61563 3.4624
   vertex 13.295 3.64542 3.5308
   vertex 13.295 3.6446 3.53251
  endloop
 endfacet
 facet normal 1 0 -0
  outer loop
   vertex 13.295 3.61563 3.4624
   vertex 13.295 3.6446 3.53251
   vertex 13.295 3.61161 3.46127
  endloop
 endfacet
 facet normal 1 -5.34241e-13 8.38217e-14
  outer loop
   vertex 13.295 3.64581 3.48986
   vertex 13.295 3.64974 3.51495
   vertex 13.295 3.64542 3.5308
  endloop
 endfacet
 facet normal 1 0 0
  outer loop
   vertex 13.295 3.64581 3.48986
   vertex 13.295 3.64672 3.4921
   vertex 13.295 3.64753 3.49437
  endloop
 endfacet
 facet normal 1 0 0
  outer loop
   vertex 13.295 3.64581 3.48986
   vertex 13.295 3.64753 3.49437
   vertex 13.295 3.64974 3.51495
  endloop
 endfacet
 facet normal 1 0 0
  outer loop
   vertex 13.295 3.62166 3.46484
   vertex 13.295 3.61563 3.4624
   vertex 13.295 3.61764 3.46312
  endloop
 endfacet
 facet normal 1 0 0
  outer loop
   vertex 13.295 3.62166 3.46484
   vertex 13.295 3.61764 3.46312
   vertex 13.295 3.61966 3.46393
  endloop
 endfacet
 facet normal 1 0 0
  outer loop
   vertex 13.295 3.64241 3.48342
   vertex 13.295 3.64365 3.48551
   vertex 13.295 3.64478 3.48766
  endloop
 endfacet
 facet normal 1 0 0
  outer loop
   vertex 13.295 3.64241 3.48342
   vertex 13.295 3.64478 3.48766
   vertex 13.295 3.64581 3.48986
  endloop
 endfacet
 facet normal 1 -1.65551e-13 8.72966e-14
  outer loop
   vertex 13.295 3.64241 3.48342
   vertex 13.295 3.64581 3.48986
   vertex 13.295 3.64542 3.5308
  endloop
 endfacet
 facet normal 1 -6.34026e-14 8.081e-14
  outer loop
   vertex 13.295 3.64241 3.48342
   vertex 13.295 3.64542 3.5308
   vertex 13.295 3.61563 3.4624
  endloop
 endfacet
 facet normal 1 0 0
  outer loop
   vertex 13.295 3.62756 3.46818
   vertex 13.295 3.62166 3.46484
   vertex 13.295 3.62365 3.46585
  endloop
 endfacet
 facet normal 1 0 0
  outer loop
   vertex 13.295 3.62756 3.46818
   vertex 13.295 3.62365 3.46585
   vertex 13.295 3.62562 3.46696
  endloop
 endfacet
 facet normal 1 0 0
  outer loop
   vertex 13.295 3.63131 3.47092
   vertex 13.295 3.62166 3.46484
   vertex 13.295 3.62756 3.46818
  endloop
 endfacet
 facet normal 1 0 0
  outer loop
   vertex 13.295 3.63131 3.47092
   vertex 13.295 3.62756 3.46818
   vertex 13.295 3.62946 3.4695
  endloop
 endfacet
 facet normal 1 0 0
  outer loop
   vertex 13.295 3.63131 3.47092
   vertex 13.295 3.61563 3.4624
   vertex 13.295 3.62166 3.46484
  endloop
 endfacet
 facet normal 1 0 0
  outer loop
   vertex 13.295 3.63813 3.47756
   vertex 13.295 3.63965 3.47944
   vertex 13.295 3.64108 3.48139
  endloop
 endfacet
 facet normal 1 0 -0
  outer loop
   vertex 13.295 3.63653 3.47576
   vertex 13.295 3.64241 3.48342
   vertex 13.295 3.61563 3.4624
  endloop
 endfacet
 facet normal 1 0 0
  outer loop
   vertex 13.295 3.63653 3.47576
   vertex 13.295 3.61563 3.4624
   vertex 13.295 3.63131 3.47092
  endloop
 endfacet
 facet normal 1 0 0
  outer loop
   vertex 13.295 3.63653 3.47576
   vertex 13.295 3.63813 3.47756
   vertex 13.295 3.64108 3.48139
  endloop
 endfacet
 facet normal 1 0 0
  outer loop
   vertex 13.295 3.63653 3.47576
   vertex 13.295 3.64108 3.48139
   vertex 13.295 3.64241 3.48342
  endloop
 endfacet
 facet normal 1 0 0
  outer loop
   vertex 13.295 3.63486 3.47406
   vertex 13.295 3.63131 3.47092
   vertex 13.295 3.63312 3.47244
  endloop
 endfacet
 facet normal 1 0 -0
  outer loop
   vertex 13.295 3.63486 3.47406
   vertex 13.295 3.63653 3.47576
   vertex 13.295 3.63131 3.47092
  endloop
 endfacet
 facet normal 1.8946e-16 -0.0138339 -0.999904
  outer loop
   vertex 10.895 4.59862 3.45992
   vertex 10.895 4.6 3.4599
   vertex 13.295 4.6 3.4599
  endloop
 endfacet
 facet normal 1.84217e-16 -0.0138339 -0.999904
  outer loop
   vertex 10.895 4.59862 3.45992
   vertex 13.295 4.6 3.4599
   vertex 13.295 4.59862 3.45992
  endloop
 endfacet
 facet normal 3.49591e-16 -0.0746954 -0.997206
  outer loop
   vertex 10.895 4.59721 3.45998
   vertex 13.295 4.59721 3.45998
   vertex 13.295 4.59532 3.46012
  endloop
 endfacet
 facet normal 3.62821e-16 -0.0417083 -0.99913
  outer loop
   vertex 10.895 4.59721 3.45998
   vertex 13.295 4.59862 3.45992
   vertex 13.295 4.59721 3.45998
  endloop
 endfacet
 facet normal 1.73506e-16 -0.0417083 -0.99913
  outer loop
   vertex 10.895 4.59721 3.45998
   vertex 10.895 4.59862 3.45992
   vertex 13.295 4.59862 3.45992
  endloop
 endfacet
 facet normal 3.33753e-16 -0.11289 -0.993608
  outer loop
   vertex 10.895 4.59532 3.46012
   vertex 13.295 4.59532 3.46012
   vertex 13.295 4.59339 3.46034
  endloop
 endfacet
 facet normal 3.49591e-16 -0.0746954 -0.997206
  outer loop
   vertex 10.895 4.59532 3.46012
   vertex 10.895 4.59721 3.45998
   vertex 13.295 4.59532 3.46012
  endloop
 endfacet
 facet normal 5.04384e-16 -0.151666 -0.988432
  outer loop
   vertex 10.895 4.59339 3.46034
   vertex 13.295 4.59339 3.46034
   vertex 13.295 4.59144 3.46064
  endloop
 endfacet
 facet normal 5.2202e-16 -0.11289 -0.993608
  outer loop
   vertex 10.895 4.59339 3.46034
   vertex 10.895 4.59532 3.46012
   vertex 13.295 4.59339 3.46034
  endloop
 endfacet
 facet normal 4.13256e-16 -0.190944 -0.981601
  outer loop
   vertex 10.895 4.59144 3.46064
   vertex 13.295 4.59144 3.46064
   vertex 13.295 4.58947 3.46102
  endloop
 endfacet
 facet normal 4.46909e-16 -0.151666 -0.988432
  outer loop
   vertex 10.895 4.59144 3.46064
   vertex 10.895 4.59339 3.46034
   vertex 13.295 4.59144 3.46064
  endloop
 endfacet
 facet normal 4.85616e-16 -0.190944 -0.981601
  outer loop
   vertex 10.895 4.58947 3.46102
   vertex 10.895 4.59144 3.46064
   vertex 13.295 4.58947 3.46102
  endloop
 endfacet
 facet normal 3.42094e-16 -0.270646 -0.962679
  outer loop
   vertex 10.895 4.58747 3.46149
   vertex 13.295 4.58747 3.46149
   vertex 13.295 4.58547 3.46206
  endloop
 endfacet
 facet normal 3.78306e-16 -0.230637 -0.97304
  outer loop
   vertex 10.895 4.58747 3.46149
   vertex 13.295 4.58947 3.46102
   vertex 13.295 4.58747 3.46149
  endloop
 endfacet
 facet normal 4.65698e-16 -0.230637 -0.97304
  outer loop
   vertex 10.895 4.58747 3.46149
   vertex 10.895 4.58947 3.46102
   vertex 13.295 4.58947 3.46102
  endloop
 endfacet
 facet normal 1.86858e-16 -0.310865 -0.950454
  outer loop
   vertex 10.895 4.58547 3.46206
   vertex 13.295 4.58547 3.46206
   vertex 13.295 4.58345 3.46272
  endloop
 endfacet
 facet normal 2.3953e-16 -0.270646 -0.962679
  outer loop
   vertex 10.895 4.58547 3.46206
   vertex 10.895 4.58747 3.46149
   vertex 13.295 4.58547 3.46206
  endloop
 endfacet
 facet normal 4.22466e-16 -0.310865 -0.950454
  outer loop
   vertex 10.895 4.58345 3.46272
   vertex 10.895 4.58547 3.46206
   vertex 13.295 4.58345 3.46272
  endloop
 endfacet
 facet normal 2.66068e-16 -0.351178 -0.936309
  outer loop
   vertex 10.895 4.58144 3.46347
   vertex 13.295 4.58345 3.46272
   vertex 13.295 4.58144 3.46347
  endloop
 endfacet
 facet normal 3.99158e-16 -0.351178 -0.936309
  outer loop
   vertex 10.895 4.58144 3.46347
   vertex 10.895 4.58345 3.46272
   vertex 13.295 4.58345 3.46272
  endloop
 endfacet
 facet normal 6.91064e-16 -0.431583 -0.902073
  outer loop
   vertex 10.895 4.57943 3.46433
   vertex 13.295 4.57943 3.46433
   vertex 13.295 4.57743 3.46529
  endloop
 endfacet
 facet normal 7.23437e-16 -0.391461 -0.920195
  outer loop
   vertex 10.895 4.57943 3.46433
   vertex 13.295 4.58144 3.46347
   vertex 13.295 4.57943 3.46433
  endloop
 endfacet
 facet normal 2.26383e-16 -0.391461 -0.920195
  outer loop
   vertex 10.895 4.57943 3.46433
   vertex 10.895 4.58144 3.46347
   vertex 13.295 4.58144 3.46347
  endloop
 endfacet
 facet normal 3.11131e-16 -0.471406 -0.881916
  outer loop
   vertex 10.895 4.57743 3.46529
   vertex 13.295 4.57743 3.46529
   vertex 13.295 4.57545 3.46634
  endloop
 endfacet
 facet normal 3.5659e-16 -0.431583 -0.902073
  outer loop
   vertex 10.895 4.57743 3.46529
   vertex 10.895 4.57943 3.46433
   vertex 13.295 4.57743 3.46529
  endloop
 endfacet
 facet normal 3.11131e-16 -0.471406 -0.881916
  outer loop
   vertex 10.895 4.57545 3.46634
   vertex 10.895 4.57743 3.46529
   vertex 13.295 4.57545 3.46634
  endloop
 endfacet
 facet normal 5.83707e-17 -0.54957 -0.835447
  outer loop
   vertex 10.895 4.57349 3.46751
   vertex 13.295 4.57349 3.46751
   vertex 13.295 4.57157 3.46877
  endloop
 endfacet
 facet normal 1.01558e-16 -0.510784 -0.859709
  outer loop
   vertex 10.895 4.57349 3.46751
   vertex 13.295 4.57545 3.46634
   vertex 13.295 4.57349 3.46751
  endloop
 endfacet
 facet normal 2.64407e-16 -0.510784 -0.859709
  outer loop
   vertex 10.895 4.57349 3.46751
   vertex 10.895 4.57545 3.46634
   vertex 13.295 4.57545 3.46634
  endloop
 endfacet
 facet normal 5.43895e-16 -0.587612 -0.809143
  outer loop
   vertex 10.895 4.57157 3.46877
   vertex 13.295 4.57157 3.46877
   vertex 13.295 4.56969 3.47014
  endloop
 endfacet
 facet normal 5.83232e-16 -0.54957 -0.835447
  outer loop
   vertex 10.895 4.57157 3.46877
   vertex 10.895 4.57349 3.46751
   vertex 13.295 4.57157 3.46877
  endloop
 endfacet
 facet normal 1.18284e-16 -0.624755 -0.780821
  outer loop
   vertex 10.895 4.56969 3.47014
   vertex 13.295 4.56969 3.47014
   vertex 13.295 4.56785 3.4716
  endloop
 endfacet
 facet normal 1.67901e-16 -0.587612 -0.809143
  outer loop
   vertex 10.895 4.56969 3.47014
   vertex 10.895 4.57157 3.46877
   vertex 13.295 4.56969 3.47014
  endloop
 endfacet
 facet normal 3.55039e-16 -0.624755 -0.780821
  outer loop
   vertex 10.895 4.56785 3.4716
   vertex 10.895 4.56969 3.47014
   vertex 13.295 4.56785 3.4716
  endloop
 endfacet
 facet normal -2.46549e-16 -0.695733 -0.7183
  outer loop
   vertex 10.895 4.56608 3.47317
   vertex 13.295 4.56608 3.47317
   vertex 13.295 4.56437 3.47482
  endloop
 endfacet
 facet normal -1.82465e-16 -0.660846 -0.750522
  outer loop
   vertex 10.895 4.56608 3.47317
   vertex 13.295 4.56785 3.4716
   vertex 13.295 4.56608 3.47317
  endloop
 endfacet
 facet normal 3.18385e-16 -0.660846 -0.750522
  outer loop
   vertex 10.895 4.56608 3.47317
   vertex 10.895 4.56785 3.4716
   vertex 13.295 4.56785 3.4716
  endloop
 endfacet
 facet normal 3.7187e-16 -0.729269 -0.684227
  outer loop
   vertex 10.895 4.56437 3.47482
   vertex 13.295 4.56437 3.47482
   vertex 13.295 4.56273 3.47657
  endloop
 endfacet
 facet normal 4.16858e-16 -0.695733 -0.7183
  outer loop
   vertex 10.895 4.56437 3.47482
   vertex 10.895 4.56608 3.47317
   vertex 13.295 4.56437 3.47482
  endloop
 endfacet
 facet normal 9.55088e-17 -0.729269 -0.684227
  outer loop
   vertex 10.895 4.56273 3.47657
   vertex 10.895 4.56437 3.47482
   vertex 13.295 4.56273 3.47657
  endloop
 endfacet
 facet normal 3.94468e-16 -0.79172 -0.610885
  outer loop
   vertex 10.895 4.56116 3.47841
   vertex 13.295 4.56116 3.47841
   vertex 13.295 4.55969 3.48032
  endloop
 endfacet
 facet normal 4.4863e-16 -0.761309 -0.648389
  outer loop
   vertex 10.895 4.56116 3.47841
   vertex 13.295 4.56273 3.47657
   vertex 13.295 4.56116 3.47841
  endloop
 endfacet
 facet normal 3.73206e-17 -0.761309 -0.648389
  outer loop
   vertex 10.895 4.56116 3.47841
   vertex 10.895 4.56273 3.47657
   vertex 13.295 4.56273 3.47657
  endloop
 endfacet
 facet normal -3.90913e-16 -0.820374 -0.571828
  outer loop
   vertex 10.895 4.55969 3.48032
   vertex 13.295 4.55969 3.48032
   vertex 13.295 4.5583 3.48231
  endloop
 endfacet
 facet normal -3.21335e-16 -0.79172 -0.610885
  outer loop
   vertex 10.895 4.55969 3.48032
   vertex 10.895 4.56116 3.47841
   vertex 13.295 4.55969 3.48032
  endloop
 endfacet
 facet normal 1.82355e-16 -0.847156 -0.531344
  outer loop
   vertex 10.895 4.5583 3.48231
   vertex 13.295 4.5583 3.48231
   vertex 13.295 4.55701 3.48437
  endloop
 endfacet
 facet normal 2.30858e-16 -0.820374 -0.571828
  outer loop
   vertex 10.895 4.5583 3.48231
   vertex 10.895 4.55969 3.48032
   vertex 13.295 4.5583 3.48231
  endloop
 endfacet
 facet normal 2.83034e-16 -0.847156 -0.531344
  outer loop
   vertex 10.895 4.55701 3.48437
   vertex 10.895 4.5583 3.48231
   vertex 13.295 4.55701 3.48437
  endloop
 endfacet
 facet normal 5.07788e-16 -0.894706 -0.446655
  outer loop
   vertex 10.895 4.55582 3.48649
   vertex 13.295 4.55582 3.48649
   vertex 13.295 4.55474 3.48866
  endloop
 endfacet
 facet normal 5.56578e-16 -0.871963 -0.489571
  outer loop
   vertex 10.895 4.55582 3.48649
   vertex 13.295 4.55701 3.48437
   vertex 13.295 4.55582 3.48649
  endloop
 endfacet
 facet normal 2.26198e-16 -0.871963 -0.489571
  outer loop
   vertex 10.895 4.55582 3.48649
   vertex 10.895 4.55701 3.48437
   vertex 13.295 4.55701 3.48437
  endloop
 endfacet
 facet normal 5.07788e-16 -0.894706 -0.446655
  outer loop
   vertex 10.895 4.55474 3.48866
   vertex 10.895 4.55582 3.48649
   vertex 13.295 4.55474 3.48866
  endloop
 endfacet
 facet normal -4.36327e-16 -0.933714 -0.358019
  outer loop
   vertex 10.895 4.55376 3.49088
   vertex 13.295 4.55376 3.49088
   vertex 13.295 4.5529 3.49313
  endloop
 endfacet
 facet normal -3.88474e-16 -0.91531 -0.402751
  outer loop
   vertex 10.895 4.55376 3.49088
   vertex 13.295 4.55474 3.48866
   vertex 13.295 4.55376 3.49088
  endloop
 endfacet
 facet normal 4.57853e-16 -0.91531 -0.402751
  outer loop
   vertex 10.895 4.55376 3.49088
   vertex 10.895 4.55474 3.48866
   vertex 13.295 4.55474 3.48866
  endloop
 endfacet
 facet normal -1.2302e-16 -0.949877 -0.312624
  outer loop
   vertex 10.895 4.5529 3.49313
   vertex 13.295 4.5529 3.49313
   vertex 13.295 4.55214 3.49542
  endloop
 endfacet
 facet normal -8.24898e-17 -0.933714 -0.358019
  outer loop
   vertex 10.895 4.5529 3.49313
   vertex 10.895 4.55376 3.49088
   vertex 13.295 4.5529 3.49313
  endloop
 endfacet
 facet normal -6.19871e-17 -0.963771 -0.266732
  outer loop
   vertex 10.895 4.55214 3.49542
   vertex 13.295 4.55214 3.49542
   vertex 13.295 4.55151 3.49772
  endloop
 endfacet
 facet normal -4.54961e-18 -0.949877 -0.312624
  outer loop
   vertex 10.895 4.55214 3.49542
   vertex 10.895 4.5529 3.49313
   vertex 13.295 4.55214 3.49542
  endloop
 endfacet
 facet normal 3.0324e-16 -0.963771 -0.266732
  outer loop
   vertex 10.895 4.55151 3.49772
   vertex 10.895 4.55214 3.49542
   vertex 13.295 4.55151 3.49772
  endloop
 endfacet
 facet normal -2.082e-16 -0.984723 -0.174127
  outer loop
   vertex 10.895 4.55098 3.50004
   vertex 13.295 4.55098 3.50004
   vertex 13.295 4.55057 3.50236
  endloop
 endfacet
 facet normal -1.60717e-16 -0.975384 -0.220512
  outer loop
   vertex 10.895 4.55098 3.50004
   vertex 13.295 4.55151 3.49772
   vertex 13.295 4.55098 3.50004
  endloop
 endfacet
 facet normal 2.50683e-16 -0.975384 -0.220512
  outer loop
   vertex 10.895 4.55098 3.50004
   vertex 10.895 4.55151 3.49772
   vertex 13.295 4.55151 3.49772
  endloop
 endfacet
 facet normal -2.30627e-16 -0.991808 -0.127741
  outer loop
   vertex 10.895 4.55057 3.50236
   vertex 13.295 4.55057 3.50236
   vertex 13.295 4.55027 3.50467
  endloop
 endfacet
 facet normal -1.75207e-16 -0.984723 -0.174127
  outer loop
   vertex 10.895 4.55057 3.50236
   vertex 10.895 4.55098 3.50004
   vertex 13.295 4.55057 3.50236
  endloop
 endfacet
 facet normal 1.45224e-16 -0.991808 -0.127741
  outer loop
   vertex 10.895 4.55027 3.50467
   vertex 10.895 4.55057 3.50236
   vertex 13.295 4.55027 3.50467
  endloop
 endfacet
 facet normal -3.15919e-16 -0.996673 -0.081508
  outer loop
   vertex 10.895 4.55009 3.50698
   vertex 13.295 4.55027 3.50467
   vertex 13.295 4.55009 3.50698
  endloop
 endfacet
 facet normal 9.26622e-17 -0.996673 -0.081508
  outer loop
   vertex 10.895 4.55009 3.50698
   vertex 10.895 4.55027 3.50467
   vertex 13.295 4.55027 3.50467
  endloop
 endfacet
 facet normal 4.04491e-17 -0.999367 -0.0355794
  outer loop
   vertex 10.895 4.55 3.50926
   vertex 13.295 4.55009 3.50698
   vertex 13.295 4.55 3.50926
  endloop
 endfacet
 facet normal -3.51749e-16 -0.999367 -0.0355794
  outer loop
   vertex 10.895 4.55 3.50926
   vertex 10.895 4.55009 3.50698
   vertex 13.295 4.55009 3.50698
  endloop
 endfacet
 facet normal -6.23107e-17 -0.998497 0.0548091
  outer loop
   vertex 10.895 4.55003 3.51153
   vertex 13.295 4.55003 3.51153
   vertex 13.295 4.55015 3.51375
  endloop
 endfacet
 facet normal -1.12593e-17 -0.999951 0.00990381
  outer loop
   vertex 10.895 4.55003 3.51153
   vertex 13.295 4.55 3.50926
   vertex 13.295 4.55003 3.51153
  endloop
 endfacet
 facet normal -1.126e-17 -0.999951 0.00990381
  outer loop
   vertex 10.895 4.55003 3.51153
   vertex 10.895 4.55 3.50926
   vertex 13.295 4.55 3.50926
  endloop
 endfacet
 facet normal 3.26461e-16 -0.998497 0.0548091
  outer loop
   vertex 10.895 4.55015 3.51375
   vertex 10.895 4.55003 3.51153
   vertex 13.295 4.55015 3.51375
  endloop
 endfacet
 facet normal -1.07932e-16 -0.989808 0.142407
  outer loop
   vertex 10.895 4.55037 3.51594
   vertex 13.295 4.55037 3.51594
   vertex 13.295 4.55068 3.51809
  endloop
 endfacet
 facet normal -7.5044e-17 -0.995086 0.0990141
  outer loop
   vertex 10.895 4.55037 3.51594
   vertex 13.295 4.55015 3.51375
   vertex 13.295 4.55037 3.51594
  endloop
 endfacet
 facet normal 2.83289e-16 -0.995086 0.0990141
  outer loop
   vertex 10.895 4.55037 3.51594
   vertex 10.895 4.55015 3.51375
   vertex 13.295 4.55015 3.51375
  endloop
 endfacet
 facet normal -5.47584e-16 -0.98276 0.184888
  outer loop
   vertex 10.895 4.55068 3.51809
   vertex 13.295 4.55068 3.51809
   vertex 13.295 4.55107 3.52019
  endloop
 endfacet
 facet normal -5.10009e-16 -0.989808 0.142407
  outer loop
   vertex 10.895 4.55068 3.51809
   vertex 10.895 4.55037 3.51594
   vertex 13.295 4.55068 3.51809
  endloop
 endfacet
 facet normal -1.40129e-16 -0.98276 0.184888
  outer loop
   vertex 10.895 4.55107 3.52019
   vertex 10.895 4.55068 3.51809
   vertex 13.295 4.55107 3.52019
  endloop
 endfacet
 facet normal -1.71567e-16 -0.974042 0.226368
  outer loop
   vertex 10.895 4.55155 3.52224
   vertex 13.295 4.55107 3.52019
   vertex 13.295 4.55155 3.52224
  endloop
 endfacet
 facet normal -1.71559e-16 -0.974042 0.226368
  outer loop
   vertex 10.895 4.55155 3.52224
   vertex 10.895 4.55107 3.52019
   vertex 13.295 4.55107 3.52019
  endloop
 endfacet
 facet normal 1.12488e-16 -0.96376 0.266769
  outer loop
   vertex 10.895 4.5521 3.52423
   vertex 13.295 4.55155 3.52224
   vertex 13.295 4.5521 3.52423
  endloop
 endfacet
 facet normal -2.02203e-16 -0.96376 0.266769
  outer loop
   vertex 10.895 4.5521 3.52423
   vertex 10.895 4.55155 3.52224
   vertex 13.295 4.55155 3.52224
  endloop
 endfacet
 facet normal 9.50327e-17 -0.93894 0.344082
  outer loop
   vertex 10.895 4.55272 3.52616
   vertex 13.295 4.55272 3.52616
   vertex 13.295 4.55341 3.52804
  endloop
 endfacet
 facet normal 1.28834e-16 -0.952023 0.306026
  outer loop
   vertex 10.895 4.55272 3.52616
   vertex 13.295 4.5521 3.52423
   vertex 13.295 4.55272 3.52616
  endloop
 endfacet
 facet normal 7.085e-17 -0.952023 0.306026
  outer loop
   vertex 10.895 4.55272 3.52616
   vertex 10.895 4.5521 3.52423
   vertex 13.295 4.5521 3.52423
  endloop
 endfacet
 facet normal 9.50327e-17 -0.93894 0.344082
  outer loop
   vertex 10.895 4.55341 3.52804
   vertex 10.895 4.55272 3.52616
   vertex 13.295 4.55341 3.52804
  endloop
 endfacet
 facet normal 1.07823e-16 -0.909169 0.416428
  outer loop
   vertex 10.895 4.55415 3.52985
   vertex 13.295 4.55415 3.52985
   vertex 13.295 4.55495 3.53159
  endloop
 endfacet
 facet normal 1.33876e-16 -0.924619 0.380895
  outer loop
   vertex 10.895 4.55415 3.52985
   vertex 13.295 4.55341 3.52804
   vertex 13.295 4.55415 3.52985
  endloop
 endfacet
 facet normal 6.17176e-17 -0.924619 0.380895
  outer loop
   vertex 10.895 4.55415 3.52985
   vertex 10.895 4.55341 3.52804
   vertex 13.295 4.55341 3.52804
  endloop
 endfacet
 facet normal -3.26703e-18 -0.892696 0.450659
  outer loop
   vertex 10.895 4.55495 3.53159
   vertex 13.295 4.55495 3.53159
   vertex 13.295 4.5558 3.53327
  endloop
 endfacet
 facet normal 2.89189e-17 -0.909169 0.416428
  outer loop
   vertex 10.895 4.55495 3.53159
   vertex 10.895 4.55415 3.52985
   vertex 13.295 4.55495 3.53159
  endloop
 endfacet
 facet normal -8.8657e-17 -0.892696 0.450659
  outer loop
   vertex 10.895 4.5558 3.53327
   vertex 10.895 4.55495 3.53159
   vertex 13.295 4.5558 3.53327
  endloop
 endfacet
 facet normal -3.66504e-16 -0.875306 0.48357
  outer loop
   vertex 10.895 4.55669 3.53488
   vertex 13.295 4.5558 3.53327
   vertex 13.295 4.55669 3.53488
  endloop
 endfacet
 facet normal -1.26419e-16 -0.875306 0.48357
  outer loop
   vertex 10.895 4.55669 3.53488
   vertex 10.895 4.5558 3.53327
   vertex 13.295 4.5558 3.53327
  endloop
 endfacet
 facet normal -3.90657e-16 -0.856904 0.515475
  outer loop
   vertex 10.895 4.55764 3.53646
   vertex 10.895 4.55669 3.53488
   vertex 13.295 4.55669 3.53488
  endloop
 endfacet
 facet normal 3.17153e-17 -0.856904 0.515475
  outer loop
   vertex 10.895 4.55764 3.53646
   vertex 13.295 4.55669 3.53488
   vertex 13.295 4.55764 3.53646
  endloop
 endfacet
 facet normal 6.3012e-18 -0.837136 0.546994
  outer loop
   vertex 10.895 4.55866 3.53803
   vertex 10.895 4.55764 3.53646
   vertex 13.295 4.55764 3.53646
  endloop
 endfacet
 facet normal 3.23546e-16 -0.837136 0.546994
  outer loop
   vertex 10.895 4.55866 3.53803
   vertex 13.295 4.55764 3.53646
   vertex 13.295 4.55866 3.53803
  endloop
 endfacet
 facet normal -1.96303e-17 -0.815768 0.578379
  outer loop
   vertex 10.895 4.55977 3.5396
   vertex 13.295 4.55866 3.53803
   vertex 13.295 4.55977 3.5396
  endloop
 endfacet
 facet normal 2.89545e-16 -0.815768 0.578379
  outer loop
   vertex 10.895 4.55977 3.5396
   vertex 10.895 4.55866 3.53803
   vertex 13.295 4.55866 3.53803
  endloop
 endfacet
 facet normal -4.60381e-17 -0.792761 0.609533
  outer loop
   vertex 10.895 4.56097 3.54115
   vertex 10.895 4.55977 3.5396
   vertex 13.295 4.55977 3.5396
  endloop
 endfacet
 facet normal -7.29281e-17 -0.768082 0.640351
  outer loop
   vertex 10.895 4.56097 3.54115
   vertex 13.295 4.56097 3.54115
   vertex 13.295 4.56224 3.54268
  endloop
 endfacet
 facet normal -4.6058e-17 -0.792761 0.609533
  outer loop
   vertex 10.895 4.56097 3.54115
   vertex 13.295 4.55977 3.5396
   vertex 13.295 4.56097 3.54115
  endloop
 endfacet
 facet normal -7.29281e-17 -0.768082 0.640351
  outer loop
   vertex 10.895 4.56224 3.54268
   vertex 10.895 4.56097 3.54115
   vertex 13.295 4.56224 3.54268
  endloop
 endfacet
 facet normal -3.81262e-16 -0.741708 0.670723
  outer loop
   vertex 10.895 4.5636 3.54418
   vertex 13.295 4.56224 3.54268
   vertex 13.295 4.5636 3.54418
  endloop
 endfacet
 facet normal -1.00191e-16 -0.741708 0.670723
  outer loop
   vertex 10.895 4.5636 3.54418
   vertex 10.895 4.56224 3.54268
   vertex 13.295 4.56224 3.54268
  endloop
 endfacet
 facet normal -1.55624e-16 -0.683817 0.729654
  outer loop
   vertex 10.895 4.56505 3.54566
   vertex 13.295 4.56505 3.54566
   vertex 13.295 4.56658 3.54709
  endloop
 endfacet
 facet normal -1.27774e-16 -0.713622 0.700531
  outer loop
   vertex 10.895 4.56505 3.54566
   vertex 13.295 4.5636 3.54418
   vertex 13.295 4.56505 3.54566
  endloop
 endfacet
 facet normal -3.98219e-16 -0.713622 0.700531
  outer loop
   vertex 10.895 4.56505 3.54566
   vertex 10.895 4.5636 3.54418
   vertex 13.295 4.5636 3.54418
  endloop
 endfacet
 facet normal -2.76507e-16 -0.683817 0.729654
  outer loop
   vertex 10.895 4.56658 3.54709
   vertex 10.895 4.56505 3.54566
   vertex 13.295 4.56658 3.54709
  endloop
 endfacet
 facet normal -6.30067e-17 -0.619071 0.785335
  outer loop
   vertex 10.895 4.5682 3.54849
   vertex 13.295 4.5682 3.54849
   vertex 13.295 4.56991 3.54983
  endloop
 endfacet
 facet normal -4.00445e-17 -0.652295 0.757965
  outer loop
   vertex 10.895 4.5682 3.54849
   vertex 13.295 4.56658 3.54709
   vertex 13.295 4.5682 3.54849
  endloop
 endfacet
 facet normal -2.87305e-16 -0.652295 0.757965
  outer loop
   vertex 10.895 4.5682 3.54849
   vertex 10.895 4.56658 3.54709
   vertex 13.295 4.56658 3.54709
  endloop
 endfacet
 facet normal -6.30067e-17 -0.619071 0.785335
  outer loop
   vertex 10.895 4.56991 3.54983
   vertex 10.895 4.5682 3.54849
   vertex 13.295 4.56991 3.54983
  endloop
 endfacet
 facet normal -8.61971e-17 -0.584171 0.81163
  outer loop
   vertex 10.895 4.56991 3.54983
   vertex 13.295 4.56991 3.54983
   vertex 13.295 4.57169 3.55111
  endloop
 endfacet
 facet normal 2.56519e-16 -0.547634 0.836718
  outer loop
   vertex 10.895 4.57169 3.55111
   vertex 13.295 4.57169 3.55111
   vertex 13.295 4.57356 3.55234
  endloop
 endfacet
 facet normal 2.88964e-16 -0.584171 0.81163
  outer loop
   vertex 10.895 4.57169 3.55111
   vertex 10.895 4.56991 3.54983
   vertex 13.295 4.57169 3.55111
  endloop
 endfacet
 facet normal -1.0955e-16 -0.547634 0.836718
  outer loop
   vertex 10.895 4.57356 3.55234
   vertex 10.895 4.57169 3.55111
   vertex 13.295 4.57356 3.55234
  endloop
 endfacet
 facet normal -1.32956e-16 -0.50951 0.860465
  outer loop
   vertex 10.895 4.5755 3.55349
   vertex 10.895 4.57356 3.55234
   vertex 13.295 4.57356 3.55234
  endloop
 endfacet
 facet normal -1.32997e-16 -0.50951 0.860465
  outer loop
   vertex 10.895 4.5755 3.55349
   vertex 13.295 4.57356 3.55234
   vertex 13.295 4.5755 3.55349
  endloop
 endfacet
 facet normal 2.15971e-17 -0.469865 0.882738
  outer loop
   vertex 10.895 4.57752 3.55456
   vertex 13.295 4.5755 3.55349
   vertex 13.295 4.57752 3.55456
  endloop
 endfacet
 facet normal -1.56462e-16 -0.469865 0.882738
  outer loop
   vertex 10.895 4.57752 3.55456
   vertex 10.895 4.5755 3.55349
   vertex 13.295 4.5755 3.55349
  endloop
 endfacet
 facet normal -2.3149e-16 -0.386337 0.922357
  outer loop
   vertex 10.895 4.57961 3.55555
   vertex 13.295 4.57961 3.55555
   vertex 13.295 4.58177 3.55646
  endloop
 endfacet
 facet normal -1.88554e-16 -0.428777 0.903411
  outer loop
   vertex 10.895 4.57961 3.55555
   vertex 13.295 4.57752 3.55456
   vertex 13.295 4.57961 3.55555
  endloop
 endfacet
 facet normal -1.73648e-17 -0.428777 0.903411
  outer loop
   vertex 10.895 4.57961 3.55555
   vertex 10.895 4.57752 3.55456
   vertex 13.295 4.57752 3.55456
  endloop
 endfacet
 facet normal 8.16929e-17 -0.342652 0.939462
  outer loop
   vertex 10.895 4.58177 3.55646
   vertex 13.295 4.58177 3.55646
   vertex 13.295 4.58398 3.55726
  endloop
 endfacet
 facet normal 1.18043e-16 -0.386337 0.922357
  outer loop
   vertex 10.895 4.58177 3.55646
   vertex 10.895 4.57961 3.55555
   vertex 13.295 4.58177 3.55646
  endloop
 endfacet
 facet normal -9.63146e-17 -0.342652 0.939462
  outer loop
   vertex 10.895 4.58398 3.55726
   vertex 10.895 4.58177 3.55646
   vertex 13.295 4.58398 3.55726
  endloop
 endfacet
 facet normal -6.80109e-17 -0.297839 0.954616
  outer loop
   vertex 10.895 4.58625 3.55797
   vertex 13.295 4.58398 3.55726
   vertex 13.295 4.58625 3.55797
  endloop
 endfacet
 facet normal -1.3602e-16 -0.297839 0.954616
  outer loop
   vertex 10.895 4.58625 3.55797
   vertex 10.895 4.58398 3.55726
   vertex 13.295 4.58398 3.55726
  endloop
 endfacet
 facet normal 7.65242e-18 -0.252027 0.96772
  outer loop
   vertex 10.895 4.58856 3.55857
   vertex 13.295 4.58625 3.55797
   vertex 13.295 4.58856 3.55857
  endloop
 endfacet
 facet normal -8.78574e-17 -0.252027 0.96772
  outer loop
   vertex 10.895 4.58856 3.55857
   vertex 10.895 4.58625 3.55797
   vertex 13.295 4.58625 3.55797
  endloop
 endfacet
 facet normal 5.98663e-17 -0.157977 0.987443
  outer loop
   vertex 10.895 4.59091 3.55907
   vertex 13.295 4.59091 3.55907
   vertex 13.295 4.5933 3.55945
  endloop
 endfacet
 facet normal 7.7821e-17 -0.205356 0.978687
  outer loop
   vertex 10.895 4.59091 3.55907
   vertex 13.295 4.58856 3.55857
   vertex 13.295 4.59091 3.55907
  endloop
 endfacet
 facet normal -2.97906e-17 -0.205356 0.978687
  outer loop
   vertex 10.895 4.59091 3.55907
   vertex 10.895 4.58856 3.55857
   vertex 13.295 4.58856 3.55857
  endloop
 endfacet
 facet normal 1.19733e-16 -0.157977 0.987443
  outer loop
   vertex 10.895 4.5933 3.55945
   vertex 10.895 4.59091 3.55907
   vertex 13.295 4.5933 3.55945
  endloop
 endfacet
 facet normal 1.25109e-16 -0.110047 0.993926
  outer loop
   vertex 10.895 4.5957 3.55972
   vertex 13.295 4.5933 3.55945
   vertex 13.295 4.5957 3.55972
  endloop
 endfacet
 facet normal 8.3399e-17 -0.110047 0.993926
  outer loop
   vertex 10.895 4.5957 3.55972
   vertex 10.895 4.5933 3.55945
   vertex 13.295 4.5933 3.55945
  endloop
 endfacet
 facet normal -1.84461e-16 -0.0131959 0.999913
  outer loop
   vertex 10.895 4.59813 3.55986
   vertex 13.295 4.59813 3.55986
   vertex 13.295 4.60056 3.5599
  endloop
 endfacet
 facet normal -1.65724e-16 -0.0617304 0.998093
  outer loop
   vertex 10.895 4.59813 3.55986
   vertex 13.295 4.5957 3.55972
   vertex 13.295 4.59813 3.55986
  endloop
 endfacet
 facet normal 7.01801e-17 -0.0617304 0.998093
  outer loop
   vertex 10.895 4.59813 3.55986
   vertex 10.895 4.5957 3.55972
   vertex 13.295 4.5957 3.55972
  endloop
 endfacet
 facet normal 1.00013e-17 -0.0131959 0.999913
  outer loop
   vertex 10.895 4.60056 3.5599
   vertex 10.895 4.59813 3.55986
   vertex 13.295 4.60056 3.5599
  endloop
 endfacet
 facet normal -2.68209e-17 0.0353853 0.999374
  outer loop
   vertex 10.895 4.60298 3.55981
   vertex 10.895 4.60056 3.5599
   vertex 13.295 4.60056 3.5599
  endloop
 endfacet
 facet normal 1.57039e-16 0.0838414 0.996479
  outer loop
   vertex 10.895 4.60298 3.55981
   vertex 13.295 4.60298 3.55981
   vertex 13.295 4.6054 3.55961
  endloop
 endfacet
 facet normal 1.7595e-16 0.0353853 0.999374
  outer loop
   vertex 10.895 4.60298 3.55981
   vertex 13.295 4.60056 3.5599
   vertex 13.295 4.60298 3.55981
  endloop
 endfacet
 facet normal -2.87866e-16 0.132002 0.991249
  outer loop
   vertex 10.895 4.6054 3.55961
   vertex 13.295 4.6054 3.55961
   vertex 13.295 4.6078 3.55929
  endloop
 endfacet
 facet normal -2.52355e-16 0.0838414 0.996479
  outer loop
   vertex 10.895 4.6054 3.55961
   vertex 10.895 4.60298 3.55981
   vertex 13.295 4.6054 3.55961
  endloop
 endfacet
 facet normal -1.00046e-16 0.132002 0.991249
  outer loop
   vertex 10.895 4.6078 3.55929
   vertex 10.895 4.6054 3.55961
   vertex 13.295 4.6078 3.55929
  endloop
 endfacet
 facet normal -1.36213e-16 0.1797 0.983721
  outer loop
   vertex 10.895 4.61017 3.55886
   vertex 10.895 4.6078 3.55929
   vertex 13.295 4.6078 3.55929
  endloop
 endfacet
 facet normal -8.59378e-17 0.226775 0.973947
  outer loop
   vertex 10.895 4.61017 3.55886
   vertex 13.295 4.61017 3.55886
   vertex 13.295 4.6125 3.55831
  endloop
 endfacet
 facet normal -6.80986e-17 0.1797 0.983721
  outer loop
   vertex 10.895 4.61017 3.55886
   vertex 13.295 4.6078 3.55929
   vertex 13.295 4.61017 3.55886
  endloop
 endfacet
 facet normal 9.86038e-17 0.226775 0.973947
  outer loop
   vertex 10.895 4.6125 3.55831
   vertex 10.895 4.61017 3.55886
   vertex 13.295 4.6125 3.55831
  endloop
 endfacet
 facet normal -3.89241e-16 0.273072 0.961994
  outer loop
   vertex 10.895 4.6148 3.55766
   vertex 13.295 4.6125 3.55831
   vertex 13.295 4.6148 3.55766
  endloop
 endfacet
 facet normal 7.87978e-17 0.273072 0.961994
  outer loop
   vertex 10.895 4.6148 3.55766
   vertex 10.895 4.6125 3.55831
   vertex 13.295 4.6125 3.55831
  endloop
 endfacet
 facet normal -4.20953e-16 0.318444 0.947942
  outer loop
   vertex 10.895 4.61704 3.55691
   vertex 10.895 4.6148 3.55766
   vertex 13.295 4.6148 3.55766
  endloop
 endfacet
 facet normal -4.20967e-16 0.318444 0.947942
  outer loop
   vertex 10.895 4.61704 3.55691
   vertex 13.295 4.6148 3.55766
   vertex 13.295 4.61704 3.55691
  endloop
 endfacet
 facet normal -1.53813e-16 0.405887 0.913923
  outer loop
   vertex 10.895 4.61923 3.55606
   vertex 13.295 4.61923 3.55606
   vertex 13.295 4.62135 3.55511
  endloop
 endfacet
 facet normal -1.37469e-16 0.362758 0.931884
  outer loop
   vertex 10.895 4.61923 3.55606
   vertex 13.295 4.61704 3.55691
   vertex 13.295 4.61923 3.55606
  endloop
 endfacet
 facet normal -4.51495e-16 0.362758 0.931884
  outer loop
   vertex 10.895 4.61923 3.55606
   vertex 10.895 4.61704 3.55691
   vertex 13.295 4.61704 3.55691
  endloop
 endfacet
 facet normal 1.93549e-17 0.405887 0.913923
  outer loop
   vertex 10.895 4.62135 3.55511
   vertex 10.895 4.61923 3.55606
   vertex 13.295 4.62135 3.55511
  endloop
 endfacet
 facet normal -1.84992e-16 0.488161 0.872754
  outer loop
   vertex 10.895 4.62341 3.55408
   vertex 13.295 4.62341 3.55408
   vertex 13.295 4.62539 3.55297
  endloop
 endfacet
 facet normal -1.69667e-16 0.447721 0.894173
  outer loop
   vertex 10.895 4.62341 3.55408
   vertex 13.295 4.62135 3.55511
   vertex 13.295 4.62341 3.55408
  endloop
 endfacet
 facet normal -2.41238e-19 0.447721 0.894173
  outer loop
   vertex 10.895 4.62341 3.55408
   vertex 10.895 4.62135 3.55511
   vertex 13.295 4.62135 3.55511
  endloop
 endfacet
 facet normal -3.50359e-16 0.488161 0.872754
  outer loop
   vertex 10.895 4.62539 3.55297
   vertex 10.895 4.62341 3.55408
   vertex 13.295 4.62539 3.55297
  endloop
 endfacet
 facet normal -1.99755e-16 0.52712 0.849791
  outer loop
   vertex 10.895 4.6273 3.55179
   vertex 13.295 4.62539 3.55297
   vertex 13.295 4.6273 3.55179
  endloop
 endfacet
 facet normal -3.60739e-16 0.52712 0.849791
  outer loop
   vertex 10.895 4.6273 3.55179
   vertex 10.895 4.62539 3.55297
   vertex 13.295 4.62539 3.55297
  endloop
 endfacet
 facet normal -2.13943e-16 0.564526 0.825415
  outer loop
   vertex 10.895 4.62913 3.55053
   vertex 10.895 4.6273 3.55179
   vertex 13.295 4.6273 3.55179
  endloop
 endfacet
 facet normal -2.71463e-16 0.564526 0.825415
  outer loop
   vertex 10.895 4.62913 3.55053
   vertex 13.295 4.6273 3.55179
   vertex 13.295 4.62913 3.55053
  endloop
 endfacet
 facet normal -3.03484e-16 0.600321 0.799759
  outer loop
   vertex 10.895 4.63088 3.54922
   vertex 10.895 4.62913 3.55053
   vertex 13.295 4.62913 3.55053
  endloop
 endfacet
 facet normal -2.40432e-16 0.634459 0.772956
  outer loop
   vertex 10.895 4.63088 3.54922
   vertex 13.295 4.63088 3.54922
   vertex 13.295 4.63255 3.54786
  endloop
 endfacet
 facet normal -2.27495e-16 0.600321 0.799759
  outer loop
   vertex 10.895 4.63088 3.54922
   vertex 13.295 4.62913 3.55053
   vertex 13.295 4.63088 3.54922
  endloop
 endfacet
 facet normal 2.92916e-16 0.634459 0.772956
  outer loop
   vertex 10.895 4.63255 3.54786
   vertex 10.895 4.63088 3.54922
   vertex 13.295 4.63255 3.54786
  endloop
 endfacet
 facet normal 2.82434e-16 0.666908 0.74514
  outer loop
   vertex 10.895 4.63413 3.54644
   vertex 10.895 4.63255 3.54786
   vertex 13.295 4.63255 3.54786
  endloop
 endfacet
 facet normal -2.52729e-16 0.666908 0.74514
  outer loop
   vertex 10.895 4.63413 3.54644
   vertex 13.295 4.63255 3.54786
   vertex 13.295 4.63413 3.54644
  endloop
 endfacet
 facet normal -2.6435e-16 0.697647 0.716442
  outer loop
   vertex 10.895 4.63562 3.54499
   vertex 10.895 4.63413 3.54644
   vertex 13.295 4.63413 3.54644
  endloop
 endfacet
 facet normal 1.3575e-16 0.697647 0.716442
  outer loop
   vertex 10.895 4.63562 3.54499
   vertex 13.295 4.63413 3.54644
   vertex 13.295 4.63562 3.54499
  endloop
 endfacet
 facet normal 1.30194e-16 0.726666 0.686991
  outer loop
   vertex 10.895 4.63703 3.5435
   vertex 10.895 4.63562 3.54499
   vertex 13.295 4.63562 3.54499
  endloop
 endfacet
 facet normal -2.75375e-16 0.726666 0.686991
  outer loop
   vertex 10.895 4.63703 3.5435
   vertex 13.295 4.63562 3.54499
   vertex 13.295 4.63703 3.5435
  endloop
 endfacet
 facet normal -2.85705e-16 0.753969 0.65691
  outer loop
   vertex 10.895 4.63835 3.54198
   vertex 10.895 4.63703 3.5435
   vertex 13.295 4.63703 3.5435
  endloop
 endfacet
 facet normal 1.2447e-16 0.753969 0.65691
  outer loop
   vertex 10.895 4.63835 3.54198
   vertex 13.295 4.63703 3.5435
   vertex 13.295 4.63835 3.54198
  endloop
 endfacet
 facet normal 1.18707e-16 0.779566 0.62632
  outer loop
   vertex 10.895 4.63959 3.54044
   vertex 10.895 4.63835 3.54198
   vertex 13.295 4.63835 3.54198
  endloop
 endfacet
 facet normal 1.12803e-16 0.803477 0.595336
  outer loop
   vertex 10.895 4.63959 3.54044
   vertex 13.295 4.63959 3.54044
   vertex 13.295 4.64074 3.53888
  endloop
 endfacet
 facet normal 1.18674e-16 0.779566 0.62632
  outer loop
   vertex 10.895 4.63959 3.54044
   vertex 13.295 4.63835 3.54198
   vertex 13.295 4.63959 3.54044
  endloop
 endfacet
 facet normal 1.12803e-16 0.803477 0.595336
  outer loop
   vertex 10.895 4.64074 3.53888
   vertex 10.895 4.63959 3.54044
   vertex 13.295 4.64074 3.53888
  endloop
 endfacet
 facet normal 1.06925e-16 0.825731 0.564063
  outer loop
   vertex 10.895 4.64182 3.53731
   vertex 10.895 4.64074 3.53888
   vertex 13.295 4.64074 3.53888
  endloop
 endfacet
 facet normal -3.20735e-16 0.846364 0.532606
  outer loop
   vertex 10.895 4.64182 3.53731
   vertex 13.295 4.64182 3.53731
   vertex 13.295 4.64281 3.53574
  endloop
 endfacet
 facet normal -3.12916e-16 0.825731 0.564063
  outer loop
   vertex 10.895 4.64182 3.53731
   vertex 13.295 4.64074 3.53888
   vertex 13.295 4.64182 3.53731
  endloop
 endfacet
 facet normal -1.00917e-16 0.846364 0.532606
  outer loop
   vertex 10.895 4.64281 3.53574
   vertex 10.895 4.64182 3.53731
   vertex 13.295 4.64281 3.53574
  endloop
 endfacet
 facet normal -9.49254e-17 0.865457 0.500983
  outer loop
   vertex 10.895 4.64281 3.53574
   vertex 13.295 4.64281 3.53574
   vertex 13.295 4.64372 3.53415
  endloop
 endfacet
 facet normal -9.49254e-17 0.865457 0.500983
  outer loop
   vertex 10.895 4.64372 3.53415
   vertex 10.895 4.64281 3.53574
   vertex 13.295 4.64372 3.53415
  endloop
 endfacet
 facet normal -8.88081e-17 0.883358 0.468699
  outer loop
   vertex 10.895 4.64372 3.53415
   vertex 13.295 4.64372 3.53415
   vertex 13.295 4.6446 3.53251
  endloop
 endfacet
 facet normal 8.88081e-17 0.883358 0.468699
  outer loop
   vertex 10.895 4.6446 3.53251
   vertex 10.895 4.64372 3.53415
   vertex 13.295 4.6446 3.53251
  endloop
 endfacet
 facet normal 8.24577e-17 0.900342 0.435183
  outer loop
   vertex 10.895 4.6446 3.53251
   vertex 13.295 4.6446 3.53251
   vertex 13.295 4.64542 3.5308
  endloop
 endfacet
 facet normal -8.24577e-17 0.900342 0.435183
  outer loop
   vertex 10.895 4.64542 3.5308
   vertex 10.895 4.6446 3.53251
   vertex 13.295 4.64542 3.5308
  endloop
 endfacet
 facet normal -7.58585e-17 0.91636 0.400355
  outer loop
   vertex 10.895 4.64542 3.5308
   vertex 13.295 4.64542 3.5308
   vertex 13.295 4.6462 3.52903
  endloop
 endfacet
 facet normal -7.58585e-17 0.91636 0.400355
  outer loop
   vertex 10.895 4.6462 3.52903
   vertex 10.895 4.64542 3.5308
   vertex 13.295 4.6462 3.52903
  endloop
 endfacet
 facet normal -6.90104e-17 0.931308 0.364233
  outer loop
   vertex 10.895 4.64692 3.52719
   vertex 10.895 4.6462 3.52903
   vertex 13.295 4.6462 3.52903
  endloop
 endfacet
 facet normal -3.58143e-16 0.945077 0.326848
  outer loop
   vertex 10.895 4.64692 3.52719
   vertex 13.295 4.64692 3.52719
   vertex 13.295 4.64757 3.52529
  endloop
 endfacet
 facet normal -3.52925e-16 0.931308 0.364233
  outer loop
   vertex 10.895 4.64692 3.52719
   vertex 13.295 4.6462 3.52903
   vertex 13.295 4.64692 3.52719
  endloop
 endfacet
 facet normal -0 0.945077 0.326848
  outer loop
   vertex 10.895 4.64757 3.52529
   vertex 10.895 4.64692 3.52719
   vertex 13.295 4.64757 3.52529
  endloop
 endfacet
 facet normal -0 0.957559 0.288237
  outer loop
   vertex 10.895 4.64757 3.52529
   vertex 13.295 4.64757 3.52529
   vertex 13.295 4.64816 3.52333
  endloop
 endfacet
 facet normal -0 0.957559 0.288237
  outer loop
   vertex 10.895 4.64816 3.52333
   vertex 10.895 4.64757 3.52529
   vertex 13.295 4.64816 3.52333
  endloop
 endfacet
 facet normal 0 0.968645 0.24845
  outer loop
   vertex 10.895 4.64868 3.52131
   vertex 10.895 4.64816 3.52333
   vertex 13.295 4.64816 3.52333
  endloop
 endfacet
 facet normal -0 0.978225 0.207547
  outer loop
   vertex 10.895 4.64868 3.52131
   vertex 13.295 4.64868 3.52131
   vertex 13.295 4.64912 3.51924
  endloop
 endfacet
 facet normal -0 0.968645 0.24845
  outer loop
   vertex 10.895 4.64868 3.52131
   vertex 13.295 4.64816 3.52333
   vertex 13.295 4.64868 3.52131
  endloop
 endfacet
 facet normal 3.93257e-17 0.978225 0.207547
  outer loop
   vertex 10.895 4.64912 3.51924
   vertex 10.895 4.64868 3.52131
   vertex 13.295 4.64912 3.51924
  endloop
 endfacet
 facet normal 3.13775e-17 0.986193 0.1656
  outer loop
   vertex 10.895 4.64912 3.51924
   vertex 13.295 4.64912 3.51924
   vertex 13.295 4.64948 3.51712
  endloop
 endfacet
 facet normal -0 0.992445 0.12269
  outer loop
   vertex 10.895 4.64948 3.51712
   vertex 13.295 4.64948 3.51712
   vertex 13.295 4.64974 3.51495
  endloop
 endfacet
 facet normal -0 0.986193 0.1656
  outer loop
   vertex 10.895 4.64948 3.51712
   vertex 10.895 4.64912 3.51924
   vertex 13.295 4.64948 3.51712
  endloop
 endfacet
 facet normal -1.49523e-17 0.996882 0.078913
  outer loop
   vertex 10.895 4.64974 3.51495
   vertex 13.295 4.64974 3.51495
   vertex 13.295 4.64992 3.51274
  endloop
 endfacet
 facet normal -2.32471e-17 0.992445 0.12269
  outer loop
   vertex 10.895 4.64974 3.51495
   vertex 10.895 4.64948 3.51712
   vertex 13.295 4.64974 3.51495
  endloop
 endfacet
 facet normal -1.49523e-17 0.996882 0.078913
  outer loop
   vertex 10.895 4.64992 3.51274
   vertex 10.895 4.64974 3.51495
   vertex 13.295 4.64992 3.51274
  endloop
 endfacet
 facet normal -6.51529e-18 0.999409 0.0343736
  outer loop
   vertex 10.895 4.65 3.5105
   vertex 10.895 4.64992 3.51274
   vertex 13.295 4.64992 3.51274
  endloop
 endfacet
 facet normal -6.51304e-18 0.999409 0.0343736
  outer loop
   vertex 10.895 4.65 3.5105
   vertex 13.295 4.64992 3.51274
   vertex 13.295 4.65 3.5105
  endloop
 endfacet
 facet normal -3.74837e-16 0.999942 -0.0108115
  outer loop
   vertex 10.895 4.64997 3.50822
   vertex 13.295 4.65 3.5105
   vertex 13.295 4.64997 3.50822
  endloop
 endfacet
 facet normal 2.04878e-18 0.999942 -0.0108115
  outer loop
   vertex 10.895 4.64997 3.50822
   vertex 10.895 4.65 3.5105
   vertex 13.295 4.65 3.5105
  endloop
 endfacet
 facet normal 3.96397e-16 0.994723 -0.102601
  outer loop
   vertex 10.895 4.64984 3.50593
   vertex 13.295 4.64984 3.50593
   vertex 13.295 4.6496 3.50362
  endloop
 endfacet
 facet normal 3.89059e-16 0.998402 -0.0565152
  outer loop
   vertex 10.895 4.64984 3.50593
   vertex 13.295 4.64997 3.50822
   vertex 13.295 4.64984 3.50593
  endloop
 endfacet
 facet normal -3.5694e-16 0.998402 -0.0565152
  outer loop
   vertex 10.895 4.64984 3.50593
   vertex 10.895 4.64997 3.50822
   vertex 13.295 4.64997 3.50822
  endloop
 endfacet
 facet normal -1.94406e-17 0.994723 -0.102601
  outer loop
   vertex 10.895 4.6496 3.50362
   vertex 10.895 4.64984 3.50593
   vertex 13.295 4.6496 3.50362
  endloop
 endfacet
 facet normal -2.82176e-17 0.988849 -0.148923
  outer loop
   vertex 10.895 4.6496 3.50362
   vertex 13.295 4.6496 3.50362
   vertex 13.295 4.64925 3.5013
  endloop
 endfacet
 facet normal 7.40209e-17 0.980738 -0.195328
  outer loop
   vertex 10.895 4.64925 3.5013
   vertex 13.295 4.64925 3.5013
   vertex 13.295 4.64879 3.49898
  endloop
 endfacet
 facet normal 5.64352e-17 0.988849 -0.148923
  outer loop
   vertex 10.895 4.64925 3.5013
   vertex 10.895 4.6496 3.50362
   vertex 13.295 4.64925 3.5013
  endloop
 endfacet
 facet normal 0 0.980738 -0.195328
  outer loop
   vertex 10.895 4.64879 3.49898
   vertex 10.895 4.64925 3.5013
   vertex 13.295 4.64879 3.49898
  endloop
 endfacet
 facet normal 5.45221e-17 0.957706 -0.287749
  outer loop
   vertex 10.895 4.64822 3.49666
   vertex 13.295 4.64822 3.49666
   vertex 13.295 4.64753 3.49437
  endloop
 endfacet
 facet normal 4.57889e-17 0.970361 -0.241658
  outer loop
   vertex 10.895 4.64822 3.49666
   vertex 13.295 4.64879 3.49898
   vertex 13.295 4.64822 3.49666
  endloop
 endfacet
 facet normal 0 0.970361 -0.241658
  outer loop
   vertex 10.895 4.64822 3.49666
   vertex 10.895 4.64879 3.49898
   vertex 13.295 4.64879 3.49898
  endloop
 endfacet
 facet normal 0 0.957706 -0.287749
  outer loop
   vertex 10.895 4.64753 3.49437
   vertex 10.895 4.64822 3.49666
   vertex 13.295 4.64753 3.49437
  endloop
 endfacet
 facet normal 0 0.942773 -0.333435
  outer loop
   vertex 10.895 4.64672 3.4921
   vertex 10.895 4.64753 3.49437
   vertex 13.295 4.64753 3.49437
  endloop
 endfacet
 facet normal 6.31785e-17 0.942773 -0.333435
  outer loop
   vertex 10.895 4.64672 3.4921
   vertex 13.295 4.64753 3.49437
   vertex 13.295 4.64672 3.4921
  endloop
 endfacet
 facet normal 7.17646e-17 0.925582 -0.378547
  outer loop
   vertex 10.895 4.64581 3.48986
   vertex 10.895 4.64672 3.4921
   vertex 13.295 4.64672 3.4921
  endloop
 endfacet
 facet normal 7.17264e-17 0.925582 -0.378547
  outer loop
   vertex 10.895 4.64581 3.48986
   vertex 13.295 4.64672 3.4921
   vertex 13.295 4.64581 3.48986
  endloop
 endfacet
 facet normal 8.01174e-17 0.906166 -0.422921
  outer loop
   vertex 10.895 4.64478 3.48766
   vertex 10.895 4.64581 3.48986
   vertex 13.295 4.64581 3.48986
  endloop
 endfacet
 facet normal 0 0.884577 -0.466394
  outer loop
   vertex 10.895 4.64478 3.48766
   vertex 13.295 4.64478 3.48766
   vertex 13.295 4.64365 3.48551
  endloop
 endfacet
 facet normal 0 0.906166 -0.422921
  outer loop
   vertex 10.895 4.64478 3.48766
   vertex 13.295 4.64581 3.48986
   vertex 13.295 4.64478 3.48766
  endloop
 endfacet
 facet normal 0 0.860881 -0.508806
  outer loop
   vertex 10.895 4.64365 3.48551
   vertex 13.295 4.64365 3.48551
   vertex 13.295 4.64241 3.48342
  endloop
 endfacet
 facet normal 0 0.884577 -0.466394
  outer loop
   vertex 10.895 4.64365 3.48551
   vertex 10.895 4.64478 3.48766
   vertex 13.295 4.64365 3.48551
  endloop
 endfacet
 facet normal 0 0.860881 -0.508806
  outer loop
   vertex 10.895 4.64241 3.48342
   vertex 10.895 4.64365 3.48551
   vertex 13.295 4.64241 3.48342
  endloop
 endfacet
 facet normal 0 0.835159 -0.550008
  outer loop
   vertex 10.895 4.64108 3.48139
   vertex 10.895 4.64241 3.48342
   vertex 13.295 4.64241 3.48342
  endloop
 endfacet
 facet normal 0 0.835159 -0.550008
  outer loop
   vertex 10.895 4.64108 3.48139
   vertex 13.295 4.64241 3.48342
   vertex 13.295 4.64108 3.48139
  endloop
 endfacet
 facet normal 0 0.807508 -0.589856
  outer loop
   vertex 10.895 4.63965 3.47944
   vertex 10.895 4.64108 3.48139
   vertex 13.295 4.64108 3.48139
  endloop
 endfacet
 facet normal 3.0601e-16 0.807508 -0.589856
  outer loop
   vertex 10.895 4.63965 3.47944
   vertex 13.295 4.64108 3.48139
   vertex 13.295 4.63965 3.47944
  endloop
 endfacet
 facet normal 2.94839e-16 0.778037 -0.628218
  outer loop
   vertex 10.895 4.63813 3.47756
   vertex 10.895 4.63965 3.47944
   vertex 13.295 4.63965 3.47944
  endloop
 endfacet
 facet normal -1.25998e-16 0.746866 -0.664975
  outer loop
   vertex 10.895 4.63813 3.47756
   vertex 13.295 4.63813 3.47756
   vertex 13.295 4.63653 3.47576
  endloop
 endfacet
 facet normal -1.19034e-16 0.778037 -0.628218
  outer loop
   vertex 10.895 4.63813 3.47756
   vertex 13.295 4.63965 3.47944
   vertex 13.295 4.63813 3.47756
  endloop
 endfacet
 facet normal 0 0.746866 -0.664975
  outer loop
   vertex 10.895 4.63653 3.47576
   vertex 10.895 4.63813 3.47756
   vertex 13.295 4.63653 3.47576
  endloop
 endfacet
 facet normal 0 0.714125 -0.700018
  outer loop
   vertex 10.895 4.63653 3.47576
   vertex 13.295 4.63653 3.47576
   vertex 13.295 4.63486 3.47406
  endloop
 endfacet
 facet normal 1.32638e-16 0.714125 -0.700018
  outer loop
   vertex 10.895 4.63486 3.47406
   vertex 10.895 4.63653 3.47576
   vertex 13.295 4.63486 3.47406
  endloop
 endfacet
 facet normal 1.38936e-16 0.679954 -0.733255
  outer loop
   vertex 10.895 4.63486 3.47406
   vertex 13.295 4.63486 3.47406
   vertex 13.295 4.63312 3.47244
  endloop
 endfacet
 facet normal 0 0.679954 -0.733255
  outer loop
   vertex 10.895 4.63312 3.47244
   vertex 10.895 4.63486 3.47406
   vertex 13.295 4.63312 3.47244
  endloop
 endfacet
 facet normal 0 0.644498 -0.764606
  outer loop
   vertex 10.895 4.63312 3.47244
   vertex 13.295 4.63312 3.47244
   vertex 13.295 4.63131 3.47092
  endloop
 endfacet
 facet normal -9.93603e-17 0.644498 -0.764606
  outer loop
   vertex 10.895 4.63131 3.47092
   vertex 10.895 4.63312 3.47244
   vertex 13.295 4.63131 3.47092
  endloop
 endfacet
 facet normal -7.99007e-17 0.607907 -0.794008
  outer loop
   vertex 10.895 4.62946 3.4695
   vertex 10.895 4.63131 3.47092
   vertex 13.295 4.63131 3.47092
  endloop
 endfacet
 facet normal 3.00894e-16 0.607907 -0.794008
  outer loop
   vertex 10.895 4.62946 3.4695
   vertex 13.295 4.63131 3.47092
   vertex 13.295 4.62946 3.4695
  endloop
 endfacet
 facet normal 3.11247e-16 0.570334 -0.821413
  outer loop
   vertex 10.895 4.62756 3.46818
   vertex 10.895 4.62946 3.4695
   vertex 13.295 4.62946 3.4695
  endloop
 endfacet
 facet normal 0 0.531934 -0.846786
  outer loop
   vertex 10.895 4.62756 3.46818
   vertex 13.295 4.62756 3.46818
   vertex 13.295 4.62562 3.46696
  endloop
 endfacet
 facet normal 0 0.570334 -0.821413
  outer loop
   vertex 10.895 4.62756 3.46818
   vertex 13.295 4.62946 3.4695
   vertex 13.295 4.62756 3.46818
  endloop
 endfacet
 facet normal 3.20895e-16 0.531934 -0.846786
  outer loop
   vertex 10.895 4.62562 3.46696
   vertex 10.895 4.62756 3.46818
   vertex 13.295 4.62562 3.46696
  endloop
 endfacet
 facet normal 3.29682e-16 0.492858 -0.870109
  outer loop
   vertex 10.895 4.62365 3.46585
   vertex 10.895 4.62562 3.46696
   vertex 13.295 4.62562 3.46696
  endloop
 endfacet
 facet normal 1.68897e-16 0.453259 -0.891379
  outer loop
   vertex 10.895 4.62365 3.46585
   vertex 13.295 4.62365 3.46585
   vertex 13.295 4.62166 3.46484
  endloop
 endfacet
 facet normal 1.64867e-16 0.492858 -0.870109
  outer loop
   vertex 10.895 4.62365 3.46585
   vertex 13.295 4.62562 3.46696
   vertex 13.295 4.62365 3.46585
  endloop
 endfacet
 facet normal 3.29155e-16 0.413282 -0.910603
  outer loop
   vertex 10.895 4.62166 3.46484
   vertex 13.295 4.62166 3.46484
   vertex 13.295 4.61966 3.46393
  endloop
 endfacet
 facet normal 3.40662e-16 0.453259 -0.891379
  outer loop
   vertex 10.895 4.62166 3.46484
   vertex 10.895 4.62365 3.46585
   vertex 13.295 4.62166 3.46484
  endloop
 endfacet
 facet normal 3.51597e-16 0.37307 -0.927803
  outer loop
   vertex 10.895 4.61966 3.46393
   vertex 13.295 4.61966 3.46393
   vertex 13.295 4.61764 3.46312
  endloop
 endfacet
 facet normal 3.45079e-16 0.413282 -0.910603
  outer loop
   vertex 10.895 4.61966 3.46393
   vertex 10.895 4.62166 3.46484
   vertex 13.295 4.61966 3.46393
  endloop
 endfacet
 facet normal 1.75798e-16 0.37307 -0.927803
  outer loop
   vertex 10.895 4.61764 3.46312
   vertex 10.895 4.61966 3.46393
   vertex 13.295 4.61764 3.46312
  endloop
 endfacet
 facet normal 1.78698e-16 0.332757 -0.943013
  outer loop
   vertex 10.895 4.61563 3.4624
   vertex 10.895 4.61764 3.46312
   vertex 13.295 4.61764 3.46312
  endloop
 endfacet
 facet normal 1.7868e-16 0.332757 -0.943013
  outer loop
   vertex 10.895 4.61563 3.4624
   vertex 13.295 4.61764 3.46312
   vertex 13.295 4.61563 3.4624
  endloop
 endfacet
 facet normal 1.81218e-16 0.292472 -0.956274
  outer loop
   vertex 10.895 4.61361 3.46179
   vertex 10.895 4.61563 3.4624
   vertex 13.295 4.61563 3.4624
  endloop
 endfacet
 facet normal 1.83347e-16 0.252335 -0.96764
  outer loop
   vertex 10.895 4.61361 3.46179
   vertex 13.295 4.61361 3.46179
   vertex 13.295 4.61161 3.46127
  endloop
 endfacet
 facet normal 1.81193e-16 0.292472 -0.956274
  outer loop
   vertex 10.895 4.61361 3.46179
   vertex 13.295 4.61563 3.4624
   vertex 13.295 4.61361 3.46179
  endloop
 endfacet
 facet normal 9.56239e-17 0.252335 -0.96764
  outer loop
   vertex 10.895 4.61161 3.46127
   vertex 10.895 4.61361 3.46179
   vertex 13.295 4.61161 3.46127
  endloop
 endfacet
 facet normal 7.96625e-17 0.210273 -0.977643
  outer loop
   vertex 10.895 4.60941 3.46079
   vertex 10.895 4.61161 3.46127
   vertex 13.295 4.61161 3.46127
  endloop
 endfacet
 facet normal 3.70484e-16 0.210273 -0.977643
  outer loop
   vertex 10.895 4.60941 3.46079
   vertex 13.295 4.61161 3.46127
   vertex 13.295 4.60941 3.46079
  endloop
 endfacet
 facet normal 3.73833e-16 0.164027 -0.986456
  outer loop
   vertex 10.895 4.60699 3.46039
   vertex 10.895 4.60941 3.46079
   vertex 13.295 4.60941 3.46079
  endloop
 endfacet
 facet normal 3.73824e-16 0.164027 -0.986456
  outer loop
   vertex 10.895 4.60699 3.46039
   vertex 13.295 4.60941 3.46079
   vertex 13.295 4.60699 3.46039
  endloop
 endfacet
 facet normal 3.76397e-16 0.116028 -0.993246
  outer loop
   vertex 10.895 4.60461 3.46011
   vertex 13.295 4.60699 3.46039
   vertex 13.295 4.60461 3.46011
  endloop
 endfacet
 facet normal 3.76393e-16 0.116028 -0.993246
  outer loop
   vertex 10.895 4.60461 3.46011
   vertex 10.895 4.60699 3.46039
   vertex 13.295 4.60699 3.46039
  endloop
 endfacet
 facet normal 3.78055e-16 0.068905 -0.997623
  outer loop
   vertex 10.895 4.60228 3.45995
   vertex 13.295 4.60461 3.46011
   vertex 13.295 4.60228 3.45995
  endloop
 endfacet
 facet normal 3.78059e-16 0.068905 -0.997623
  outer loop
   vertex 10.895 4.60228 3.45995
   vertex 10.895 4.60461 3.46011
   vertex 13.295 4.60461 3.46011
  endloop
 endfacet
 facet normal 1.89429e-16 0.0227902 -0.99974
  outer loop
   vertex 10.895 4.6 3.4599
   vertex 13.295 4.60228 3.45995
   vertex 13.295 4.6 3.4599
  endloop
 endfacet
 facet normal 3.78857e-16 0.0227902 -0.99974
  outer loop
   vertex 10.895 4.6 3.4599
   vertex 10.895 4.60228 3.45995
   vertex 13.295 4.60228 3.45995
  endloop
 endfacet
 facet normal -1 0 0
  outer loop
   vertex 10.895 4.56505 3.54566
   vertex 10.895 4.56224 3.54268
   vertex 10.895 4.5636 3.54418
  endloop
 endfacet
 facet normal -1 0 -0
  outer loop
   vertex 10.895 4.56658 3.54709
   vertex 10.895 4.5682 3.54849
   vertex 10.895 4.56505 3.54566
  endloop
 endfacet
 facet normal -1 0 -0
  outer loop
   vertex 10.895 4.5682 3.54849
   vertex 10.895 4.56991 3.54983
   vertex 10.895 4.56505 3.54566
  endloop
 endfacet
 facet normal -1 0 -0
  outer loop
   vertex 10.895 4.56991 3.54983
   vertex 10.895 4.57169 3.55111
   vertex 10.895 4.56505 3.54566
  endloop
 endfacet
 facet normal -1 0 0
  outer loop
   vertex 10.895 4.56097 3.54115
   vertex 10.895 4.55866 3.53803
   vertex 10.895 4.55977 3.5396
  endloop
 endfacet
 facet normal -1 0 0
  outer loop
   vertex 10.895 4.56097 3.54115
   vertex 10.895 4.5558 3.53327
   vertex 10.895 4.55866 3.53803
  endloop
 endfacet
 facet normal -1 0 0
  outer loop
   vertex 10.895 4.55866 3.53803
   vertex 10.895 4.5558 3.53327
   vertex 10.895 4.55764 3.53646
  endloop
 endfacet
 facet normal -1 0 0
  outer loop
   vertex 10.895 4.55764 3.53646
   vertex 10.895 4.5558 3.53327
   vertex 10.895 4.55669 3.53488
  endloop
 endfacet
 facet normal -1 0 -0
  outer loop
   vertex 10.895 4.5755 3.55349
   vertex 10.895 4.57752 3.55456
   vertex 10.895 4.57356 3.55234
  endloop
 endfacet
 facet normal -1 0 -0
  outer loop
   vertex 10.895 4.57356 3.55234
   vertex 10.895 4.57752 3.55456
   vertex 10.895 4.57169 3.55111
  endloop
 endfacet
 facet normal -1 0 0
  outer loop
   vertex 10.895 4.56097 3.54115
   vertex 10.895 4.55495 3.53159
   vertex 10.895 4.5558 3.53327
  endloop
 endfacet
 facet normal -1 0 -0
  outer loop
   vertex 10.895 4.57752 3.55456
   vertex 10.895 4.57961 3.55555
   vertex 10.895 4.57169 3.55111
  endloop
 endfacet
 facet normal -1 0 0
  outer loop
   vertex 10.895 4.56097 3.54115
   vertex 10.895 4.55415 3.52985
   vertex 10.895 4.55495 3.53159
  endloop
 endfacet
 facet normal -1 0 0
  outer loop
   vertex 10.895 4.56097 3.54115
   vertex 10.895 4.55341 3.52804
   vertex 10.895 4.55415 3.52985
  endloop
 endfacet
 facet normal -1 0 0
  outer loop
   vertex 10.895 4.56224 3.54268
   vertex 10.895 4.55341 3.52804
   vertex 10.895 4.56097 3.54115
  endloop
 endfacet
 facet normal -1 0 0
  outer loop
   vertex 10.895 4.56224 3.54268
   vertex 10.895 4.55272 3.52616
   vertex 10.895 4.55341 3.52804
  endloop
 endfacet
 facet normal -1 -1.27188e-11 3.03653e-11
  outer loop
   vertex 10.895 4.58177 3.55646
   vertex 10.895 4.58398 3.55726
   vertex 10.895 4.57961 3.55555
  endloop
 endfacet
 facet normal -1 0 0
  outer loop
   vertex 10.895 4.56505 3.54566
   vertex 10.895 4.55155 3.52224
   vertex 10.895 4.56224 3.54268
  endloop
 endfacet
 facet normal -1 0 0
  outer loop
   vertex 10.895 4.56224 3.54268
   vertex 10.895 4.55155 3.52224
   vertex 10.895 4.55272 3.52616
  endloop
 endfacet
 facet normal -1 0 0
  outer loop
   vertex 10.895 4.55272 3.52616
   vertex 10.895 4.55155 3.52224
   vertex 10.895 4.5521 3.52423
  endloop
 endfacet
 facet normal -1 -1.76213e-11 6.16227e-11
  outer loop
   vertex 10.895 4.58625 3.55797
   vertex 10.895 4.58856 3.55857
   vertex 10.895 4.58398 3.55726
  endloop
 endfacet
 facet normal -1 0 0
  outer loop
   vertex 10.895 4.56505 3.54566
   vertex 10.895 4.55107 3.52019
   vertex 10.895 4.55155 3.52224
  endloop
 endfacet
 facet normal -1 0 0
  outer loop
   vertex 10.895 4.55107 3.52019
   vertex 10.895 4.55037 3.51594
   vertex 10.895 4.55068 3.51809
  endloop
 endfacet
 facet normal -1 0 0
  outer loop
   vertex 10.895 4.55037 3.51594
   vertex 10.895 4.55003 3.51153
   vertex 10.895 4.55015 3.51375
  endloop
 endfacet
 facet normal -1 0 0
  outer loop
   vertex 10.895 4.57169 3.55111
   vertex 10.895 4.55003 3.51153
   vertex 10.895 4.56505 3.54566
  endloop
 endfacet
 facet normal -1 0 0
  outer loop
   vertex 10.895 4.56505 3.54566
   vertex 10.895 4.55003 3.51153
   vertex 10.895 4.55107 3.52019
  endloop
 endfacet
 facet normal -1 0 0
  outer loop
   vertex 10.895 4.55107 3.52019
   vertex 10.895 4.55003 3.51153
   vertex 10.895 4.55037 3.51594
  endloop
 endfacet
 facet normal -1 -1.90374e-12 3.07808e-11
  outer loop
   vertex 10.895 4.59813 3.55986
   vertex 10.895 4.60056 3.5599
   vertex 10.895 4.5957 3.55972
  endloop
 endfacet
 facet normal -1 3.49617e-11 1.26293e-12
  outer loop
   vertex 10.895 4.55003 3.51153
   vertex 10.895 4.55027 3.50467
   vertex 10.895 4.55 3.50926
  endloop
 endfacet
 facet normal -1 -3.44564e-11 -2.81785e-12
  outer loop
   vertex 10.895 4.55 3.50926
   vertex 10.895 4.55027 3.50467
   vertex 10.895 4.55009 3.50698
  endloop
 endfacet
 facet normal -1 3.68146e-12 6.16459e-11
  outer loop
   vertex 10.895 4.60298 3.55981
   vertex 10.895 4.6054 3.55961
   vertex 10.895 4.60056 3.5599
  endloop
 endfacet
 facet normal -1 0 0
  outer loop
   vertex 10.895 4.55027 3.50467
   vertex 10.895 4.55151 3.49772
   vertex 10.895 4.55057 3.50236
  endloop
 endfacet
 facet normal -1 0 0
  outer loop
   vertex 10.895 4.55057 3.50236
   vertex 10.895 4.55151 3.49772
   vertex 10.895 4.55098 3.50004
  endloop
 endfacet
 facet normal -1 0 0
  outer loop
   vertex 10.895 4.55003 3.51153
   vertex 10.895 4.55151 3.49772
   vertex 10.895 4.55027 3.50467
  endloop
 endfacet
 facet normal -1 7.12255e-12 3.05897e-11
  outer loop
   vertex 10.895 4.61017 3.55886
   vertex 10.895 4.6125 3.55831
   vertex 10.895 4.6078 3.55929
  endloop
 endfacet
 facet normal -1 0 0
  outer loop
   vertex 10.895 4.57169 3.55111
   vertex 10.895 4.55214 3.49542
   vertex 10.895 4.55003 3.51153
  endloop
 endfacet
 facet normal -1 0 0
  outer loop
   vertex 10.895 4.55003 3.51153
   vertex 10.895 4.55214 3.49542
   vertex 10.895 4.55151 3.49772
  endloop
 endfacet
 facet normal -1 0 0
  outer loop
   vertex 10.895 4.57961 3.55555
   vertex 10.895 4.55214 3.49542
   vertex 10.895 4.57169 3.55111
  endloop
 endfacet
 facet normal -1 0 0
  outer loop
   vertex 10.895 4.55214 3.49542
   vertex 10.895 4.55474 3.48866
   vertex 10.895 4.5529 3.49313
  endloop
 endfacet
 facet normal -1 0 0
  outer loop
   vertex 10.895 4.5529 3.49313
   vertex 10.895 4.55474 3.48866
   vertex 10.895 4.55376 3.49088
  endloop
 endfacet
 facet normal -1 0 0
  outer loop
   vertex 10.895 4.57961 3.55555
   vertex 10.895 4.55474 3.48866
   vertex 10.895 4.55214 3.49542
  endloop
 endfacet
 facet normal -1 2.36879e-12 7.68783e-12
  outer loop
   vertex 10.895 4.6125 3.55831
   vertex 10.895 4.62135 3.55511
   vertex 10.895 4.6078 3.55929
  endloop
 endfacet
 facet normal -1 1.21522e-11 3.12176e-11
  outer loop
   vertex 10.895 4.61923 3.55606
   vertex 10.895 4.62135 3.55511
   vertex 10.895 4.61704 3.55691
  endloop
 endfacet
 facet normal -1 1.19273e-11 3.06774e-11
  outer loop
   vertex 10.895 4.61704 3.55691
   vertex 10.895 4.62135 3.55511
   vertex 10.895 4.6148 3.55766
  endloop
 endfacet
 facet normal -1 -5.87854e-12 -1.51198e-11
  outer loop
   vertex 10.895 4.6148 3.55766
   vertex 10.895 4.62135 3.55511
   vertex 10.895 4.6125 3.55831
  endloop
 endfacet
 facet normal -1 -0 -0
  outer loop
   vertex 10.895 4.6078 3.55929
   vertex 10.895 4.62135 3.55511
   vertex 10.895 4.6054 3.55961
  endloop
 endfacet
 facet normal -1 -0 -0
  outer loop
   vertex 10.895 4.62135 3.55511
   vertex 10.895 4.62341 3.55408
   vertex 10.895 4.6054 3.55961
  endloop
 endfacet
 facet normal -1 1.93731e-11 3.12322e-11
  outer loop
   vertex 10.895 4.6273 3.55179
   vertex 10.895 4.62913 3.55053
   vertex 10.895 4.62539 3.55297
  endloop
 endfacet
 facet normal -1 1.01165e-11 1.48111e-11
  outer loop
   vertex 10.895 4.62539 3.55297
   vertex 10.895 4.63088 3.54922
   vertex 10.895 4.62341 3.55408
  endloop
 endfacet
 facet normal -1 -2.10249e-11 -3.07815e-11
  outer loop
   vertex 10.895 4.62913 3.55053
   vertex 10.895 4.63088 3.54922
   vertex 10.895 4.62539 3.55297
  endloop
 endfacet
 facet normal -1 1.03298e-11 6.83192e-12
  outer loop
   vertex 10.895 4.55474 3.48866
   vertex 10.895 4.56116 3.47841
   vertex 10.895 4.55582 3.48649
  endloop
 endfacet
 facet normal -1 -1.7186e-11 -1.13665e-11
  outer loop
   vertex 10.895 4.55582 3.48649
   vertex 10.895 4.56116 3.47841
   vertex 10.895 4.55701 3.48437
  endloop
 endfacet
 facet normal -1 -8.75739e-12 -5.49272e-12
  outer loop
   vertex 10.895 4.55701 3.48437
   vertex 10.895 4.56116 3.47841
   vertex 10.895 4.5583 3.48231
  endloop
 endfacet
 facet normal -1 -2.54792e-11 -1.77599e-11
  outer loop
   vertex 10.895 4.5583 3.48231
   vertex 10.895 4.56116 3.47841
   vertex 10.895 4.55969 3.48032
  endloop
 endfacet
 facet normal -1 -3.5523e-13 1.32097e-13
  outer loop
   vertex 10.895 4.57961 3.55555
   vertex 10.895 4.56116 3.47841
   vertex 10.895 4.55474 3.48866
  endloop
 endfacet
 facet normal -1 1.8613e-12 -3.97908e-13
  outer loop
   vertex 10.895 4.57961 3.55555
   vertex 10.895 4.56273 3.47657
   vertex 10.895 4.56116 3.47841
  endloop
 endfacet
 facet normal -1 -9.09036e-13 1.94333e-13
  outer loop
   vertex 10.895 4.58398 3.55726
   vertex 10.895 4.56273 3.47657
   vertex 10.895 4.57961 3.55555
  endloop
 endfacet
 facet normal -1 -0 -0
  outer loop
   vertex 10.895 4.63255 3.54786
   vertex 10.895 4.63413 3.54644
   vertex 10.895 4.63088 3.54922
  endloop
 endfacet
 facet normal -1 0 0
  outer loop
   vertex 10.895 4.56273 3.47657
   vertex 10.895 4.56608 3.47317
   vertex 10.895 4.56437 3.47482
  endloop
 endfacet
 facet normal -1 -3.61416e-14 -3.55665e-14
  outer loop
   vertex 10.895 4.58398 3.55726
   vertex 10.895 4.56608 3.47317
   vertex 10.895 4.56273 3.47657
  endloop
 endfacet
 facet normal -1 1.31718e-14 -4.60626e-14
  outer loop
   vertex 10.895 4.58856 3.55857
   vertex 10.895 4.56608 3.47317
   vertex 10.895 4.58398 3.55726
  endloop
 endfacet
 facet normal -1 -0 -0
  outer loop
   vertex 10.895 4.63562 3.54499
   vertex 10.895 4.63703 3.5435
   vertex 10.895 4.63413 3.54644
  endloop
 endfacet
 facet normal -1 -0 -0
  outer loop
   vertex 10.895 4.63413 3.54644
   vertex 10.895 4.63703 3.5435
   vertex 10.895 4.63088 3.54922
  endloop
 endfacet
 facet normal -1 -0 -0
  outer loop
   vertex 10.895 4.63835 3.54198
   vertex 10.895 4.63959 3.54044
   vertex 10.895 4.63703 3.5435
  endloop
 endfacet
 facet normal -1 0 0
  outer loop
   vertex 10.895 4.56608 3.47317
   vertex 10.895 4.56969 3.47014
   vertex 10.895 4.56785 3.4716
  endloop
 endfacet
 facet normal -1 -2.92931e-14 -3.48855e-14
  outer loop
   vertex 10.895 4.58856 3.55857
   vertex 10.895 4.56969 3.47014
   vertex 10.895 4.56608 3.47317
  endloop
 endfacet
 facet normal -1 -0 -0
  outer loop
   vertex 10.895 4.63959 3.54044
   vertex 10.895 4.64074 3.53888
   vertex 10.895 4.63703 3.5435
  endloop
 endfacet
 facet normal -1 0 0
  outer loop
   vertex 10.895 4.56969 3.47014
   vertex 10.895 4.57349 3.46751
   vertex 10.895 4.57157 3.46877
  endloop
 endfacet
 facet normal -1 0 0
  outer loop
   vertex 10.895 4.5933 3.55945
   vertex 10.895 4.57349 3.46751
   vertex 10.895 4.59091 3.55907
  endloop
 endfacet
 facet normal -1 1.61072e-12 -3.06481e-13
  outer loop
   vertex 10.895 4.59091 3.55907
   vertex 10.895 4.57349 3.46751
   vertex 10.895 4.58856 3.55857
  endloop
 endfacet
 facet normal -1 -2.47927e-14 -3.58459e-14
  outer loop
   vertex 10.895 4.58856 3.55857
   vertex 10.895 4.57349 3.46751
   vertex 10.895 4.56969 3.47014
  endloop
 endfacet
 facet normal -1 4.2894e-11 2.93012e-11
  outer loop
   vertex 10.895 4.64182 3.53731
   vertex 10.895 4.64281 3.53574
   vertex 10.895 4.64074 3.53888
  endloop
 endfacet
 facet normal -1 0 0
  outer loop
   vertex 10.895 4.5933 3.55945
   vertex 10.895 4.57545 3.46634
   vertex 10.895 4.57349 3.46751
  endloop
 endfacet
 facet normal -1 -4.46638e-11 -2.81488e-11
  outer loop
   vertex 10.895 4.64281 3.53574
   vertex 10.895 4.64372 3.53415
   vertex 10.895 4.64074 3.53888
  endloop
 endfacet
 facet normal -1 -0 -0
  outer loop
   vertex 10.895 4.64372 3.53415
   vertex 10.895 4.64542 3.5308
   vertex 10.895 4.64074 3.53888
  endloop
 endfacet
 facet normal -1 9.99751e-13 7.89043e-13
  outer loop
   vertex 10.895 4.63088 3.54922
   vertex 10.895 4.64542 3.5308
   vertex 10.895 4.62341 3.55408
  endloop
 endfacet
 facet normal -1 -0 -0
  outer loop
   vertex 10.895 4.6446 3.53251
   vertex 10.895 4.64542 3.5308
   vertex 10.895 4.64372 3.53415
  endloop
 endfacet
 facet normal -1 -0 -0
  outer loop
   vertex 10.895 4.63703 3.5435
   vertex 10.895 4.64542 3.5308
   vertex 10.895 4.63088 3.54922
  endloop
 endfacet
 facet normal -1 -0 -0
  outer loop
   vertex 10.895 4.64074 3.53888
   vertex 10.895 4.64542 3.5308
   vertex 10.895 4.63703 3.5435
  endloop
 endfacet
 facet normal -1 0 0
  outer loop
   vertex 10.895 4.57545 3.46634
   vertex 10.895 4.57943 3.46433
   vertex 10.895 4.57743 3.46529
  endloop
 endfacet
 facet normal -1 3.07218e-13 1.34222e-13
  outer loop
   vertex 10.895 4.64542 3.5308
   vertex 10.895 4.6462 3.52903
   vertex 10.895 4.62341 3.55408
  endloop
 endfacet
 facet normal -1 0 0
  outer loop
   vertex 10.895 4.5933 3.55945
   vertex 10.895 4.58547 3.46206
   vertex 10.895 4.57545 3.46634
  endloop
 endfacet
 facet normal -1 -7.52744e-13 7.88976e-14
  outer loop
   vertex 10.895 4.60056 3.5599
   vertex 10.895 4.58547 3.46206
   vertex 10.895 4.5957 3.55972
  endloop
 endfacet
 facet normal -1 0 0
  outer loop
   vertex 10.895 4.57943 3.46433
   vertex 10.895 4.58547 3.46206
   vertex 10.895 4.58144 3.46347
  endloop
 endfacet
 facet normal -1 2.64116e-11 7.52299e-11
  outer loop
   vertex 10.895 4.58144 3.46347
   vertex 10.895 4.58547 3.46206
   vertex 10.895 4.58345 3.46272
  endloop
 endfacet
 facet normal -1 0 0
  outer loop
   vertex 10.895 4.5957 3.55972
   vertex 10.895 4.58547 3.46206
   vertex 10.895 4.5933 3.55945
  endloop
 endfacet
 facet normal -1 0 0
  outer loop
   vertex 10.895 4.57545 3.46634
   vertex 10.895 4.58547 3.46206
   vertex 10.895 4.57943 3.46433
  endloop
 endfacet
 facet normal -1 -0 -0
  outer loop
   vertex 10.895 4.64757 3.52529
   vertex 10.895 4.64816 3.52333
   vertex 10.895 4.64692 3.52719
  endloop
 endfacet
 facet normal -1 -0 -0
  outer loop
   vertex 10.895 4.64692 3.52719
   vertex 10.895 4.64816 3.52333
   vertex 10.895 4.6462 3.52903
  endloop
 endfacet
 facet normal -1 2.47083e-13 7.95282e-14
  outer loop
   vertex 10.895 4.6462 3.52903
   vertex 10.895 4.64868 3.52131
   vertex 10.895 4.62341 3.55408
  endloop
 endfacet
 facet normal -1 -0 -0
  outer loop
   vertex 10.895 4.64816 3.52333
   vertex 10.895 4.64868 3.52131
   vertex 10.895 4.6462 3.52903
  endloop
 endfacet
 facet normal -1 -3.94909e-12 -1.40468e-11
  outer loop
   vertex 10.895 4.58547 3.46206
   vertex 10.895 4.59144 3.46064
   vertex 10.895 4.58747 3.46149
  endloop
 endfacet
 facet normal -1 -1.02723e-11 -4.33381e-11
  outer loop
   vertex 10.895 4.58747 3.46149
   vertex 10.895 4.59144 3.46064
   vertex 10.895 4.58947 3.46102
  endloop
 endfacet
 facet normal -1 -0 -0
  outer loop
   vertex 10.895 4.64912 3.51924
   vertex 10.895 4.64948 3.51712
   vertex 10.895 4.64868 3.52131
  endloop
 endfacet
 facet normal -1 6.36163e-12 2.93135e-11
  outer loop
   vertex 10.895 4.58547 3.46206
   vertex 10.895 4.59339 3.46034
   vertex 10.895 4.59144 3.46064
  endloop
 endfacet
 facet normal -1 -7.80828e-15 -3.59794e-14
  outer loop
   vertex 10.895 4.60056 3.5599
   vertex 10.895 4.59339 3.46034
   vertex 10.895 4.58547 3.46206
  endloop
 endfacet
 facet normal -1 0 0
  outer loop
   vertex 10.895 4.59339 3.46034
   vertex 10.895 4.59721 3.45998
   vertex 10.895 4.59532 3.46012
  endloop
 endfacet
 facet normal -1 -0 -0
  outer loop
   vertex 10.895 4.64948 3.51712
   vertex 10.895 4.65 3.5105
   vertex 10.895 4.64868 3.52131
  endloop
 endfacet
 facet normal -1 -0 -0
  outer loop
   vertex 10.895 4.64992 3.51274
   vertex 10.895 4.65 3.5105
   vertex 10.895 4.64974 3.51495
  endloop
 endfacet
 facet normal -1 -0 -0
  outer loop
   vertex 10.895 4.64974 3.51495
   vertex 10.895 4.65 3.5105
   vertex 10.895 4.64948 3.51712
  endloop
 endfacet
 facet normal -1 0 0
  outer loop
   vertex 10.895 4.59721 3.45998
   vertex 10.895 4.6 3.4599
   vertex 10.895 4.59862 3.45992
  endloop
 endfacet
 facet normal -1 0 0
  outer loop
   vertex 10.895 4.59339 3.46034
   vertex 10.895 4.6 3.4599
   vertex 10.895 4.59721 3.45998
  endloop
 endfacet
 facet normal -1 0 0
  outer loop
   vertex 10.895 4.6 3.4599
   vertex 10.895 4.60461 3.46011
   vertex 10.895 4.60228 3.45995
  endloop
 endfacet
 facet normal -1 -7.32947e-16 -3.64884e-14
  outer loop
   vertex 10.895 4.60056 3.5599
   vertex 10.895 4.60461 3.46011
   vertex 10.895 4.59339 3.46034
  endloop
 endfacet
 facet normal -1 0 0
  outer loop
   vertex 10.895 4.59339 3.46034
   vertex 10.895 4.60461 3.46011
   vertex 10.895 4.6 3.4599
  endloop
 endfacet
 facet normal -1 -3.31652e-11 4.99476e-12
  outer loop
   vertex 10.895 4.6496 3.50362
   vertex 10.895 4.64925 3.5013
   vertex 10.895 4.64984 3.50593
  endloop
 endfacet
 facet normal -1 1.11734e-11 -6.32477e-13
  outer loop
   vertex 10.895 4.64984 3.50593
   vertex 10.895 4.64925 3.5013
   vertex 10.895 4.64997 3.50822
  endloop
 endfacet
 facet normal -1 5.65963e-12 -6.11929e-14
  outer loop
   vertex 10.895 4.64997 3.50822
   vertex 10.895 4.64925 3.5013
   vertex 10.895 4.65 3.5105
  endloop
 endfacet
 facet normal -1 0 0
  outer loop
   vertex 10.895 4.60461 3.46011
   vertex 10.895 4.60941 3.46079
   vertex 10.895 4.60699 3.46039
  endloop
 endfacet
 facet normal -1 -2.20399e-15 -3.69057e-14
  outer loop
   vertex 10.895 4.6054 3.55961
   vertex 10.895 4.60941 3.46079
   vertex 10.895 4.60056 3.5599
  endloop
 endfacet
 facet normal -1 5.13858e-15 -3.62497e-14
  outer loop
   vertex 10.895 4.60056 3.5599
   vertex 10.895 4.60941 3.46079
   vertex 10.895 4.60461 3.46011
  endloop
 endfacet
 facet normal -1 3.14445e-11 -7.83092e-12
  outer loop
   vertex 10.895 4.64879 3.49898
   vertex 10.895 4.64822 3.49666
   vertex 10.895 4.64925 3.5013
  endloop
 endfacet
 facet normal -1 1.40524e-13 -2.64593e-15
  outer loop
   vertex 10.895 4.64868 3.52131
   vertex 10.895 4.64822 3.49666
   vertex 10.895 4.62341 3.55408
  endloop
 endfacet
 facet normal -1 -0 0
  outer loop
   vertex 10.895 4.65 3.5105
   vertex 10.895 4.64822 3.49666
   vertex 10.895 4.64868 3.52131
  endloop
 endfacet
 facet normal -1 -8.23622e-12 1.05994e-12
  outer loop
   vertex 10.895 4.64925 3.5013
   vertex 10.895 4.64822 3.49666
   vertex 10.895 4.65 3.5105
  endloop
 endfacet
 facet normal -1 8.55736e-12 -3.97866e-11
  outer loop
   vertex 10.895 4.60941 3.46079
   vertex 10.895 4.61361 3.46179
   vertex 10.895 4.61161 3.46127
  endloop
 endfacet
 facet normal -1 -0 0
  outer loop
   vertex 10.895 4.64753 3.49437
   vertex 10.895 4.64672 3.4921
   vertex 10.895 4.64822 3.49666
  endloop
 endfacet
 facet normal -1 -3.85454e-12 1.26029e-11
  outer loop
   vertex 10.895 4.61361 3.46179
   vertex 10.895 4.61966 3.46393
   vertex 10.895 4.61563 3.4624
  endloop
 endfacet
 facet normal -1 1.47386e-11 -3.66541e-11
  outer loop
   vertex 10.895 4.61563 3.4624
   vertex 10.895 4.61966 3.46393
   vertex 10.895 4.61764 3.46312
  endloop
 endfacet
 facet normal -1 -0 0
  outer loop
   vertex 10.895 4.64672 3.4921
   vertex 10.895 4.64581 3.48986
   vertex 10.895 4.64822 3.49666
  endloop
 endfacet
 facet normal -1 7.78859e-14 -2.97093e-14
  outer loop
   vertex 10.895 4.64822 3.49666
   vertex 10.895 4.64478 3.48766
   vertex 10.895 4.62341 3.55408
  endloop
 endfacet
 facet normal -1 -0 0
  outer loop
   vertex 10.895 4.64581 3.48986
   vertex 10.895 4.64478 3.48766
   vertex 10.895 4.64822 3.49666
  endloop
 endfacet
 facet normal -1 -1.68797e-11 3.31956e-11
  outer loop
   vertex 10.895 4.61966 3.46393
   vertex 10.895 4.62365 3.46585
   vertex 10.895 4.62166 3.46484
  endloop
 endfacet
 facet normal -1 4.79889e-12 -1.18677e-11
  outer loop
   vertex 10.895 4.61361 3.46179
   vertex 10.895 4.62365 3.46585
   vertex 10.895 4.61966 3.46393
  endloop
 endfacet
 facet normal -1 -4.61203e-12 1.14056e-11
  outer loop
   vertex 10.895 4.61361 3.46179
   vertex 10.895 4.62562 3.46696
   vertex 10.895 4.62365 3.46585
  endloop
 endfacet
 facet normal -1 -2.57542e-11 1.69608e-11
  outer loop
   vertex 10.895 4.64241 3.48342
   vertex 10.895 4.64108 3.48139
   vertex 10.895 4.64365 3.48551
  endloop
 endfacet
 facet normal -1 9.10344e-12 -4.79979e-12
  outer loop
   vertex 10.895 4.64365 3.48551
   vertex 10.895 4.64108 3.48139
   vertex 10.895 4.64478 3.48766
  endloop
 endfacet
 facet normal -1 8.70738e-13 -1.31744e-12
  outer loop
   vertex 10.895 4.61361 3.46179
   vertex 10.895 4.62946 3.4695
   vertex 10.895 4.62562 3.46696
  endloop
 endfacet
 facet normal -1 0 0
  outer loop
   vertex 10.895 4.62562 3.46696
   vertex 10.895 4.62946 3.4695
   vertex 10.895 4.62756 3.46818
  endloop
 endfacet
 facet normal -1 -1.90243e-12 4.381e-12
  outer loop
   vertex 10.895 4.60941 3.46079
   vertex 10.895 4.62946 3.4695
   vertex 10.895 4.61361 3.46179
  endloop
 endfacet
 facet normal -1 -1.74977e-11 1.09219e-11
  outer loop
   vertex 10.895 4.64108 3.48139
   vertex 10.895 4.63965 3.47944
   vertex 10.895 4.64478 3.48766
  endloop
 endfacet
 facet normal -1 2.56954e-12 -5.91724e-12
  outer loop
   vertex 10.895 4.60941 3.46079
   vertex 10.895 4.63131 3.47092
   vertex 10.895 4.62946 3.4695
  endloop
 endfacet
 facet normal -1 -1.46306e-13 -4.27524e-14
  outer loop
   vertex 10.895 4.6054 3.55961
   vertex 10.895 4.63131 3.47092
   vertex 10.895 4.60941 3.46079
  endloop
 endfacet
 facet normal -1 -0 0
  outer loop
   vertex 10.895 4.63965 3.47944
   vertex 10.895 4.63486 3.47406
   vertex 10.895 4.64478 3.48766
  endloop
 endfacet
 facet normal -1 2.21778e-11 -2.39163e-11
  outer loop
   vertex 10.895 4.63131 3.47092
   vertex 10.895 4.63486 3.47406
   vertex 10.895 4.63312 3.47244
  endloop
 endfacet
 facet normal -1 8.1564e-13 2.38341e-13
  outer loop
   vertex 10.895 4.6054 3.55961
   vertex 10.895 4.63486 3.47406
   vertex 10.895 4.63131 3.47092
  endloop
 endfacet
 facet normal -1 -0 0
  outer loop
   vertex 10.895 4.63653 3.47576
   vertex 10.895 4.63486 3.47406
   vertex 10.895 4.63813 3.47756
  endloop
 endfacet
 facet normal -1 -0 0
  outer loop
   vertex 10.895 4.63813 3.47756
   vertex 10.895 4.63486 3.47406
   vertex 10.895 4.63965 3.47944
  endloop
 endfacet
 facet normal -1 -1.45889e-14 -4.75471e-14
  outer loop
   vertex 10.895 4.62341 3.55408
   vertex 10.895 4.63486 3.47406
   vertex 10.895 4.6054 3.55961
  endloop
 endfacet
 facet normal -1 5.21093e-14 -3.8004e-14
  outer loop
   vertex 10.895 4.64478 3.48766
   vertex 10.895 4.63486 3.47406
   vertex 10.895 4.62341 3.55408
  endloop
 endfacet
 facet normal 1 3.12377e-11 -3.06646e-11
  outer loop
   vertex 13.295 4.56224 3.54268
   vertex 13.295 4.56505 3.54566
   vertex 13.295 4.5636 3.54418
  endloop
 endfacet
 facet normal 1 0 0
  outer loop
   vertex 13.295 4.55764 3.53646
   vertex 13.295 4.55977 3.5396
   vertex 13.295 4.55866 3.53803
  endloop
 endfacet
 facet normal 1 2.04294e-11 -3.12136e-11
  outer loop
   vertex 13.295 4.57356 3.55234
   vertex 13.295 4.57169 3.55111
   vertex 13.295 4.56991 3.54983
  endloop
 endfacet
 facet normal 1 0 0
  outer loop
   vertex 13.295 4.55669 3.53488
   vertex 13.295 4.55977 3.5396
   vertex 13.295 4.55764 3.53646
  endloop
 endfacet
 facet normal 1 1.78262e-11 -3.01051e-11
  outer loop
   vertex 13.295 4.57752 3.55456
   vertex 13.295 4.5755 3.55349
   vertex 13.295 4.57356 3.55234
  endloop
 endfacet
 facet normal 1 0 0
  outer loop
   vertex 13.295 4.55495 3.53159
   vertex 13.295 4.55977 3.5396
   vertex 13.295 4.55669 3.53488
  endloop
 endfacet
 facet normal 1 0 0
  outer loop
   vertex 13.295 4.55495 3.53159
   vertex 13.295 4.55669 3.53488
   vertex 13.295 4.5558 3.53327
  endloop
 endfacet
 facet normal 1 1.30817e-11 -3.12317e-11
  outer loop
   vertex 13.295 4.58177 3.55646
   vertex 13.295 4.57961 3.55555
   vertex 13.295 4.57752 3.55456
  endloop
 endfacet
 facet normal 1 0 0
  outer loop
   vertex 13.295 4.55272 3.52616
   vertex 13.295 4.55977 3.5396
   vertex 13.295 4.55495 3.53159
  endloop
 endfacet
 facet normal 1 0 0
  outer loop
   vertex 13.295 4.55272 3.52616
   vertex 13.295 4.55495 3.53159
   vertex 13.295 4.55415 3.52985
  endloop
 endfacet
 facet normal 1 0 0
  outer loop
   vertex 13.295 4.55272 3.52616
   vertex 13.295 4.55415 3.52985
   vertex 13.295 4.55341 3.52804
  endloop
 endfacet
 facet normal 1 0 0
  outer loop
   vertex 13.295 4.55155 3.52224
   vertex 13.295 4.55977 3.5396
   vertex 13.295 4.55272 3.52616
  endloop
 endfacet
 facet normal 1 7.08409e-12 -3.52922e-12
  outer loop
   vertex 13.295 4.55155 3.52224
   vertex 13.295 4.56224 3.54268
   vertex 13.295 4.56097 3.54115
  endloop
 endfacet
 facet normal 1 0 0
  outer loop
   vertex 13.295 4.55155 3.52224
   vertex 13.295 4.56097 3.54115
   vertex 13.295 4.55977 3.5396
  endloop
 endfacet
 facet normal 1 0 0
  outer loop
   vertex 13.295 4.55155 3.52224
   vertex 13.295 4.55272 3.52616
   vertex 13.295 4.5521 3.52423
  endloop
 endfacet
 facet normal 1 8.10582e-12 -3.11243e-11
  outer loop
   vertex 13.295 4.58856 3.55857
   vertex 13.295 4.58625 3.55797
   vertex 13.295 4.58398 3.55726
  endloop
 endfacet
 facet normal 1 -9.64346e-12 3.0946e-11
  outer loop
   vertex 13.295 4.58856 3.55857
   vertex 13.295 4.58398 3.55726
   vertex 13.295 4.58177 3.55646
  endloop
 endfacet
 facet normal 1 1.98372e-12 -6.3658e-12
  outer loop
   vertex 13.295 4.58856 3.55857
   vertex 13.295 4.58177 3.55646
   vertex 13.295 4.57752 3.55456
  endloop
 endfacet
 facet normal 1 0 0
  outer loop
   vertex 13.295 4.55068 3.51809
   vertex 13.295 4.55155 3.52224
   vertex 13.295 4.55107 3.52019
  endloop
 endfacet
 facet normal 1 -2.72304e-12 1.34573e-12
  outer loop
   vertex 13.295 4.55037 3.51594
   vertex 13.295 4.56505 3.54566
   vertex 13.295 4.56224 3.54268
  endloop
 endfacet
 facet normal 1 5.29974e-13 -9.93342e-14
  outer loop
   vertex 13.295 4.55037 3.51594
   vertex 13.295 4.56224 3.54268
   vertex 13.295 4.55155 3.52224
  endloop
 endfacet
 facet normal 1 0 0
  outer loop
   vertex 13.295 4.55037 3.51594
   vertex 13.295 4.55155 3.52224
   vertex 13.295 4.55068 3.51809
  endloop
 endfacet
 facet normal 1 0 0
  outer loop
   vertex 13.295 4.55015 3.51375
   vertex 13.295 4.56505 3.54566
   vertex 13.295 4.55037 3.51594
  endloop
 endfacet
 facet normal 1 3.90329e-12 -1.92414e-12
  outer loop
   vertex 13.295 4.55015 3.51375
   vertex 13.295 4.5682 3.54849
   vertex 13.295 4.56658 3.54709
  endloop
 endfacet
 facet normal 1 0 0
  outer loop
   vertex 13.295 4.55015 3.51375
   vertex 13.295 4.56658 3.54709
   vertex 13.295 4.56505 3.54566
  endloop
 endfacet
 facet normal 1 0 0
  outer loop
   vertex 13.295 4.59813 3.55986
   vertex 13.295 4.5957 3.55972
   vertex 13.295 4.5933 3.55945
  endloop
 endfacet
 facet normal 1 0 0
  outer loop
   vertex 13.295 4.59813 3.55986
   vertex 13.295 4.5933 3.55945
   vertex 13.295 4.59091 3.55907
  endloop
 endfacet
 facet normal 1 0 0
  outer loop
   vertex 13.295 4.59813 3.55986
   vertex 13.295 4.59091 3.55907
   vertex 13.295 4.58856 3.55857
  endloop
 endfacet
 facet normal 1 0 -0
  outer loop
   vertex 13.295 4.55009 3.50698
   vertex 13.295 4.55015 3.51375
   vertex 13.295 4.55003 3.51153
  endloop
 endfacet
 facet normal 1 0 0
  outer loop
   vertex 13.295 4.55009 3.50698
   vertex 13.295 4.55003 3.51153
   vertex 13.295 4.55 3.50926
  endloop
 endfacet
 facet normal 1 2.05203e-13 -1.91782e-15
  outer loop
   vertex 13.295 4.55009 3.50698
   vertex 13.295 4.5682 3.54849
   vertex 13.295 4.55015 3.51375
  endloop
 endfacet
 facet normal 1 -1.0533e-13 1.33618e-13
  outer loop
   vertex 13.295 4.55009 3.50698
   vertex 13.295 4.56991 3.54983
   vertex 13.295 4.5682 3.54849
  endloop
 endfacet
 facet normal 1 6.83986e-13 6.16459e-11
  outer loop
   vertex 13.295 4.60298 3.55981
   vertex 13.295 4.60056 3.5599
   vertex 13.295 4.59813 3.55986
  endloop
 endfacet
 facet normal 1 0 0
  outer loop
   vertex 13.295 4.55057 3.50236
   vertex 13.295 4.55009 3.50698
   vertex 13.295 4.55027 3.50467
  endloop
 endfacet
 facet normal 1 -2.60357e-12 -3.09442e-11
  outer loop
   vertex 13.295 4.6078 3.55929
   vertex 13.295 4.6054 3.55961
   vertex 13.295 4.60298 3.55981
  endloop
 endfacet
 facet normal 1 0 0
  outer loop
   vertex 13.295 4.55151 3.49772
   vertex 13.295 4.55057 3.50236
   vertex 13.295 4.55098 3.50004
  endloop
 endfacet
 facet normal 1 1.37823e-13 2.11512e-14
  outer loop
   vertex 13.295 4.55151 3.49772
   vertex 13.295 4.56991 3.54983
   vertex 13.295 4.55009 3.50698
  endloop
 endfacet
 facet normal 1 0 0
  outer loop
   vertex 13.295 4.55151 3.49772
   vertex 13.295 4.55009 3.50698
   vertex 13.295 4.55057 3.50236
  endloop
 endfacet
 facet normal 1 -1.37762e-12 5.56227e-13
  outer loop
   vertex 13.295 4.55151 3.49772
   vertex 13.295 4.57356 3.55234
   vertex 13.295 4.56991 3.54983
  endloop
 endfacet
 facet normal 1 -2.89586e-14 -2.60996e-12
  outer loop
   vertex 13.295 4.6125 3.55831
   vertex 13.295 4.60298 3.55981
   vertex 13.295 4.59813 3.55986
  endloop
 endfacet
 facet normal 1 1.58402e-12 7.63122e-12
  outer loop
   vertex 13.295 4.6125 3.55831
   vertex 13.295 4.6078 3.55929
   vertex 13.295 4.60298 3.55981
  endloop
 endfacet
 facet normal 1 -1.27945e-11 -6.16394e-11
  outer loop
   vertex 13.295 4.6125 3.55831
   vertex 13.295 4.61017 3.55886
   vertex 13.295 4.6078 3.55929
  endloop
 endfacet
 facet normal 1 -1.02358e-11 -3.04698e-11
  outer loop
   vertex 13.295 4.61704 3.55691
   vertex 13.295 4.6148 3.55766
   vertex 13.295 4.6125 3.55831
  endloop
 endfacet
 facet normal 1 0 0
  outer loop
   vertex 13.295 4.55376 3.49088
   vertex 13.295 4.55214 3.49542
   vertex 13.295 4.5529 3.49313
  endloop
 endfacet
 facet normal 1 0 0
  outer loop
   vertex 13.295 4.55474 3.48866
   vertex 13.295 4.55151 3.49772
   vertex 13.295 4.55214 3.49542
  endloop
 endfacet
 facet normal 1 0 -0
  outer loop
   vertex 13.295 4.55474 3.48866
   vertex 13.295 4.57356 3.55234
   vertex 13.295 4.55151 3.49772
  endloop
 endfacet
 facet normal 1 0 0
  outer loop
   vertex 13.295 4.55474 3.48866
   vertex 13.295 4.55214 3.49542
   vertex 13.295 4.55376 3.49088
  endloop
 endfacet
 facet normal 1 1.10051e-12 -3.25312e-13
  outer loop
   vertex 13.295 4.55474 3.48866
   vertex 13.295 4.57752 3.55456
   vertex 13.295 4.57356 3.55234
  endloop
 endfacet
 facet normal 1 -3.12943e-12 -7.51725e-12
  outer loop
   vertex 13.295 4.62135 3.55511
   vertex 13.295 4.61704 3.55691
   vertex 13.295 4.6125 3.55831
  endloop
 endfacet
 facet normal 1 0 0
  outer loop
   vertex 13.295 4.62135 3.55511
   vertex 13.295 4.61923 3.55606
   vertex 13.295 4.61704 3.55691
  endloop
 endfacet
 facet normal 1 0 0
  outer loop
   vertex 13.295 4.5583 3.48231
   vertex 13.295 4.55474 3.48866
   vertex 13.295 4.55582 3.48649
  endloop
 endfacet
 facet normal 1 0 0
  outer loop
   vertex 13.295 4.5583 3.48231
   vertex 13.295 4.55582 3.48649
   vertex 13.295 4.55701 3.48437
  endloop
 endfacet
 facet normal 1 -1.93731e-11 -3.12322e-11
  outer loop
   vertex 13.295 4.62913 3.55053
   vertex 13.295 4.6273 3.55179
   vertex 13.295 4.62539 3.55297
  endloop
 endfacet
 facet normal 1 -5.9071e-12 -1.0561e-11
  outer loop
   vertex 13.295 4.62913 3.55053
   vertex 13.295 4.62539 3.55297
   vertex 13.295 4.62341 3.55408
  endloop
 endfacet
 facet normal 1 -2.67825e-12 -5.3489e-12
  outer loop
   vertex 13.295 4.62913 3.55053
   vertex 13.295 4.62341 3.55408
   vertex 13.295 4.62135 3.55511
  endloop
 endfacet
 facet normal 1 5.87515e-14 3.48881e-14
  outer loop
   vertex 13.295 4.55969 3.48032
   vertex 13.295 4.57752 3.55456
   vertex 13.295 4.55474 3.48866
  endloop
 endfacet
 facet normal 1 0 0
  outer loop
   vertex 13.295 4.55969 3.48032
   vertex 13.295 4.55474 3.48866
   vertex 13.295 4.5583 3.48231
  endloop
 endfacet
 facet normal 1 4.84295e-14 3.73678e-14
  outer loop
   vertex 13.295 4.56116 3.47841
   vertex 13.295 4.57752 3.55456
   vertex 13.295 4.55969 3.48032
  endloop
 endfacet
 facet normal 1 -2.43285e-11 -2.96392e-11
  outer loop
   vertex 13.295 4.63255 3.54786
   vertex 13.295 4.63088 3.54922
   vertex 13.295 4.62913 3.55053
  endloop
 endfacet
 facet normal 1 -8.66011e-12 -9.67599e-12
  outer loop
   vertex 13.295 4.63413 3.54644
   vertex 13.295 4.63255 3.54786
   vertex 13.295 4.62913 3.55053
  endloop
 endfacet
 facet normal 1 0 0
  outer loop
   vertex 13.295 4.56608 3.47317
   vertex 13.295 4.56116 3.47841
   vertex 13.295 4.56273 3.47657
  endloop
 endfacet
 facet normal 1 0 0
  outer loop
   vertex 13.295 4.56608 3.47317
   vertex 13.295 4.56273 3.47657
   vertex 13.295 4.56437 3.47482
  endloop
 endfacet
 facet normal 1 4.1448e-14 3.88675e-14
  outer loop
   vertex 13.295 4.56608 3.47317
   vertex 13.295 4.57752 3.55456
   vertex 13.295 4.56116 3.47841
  endloop
 endfacet
 facet normal 1 -3.64496e-13 9.59381e-14
  outer loop
   vertex 13.295 4.56608 3.47317
   vertex 13.295 4.58856 3.55857
   vertex 13.295 4.57752 3.55456
  endloop
 endfacet
 facet normal 1 0 0
  outer loop
   vertex 13.295 4.63703 3.5435
   vertex 13.295 4.63562 3.54499
   vertex 13.295 4.63413 3.54644
  endloop
 endfacet
 facet normal 1 -2.09494e-11 -2.06496e-11
  outer loop
   vertex 13.295 4.63835 3.54198
   vertex 13.295 4.63703 3.5435
   vertex 13.295 4.63413 3.54644
  endloop
 endfacet
 facet normal 1 -3.78079e-11 -2.80137e-11
  outer loop
   vertex 13.295 4.64074 3.53888
   vertex 13.295 4.63959 3.54044
   vertex 13.295 4.63835 3.54198
  endloop
 endfacet
 facet normal 1 0 0
  outer loop
   vertex 13.295 4.57349 3.46751
   vertex 13.295 4.56608 3.47317
   vertex 13.295 4.56785 3.4716
  endloop
 endfacet
 facet normal 1 0 0
  outer loop
   vertex 13.295 4.57349 3.46751
   vertex 13.295 4.56785 3.4716
   vertex 13.295 4.56969 3.47014
  endloop
 endfacet
 facet normal 1 0 0
  outer loop
   vertex 13.295 4.57349 3.46751
   vertex 13.295 4.56969 3.47014
   vertex 13.295 4.57157 3.46877
  endloop
 endfacet
 facet normal 1 0 0
  outer loop
   vertex 13.295 4.64281 3.53574
   vertex 13.295 4.64182 3.53731
   vertex 13.295 4.64074 3.53888
  endloop
 endfacet
 facet normal 1 0 -0
  outer loop
   vertex 13.295 4.57545 3.46634
   vertex 13.295 4.58856 3.55857
   vertex 13.295 4.56608 3.47317
  endloop
 endfacet
 facet normal 1 0 0
  outer loop
   vertex 13.295 4.57545 3.46634
   vertex 13.295 4.56608 3.47317
   vertex 13.295 4.57349 3.46751
  endloop
 endfacet
 facet normal 1 0 0
  outer loop
   vertex 13.295 4.6446 3.53251
   vertex 13.295 4.64281 3.53574
   vertex 13.295 4.64074 3.53888
  endloop
 endfacet
 facet normal 1 0 0
  outer loop
   vertex 13.295 4.6446 3.53251
   vertex 13.295 4.64372 3.53415
   vertex 13.295 4.64281 3.53574
  endloop
 endfacet
 facet normal 1 -7.01364e-12 -4.24012e-12
  outer loop
   vertex 13.295 4.6446 3.53251
   vertex 13.295 4.64074 3.53888
   vertex 13.295 4.63835 3.54198
  endloop
 endfacet
 facet normal 1 4.17303e-12 3.13552e-12
  outer loop
   vertex 13.295 4.6446 3.53251
   vertex 13.295 4.63835 3.54198
   vertex 13.295 4.63413 3.54644
  endloop
 endfacet
 facet normal 1 -3.5814e-12 -2.69098e-12
  outer loop
   vertex 13.295 4.6462 3.52903
   vertex 13.295 4.6446 3.53251
   vertex 13.295 4.63413 3.54644
  endloop
 endfacet
 facet normal 1 4.58315e-11 2.00236e-11
  outer loop
   vertex 13.295 4.6462 3.52903
   vertex 13.295 4.64542 3.5308
   vertex 13.295 4.6446 3.53251
  endloop
 endfacet
 facet normal 1 0 -0
  outer loop
   vertex 13.295 4.58144 3.46347
   vertex 13.295 4.58856 3.55857
   vertex 13.295 4.57545 3.46634
  endloop
 endfacet
 facet normal 1 0 0
  outer loop
   vertex 13.295 4.58144 3.46347
   vertex 13.295 4.57545 3.46634
   vertex 13.295 4.57743 3.46529
  endloop
 endfacet
 facet normal 1 3.09171e-11 6.84238e-11
  outer loop
   vertex 13.295 4.58144 3.46347
   vertex 13.295 4.57743 3.46529
   vertex 13.295 4.57943 3.46433
  endloop
 endfacet
 facet normal 1 0 0
  outer loop
   vertex 13.295 4.58547 3.46206
   vertex 13.295 4.59813 3.55986
   vertex 13.295 4.58856 3.55857
  endloop
 endfacet
 facet normal 1 0 -0
  outer loop
   vertex 13.295 4.58547 3.46206
   vertex 13.295 4.58856 3.55857
   vertex 13.295 4.58144 3.46347
  endloop
 endfacet
 facet normal 1 2.49543e-13 -3.22966e-14
  outer loop
   vertex 13.295 4.58547 3.46206
   vertex 13.295 4.6125 3.55831
   vertex 13.295 4.59813 3.55986
  endloop
 endfacet
 facet normal 1 0 0
  outer loop
   vertex 13.295 4.58547 3.46206
   vertex 13.295 4.58144 3.46347
   vertex 13.295 4.58345 3.46272
  endloop
 endfacet
 facet normal 1 0 0
  outer loop
   vertex 13.295 4.64816 3.52333
   vertex 13.295 4.64757 3.52529
   vertex 13.295 4.64692 3.52719
  endloop
 endfacet
 facet normal 1 -2.91008e-11 -9.40183e-12
  outer loop
   vertex 13.295 4.64816 3.52333
   vertex 13.295 4.64692 3.52719
   vertex 13.295 4.6462 3.52903
  endloop
 endfacet
 facet normal 1 2.43464e-12 1.47841e-12
  outer loop
   vertex 13.295 4.64816 3.52333
   vertex 13.295 4.6462 3.52903
   vertex 13.295 4.63413 3.54644
  endloop
 endfacet
 facet normal 1 9.84824e-15 3.50298e-14
  outer loop
   vertex 13.295 4.58747 3.46149
   vertex 13.295 4.6125 3.55831
   vertex 13.295 4.58547 3.46206
  endloop
 endfacet
 facet normal 1 0 0
  outer loop
   vertex 13.295 4.64912 3.51924
   vertex 13.295 4.64816 3.52333
   vertex 13.295 4.63413 3.54644
  endloop
 endfacet
 facet normal 1 0 0
  outer loop
   vertex 13.295 4.64912 3.51924
   vertex 13.295 4.64868 3.52131
   vertex 13.295 4.64816 3.52333
  endloop
 endfacet
 facet normal 1 0 0
  outer loop
   vertex 13.295 4.59144 3.46064
   vertex 13.295 4.58747 3.46149
   vertex 13.295 4.58947 3.46102
  endloop
 endfacet
 facet normal 1 0 0
  outer loop
   vertex 13.295 4.59339 3.46034
   vertex 13.295 4.58747 3.46149
   vertex 13.295 4.59144 3.46064
  endloop
 endfacet
 facet normal 1 0 0
  outer loop
   vertex 13.295 4.59721 3.45998
   vertex 13.295 4.59339 3.46034
   vertex 13.295 4.59532 3.46012
  endloop
 endfacet
 facet normal 1 0 0
  outer loop
   vertex 13.295 4.59721 3.45998
   vertex 13.295 4.58747 3.46149
   vertex 13.295 4.59339 3.46034
  endloop
 endfacet
 facet normal 1 0 0
  outer loop
   vertex 13.295 4.59862 3.45992
   vertex 13.295 4.58747 3.46149
   vertex 13.295 4.59721 3.45998
  endloop
 endfacet
 facet normal 1 0 0
  outer loop
   vertex 13.295 4.65 3.5105
   vertex 13.295 4.64992 3.51274
   vertex 13.295 4.64974 3.51495
  endloop
 endfacet
 facet normal 1 0 0
  outer loop
   vertex 13.295 4.65 3.5105
   vertex 13.295 4.64974 3.51495
   vertex 13.295 4.64948 3.51712
  endloop
 endfacet
 facet normal 1 4.63066e-15 3.63787e-14
  outer loop
   vertex 13.295 4.6 3.4599
   vertex 13.295 4.6125 3.55831
   vertex 13.295 4.58747 3.46149
  endloop
 endfacet
 facet normal 1 0 0
  outer loop
   vertex 13.295 4.6 3.4599
   vertex 13.295 4.58747 3.46149
   vertex 13.295 4.59862 3.45992
  endloop
 endfacet
 facet normal 1 0 0
  outer loop
   vertex 13.295 4.64984 3.50593
   vertex 13.295 4.64997 3.50822
   vertex 13.295 4.65 3.5105
  endloop
 endfacet
 facet normal 1 0 0
  outer loop
   vertex 13.295 4.64984 3.50593
   vertex 13.295 4.64912 3.51924
   vertex 13.295 4.63413 3.54644
  endloop
 endfacet
 facet normal 1 0 0
  outer loop
   vertex 13.295 4.64984 3.50593
   vertex 13.295 4.64948 3.51712
   vertex 13.295 4.64912 3.51924
  endloop
 endfacet
 facet normal 1 0 -0
  outer loop
   vertex 13.295 4.64984 3.50593
   vertex 13.295 4.65 3.5105
   vertex 13.295 4.64948 3.51712
  endloop
 endfacet
 facet normal 1 0 0
  outer loop
   vertex 13.295 4.60699 3.46039
   vertex 13.295 4.6 3.4599
   vertex 13.295 4.60228 3.45995
  endloop
 endfacet
 facet normal 1 0 0
  outer loop
   vertex 13.295 4.60699 3.46039
   vertex 13.295 4.60228 3.45995
   vertex 13.295 4.60461 3.46011
  endloop
 endfacet
 facet normal 1 0 0
  outer loop
   vertex 13.295 4.64879 3.49898
   vertex 13.295 4.64925 3.5013
   vertex 13.295 4.6496 3.50362
  endloop
 endfacet
 facet normal 1 0 0
  outer loop
   vertex 13.295 4.64879 3.49898
   vertex 13.295 4.6496 3.50362
   vertex 13.295 4.64984 3.50593
  endloop
 endfacet
 facet normal 1 0 0
  outer loop
   vertex 13.295 4.61161 3.46127
   vertex 13.295 4.60699 3.46039
   vertex 13.295 4.60941 3.46079
  endloop
 endfacet
 facet normal 1 0 0
  outer loop
   vertex 13.295 4.61161 3.46127
   vertex 13.295 4.6 3.4599
   vertex 13.295 4.60699 3.46039
  endloop
 endfacet
 facet normal 1 0 0
  outer loop
   vertex 13.295 4.61563 3.4624
   vertex 13.295 4.61161 3.46127
   vertex 13.295 4.61361 3.46179
  endloop
 endfacet
 facet normal 1 0 0
  outer loop
   vertex 13.295 4.64672 3.4921
   vertex 13.295 4.64753 3.49437
   vertex 13.295 4.64822 3.49666
  endloop
 endfacet
 facet normal 1 0 0
  outer loop
   vertex 13.295 4.64672 3.4921
   vertex 13.295 4.64822 3.49666
   vertex 13.295 4.64879 3.49898
  endloop
 endfacet
 facet normal 1 -8.76979e-13 -1.81029e-13
  outer loop
   vertex 13.295 4.64581 3.48986
   vertex 13.295 4.63413 3.54644
   vertex 13.295 4.62913 3.55053
  endloop
 endfacet
 facet normal 1 0 -0
  outer loop
   vertex 13.295 4.64581 3.48986
   vertex 13.295 4.64984 3.50593
   vertex 13.295 4.63413 3.54644
  endloop
 endfacet
 facet normal 1 0 0
  outer loop
   vertex 13.295 4.64581 3.48986
   vertex 13.295 4.64879 3.49898
   vertex 13.295 4.64984 3.50593
  endloop
 endfacet
 facet normal 1 0 0
  outer loop
   vertex 13.295 4.64581 3.48986
   vertex 13.295 4.64672 3.4921
   vertex 13.295 4.64879 3.49898
  endloop
 endfacet
 facet normal 1 0 0
  outer loop
   vertex 13.295 4.62562 3.46696
   vertex 13.295 4.62166 3.46484
   vertex 13.295 4.62365 3.46585
  endloop
 endfacet
 facet normal 1 0 0
  outer loop
   vertex 13.295 4.62756 3.46818
   vertex 13.295 4.62166 3.46484
   vertex 13.295 4.62562 3.46696
  endloop
 endfacet
 facet normal 1 0 0
  outer loop
   vertex 13.295 4.62756 3.46818
   vertex 13.295 4.61563 3.4624
   vertex 13.295 4.61764 3.46312
  endloop
 endfacet
 facet normal 1 0 0
  outer loop
   vertex 13.295 4.62756 3.46818
   vertex 13.295 4.61764 3.46312
   vertex 13.295 4.61966 3.46393
  endloop
 endfacet
 facet normal 1 0 0
  outer loop
   vertex 13.295 4.62756 3.46818
   vertex 13.295 4.61966 3.46393
   vertex 13.295 4.62166 3.46484
  endloop
 endfacet
 facet normal 1 -1.15483e-14 3.84342e-14
  outer loop
   vertex 13.295 4.62756 3.46818
   vertex 13.295 4.6125 3.55831
   vertex 13.295 4.6 3.4599
  endloop
 endfacet
 facet normal 1 0 0
  outer loop
   vertex 13.295 4.62756 3.46818
   vertex 13.295 4.6 3.4599
   vertex 13.295 4.61161 3.46127
  endloop
 endfacet
 facet normal 1 0 0
  outer loop
   vertex 13.295 4.62756 3.46818
   vertex 13.295 4.61161 3.46127
   vertex 13.295 4.61563 3.4624
  endloop
 endfacet
 facet normal 1 0 0
  outer loop
   vertex 13.295 4.64108 3.48139
   vertex 13.295 4.64241 3.48342
   vertex 13.295 4.64365 3.48551
  endloop
 endfacet
 facet normal 1 0 0
  outer loop
   vertex 13.295 4.64108 3.48139
   vertex 13.295 4.64365 3.48551
   vertex 13.295 4.64478 3.48766
  endloop
 endfacet
 facet normal 1 0 0
  outer loop
   vertex 13.295 4.64108 3.48139
   vertex 13.295 4.64478 3.48766
   vertex 13.295 4.64581 3.48986
  endloop
 endfacet
 facet normal 1 -4.55207e-13 -1.21812e-13
  outer loop
   vertex 13.295 4.64108 3.48139
   vertex 13.295 4.62135 3.55511
   vertex 13.295 4.6125 3.55831
  endloop
 endfacet
 facet normal 1 -7.19316e-14 4.01915e-14
  outer loop
   vertex 13.295 4.64108 3.48139
   vertex 13.295 4.64581 3.48986
   vertex 13.295 4.62913 3.55053
  endloop
 endfacet
 facet normal 1 5.54708e-13 1.48439e-13
  outer loop
   vertex 13.295 4.64108 3.48139
   vertex 13.295 4.62913 3.55053
   vertex 13.295 4.62135 3.55511
  endloop
 endfacet
 facet normal 1 0 0
  outer loop
   vertex 13.295 4.63813 3.47756
   vertex 13.295 4.63965 3.47944
   vertex 13.295 4.64108 3.48139
  endloop
 endfacet
 facet normal 1 0 0
  outer loop
   vertex 13.295 4.63312 3.47244
   vertex 13.295 4.62756 3.46818
   vertex 13.295 4.62946 3.4695
  endloop
 endfacet
 facet normal 1 0 0
  outer loop
   vertex 13.295 4.63312 3.47244
   vertex 13.295 4.62946 3.4695
   vertex 13.295 4.63131 3.47092
  endloop
 endfacet
 facet normal 1 -4.01286e-14 3.23894e-14
  outer loop
   vertex 13.295 4.63653 3.47576
   vertex 13.295 4.64108 3.48139
   vertex 13.295 4.6125 3.55831
  endloop
 endfacet
 facet normal 1 0 0
  outer loop
   vertex 13.295 4.63653 3.47576
   vertex 13.295 4.63813 3.47756
   vertex 13.295 4.64108 3.48139
  endloop
 endfacet
 facet normal 1 -2.98854e-14 3.53712e-14
  outer loop
   vertex 13.295 4.63653 3.47576
   vertex 13.295 4.6125 3.55831
   vertex 13.295 4.62756 3.46818
  endloop
 endfacet
 facet normal 1 0 0
  outer loop
   vertex 13.295 4.63486 3.47406
   vertex 13.295 4.62756 3.46818
   vertex 13.295 4.63312 3.47244
  endloop
 endfacet
 facet normal 1 0 -0
  outer loop
   vertex 13.295 4.63486 3.47406
   vertex 13.295 4.63653 3.47576
   vertex 13.295 4.62756 3.46818
  endloop
 endfacet
 facet normal 1.8946e-16 -0.0138339 -0.999904
  outer loop
   vertex 13.335 3.6 3.4599
   vertex 15.735 3.6 3.4599
   vertex 15.735 3.59862 3.45992
  endloop
 endfacet
 facet normal 1.57702e-16 -0.0417083 -0.99913
  outer loop
   vertex 13.335 3.59862 3.45992
   vertex 15.735 3.59862 3.45992
   vertex 15.735 3.59721 3.45998
  endloop
 endfacet
 facet normal 1.78975e-16 -0.0138339 -0.999904
  outer loop
   vertex 13.335 3.59862 3.45992
   vertex 13.335 3.6 3.4599
   vertex 15.735 3.59862 3.45992
  endloop
 endfacet
 facet normal 2.92979e-16 -0.0746954 -0.997206
  outer loop
   vertex 13.335 3.59721 3.45998
   vertex 15.735 3.59721 3.45998
   vertex 15.735 3.59532 3.46012
  endloop
 endfacet
 facet normal 3.3121e-16 -0.0417083 -0.99913
  outer loop
   vertex 13.335 3.59721 3.45998
   vertex 13.335 3.59862 3.45992
   vertex 15.735 3.59721 3.45998
  endloop
 endfacet
 facet normal 4.1507e-16 -0.11289 -0.993608
  outer loop
   vertex 13.335 3.59532 3.46012
   vertex 15.735 3.59532 3.46012
   vertex 15.735 3.59339 3.46034
  endloop
 endfacet
 facet normal 4.67774e-16 -0.0746954 -0.997206
  outer loop
   vertex 13.335 3.59532 3.46012
   vertex 13.335 3.59721 3.45998
   vertex 15.735 3.59532 3.46012
  endloop
 endfacet
 facet normal 3.60697e-16 -0.151666 -0.988432
  outer loop
   vertex 13.335 3.59339 3.46034
   vertex 15.735 3.59339 3.46034
   vertex 15.735 3.59144 3.46064
  endloop
 endfacet
 facet normal 4.1507e-16 -0.11289 -0.993608
  outer loop
   vertex 13.335 3.59339 3.46034
   vertex 13.335 3.59532 3.46012
   vertex 15.735 3.59339 3.46034
  endloop
 endfacet
 facet normal 2.68537e-16 -0.190944 -0.981601
  outer loop
   vertex 13.335 3.59144 3.46064
   vertex 15.735 3.59144 3.46064
   vertex 15.735 3.58947 3.46102
  endloop
 endfacet
 facet normal 3.3196e-16 -0.151666 -0.988432
  outer loop
   vertex 13.335 3.59144 3.46064
   vertex 13.335 3.59339 3.46034
   vertex 15.735 3.59144 3.46064
  endloop
 endfacet
 facet normal 4.75275e-16 -0.230637 -0.97304
  outer loop
   vertex 13.335 3.58947 3.46102
   vertex 15.735 3.58947 3.46102
   vertex 15.735 3.58747 3.46149
  endloop
 endfacet
 facet normal 5.26889e-16 -0.190944 -0.981601
  outer loop
   vertex 13.335 3.58947 3.46102
   vertex 13.335 3.59144 3.46064
   vertex 15.735 3.58947 3.46102
  endloop
 endfacet
 facet normal 2.47204e-16 -0.230637 -0.97304
  outer loop
   vertex 13.335 3.58747 3.46149
   vertex 13.335 3.58947 3.46102
   vertex 15.735 3.58747 3.46149
  endloop
 endfacet
 facet normal 1.36967e-16 -0.270646 -0.962679
  outer loop
   vertex 13.335 3.58547 3.46206
   vertex 15.735 3.58747 3.46149
   vertex 15.735 3.58547 3.46206
  endloop
 endfacet
 facet normal 1.88247e-16 -0.270646 -0.962679
  outer loop
   vertex 13.335 3.58547 3.46206
   vertex 13.335 3.58747 3.46149
   vertex 15.735 3.58747 3.46149
  endloop
 endfacet
 facet normal 1.77316e-16 -0.351178 -0.936309
  outer loop
   vertex 13.335 3.58345 3.46272
   vertex 15.735 3.58345 3.46272
   vertex 15.735 3.58144 3.46347
  endloop
 endfacet
 facet normal 2.49144e-16 -0.310865 -0.950454
  outer loop
   vertex 13.335 3.58345 3.46272
   vertex 15.735 3.58547 3.46206
   vertex 15.735 3.58345 3.46272
  endloop
 endfacet
 facet normal 6.9065e-17 -0.310865 -0.950454
  outer loop
   vertex 13.335 3.58345 3.46272
   vertex 13.335 3.58547 3.46206
   vertex 15.735 3.58547 3.46206
  endloop
 endfacet
 facet normal 1.77316e-16 -0.351178 -0.936309
  outer loop
   vertex 13.335 3.58144 3.46347
   vertex 13.335 3.58345 3.46272
   vertex 15.735 3.58144 3.46347
  endloop
 endfacet
 facet normal 5.34885e-16 -0.431583 -0.902073
  outer loop
   vertex 13.335 3.57943 3.46433
   vertex 15.735 3.57943 3.46433
   vertex 15.735 3.57743 3.46529
  endloop
 endfacet
 facet normal 6.011e-16 -0.391461 -0.920195
  outer loop
   vertex 13.335 3.57943 3.46433
   vertex 15.735 3.58144 3.46347
   vertex 15.735 3.57943 3.46433
  endloop
 endfacet
 facet normal 1.04048e-16 -0.391461 -0.920195
  outer loop
   vertex 13.335 3.57943 3.46433
   vertex 13.335 3.58144 3.46347
   vertex 15.735 3.58144 3.46347
  endloop
 endfacet
 facet normal 2.99593e-16 -0.471406 -0.881916
  outer loop
   vertex 13.335 3.57743 3.46529
   vertex 15.735 3.57743 3.46529
   vertex 15.735 3.57545 3.46634
  endloop
 endfacet
 facet normal 3.63962e-16 -0.431583 -0.902073
  outer loop
   vertex 13.335 3.57743 3.46529
   vertex 13.335 3.57943 3.46433
   vertex 15.735 3.57743 3.46529
  endloop
 endfacet
 facet normal 2.99899e-16 -0.510784 -0.859709
  outer loop
   vertex 13.335 3.57545 3.46634
   vertex 15.735 3.57545 3.46634
   vertex 15.735 3.57349 3.46751
  endloop
 endfacet
 facet normal 3.77375e-16 -0.471406 -0.881916
  outer loop
   vertex 13.335 3.57545 3.46634
   vertex 13.335 3.57743 3.46529
   vertex 15.735 3.57545 3.46634
  endloop
 endfacet
 facet normal 1.66706e-16 -0.54957 -0.835447
  outer loop
   vertex 13.335 3.57349 3.46751
   vertex 15.735 3.57349 3.46751
   vertex 15.735 3.57157 3.46877
  endloop
 endfacet
 facet normal 2.33785e-16 -0.510784 -0.859709
  outer loop
   vertex 13.335 3.57349 3.46751
   vertex 13.335 3.57545 3.46634
   vertex 15.735 3.57349 3.46751
  endloop
 endfacet
 facet normal 2.51852e-16 -0.587612 -0.809143
  outer loop
   vertex 13.335 3.57157 3.46877
   vertex 15.735 3.57157 3.46877
   vertex 15.735 3.56969 3.47014
  endloop
 endfacet
 facet normal 3.25005e-16 -0.54957 -0.835447
  outer loop
   vertex 13.335 3.57157 3.46877
   vertex 13.335 3.57349 3.46751
   vertex 15.735 3.57157 3.46877
  endloop
 endfacet
 facet normal 3.63191e-16 -0.587612 -0.809143
  outer loop
   vertex 13.335 3.56969 3.47014
   vertex 13.335 3.57157 3.46877
   vertex 15.735 3.56969 3.47014
  endloop
 endfacet
 facet normal 8.49577e-17 -0.660846 -0.750522
  outer loop
   vertex 13.335 3.56785 3.4716
   vertex 15.735 3.56785 3.4716
   vertex 15.735 3.56608 3.47317
  endloop
 endfacet
 facet normal 1.47856e-16 -0.624755 -0.780821
  outer loop
   vertex 13.335 3.56785 3.4716
   vertex 15.735 3.56969 3.47014
   vertex 15.735 3.56785 3.4716
  endloop
 endfacet
 facet normal 2.95805e-16 -0.624755 -0.780821
  outer loop
   vertex 13.335 3.56785 3.4716
   vertex 13.335 3.56969 3.47014
   vertex 15.735 3.56969 3.47014
  endloop
 endfacet
 facet normal 2.13796e-17 -0.695733 -0.7183
  outer loop
   vertex 13.335 3.56608 3.47317
   vertex 15.735 3.56608 3.47317
   vertex 15.735 3.56437 3.47482
  endloop
 endfacet
 facet normal 8.49577e-17 -0.660846 -0.750522
  outer loop
   vertex 13.335 3.56608 3.47317
   vertex 13.335 3.56785 3.4716
   vertex 15.735 3.56608 3.47317
  endloop
 endfacet
 facet normal 5.61512e-16 -0.695733 -0.7183
  outer loop
   vertex 13.335 3.56437 3.47482
   vertex 13.335 3.56608 3.47317
   vertex 15.735 3.56437 3.47482
  endloop
 endfacet
 facet normal 2.82983e-16 -0.761309 -0.648389
  outer loop
   vertex 13.335 3.56273 3.47657
   vertex 15.735 3.56273 3.47657
   vertex 15.735 3.56116 3.47841
  endloop
 endfacet
 facet normal 3.54801e-16 -0.729269 -0.684227
  outer loop
   vertex 13.335 3.56273 3.47657
   vertex 15.735 3.56437 3.47482
   vertex 15.735 3.56273 3.47657
  endloop
 endfacet
 facet normal 4.84497e-16 -0.729269 -0.684227
  outer loop
   vertex 13.335 3.56273 3.47657
   vertex 13.335 3.56437 3.47482
   vertex 15.735 3.56437 3.47482
  endloop
 endfacet
 facet normal 5.5009e-16 -0.761309 -0.648389
  outer loop
   vertex 13.335 3.56116 3.47841
   vertex 13.335 3.56273 3.47657
   vertex 15.735 3.56116 3.47841
  endloop
 endfacet
 facet normal 3.2594e-16 -0.79172 -0.610885
  outer loop
   vertex 13.335 3.55969 3.48032
   vertex 15.735 3.56116 3.47841
   vertex 15.735 3.55969 3.48032
  endloop
 endfacet
 facet normal 4.75976e-16 -0.79172 -0.610885
  outer loop
   vertex 13.335 3.55969 3.48032
   vertex 13.335 3.56116 3.47841
   vertex 15.735 3.56116 3.47841
  endloop
 endfacet
 facet normal 1.63355e-16 -0.847156 -0.531344
  outer loop
   vertex 13.335 3.5583 3.48231
   vertex 15.735 3.5583 3.48231
   vertex 15.735 3.55701 3.48437
  endloop
 endfacet
 facet normal 2.45019e-16 -0.820374 -0.571828
  outer loop
   vertex 13.335 3.5583 3.48231
   vertex 15.735 3.55969 3.48032
   vertex 15.735 3.5583 3.48231
  endloop
 endfacet
 facet normal 2.45064e-16 -0.820374 -0.571828
  outer loop
   vertex 13.335 3.5583 3.48231
   vertex 13.335 3.55969 3.48032
   vertex 15.735 3.55969 3.48032
  endloop
 endfacet
 facet normal 3.39213e-16 -0.871963 -0.489571
  outer loop
   vertex 13.335 3.55701 3.48437
   vertex 15.735 3.55701 3.48437
   vertex 15.735 3.55582 3.48649
  endloop
 endfacet
 facet normal 4.2455e-16 -0.847156 -0.531344
  outer loop
   vertex 13.335 3.55701 3.48437
   vertex 13.335 3.5583 3.48231
   vertex 15.735 3.55701 3.48437
  endloop
 endfacet
 facet normal 2.4645e-16 -0.871963 -0.489571
  outer loop
   vertex 13.335 3.55582 3.48649
   vertex 13.335 3.55701 3.48437
   vertex 15.735 3.55582 3.48649
  endloop
 endfacet
 facet normal 1.6847e-16 -0.894706 -0.446655
  outer loop
   vertex 13.335 3.55474 3.48866
   vertex 15.735 3.55582 3.48649
   vertex 15.735 3.55474 3.48866
  endloop
 endfacet
 facet normal 1.68464e-16 -0.894706 -0.446655
  outer loop
   vertex 13.335 3.55474 3.48866
   vertex 13.335 3.55582 3.48649
   vertex 15.735 3.55582 3.48649
  endloop
 endfacet
 facet normal -5.5898e-17 -0.933714 -0.358019
  outer loop
   vertex 13.335 3.55376 3.49088
   vertex 15.735 3.55376 3.49088
   vertex 15.735 3.5529 3.49313
  endloop
 endfacet
 facet normal 1.38941e-17 -0.91531 -0.402751
  outer loop
   vertex 13.335 3.55376 3.49088
   vertex 15.735 3.55474 3.48866
   vertex 15.735 3.55376 3.49088
  endloop
 endfacet
 facet normal 9.02109e-17 -0.91531 -0.402751
  outer loop
   vertex 13.335 3.55376 3.49088
   vertex 13.335 3.55474 3.48866
   vertex 15.735 3.55474 3.48866
  endloop
 endfacet
 facet normal -2.43766e-16 -0.949877 -0.312624
  outer loop
   vertex 13.335 3.5529 3.49313
   vertex 15.735 3.5529 3.49313
   vertex 15.735 3.55214 3.49542
  endloop
 endfacet
 facet normal -1.91571e-16 -0.933714 -0.358019
  outer loop
   vertex 13.335 3.5529 3.49313
   vertex 13.335 3.55376 3.49088
   vertex 15.735 3.5529 3.49313
  endloop
 endfacet
 facet normal 5.46857e-17 -0.949877 -0.312624
  outer loop
   vertex 13.335 3.55214 3.49542
   vertex 13.335 3.5529 3.49313
   vertex 15.735 3.55214 3.49542
  endloop
 endfacet
 facet normal -6.19871e-17 -0.963771 -0.266732
  outer loop
   vertex 13.335 3.55151 3.49772
   vertex 15.735 3.55214 3.49542
   vertex 15.735 3.55151 3.49772
  endloop
 endfacet
 facet normal -1.14546e-17 -0.963771 -0.266732
  outer loop
   vertex 13.335 3.55151 3.49772
   vertex 13.335 3.55214 3.49542
   vertex 15.735 3.55214 3.49542
  endloop
 endfacet
 facet normal -1.42214e-16 -0.984723 -0.174127
  outer loop
   vertex 13.335 3.55098 3.50004
   vertex 15.735 3.55098 3.50004
   vertex 15.735 3.55057 3.50236
  endloop
 endfacet
 facet normal -7.71527e-17 -0.975384 -0.220512
  outer loop
   vertex 13.335 3.55098 3.50004
   vertex 15.735 3.55151 3.49772
   vertex 15.735 3.55098 3.50004
  endloop
 endfacet
 facet normal -1.18933e-16 -0.975384 -0.220512
  outer loop
   vertex 13.335 3.55098 3.50004
   vertex 13.335 3.55151 3.49772
   vertex 15.735 3.55151 3.49772
  endloop
 endfacet
 facet normal -2.16169e-17 -0.984723 -0.174127
  outer loop
   vertex 13.335 3.55057 3.50236
   vertex 13.335 3.55098 3.50004
   vertex 15.735 3.55057 3.50236
  endloop
 endfacet
 facet normal 1.23552e-16 -0.996673 -0.081508
  outer loop
   vertex 13.335 3.55027 3.50467
   vertex 15.735 3.55027 3.50467
   vertex 15.735 3.55009 3.50698
  endloop
 endfacet
 facet normal 1.93632e-16 -0.991808 -0.127741
  outer loop
   vertex 13.335 3.55027 3.50467
   vertex 15.735 3.55057 3.50236
   vertex 15.735 3.55027 3.50467
  endloop
 endfacet
 facet normal -6.69173e-17 -0.991808 -0.127741
  outer loop
   vertex 13.335 3.55027 3.50467
   vertex 13.335 3.55057 3.50236
   vertex 15.735 3.55057 3.50236
  endloop
 endfacet
 facet normal -9.61837e-17 -0.996673 -0.081508
  outer loop
   vertex 13.335 3.55009 3.50698
   vertex 13.335 3.55027 3.50467
   vertex 15.735 3.55009 3.50698
  endloop
 endfacet
 facet normal 1.76333e-16 -0.999951 0.00990381
  outer loop
   vertex 13.335 3.55 3.50926
   vertex 15.735 3.55 3.50926
   vertex 15.735 3.55003 3.51153
  endloop
 endfacet
 facet normal 2.36549e-16 -0.999367 -0.0355794
  outer loop
   vertex 13.335 3.55 3.50926
   vertex 15.735 3.55009 3.50698
   vertex 15.735 3.55 3.50926
  endloop
 endfacet
 facet normal -1.48912e-16 -0.999367 -0.0355794
  outer loop
   vertex 13.335 3.55 3.50926
   vertex 13.335 3.55009 3.50698
   vertex 15.735 3.55009 3.50698
  endloop
 endfacet
 facet normal -1.31359e-17 -0.999951 0.00990381
  outer loop
   vertex 13.335 3.55003 3.51153
   vertex 13.335 3.55 3.50926
   vertex 15.735 3.55003 3.51153
  endloop
 endfacet
 facet normal 5.72199e-17 -0.995086 0.0990141
  outer loop
   vertex 13.335 3.55015 3.51375
   vertex 15.735 3.55015 3.51375
   vertex 15.735 3.55037 3.51594
  endloop
 endfacet
 facet normal 1.16497e-16 -0.998497 0.0548091
  outer loop
   vertex 13.335 3.55015 3.51375
   vertex 15.735 3.55003 3.51153
   vertex 15.735 3.55015 3.51375
  endloop
 endfacet
 facet normal -7.26934e-17 -0.998497 0.0548091
  outer loop
   vertex 13.335 3.55015 3.51375
   vertex 13.335 3.55003 3.51153
   vertex 15.735 3.55003 3.51153
  endloop
 endfacet
 facet normal 2.56485e-17 -0.989808 0.142407
  outer loop
   vertex 13.335 3.55037 3.51594
   vertex 15.735 3.55037 3.51594
   vertex 15.735 3.55068 3.51809
  endloop
 endfacet
 facet normal 7.59809e-17 -0.995086 0.0990141
  outer loop
   vertex 13.335 3.55037 3.51594
   vertex 13.335 3.55015 3.51375
   vertex 15.735 3.55037 3.51594
  endloop
 endfacet
 facet normal -2.10194e-16 -0.98276 0.184888
  outer loop
   vertex 13.335 3.55068 3.51809
   vertex 15.735 3.55068 3.51809
   vertex 15.735 3.55107 3.52019
  endloop
 endfacet
 facet normal -1.61898e-16 -0.989808 0.142407
  outer loop
   vertex 13.335 3.55068 3.51809
   vertex 13.335 3.55037 3.51594
   vertex 15.735 3.55068 3.51809
  endloop
 endfacet
 facet normal -1.75161e-16 -0.98276 0.184888
  outer loop
   vertex 13.335 3.55107 3.52019
   vertex 13.335 3.55068 3.51809
   vertex 15.735 3.55107 3.52019
  endloop
 endfacet
 facet normal -2.14459e-16 -0.974042 0.226368
  outer loop
   vertex 13.335 3.55155 3.52224
   vertex 15.735 3.55107 3.52019
   vertex 15.735 3.55155 3.52224
  endloop
 endfacet
 facet normal -2.14449e-16 -0.974042 0.226368
  outer loop
   vertex 13.335 3.55155 3.52224
   vertex 13.335 3.55107 3.52019
   vertex 15.735 3.55107 3.52019
  endloop
 endfacet
 facet normal -1.67524e-16 -0.952023 0.306026
  outer loop
   vertex 13.335 3.5521 3.52423
   vertex 15.735 3.5521 3.52423
   vertex 15.735 3.55272 3.52616
  endloop
 endfacet
 facet normal -1.2067e-16 -0.96376 0.266769
  outer loop
   vertex 13.335 3.5521 3.52423
   vertex 15.735 3.55155 3.52224
   vertex 15.735 3.5521 3.52423
  endloop
 endfacet
 facet normal -2.52743e-16 -0.96376 0.266769
  outer loop
   vertex 13.335 3.5521 3.52423
   vertex 13.335 3.55155 3.52224
   vertex 15.735 3.55155 3.52224
  endloop
 endfacet
 facet normal -8.28757e-17 -0.93894 0.344082
  outer loop
   vertex 13.335 3.55272 3.52616
   vertex 15.735 3.55272 3.52616
   vertex 15.735 3.55341 3.52804
  endloop
 endfacet
 facet normal -5.15532e-17 -0.952023 0.306026
  outer loop
   vertex 13.335 3.55272 3.52616
   vertex 13.335 3.5521 3.52423
   vertex 15.735 3.55272 3.52616
  endloop
 endfacet
 facet normal -1.48072e-16 -0.93894 0.344082
  outer loop
   vertex 13.335 3.55341 3.52804
   vertex 13.335 3.55272 3.52616
   vertex 15.735 3.55341 3.52804
  endloop
 endfacet
 facet normal 6.17052e-17 -0.924619 0.380895
  outer loop
   vertex 13.335 3.55415 3.52985
   vertex 15.735 3.55341 3.52804
   vertex 15.735 3.55415 3.52985
  endloop
 endfacet
 facet normal -1.85673e-16 -0.924619 0.380895
  outer loop
   vertex 13.335 3.55415 3.52985
   vertex 13.335 3.55341 3.52804
   vertex 15.735 3.55341 3.52804
  endloop
 endfacet
 facet normal 2.89189e-17 -0.909169 0.416428
  outer loop
   vertex 13.335 3.55495 3.53159
   vertex 15.735 3.55415 3.52985
   vertex 15.735 3.55495 3.53159
  endloop
 endfacet
 facet normal 2.88873e-17 -0.909169 0.416428
  outer loop
   vertex 13.335 3.55495 3.53159
   vertex 13.335 3.55415 3.52985
   vertex 15.735 3.55415 3.52985
  endloop
 endfacet
 facet normal 3.94239e-17 -0.875306 0.48357
  outer loop
   vertex 13.335 3.5558 3.53327
   vertex 15.735 3.5558 3.53327
   vertex 15.735 3.55669 3.53488
  endloop
 endfacet
 facet normal 8.04894e-17 -0.892696 0.450659
  outer loop
   vertex 13.335 3.5558 3.53327
   vertex 15.735 3.55495 3.53159
   vertex 15.735 3.5558 3.53327
  endloop
 endfacet
 facet normal -3.29664e-18 -0.892696 0.450659
  outer loop
   vertex 13.335 3.5558 3.53327
   vertex 13.335 3.55495 3.53159
   vertex 15.735 3.55495 3.53159
  endloop
 endfacet
 facet normal -6.5956e-17 -0.856904 0.515475
  outer loop
   vertex 13.335 3.55669 3.53488
   vertex 15.735 3.55669 3.53488
   vertex 15.735 3.55764 3.53646
  endloop
 endfacet
 facet normal -3.48013e-17 -0.875306 0.48357
  outer loop
   vertex 13.335 3.55669 3.53488
   vertex 13.335 3.5558 3.53327
   vertex 15.735 3.55669 3.53488
  endloop
 endfacet
 facet normal 3.17153e-17 -0.856904 0.515475
  outer loop
   vertex 13.335 3.55764 3.53646
   vertex 13.335 3.55669 3.53488
   vertex 15.735 3.55764 3.53646
  endloop
 endfacet
 facet normal 6.30778e-18 -0.837136 0.546994
  outer loop
   vertex 13.335 3.55866 3.53803
   vertex 15.735 3.55764 3.53646
   vertex 15.735 3.55866 3.53803
  endloop
 endfacet
 facet normal 6.3012e-18 -0.837136 0.546994
  outer loop
   vertex 13.335 3.55866 3.53803
   vertex 13.335 3.55764 3.53646
   vertex 15.735 3.55764 3.53646
  endloop
 endfacet
 facet normal -8.07756e-17 -0.792761 0.609533
  outer loop
   vertex 13.335 3.55977 3.5396
   vertex 15.735 3.55977 3.5396
   vertex 15.735 3.56097 3.54115
  endloop
 endfacet
 facet normal -6.46103e-17 -0.815768 0.578379
  outer loop
   vertex 13.335 3.55977 3.5396
   vertex 15.735 3.55866 3.53803
   vertex 15.735 3.55977 3.5396
  endloop
 endfacet
 facet normal -1.96375e-17 -0.815768 0.578379
  outer loop
   vertex 13.335 3.55977 3.5396
   vertex 13.335 3.55866 3.53803
   vertex 15.735 3.55866 3.53803
  endloop
 endfacet
 facet normal -1.96269e-16 -0.792761 0.609533
  outer loop
   vertex 13.335 3.56097 3.54115
   vertex 13.335 3.55977 3.5396
   vertex 15.735 3.56097 3.54115
  endloop
 endfacet
 facet normal -2.18438e-16 -0.768082 0.640351
  outer loop
   vertex 13.335 3.56224 3.54268
   vertex 13.335 3.56097 3.54115
   vertex 15.735 3.56097 3.54115
  endloop
 endfacet
 facet normal 4.84044e-17 -0.768082 0.640351
  outer loop
   vertex 13.335 3.56224 3.54268
   vertex 15.735 3.56097 3.54115
   vertex 15.735 3.56224 3.54268
  endloop
 endfacet
 facet normal 2.68939e-17 -0.741708 0.670723
  outer loop
   vertex 13.335 3.5636 3.54418
   vertex 13.335 3.56224 3.54268
   vertex 15.735 3.56224 3.54268
  endloop
 endfacet
 facet normal 2.69003e-17 -0.741708 0.670723
  outer loop
   vertex 13.335 3.5636 3.54418
   vertex 15.735 3.56224 3.54268
   vertex 15.735 3.5636 3.54418
  endloop
 endfacet
 facet normal 1.40177e-16 -0.713622 0.700531
  outer loop
   vertex 13.335 3.56505 3.54566
   vertex 15.735 3.5636 3.54418
   vertex 15.735 3.56505 3.54566
  endloop
 endfacet
 facet normal 4.92624e-18 -0.713622 0.700531
  outer loop
   vertex 13.335 3.56505 3.54566
   vertex 13.335 3.5636 3.54418
   vertex 15.735 3.5636 3.54418
  endloop
 endfacet
 facet normal 1.12188e-16 -0.683817 0.729654
  outer loop
   vertex 13.335 3.56658 3.54709
   vertex 13.335 3.56505 3.54566
   vertex 15.735 3.56505 3.54566
  endloop
 endfacet
 facet normal -1.55624e-16 -0.683817 0.729654
  outer loop
   vertex 13.335 3.56658 3.54709
   vertex 15.735 3.56505 3.54566
   vertex 15.735 3.56658 3.54709
  endloop
 endfacet
 facet normal -4.00445e-17 -0.652295 0.757965
  outer loop
   vertex 13.335 3.5682 3.54849
   vertex 15.735 3.56658 3.54709
   vertex 15.735 3.5682 3.54849
  endloop
 endfacet
 facet normal -1.83681e-16 -0.652295 0.757965
  outer loop
   vertex 13.335 3.5682 3.54849
   vertex 13.335 3.56658 3.54709
   vertex 15.735 3.56658 3.54709
  endloop
 endfacet
 facet normal -1.80307e-16 -0.619071 0.785335
  outer loop
   vertex 13.335 3.56991 3.54983
   vertex 15.735 3.5682 3.54849
   vertex 15.735 3.56991 3.54983
  endloop
 endfacet
 facet normal -6.29617e-17 -0.619071 0.785335
  outer loop
   vertex 13.335 3.56991 3.54983
   vertex 13.335 3.5682 3.54849
   vertex 15.735 3.5682 3.54849
  endloop
 endfacet
 facet normal -1.96906e-16 -0.584171 0.81163
  outer loop
   vertex 13.335 3.57169 3.55111
   vertex 13.335 3.56991 3.54983
   vertex 15.735 3.56991 3.54983
  endloop
 endfacet
 facet normal 2.44906e-17 -0.584171 0.81163
  outer loop
   vertex 13.335 3.57169 3.55111
   vertex 15.735 3.56991 3.54983
   vertex 15.735 3.57169 3.55111
  endloop
 endfacet
 facet normal 4.89894e-17 -0.547634 0.836718
  outer loop
   vertex 13.335 3.57356 3.55234
   vertex 15.735 3.57169 3.55111
   vertex 15.735 3.57356 3.55234
  endloop
 endfacet
 facet normal -5.80493e-18 -0.547634 0.836718
  outer loop
   vertex 13.335 3.57356 3.55234
   vertex 13.335 3.57169 3.55111
   vertex 15.735 3.57169 3.55111
  endloop
 endfacet
 facet normal 9.98276e-17 -0.469865 0.882738
  outer loop
   vertex 13.335 3.5755 3.55349
   vertex 15.735 3.5755 3.55349
   vertex 15.735 3.57752 3.55456
  endloop
 endfacet
 facet normal 1.26584e-16 -0.50951 0.860465
  outer loop
   vertex 13.335 3.5755 3.55349
   vertex 15.735 3.57356 3.55234
   vertex 15.735 3.5755 3.55349
  endloop
 endfacet
 facet normal 3.0046e-17 -0.50951 0.860465
  outer loop
   vertex 13.335 3.5755 3.55349
   vertex 13.335 3.57356 3.55234
   vertex 15.735 3.57356 3.55234
  endloop
 endfacet
 facet normal 7.25548e-17 -0.428777 0.903411
  outer loop
   vertex 13.335 3.57752 3.55456
   vertex 15.735 3.57752 3.55456
   vertex 15.735 3.57961 3.55555
  endloop
 endfacet
 facet normal 9.98276e-17 -0.469865 0.882738
  outer loop
   vertex 13.335 3.57752 3.55456
   vertex 13.335 3.5755 3.55349
   vertex 15.735 3.57752 3.55456
  endloop
 endfacet
 facet normal -1.79865e-16 -0.428777 0.903411
  outer loop
   vertex 13.335 3.57961 3.55555
   vertex 13.335 3.57752 3.55456
   vertex 15.735 3.57961 3.55555
  endloop
 endfacet
 facet normal -1.29926e-16 -0.386337 0.922357
  outer loop
   vertex 13.335 3.58177 3.55646
   vertex 15.735 3.57961 3.55555
   vertex 15.735 3.58177 3.55646
  endloop
 endfacet
 facet normal -2.03155e-16 -0.386337 0.922357
  outer loop
   vertex 13.335 3.58177 3.55646
   vertex 13.335 3.57961 3.55555
   vertex 15.735 3.57961 3.55555
  endloop
 endfacet
 facet normal -1.61272e-16 -0.342652 0.939462
  outer loop
   vertex 13.335 3.58398 3.55726
   vertex 13.335 3.58177 3.55646
   vertex 15.735 3.58177 3.55646
  endloop
 endfacet
 facet normal -1.6124e-16 -0.342652 0.939462
  outer loop
   vertex 13.335 3.58398 3.55726
   vertex 15.735 3.58177 3.55646
   vertex 15.735 3.58398 3.55726
  endloop
 endfacet
 facet normal 1.69302e-16 -0.297839 0.954616
  outer loop
   vertex 13.335 3.58625 3.55797
   vertex 15.735 3.58398 3.55726
   vertex 15.735 3.58625 3.55797
  endloop
 endfacet
 facet normal -1.92439e-16 -0.297839 0.954616
  outer loop
   vertex 13.335 3.58625 3.55797
   vertex 13.335 3.58398 3.55726
   vertex 15.735 3.58398 3.55726
  endloop
 endfacet
 facet normal 1.16731e-16 -0.205356 0.978687
  outer loop
   vertex 13.335 3.58856 3.55857
   vertex 15.735 3.58856 3.55857
   vertex 15.735 3.59091 3.55907
  endloop
 endfacet
 facet normal 1.43261e-16 -0.252027 0.96772
  outer loop
   vertex 13.335 3.58856 3.55857
   vertex 15.735 3.58625 3.55797
   vertex 15.735 3.58856 3.55857
  endloop
 endfacet
 facet normal 1.43242e-16 -0.252027 0.96772
  outer loop
   vertex 13.335 3.58856 3.55857
   vertex 13.335 3.58625 3.55797
   vertex 15.735 3.58625 3.55797
  endloop
 endfacet
 facet normal 1.16731e-16 -0.205356 0.978687
  outer loop
   vertex 13.335 3.59091 3.55907
   vertex 13.335 3.58856 3.55857
   vertex 15.735 3.59091 3.55907
  endloop
 endfacet
 facet normal 6.25544e-17 -0.110047 0.993926
  outer loop
   vertex 13.335 3.5933 3.55945
   vertex 15.735 3.5933 3.55945
   vertex 15.735 3.5957 3.55972
  endloop
 endfacet
 facet normal 8.97995e-17 -0.157977 0.987443
  outer loop
   vertex 13.335 3.5933 3.55945
   vertex 15.735 3.59091 3.55907
   vertex 15.735 3.5933 3.55945
  endloop
 endfacet
 facet normal 8.98021e-17 -0.157977 0.987443
  outer loop
   vertex 13.335 3.5933 3.55945
   vertex 13.335 3.59091 3.55907
   vertex 15.735 3.59091 3.55907
  endloop
 endfacet
 facet normal -2.93249e-16 -0.110047 0.993926
  outer loop
   vertex 13.335 3.5957 3.55972
   vertex 13.335 3.5933 3.55945
   vertex 15.735 3.5957 3.55972
  endloop
 endfacet
 facet normal -3.31452e-16 -0.0617304 0.998093
  outer loop
   vertex 13.335 3.59813 3.55986
   vertex 13.335 3.5957 3.55972
   vertex 15.735 3.5957 3.55972
  endloop
 endfacet
 facet normal -1.42331e-16 -0.0617304 0.998093
  outer loop
   vertex 13.335 3.59813 3.55986
   vertex 15.735 3.5957 3.55972
   vertex 15.735 3.59813 3.55986
  endloop
 endfacet
 facet normal -1.7946e-16 -0.0131959 0.999913
  outer loop
   vertex 13.335 3.60056 3.5599
   vertex 13.335 3.59813 3.55986
   vertex 15.735 3.59813 3.55986
  endloop
 endfacet
 facet normal 1.91962e-16 -0.0131959 0.999913
  outer loop
   vertex 13.335 3.60056 3.5599
   vertex 15.735 3.59813 3.55986
   vertex 15.735 3.60056 3.5599
  endloop
 endfacet
 facet normal -4.76583e-17 0.0838414 0.996479
  outer loop
   vertex 13.335 3.60298 3.55981
   vertex 15.735 3.60298 3.55981
   vertex 15.735 3.6054 3.55961
  endloop
 endfacet
 facet normal -2.01142e-17 0.0353853 0.999374
  outer loop
   vertex 13.335 3.60298 3.55981
   vertex 15.735 3.60056 3.5599
   vertex 15.735 3.60298 3.55981
  endloop
 endfacet
 facet normal 1.82651e-16 0.0353853 0.999374
  outer loop
   vertex 13.335 3.60298 3.55981
   vertex 13.335 3.60056 3.5599
   vertex 15.735 3.60056 3.5599
  endloop
 endfacet
 facet normal -4.41166e-16 0.0838414 0.996479
  outer loop
   vertex 13.335 3.6054 3.55961
   vertex 13.335 3.60298 3.55981
   vertex 15.735 3.6054 3.55961
  endloop
 endfacet
 facet normal 1.37797e-16 0.132002 0.991249
  outer loop
   vertex 13.335 3.6078 3.55929
   vertex 15.735 3.6054 3.55961
   vertex 15.735 3.6078 3.55929
  endloop
 endfacet
 facet normal -4.75671e-16 0.132002 0.991249
  outer loop
   vertex 13.335 3.6078 3.55929
   vertex 13.335 3.6054 3.55961
   vertex 15.735 3.6054 3.55961
  endloop
 endfacet
 facet normal -3.40493e-17 0.1797 0.983721
  outer loop
   vertex 13.335 3.61017 3.55886
   vertex 15.735 3.6078 3.55929
   vertex 15.735 3.61017 3.55886
  endloop
 endfacet
 facet normal 1.18284e-16 0.1797 0.983721
  outer loop
   vertex 13.335 3.61017 3.55886
   vertex 13.335 3.6078 3.55929
   vertex 15.735 3.6078 3.55929
  endloop
 endfacet
 facet normal -1.55223e-16 0.273072 0.961994
  outer loop
   vertex 13.335 3.6125 3.55831
   vertex 15.735 3.6125 3.55831
   vertex 15.735 3.6148 3.55766
  endloop
 endfacet
 facet normal -1.28907e-16 0.226775 0.973947
  outer loop
   vertex 13.335 3.6125 3.55831
   vertex 15.735 3.61017 3.55886
   vertex 15.735 3.6125 3.55831
  endloop
 endfacet
 facet normal -4.29799e-17 0.226775 0.973947
  outer loop
   vertex 13.335 3.6125 3.55831
   vertex 13.335 3.61017 3.55886
   vertex 15.735 3.61017 3.55886
  endloop
 endfacet
 facet normal -1.03482e-16 0.273072 0.961994
  outer loop
   vertex 13.335 3.6148 3.55766
   vertex 13.335 3.6125 3.55831
   vertex 15.735 3.6148 3.55766
  endloop
 endfacet
 facet normal -1.20676e-16 0.318444 0.947942
  outer loop
   vertex 13.335 3.6148 3.55766
   vertex 15.735 3.6148 3.55766
   vertex 15.735 3.61704 3.55691
  endloop
 endfacet
 facet normal -3.00291e-16 0.318444 0.947942
  outer loop
   vertex 13.335 3.61704 3.55691
   vertex 13.335 3.6148 3.55766
   vertex 15.735 3.61704 3.55691
  endloop
 endfacet
 facet normal -7.69067e-17 0.405887 0.913923
  outer loop
   vertex 13.335 3.61923 3.55606
   vertex 15.735 3.61923 3.55606
   vertex 15.735 3.62135 3.55511
  endloop
 endfacet
 facet normal -6.87346e-17 0.362758 0.931884
  outer loop
   vertex 13.335 3.61923 3.55606
   vertex 15.735 3.61704 3.55691
   vertex 15.735 3.61923 3.55606
  endloop
 endfacet
 facet normal -3.14032e-16 0.362758 0.931884
  outer loop
   vertex 13.335 3.61923 3.55606
   vertex 13.335 3.61704 3.55691
   vertex 15.735 3.61704 3.55691
  endloop
 endfacet
 facet normal 5.19505e-16 0.405887 0.913923
  outer loop
   vertex 13.335 3.62135 3.55511
   vertex 13.335 3.61923 3.55606
   vertex 15.735 3.62135 3.55511
  endloop
 endfacet
 facet normal 8.45928e-17 0.447721 0.894173
  outer loop
   vertex 13.335 3.62341 3.55408
   vertex 15.735 3.62135 3.55511
   vertex 15.735 3.62341 3.55408
  endloop
 endfacet
 facet normal 5.08288e-16 0.447721 0.894173
  outer loop
   vertex 13.335 3.62341 3.55408
   vertex 13.335 3.62135 3.55511
   vertex 15.735 3.62135 3.55511
  endloop
 endfacet
 facet normal -3.60772e-16 0.52712 0.849791
  outer loop
   vertex 13.335 3.62539 3.55297
   vertex 15.735 3.62539 3.55297
   vertex 15.735 3.6273 3.55179
  endloop
 endfacet
 facet normal -3.50359e-16 0.488161 0.872754
  outer loop
   vertex 13.335 3.62539 3.55297
   vertex 15.735 3.62341 3.55408
   vertex 15.735 3.62539 3.55297
  endloop
 endfacet
 facet normal 7.28736e-17 0.488161 0.872754
  outer loop
   vertex 13.335 3.62539 3.55297
   vertex 13.335 3.62341 3.55408
   vertex 15.735 3.62341 3.55408
  endloop
 endfacet
 facet normal -9.98777e-17 0.52712 0.849791
  outer loop
   vertex 13.335 3.6273 3.55179
   vertex 13.335 3.62539 3.55297
   vertex 15.735 3.6273 3.55179
  endloop
 endfacet
 facet normal -1.06971e-16 0.564526 0.825415
  outer loop
   vertex 13.335 3.62913 3.55053
   vertex 13.335 3.6273 3.55179
   vertex 15.735 3.6273 3.55179
  endloop
 endfacet
 facet normal 3.77891e-17 0.600321 0.799759
  outer loop
   vertex 13.335 3.62913 3.55053
   vertex 15.735 3.62913 3.55053
   vertex 15.735 3.63088 3.54922
  endloop
 endfacet
 facet normal 4.94327e-17 0.564526 0.825415
  outer loop
   vertex 13.335 3.62913 3.55053
   vertex 15.735 3.6273 3.55179
   vertex 15.735 3.62913 3.55053
  endloop
 endfacet
 facet normal -3.79032e-16 0.600321 0.799759
  outer loop
   vertex 13.335 3.63088 3.54922
   vertex 13.335 3.62913 3.55053
   vertex 15.735 3.63088 3.54922
  endloop
 endfacet
 facet normal -3.86891e-16 0.634459 0.772956
  outer loop
   vertex 13.335 3.63088 3.54922
   vertex 15.735 3.63088 3.54922
   vertex 15.735 3.63255 3.54786
  endloop
 endfacet
 facet normal 2.62421e-17 0.634459 0.772956
  outer loop
   vertex 13.335 3.63255 3.54786
   vertex 13.335 3.63088 3.54922
   vertex 15.735 3.63255 3.54786
  endloop
 endfacet
 facet normal 1.48374e-17 0.666908 0.74514
  outer loop
   vertex 13.335 3.63413 3.54644
   vertex 13.335 3.63255 3.54786
   vertex 15.735 3.63255 3.54786
  endloop
 endfacet
 facet normal -1.32189e-16 0.697647 0.716442
  outer loop
   vertex 13.335 3.63413 3.54644
   vertex 15.735 3.63413 3.54644
   vertex 15.735 3.63562 3.54499
  endloop
 endfacet
 facet normal -1.26364e-16 0.666908 0.74514
  outer loop
   vertex 13.335 3.63413 3.54644
   vertex 15.735 3.63255 3.54786
   vertex 15.735 3.63413 3.54644
  endloop
 endfacet
 facet normal 3.5613e-18 0.697647 0.716442
  outer loop
   vertex 13.335 3.63562 3.54499
   vertex 13.335 3.63413 3.54644
   vertex 15.735 3.63562 3.54499
  endloop
 endfacet
 facet normal -7.51771e-18 0.726666 0.686991
  outer loop
   vertex 13.335 3.63562 3.54499
   vertex 15.735 3.63562 3.54499
   vertex 15.735 3.63703 3.5435
  endloop
 endfacet
 facet normal -0 0.726666 0.686991
  outer loop
   vertex 13.335 3.63703 3.5435
   vertex 13.335 3.63562 3.54499
   vertex 15.735 3.63703 3.5435
  endloop
 endfacet
 facet normal 0 0.753969 0.65691
  outer loop
   vertex 13.335 3.63835 3.54198
   vertex 13.335 3.63703 3.5435
   vertex 15.735 3.63703 3.5435
  endloop
 endfacet
 facet normal -0 0.779566 0.62632
  outer loop
   vertex 13.335 3.63835 3.54198
   vertex 15.735 3.63835 3.54198
   vertex 15.735 3.63959 3.54044
  endloop
 endfacet
 facet normal -0 0.753969 0.65691
  outer loop
   vertex 13.335 3.63835 3.54198
   vertex 15.735 3.63703 3.5435
   vertex 15.735 3.63835 3.54198
  endloop
 endfacet
 facet normal -2.66385e-16 0.779566 0.62632
  outer loop
   vertex 13.335 3.63959 3.54044
   vertex 13.335 3.63835 3.54198
   vertex 15.735 3.63959 3.54044
  endloop
 endfacet
 facet normal -2.65034e-16 0.803477 0.595336
  outer loop
   vertex 13.335 3.64074 3.53888
   vertex 13.335 3.63959 3.54044
   vertex 15.735 3.63959 3.54044
  endloop
 endfacet
 facet normal -3.94383e-17 0.803477 0.595336
  outer loop
   vertex 13.335 3.64074 3.53888
   vertex 15.735 3.63959 3.54044
   vertex 15.735 3.64074 3.53888
  endloop
 endfacet
 facet normal -4.95674e-17 0.825731 0.564063
  outer loop
   vertex 13.335 3.64182 3.53731
   vertex 13.335 3.64074 3.53888
   vertex 15.735 3.64074 3.53888
  endloop
 endfacet
 facet normal -0 0.846364 0.532606
  outer loop
   vertex 13.335 3.64182 3.53731
   vertex 15.735 3.64182 3.53731
   vertex 15.735 3.64281 3.53574
  endloop
 endfacet
 facet normal -0 0.825731 0.564063
  outer loop
   vertex 13.335 3.64182 3.53731
   vertex 15.735 3.64074 3.53888
   vertex 15.735 3.64182 3.53731
  endloop
 endfacet
 facet normal -4.21652e-16 0.846364 0.532606
  outer loop
   vertex 13.335 3.64281 3.53574
   vertex 13.335 3.64182 3.53731
   vertex 15.735 3.64281 3.53574
  endloop
 endfacet
 facet normal -4.22896e-16 0.865457 0.500983
  outer loop
   vertex 13.335 3.64281 3.53574
   vertex 15.735 3.64281 3.53574
   vertex 15.735 3.64372 3.53415
  endloop
 endfacet
 facet normal -3.53836e-16 0.865457 0.500983
  outer loop
   vertex 13.335 3.64372 3.53415
   vertex 13.335 3.64281 3.53574
   vertex 15.735 3.64372 3.53415
  endloop
 endfacet
 facet normal -3.4499e-16 0.883358 0.468699
  outer loop
   vertex 13.335 3.6446 3.53251
   vertex 13.335 3.64372 3.53415
   vertex 15.735 3.64372 3.53415
  endloop
 endfacet
 facet normal -8.88081e-17 0.883358 0.468699
  outer loop
   vertex 13.335 3.6446 3.53251
   vertex 15.735 3.64372 3.53415
   vertex 15.735 3.6446 3.53251
  endloop
 endfacet
 facet normal -8.24385e-17 0.900342 0.435183
  outer loop
   vertex 13.335 3.64542 3.5308
   vertex 13.335 3.6446 3.53251
   vertex 15.735 3.6446 3.53251
  endloop
 endfacet
 facet normal -1.51717e-16 0.91636 0.400355
  outer loop
   vertex 13.335 3.64542 3.5308
   vertex 15.735 3.64542 3.5308
   vertex 15.735 3.6462 3.52903
  endloop
 endfacet
 facet normal -1.64915e-16 0.900342 0.435183
  outer loop
   vertex 13.335 3.64542 3.5308
   vertex 15.735 3.6446 3.53251
   vertex 15.735 3.64542 3.5308
  endloop
 endfacet
 facet normal -7.58585e-17 0.91636 0.400355
  outer loop
   vertex 13.335 3.6462 3.52903
   vertex 13.335 3.64542 3.5308
   vertex 15.735 3.6462 3.52903
  endloop
 endfacet
 facet normal -6.90104e-17 0.931308 0.364233
  outer loop
   vertex 13.335 3.64692 3.52719
   vertex 13.335 3.6462 3.52903
   vertex 15.735 3.6462 3.52903
  endloop
 endfacet
 facet normal -2.41002e-16 0.945077 0.326848
  outer loop
   vertex 13.335 3.64692 3.52719
   vertex 15.735 3.64692 3.52719
   vertex 15.735 3.64757 3.52529
  endloop
 endfacet
 facet normal -2.45477e-16 0.931308 0.364233
  outer loop
   vertex 13.335 3.64692 3.52719
   vertex 15.735 3.6462 3.52903
   vertex 15.735 3.64692 3.52719
  endloop
 endfacet
 facet normal -1.79071e-16 0.945077 0.326848
  outer loop
   vertex 13.335 3.64757 3.52529
   vertex 13.335 3.64692 3.52719
   vertex 15.735 3.64757 3.52529
  endloop
 endfacet
 facet normal -1.81448e-16 0.957559 0.288237
  outer loop
   vertex 13.335 3.64816 3.52333
   vertex 13.335 3.64757 3.52529
   vertex 15.735 3.64757 3.52529
  endloop
 endfacet
 facet normal -2.90666e-16 0.957559 0.288237
  outer loop
   vertex 13.335 3.64816 3.52333
   vertex 15.735 3.64757 3.52529
   vertex 15.735 3.64816 3.52333
  endloop
 endfacet
 facet normal -2.77685e-16 0.968645 0.24845
  outer loop
   vertex 13.335 3.64868 3.52131
   vertex 13.335 3.64816 3.52333
   vertex 15.735 3.64816 3.52333
  endloop
 endfacet
 facet normal -3.93257e-17 0.978225 0.207547
  outer loop
   vertex 13.335 3.64868 3.52131
   vertex 15.735 3.64868 3.52131
   vertex 15.735 3.64912 3.51924
  endloop
 endfacet
 facet normal -4.70759e-17 0.968645 0.24845
  outer loop
   vertex 13.335 3.64868 3.52131
   vertex 15.735 3.64816 3.52333
   vertex 15.735 3.64868 3.52131
  endloop
 endfacet
 facet normal 1.85352e-16 0.978225 0.207547
  outer loop
   vertex 13.335 3.64912 3.51924
   vertex 13.335 3.64868 3.52131
   vertex 15.735 3.64912 3.51924
  endloop
 endfacet
 facet normal 1.86859e-16 0.986193 0.1656
  outer loop
   vertex 13.335 3.64948 3.51712
   vertex 13.335 3.64912 3.51924
   vertex 15.735 3.64912 3.51924
  endloop
 endfacet
 facet normal -0 0.986193 0.1656
  outer loop
   vertex 13.335 3.64948 3.51712
   vertex 15.735 3.64912 3.51924
   vertex 15.735 3.64948 3.51712
  endloop
 endfacet
 facet normal -2.03839e-16 0.996882 0.078913
  outer loop
   vertex 13.335 3.64974 3.51495
   vertex 15.735 3.64974 3.51495
   vertex 15.735 3.64992 3.51274
  endloop
 endfacet
 facet normal -2.11294e-16 0.992445 0.12269
  outer loop
   vertex 13.335 3.64974 3.51495
   vertex 15.735 3.64948 3.51712
   vertex 15.735 3.64974 3.51495
  endloop
 endfacet
 facet normal 0 0.992445 0.12269
  outer loop
   vertex 13.335 3.64974 3.51495
   vertex 13.335 3.64948 3.51712
   vertex 15.735 3.64948 3.51712
  endloop
 endfacet
 facet normal -6.51304e-18 0.999409 0.0343736
  outer loop
   vertex 13.335 3.64992 3.51274
   vertex 15.735 3.64992 3.51274
   vertex 15.735 3.65 3.5105
  endloop
 endfacet
 facet normal -1.49523e-17 0.996882 0.078913
  outer loop
   vertex 13.335 3.64992 3.51274
   vertex 13.335 3.64974 3.51495
   vertex 15.735 3.64992 3.51274
  endloop
 endfacet
 facet normal 1.82853e-16 0.999409 0.0343736
  outer loop
   vertex 13.335 3.65 3.5105
   vertex 13.335 3.64992 3.51274
   vertex 15.735 3.65 3.5105
  endloop
 endfacet
 facet normal 2.04855e-18 0.999942 -0.0108115
  outer loop
   vertex 13.335 3.64997 3.50822
   vertex 15.735 3.65 3.5105
   vertex 15.735 3.64997 3.50822
  endloop
 endfacet
 facet normal 1.91515e-16 0.999942 -0.0108115
  outer loop
   vertex 13.335 3.64997 3.50822
   vertex 13.335 3.65 3.5105
   vertex 15.735 3.65 3.5105
  endloop
 endfacet
 facet normal 3.7835e-16 0.998402 -0.0565152
  outer loop
   vertex 13.335 3.64984 3.50593
   vertex 15.735 3.64997 3.50822
   vertex 15.735 3.64984 3.50593
  endloop
 endfacet
 facet normal 1.07121e-17 0.998402 -0.0565152
  outer loop
   vertex 13.335 3.64984 3.50593
   vertex 13.335 3.64997 3.50822
   vertex 15.735 3.64997 3.50822
  endloop
 endfacet
 facet normal 0 0.994723 -0.102601
  outer loop
   vertex 13.335 3.6496 3.50362
   vertex 15.735 3.64984 3.50593
   vertex 15.735 3.6496 3.50362
  endloop
 endfacet
 facet normal 3.76955e-16 0.994723 -0.102601
  outer loop
   vertex 13.335 3.6496 3.50362
   vertex 13.335 3.64984 3.50593
   vertex 15.735 3.64984 3.50593
  endloop
 endfacet
 facet normal -1.48818e-16 0.980738 -0.195328
  outer loop
   vertex 13.335 3.64925 3.5013
   vertex 15.735 3.64925 3.5013
   vertex 15.735 3.64879 3.49898
  endloop
 endfacet
 facet normal -1.59148e-16 0.988849 -0.148923
  outer loop
   vertex 13.335 3.64925 3.5013
   vertex 15.735 3.6496 3.50362
   vertex 15.735 3.64925 3.5013
  endloop
 endfacet
 facet normal 0 0.988849 -0.148923
  outer loop
   vertex 13.335 3.64925 3.5013
   vertex 13.335 3.6496 3.50362
   vertex 15.735 3.6496 3.50362
  endloop
 endfacet
 facet normal 4.57889e-17 0.970361 -0.241658
  outer loop
   vertex 13.335 3.64879 3.49898
   vertex 15.735 3.64879 3.49898
   vertex 15.735 3.64822 3.49666
  endloop
 endfacet
 facet normal 3.70104e-17 0.980738 -0.195328
  outer loop
   vertex 13.335 3.64879 3.49898
   vertex 13.335 3.64925 3.5013
   vertex 15.735 3.64879 3.49898
  endloop
 endfacet
 facet normal 2.29651e-16 0.970361 -0.241658
  outer loop
   vertex 13.335 3.64822 3.49666
   vertex 13.335 3.64879 3.49898
   vertex 15.735 3.64822 3.49666
  endloop
 endfacet
 facet normal 2.35969e-16 0.957706 -0.287749
  outer loop
   vertex 13.335 3.64753 3.49437
   vertex 13.335 3.64822 3.49666
   vertex 15.735 3.64822 3.49666
  endloop
 endfacet
 facet normal 0 0.942773 -0.333435
  outer loop
   vertex 13.335 3.64753 3.49437
   vertex 15.735 3.64753 3.49437
   vertex 15.735 3.64672 3.4921
  endloop
 endfacet
 facet normal 0 0.957706 -0.287749
  outer loop
   vertex 13.335 3.64753 3.49437
   vertex 15.735 3.64822 3.49666
   vertex 15.735 3.64753 3.49437
  endloop
 endfacet
 facet normal 6.31785e-17 0.942773 -0.333435
  outer loop
   vertex 13.335 3.64672 3.4921
   vertex 13.335 3.64753 3.49437
   vertex 15.735 3.64672 3.4921
  endloop
 endfacet
 facet normal 7.16881e-17 0.925582 -0.378547
  outer loop
   vertex 13.335 3.64581 3.48986
   vertex 13.335 3.64672 3.4921
   vertex 15.735 3.64672 3.4921
  endloop
 endfacet
 facet normal 7.17264e-17 0.925582 -0.378547
  outer loop
   vertex 13.335 3.64581 3.48986
   vertex 15.735 3.64672 3.4921
   vertex 15.735 3.64581 3.48986
  endloop
 endfacet
 facet normal 8.01174e-17 0.906166 -0.422921
  outer loop
   vertex 13.335 3.64478 3.48766
   vertex 13.335 3.64581 3.48986
   vertex 15.735 3.64581 3.48986
  endloop
 endfacet
 facet normal 2.51833e-16 0.906166 -0.422921
  outer loop
   vertex 13.335 3.64478 3.48766
   vertex 15.735 3.64581 3.48986
   vertex 15.735 3.64478 3.48766
  endloop
 endfacet
 facet normal 2.55986e-16 0.884577 -0.466394
  outer loop
   vertex 13.335 3.64365 3.48551
   vertex 13.335 3.64478 3.48766
   vertex 15.735 3.64478 3.48766
  endloop
 endfacet
 facet normal -7.92366e-17 0.884577 -0.466394
  outer loop
   vertex 13.335 3.64365 3.48551
   vertex 15.735 3.64478 3.48766
   vertex 15.735 3.64365 3.48551
  endloop
 endfacet
 facet normal -6.67163e-17 0.860881 -0.508806
  outer loop
   vertex 13.335 3.64241 3.48342
   vertex 13.335 3.64365 3.48551
   vertex 15.735 3.64365 3.48551
  endloop
 endfacet
 facet normal 1.63118e-16 0.860881 -0.508806
  outer loop
   vertex 13.335 3.64241 3.48342
   vertex 15.735 3.64365 3.48551
   vertex 15.735 3.64241 3.48342
  endloop
 endfacet
 facet normal 1.58241e-16 0.835159 -0.550008
  outer loop
   vertex 13.335 3.64108 3.48139
   vertex 13.335 3.64241 3.48342
   vertex 15.735 3.64241 3.48342
  endloop
 endfacet
 facet normal -1.58244e-16 0.835159 -0.550008
  outer loop
   vertex 13.335 3.64108 3.48139
   vertex 15.735 3.64241 3.48342
   vertex 15.735 3.64108 3.48139
  endloop
 endfacet
 facet normal -1.52985e-16 0.807508 -0.589856
  outer loop
   vertex 13.335 3.63965 3.47944
   vertex 13.335 3.64108 3.48139
   vertex 15.735 3.64108 3.48139
  endloop
 endfacet
 facet normal 0 0.778037 -0.628218
  outer loop
   vertex 13.335 3.63965 3.47944
   vertex 15.735 3.63965 3.47944
   vertex 15.735 3.63813 3.47756
  endloop
 endfacet
 facet normal 0 0.807508 -0.589856
  outer loop
   vertex 13.335 3.63965 3.47944
   vertex 15.735 3.64108 3.48139
   vertex 15.735 3.63965 3.47944
  endloop
 endfacet
 facet normal 1.41515e-16 0.746866 -0.664975
  outer loop
   vertex 13.335 3.63813 3.47756
   vertex 15.735 3.63813 3.47756
   vertex 15.735 3.63653 3.47576
  endloop
 endfacet
 facet normal 1.47421e-16 0.778037 -0.628218
  outer loop
   vertex 13.335 3.63813 3.47756
   vertex 13.335 3.63965 3.47944
   vertex 15.735 3.63813 3.47756
  endloop
 endfacet
 facet normal 2.67949e-16 0.714125 -0.700018
  outer loop
   vertex 13.335 3.63653 3.47576
   vertex 15.735 3.63653 3.47576
   vertex 15.735 3.63486 3.47406
  endloop
 endfacet
 facet normal 2.67513e-16 0.746866 -0.664975
  outer loop
   vertex 13.335 3.63653 3.47576
   vertex 13.335 3.63813 3.47756
   vertex 15.735 3.63653 3.47576
  endloop
 endfacet
 facet normal 4.0326e-16 0.714125 -0.700018
  outer loop
   vertex 13.335 3.63486 3.47406
   vertex 13.335 3.63653 3.47576
   vertex 15.735 3.63486 3.47406
  endloop
 endfacet
 facet normal 3.96624e-16 0.679954 -0.733255
  outer loop
   vertex 13.335 3.63312 3.47244
   vertex 13.335 3.63486 3.47406
   vertex 15.735 3.63486 3.47406
  endloop
 endfacet
 facet normal 0 0.679954 -0.733255
  outer loop
   vertex 13.335 3.63312 3.47244
   vertex 15.735 3.63486 3.47406
   vertex 15.735 3.63312 3.47244
  endloop
 endfacet
 facet normal 0 0.644498 -0.764606
  outer loop
   vertex 13.335 3.63131 3.47092
   vertex 13.335 3.63312 3.47244
   vertex 15.735 3.63312 3.47244
  endloop
 endfacet
 facet normal 2.66994e-16 0.644498 -0.764606
  outer loop
   vertex 13.335 3.63131 3.47092
   vertex 15.735 3.63312 3.47244
   vertex 15.735 3.63131 3.47092
  endloop
 endfacet
 facet normal 2.65597e-16 0.607907 -0.794008
  outer loop
   vertex 13.335 3.62946 3.4695
   vertex 13.335 3.63131 3.47092
   vertex 15.735 3.63131 3.47092
  endloop
 endfacet
 facet normal 4.66919e-16 0.570334 -0.821413
  outer loop
   vertex 13.335 3.62946 3.4695
   vertex 15.735 3.62946 3.4695
   vertex 15.735 3.62756 3.46818
  endloop
 endfacet
 facet normal 4.51341e-16 0.607907 -0.794008
  outer loop
   vertex 13.335 3.62946 3.4695
   vertex 15.735 3.63131 3.47092
   vertex 15.735 3.62946 3.4695
  endloop
 endfacet
 facet normal -1.60447e-16 0.531934 -0.846786
  outer loop
   vertex 13.335 3.62756 3.46818
   vertex 15.735 3.62756 3.46818
   vertex 15.735 3.62562 3.46696
  endloop
 endfacet
 facet normal -1.5564e-16 0.570334 -0.821413
  outer loop
   vertex 13.335 3.62756 3.46818
   vertex 13.335 3.62946 3.4695
   vertex 15.735 3.62756 3.46818
  endloop
 endfacet
 facet normal 7.14808e-17 0.492858 -0.870109
  outer loop
   vertex 13.335 3.62562 3.46696
   vertex 15.735 3.62562 3.46696
   vertex 15.735 3.62365 3.46585
  endloop
 endfacet
 facet normal 5.96575e-17 0.531934 -0.846786
  outer loop
   vertex 13.335 3.62562 3.46696
   vertex 13.335 3.62756 3.46818
   vertex 15.735 3.62562 3.46696
  endloop
 endfacet
 facet normal 2.58253e-16 0.492858 -0.870109
  outer loop
   vertex 13.335 3.62365 3.46585
   vertex 13.335 3.62562 3.46696
   vertex 15.735 3.62365 3.46585
  endloop
 endfacet
 facet normal 2.54794e-16 0.453259 -0.891379
  outer loop
   vertex 13.335 3.62166 3.46484
   vertex 13.335 3.62365 3.46585
   vertex 15.735 3.62365 3.46585
  endloop
 endfacet
 facet normal 0 0.453259 -0.891379
  outer loop
   vertex 13.335 3.62166 3.46484
   vertex 15.735 3.62365 3.46585
   vertex 15.735 3.62166 3.46484
  endloop
 endfacet
 facet normal 0 0.413282 -0.910603
  outer loop
   vertex 13.335 3.61966 3.46393
   vertex 13.335 3.62166 3.46484
   vertex 15.735 3.62166 3.46484
  endloop
 endfacet
 facet normal 3.45079e-16 0.413282 -0.910603
  outer loop
   vertex 13.335 3.61966 3.46393
   vertex 15.735 3.62166 3.46484
   vertex 15.735 3.61966 3.46393
  endloop
 endfacet
 facet normal 3.51594e-16 0.37307 -0.927803
  outer loop
   vertex 13.335 3.61764 3.46312
   vertex 13.335 3.61966 3.46393
   vertex 15.735 3.61966 3.46393
  endloop
 endfacet
 facet normal 1.1563e-16 0.332757 -0.943013
  outer loop
   vertex 13.335 3.61764 3.46312
   vertex 15.735 3.61764 3.46312
   vertex 15.735 3.61563 3.4624
  endloop
 endfacet
 facet normal 1.0511e-16 0.37307 -0.927803
  outer loop
   vertex 13.335 3.61764 3.46312
   vertex 15.735 3.61966 3.46393
   vertex 15.735 3.61764 3.46312
  endloop
 endfacet
 facet normal 3.5736e-16 0.332757 -0.943013
  outer loop
   vertex 13.335 3.61563 3.4624
   vertex 13.335 3.61764 3.46312
   vertex 15.735 3.61563 3.4624
  endloop
 endfacet
 facet normal 3.62386e-16 0.292472 -0.956274
  outer loop
   vertex 13.335 3.61563 3.4624
   vertex 15.735 3.61563 3.4624
   vertex 15.735 3.61361 3.46179
  endloop
 endfacet
 facet normal 2.3661e-16 0.292472 -0.956274
  outer loop
   vertex 13.335 3.61361 3.46179
   vertex 13.335 3.61563 3.4624
   vertex 15.735 3.61361 3.46179
  endloop
 endfacet
 facet normal 2.31159e-16 0.252335 -0.96764
  outer loop
   vertex 13.335 3.61361 3.46179
   vertex 15.735 3.61361 3.46179
   vertex 15.735 3.61161 3.46127
  endloop
 endfacet
 facet normal 0 0.252335 -0.96764
  outer loop
   vertex 13.335 3.61161 3.46127
   vertex 13.335 3.61361 3.46179
   vertex 15.735 3.61161 3.46127
  endloop
 endfacet
 facet normal 0 0.210273 -0.977643
  outer loop
   vertex 13.335 3.60941 3.46079
   vertex 13.335 3.61161 3.46127
   vertex 15.735 3.61161 3.46127
  endloop
 endfacet
 facet normal 2.25084e-16 0.210273 -0.977643
  outer loop
   vertex 13.335 3.60941 3.46079
   vertex 15.735 3.61161 3.46127
   vertex 15.735 3.60941 3.46079
  endloop
 endfacet
 facet normal 2.17992e-16 0.164027 -0.986456
  outer loop
   vertex 13.335 3.60699 3.46039
   vertex 13.335 3.60941 3.46079
   vertex 15.735 3.60941 3.46079
  endloop
 endfacet
 facet normal 3.73824e-16 0.164027 -0.986456
  outer loop
   vertex 13.335 3.60699 3.46039
   vertex 15.735 3.60941 3.46079
   vertex 15.735 3.60699 3.46039
  endloop
 endfacet
 facet normal 3.76397e-16 0.116028 -0.993246
  outer loop
   vertex 13.335 3.60461 3.46011
   vertex 15.735 3.60699 3.46039
   vertex 15.735 3.60461 3.46011
  endloop
 endfacet
 facet normal 3.76393e-16 0.116028 -0.993246
  outer loop
   vertex 13.335 3.60461 3.46011
   vertex 13.335 3.60699 3.46039
   vertex 15.735 3.60699 3.46039
  endloop
 endfacet
 facet normal 3.78059e-16 0.068905 -0.997623
  outer loop
   vertex 13.335 3.60228 3.45995
   vertex 13.335 3.60461 3.46011
   vertex 15.735 3.60461 3.46011
  endloop
 endfacet
 facet normal 3.64999e-16 0.068905 -0.997623
  outer loop
   vertex 13.335 3.60228 3.45995
   vertex 15.735 3.60461 3.46011
   vertex 15.735 3.60228 3.45995
  endloop
 endfacet
 facet normal 1.89429e-16 0.0227902 -0.99974
  outer loop
   vertex 13.335 3.6 3.4599
   vertex 15.735 3.60228 3.45995
   vertex 15.735 3.6 3.4599
  endloop
 endfacet
 facet normal 3.74539e-16 0.0227902 -0.99974
  outer loop
   vertex 13.335 3.6 3.4599
   vertex 13.335 3.60228 3.45995
   vertex 15.735 3.60228 3.45995
  endloop
 endfacet
 facet normal -1 0 0
  outer loop
   vertex 13.335 3.5636 3.54418
   vertex 13.335 3.56097 3.54115
   vertex 13.335 3.56224 3.54268
  endloop
 endfacet
 facet normal -1 0 -0
  outer loop
   vertex 13.335 3.5682 3.54849
   vertex 13.335 3.56991 3.54983
   vertex 13.335 3.56658 3.54709
  endloop
 endfacet
 facet normal -1 0 -0
  outer loop
   vertex 13.335 3.56658 3.54709
   vertex 13.335 3.56991 3.54983
   vertex 13.335 3.56505 3.54566
  endloop
 endfacet
 facet normal -1 0 -0
  outer loop
   vertex 13.335 3.56991 3.54983
   vertex 13.335 3.57169 3.55111
   vertex 13.335 3.56505 3.54566
  endloop
 endfacet
 facet normal -1 0 0
  outer loop
   vertex 13.335 3.5636 3.54418
   vertex 13.335 3.55866 3.53803
   vertex 13.335 3.56097 3.54115
  endloop
 endfacet
 facet normal -1 0 0
  outer loop
   vertex 13.335 3.56097 3.54115
   vertex 13.335 3.55866 3.53803
   vertex 13.335 3.55977 3.5396
  endloop
 endfacet
 facet normal -1 0 0
  outer loop
   vertex 13.335 3.5636 3.54418
   vertex 13.335 3.55495 3.53159
   vertex 13.335 3.55866 3.53803
  endloop
 endfacet
 facet normal -1 0 0
  outer loop
   vertex 13.335 3.56505 3.54566
   vertex 13.335 3.55495 3.53159
   vertex 13.335 3.5636 3.54418
  endloop
 endfacet
 facet normal -1 0 0
  outer loop
   vertex 13.335 3.55866 3.53803
   vertex 13.335 3.55495 3.53159
   vertex 13.335 3.55764 3.53646
  endloop
 endfacet
 facet normal -1 0 0
  outer loop
   vertex 13.335 3.55764 3.53646
   vertex 13.335 3.55495 3.53159
   vertex 13.335 3.55669 3.53488
  endloop
 endfacet
 facet normal -1 0 0
  outer loop
   vertex 13.335 3.55669 3.53488
   vertex 13.335 3.55495 3.53159
   vertex 13.335 3.5558 3.53327
  endloop
 endfacet
 facet normal -1 -1.48316e-11 3.12493e-11
  outer loop
   vertex 13.335 3.57752 3.55456
   vertex 13.335 3.57961 3.55555
   vertex 13.335 3.5755 3.55349
  endloop
 endfacet
 facet normal -1 1.64312e-11 -3.09084e-11
  outer loop
   vertex 13.335 3.5755 3.55349
   vertex 13.335 3.57961 3.55555
   vertex 13.335 3.57356 3.55234
  endloop
 endfacet
 facet normal -1 0 -0
  outer loop
   vertex 13.335 3.57356 3.55234
   vertex 13.335 3.57961 3.55555
   vertex 13.335 3.57169 3.55111
  endloop
 endfacet
 facet normal -1 -6.68054e-12 1.19172e-11
  outer loop
   vertex 13.335 3.57961 3.55555
   vertex 13.335 3.58177 3.55646
   vertex 13.335 3.57169 3.55111
  endloop
 endfacet
 facet normal -1 0 0
  outer loop
   vertex 13.335 3.55495 3.53159
   vertex 13.335 3.55341 3.52804
   vertex 13.335 3.55415 3.52985
  endloop
 endfacet
 facet normal -1 -4.18098e-11 1.53216e-11
  outer loop
   vertex 13.335 3.55341 3.52804
   vertex 13.335 3.5521 3.52423
   vertex 13.335 3.55272 3.52616
  endloop
 endfacet
 facet normal -1 0 -0
  outer loop
   vertex 13.335 3.58625 3.55797
   vertex 13.335 3.58856 3.55857
   vertex 13.335 3.58398 3.55726
  endloop
 endfacet
 facet normal -1 0 0
  outer loop
   vertex 13.335 3.55155 3.52224
   vertex 13.335 3.55068 3.51809
   vertex 13.335 3.55107 3.52019
  endloop
 endfacet
 facet normal -1 0 -0
  outer loop
   vertex 13.335 3.59091 3.55907
   vertex 13.335 3.5933 3.55945
   vertex 13.335 3.58856 3.55857
  endloop
 endfacet
 facet normal -1 0 -0
  outer loop
   vertex 13.335 3.58856 3.55857
   vertex 13.335 3.5933 3.55945
   vertex 13.335 3.58398 3.55726
  endloop
 endfacet
 facet normal -1 -2.69038e-11 5.62057e-12
  outer loop
   vertex 13.335 3.5521 3.52423
   vertex 13.335 3.55037 3.51594
   vertex 13.335 3.55155 3.52224
  endloop
 endfacet
 facet normal -1 -2.56219e-11 5.38031e-12
  outer loop
   vertex 13.335 3.55155 3.52224
   vertex 13.335 3.55037 3.51594
   vertex 13.335 3.55068 3.51809
  endloop
 endfacet
 facet normal -1 -1.64159e-12 7.13387e-13
  outer loop
   vertex 13.335 3.55495 3.53159
   vertex 13.335 3.55037 3.51594
   vertex 13.335 3.55341 3.52804
  endloop
 endfacet
 facet normal -1 7.09899e-12 -1.48308e-12
  outer loop
   vertex 13.335 3.55341 3.52804
   vertex 13.335 3.55037 3.51594
   vertex 13.335 3.5521 3.52423
  endloop
 endfacet
 facet normal -1 3.65902e-11 -3.64084e-12
  outer loop
   vertex 13.335 3.55037 3.51594
   vertex 13.335 3.55003 3.51153
   vertex 13.335 3.55015 3.51375
  endloop
 endfacet
 facet normal -1 0 -0
  outer loop
   vertex 13.335 3.60056 3.5599
   vertex 13.335 3.60298 3.55981
   vertex 13.335 3.59813 3.55986
  endloop
 endfacet
 facet normal -1 2.28411e-13 2.05861e-11
  outer loop
   vertex 13.335 3.59813 3.55986
   vertex 13.335 3.60298 3.55981
   vertex 13.335 3.5957 3.55972
  endloop
 endfacet
 facet normal -1 7.71513e-13 -2.06159e-11
  outer loop
   vertex 13.335 3.5957 3.55972
   vertex 13.335 3.60298 3.55981
   vertex 13.335 3.5933 3.55945
  endloop
 endfacet
 facet normal -1 0 0
  outer loop
   vertex 13.335 3.55 3.50926
   vertex 13.335 3.55027 3.50467
   vertex 13.335 3.55009 3.50698
  endloop
 endfacet
 facet normal -1 0 0
  outer loop
   vertex 13.335 3.55 3.50926
   vertex 13.335 3.55057 3.50236
   vertex 13.335 3.55027 3.50467
  endloop
 endfacet
 facet normal -1 -0 -0
  outer loop
   vertex 13.335 3.6054 3.55961
   vertex 13.335 3.6078 3.55929
   vertex 13.335 3.60298 3.55981
  endloop
 endfacet
 facet normal -1 -5.1373e-12 -4.27567e-13
  outer loop
   vertex 13.335 3.55037 3.51594
   vertex 13.335 3.55098 3.50004
   vertex 13.335 3.55003 3.51153
  endloop
 endfacet
 facet normal -1 0 -0
  outer loop
   vertex 13.335 3.55003 3.51153
   vertex 13.335 3.55098 3.50004
   vertex 13.335 3.55 3.50926
  endloop
 endfacet
 facet normal -1 0 0
  outer loop
   vertex 13.335 3.55 3.50926
   vertex 13.335 3.55098 3.50004
   vertex 13.335 3.55057 3.50236
  endloop
 endfacet
 facet normal -1 0 -0
  outer loop
   vertex 13.335 3.60298 3.55981
   vertex 13.335 3.6125 3.55831
   vertex 13.335 3.5933 3.55945
  endloop
 endfacet
 facet normal -1 -0 -0
  outer loop
   vertex 13.335 3.6078 3.55929
   vertex 13.335 3.6125 3.55831
   vertex 13.335 3.60298 3.55981
  endloop
 endfacet
 facet normal -1 -0 -0
  outer loop
   vertex 13.335 3.61017 3.55886
   vertex 13.335 3.6125 3.55831
   vertex 13.335 3.6078 3.55929
  endloop
 endfacet
 facet normal -1 0 0
  outer loop
   vertex 13.335 3.55098 3.50004
   vertex 13.335 3.55214 3.49542
   vertex 13.335 3.55151 3.49772
  endloop
 endfacet
 facet normal -1 -0 -0
  outer loop
   vertex 13.335 3.6148 3.55766
   vertex 13.335 3.61704 3.55691
   vertex 13.335 3.6125 3.55831
  endloop
 endfacet
 facet normal -1 -0 -0
  outer loop
   vertex 13.335 3.61704 3.55691
   vertex 13.335 3.61923 3.55606
   vertex 13.335 3.6125 3.55831
  endloop
 endfacet
 facet normal -1 -0 -0
  outer loop
   vertex 13.335 3.6125 3.55831
   vertex 13.335 3.62341 3.55408
   vertex 13.335 3.5933 3.55945
  endloop
 endfacet
 facet normal -1 -0 -0
  outer loop
   vertex 13.335 3.61923 3.55606
   vertex 13.335 3.62341 3.55408
   vertex 13.335 3.6125 3.55831
  endloop
 endfacet
 facet normal -1 -0 -0
  outer loop
   vertex 13.335 3.62135 3.55511
   vertex 13.335 3.62341 3.55408
   vertex 13.335 3.61923 3.55606
  endloop
 endfacet
 facet normal -1 0 0
  outer loop
   vertex 13.335 3.55376 3.49088
   vertex 13.335 3.55582 3.48649
   vertex 13.335 3.55474 3.48866
  endloop
 endfacet
 facet normal -1 -2.95777e-12 -9.73462e-13
  outer loop
   vertex 13.335 3.55214 3.49542
   vertex 13.335 3.55701 3.48437
   vertex 13.335 3.5529 3.49313
  endloop
 endfacet
 facet normal -1 -4.82453e-12 -1.84989e-12
  outer loop
   vertex 13.335 3.5529 3.49313
   vertex 13.335 3.55701 3.48437
   vertex 13.335 3.55376 3.49088
  endloop
 endfacet
 facet normal -1 -1.86361e-11 -8.74613e-12
  outer loop
   vertex 13.335 3.55376 3.49088
   vertex 13.335 3.55701 3.48437
   vertex 13.335 3.55582 3.48649
  endloop
 endfacet
 facet normal -1 -6.11208e-13 -2.52336e-13
  outer loop
   vertex 13.335 3.55037 3.51594
   vertex 13.335 3.5583 3.48231
   vertex 13.335 3.55098 3.50004
  endloop
 endfacet
 facet normal -1 0 0
  outer loop
   vertex 13.335 3.55098 3.50004
   vertex 13.335 3.5583 3.48231
   vertex 13.335 3.55214 3.49542
  endloop
 endfacet
 facet normal -1 1.12321e-11 5.27678e-12
  outer loop
   vertex 13.335 3.55214 3.49542
   vertex 13.335 3.5583 3.48231
   vertex 13.335 3.55701 3.48437
  endloop
 endfacet
 facet normal -1 0 0
  outer loop
   vertex 13.335 3.57169 3.55111
   vertex 13.335 3.5583 3.48231
   vertex 13.335 3.56505 3.54566
  endloop
 endfacet
 facet normal -1 0 0
  outer loop
   vertex 13.335 3.56505 3.54566
   vertex 13.335 3.5583 3.48231
   vertex 13.335 3.55495 3.53159
  endloop
 endfacet
 facet normal -1 -4.02698e-13 7.83806e-14
  outer loop
   vertex 13.335 3.58177 3.55646
   vertex 13.335 3.5583 3.48231
   vertex 13.335 3.57169 3.55111
  endloop
 endfacet
 facet normal -1 6.44303e-13 4.38086e-14
  outer loop
   vertex 13.335 3.55495 3.53159
   vertex 13.335 3.5583 3.48231
   vertex 13.335 3.55037 3.51594
  endloop
 endfacet
 facet normal -1 -3.98476e-11 -6.11687e-11
  outer loop
   vertex 13.335 3.6273 3.55179
   vertex 13.335 3.62913 3.55053
   vertex 13.335 3.62539 3.55297
  endloop
 endfacet
 facet normal -1 -0 -0
  outer loop
   vertex 13.335 3.62539 3.55297
   vertex 13.335 3.62913 3.55053
   vertex 13.335 3.62341 3.55408
  endloop
 endfacet
 facet normal -1 -0 -0
  outer loop
   vertex 13.335 3.63088 3.54922
   vertex 13.335 3.63255 3.54786
   vertex 13.335 3.62913 3.55053
  endloop
 endfacet
 facet normal -1 -0 -0
  outer loop
   vertex 13.335 3.62913 3.55053
   vertex 13.335 3.63255 3.54786
   vertex 13.335 3.62341 3.55408
  endloop
 endfacet
 facet normal -1 0 0
  outer loop
   vertex 13.335 3.55969 3.48032
   vertex 13.335 3.56273 3.47657
   vertex 13.335 3.56116 3.47841
  endloop
 endfacet
 facet normal -1 0 0
  outer loop
   vertex 13.335 3.5583 3.48231
   vertex 13.335 3.56608 3.47317
   vertex 13.335 3.55969 3.48032
  endloop
 endfacet
 facet normal -1 0 0
  outer loop
   vertex 13.335 3.56273 3.47657
   vertex 13.335 3.56608 3.47317
   vertex 13.335 3.56437 3.47482
  endloop
 endfacet
 facet normal -1 0 0
  outer loop
   vertex 13.335 3.55969 3.48032
   vertex 13.335 3.56608 3.47317
   vertex 13.335 3.56273 3.47657
  endloop
 endfacet
 facet normal -1 -4.20422e-14 -3.57604e-14
  outer loop
   vertex 13.335 3.58177 3.55646
   vertex 13.335 3.56608 3.47317
   vertex 13.335 3.5583 3.48231
  endloop
 endfacet
 facet normal -1 1.78189e-12 -3.79267e-13
  outer loop
   vertex 13.335 3.58398 3.55726
   vertex 13.335 3.56608 3.47317
   vertex 13.335 3.58177 3.55646
  endloop
 endfacet
 facet normal -1 -0 -0
  outer loop
   vertex 13.335 3.63562 3.54499
   vertex 13.335 3.63703 3.5435
   vertex 13.335 3.63413 3.54644
  endloop
 endfacet
 facet normal -1 -0 -0
  outer loop
   vertex 13.335 3.63413 3.54644
   vertex 13.335 3.63835 3.54198
   vertex 13.335 3.63255 3.54786
  endloop
 endfacet
 facet normal -1 -0 -0
  outer loop
   vertex 13.335 3.63703 3.5435
   vertex 13.335 3.63835 3.54198
   vertex 13.335 3.63413 3.54644
  endloop
 endfacet
 facet normal -1 -7.52031e-11 -5.80578e-11
  outer loop
   vertex 13.335 3.63959 3.54044
   vertex 13.335 3.64074 3.53888
   vertex 13.335 3.63835 3.54198
  endloop
 endfacet
 facet normal -1 0 0
  outer loop
   vertex 13.335 3.56608 3.47317
   vertex 13.335 3.57157 3.46877
   vertex 13.335 3.56785 3.4716
  endloop
 endfacet
 facet normal -1 0 0
  outer loop
   vertex 13.335 3.56785 3.4716
   vertex 13.335 3.57157 3.46877
   vertex 13.335 3.56969 3.47014
  endloop
 endfacet
 facet normal -1 0 0
  outer loop
   vertex 13.335 3.57157 3.46877
   vertex 13.335 3.57545 3.46634
   vertex 13.335 3.57349 3.46751
  endloop
 endfacet
 facet normal -1 0 0
  outer loop
   vertex 13.335 3.58398 3.55726
   vertex 13.335 3.57545 3.46634
   vertex 13.335 3.56608 3.47317
  endloop
 endfacet
 facet normal -1 0 0
  outer loop
   vertex 13.335 3.56608 3.47317
   vertex 13.335 3.57545 3.46634
   vertex 13.335 3.57157 3.46877
  endloop
 endfacet
 facet normal -1 -0 -0
  outer loop
   vertex 13.335 3.64281 3.53574
   vertex 13.335 3.64372 3.53415
   vertex 13.335 3.64182 3.53731
  endloop
 endfacet
 facet normal -1 -0 -0
  outer loop
   vertex 13.335 3.64182 3.53731
   vertex 13.335 3.64372 3.53415
   vertex 13.335 3.64074 3.53888
  endloop
 endfacet
 facet normal -1 -0 -0
  outer loop
   vertex 13.335 3.6446 3.53251
   vertex 13.335 3.64542 3.5308
   vertex 13.335 3.64372 3.53415
  endloop
 endfacet
 facet normal -1 -0 -0
  outer loop
   vertex 13.335 3.63255 3.54786
   vertex 13.335 3.64542 3.5308
   vertex 13.335 3.62341 3.55408
  endloop
 endfacet
 facet normal -1 -0 -0
  outer loop
   vertex 13.335 3.64372 3.53415
   vertex 13.335 3.64542 3.5308
   vertex 13.335 3.64074 3.53888
  endloop
 endfacet
 facet normal -1 -0 -0
  outer loop
   vertex 13.335 3.63835 3.54198
   vertex 13.335 3.64542 3.5308
   vertex 13.335 3.63255 3.54786
  endloop
 endfacet
 facet normal -1 -0 -0
  outer loop
   vertex 13.335 3.64074 3.53888
   vertex 13.335 3.64542 3.5308
   vertex 13.335 3.63835 3.54198
  endloop
 endfacet
 facet normal -1 0 0
  outer loop
   vertex 13.335 3.58398 3.55726
   vertex 13.335 3.58144 3.46347
   vertex 13.335 3.57545 3.46634
  endloop
 endfacet
 facet normal -1 0 0
  outer loop
   vertex 13.335 3.57545 3.46634
   vertex 13.335 3.58144 3.46347
   vertex 13.335 3.57743 3.46529
  endloop
 endfacet
 facet normal -1 0 0
  outer loop
   vertex 13.335 3.57743 3.46529
   vertex 13.335 3.58144 3.46347
   vertex 13.335 3.57943 3.46433
  endloop
 endfacet
 facet normal -1 -0 -0
  outer loop
   vertex 13.335 3.6462 3.52903
   vertex 13.335 3.64692 3.52719
   vertex 13.335 3.64542 3.5308
  endloop
 endfacet
 facet normal -1 -0 -0
  outer loop
   vertex 13.335 3.64692 3.52719
   vertex 13.335 3.64816 3.52333
   vertex 13.335 3.64542 3.5308
  endloop
 endfacet
 facet normal -1 -0 -0
  outer loop
   vertex 13.335 3.64757 3.52529
   vertex 13.335 3.64816 3.52333
   vertex 13.335 3.64692 3.52719
  endloop
 endfacet
 facet normal -1 0 -0
  outer loop
   vertex 13.335 3.58398 3.55726
   vertex 13.335 3.58747 3.46149
   vertex 13.335 3.58144 3.46347
  endloop
 endfacet
 facet normal -1 0 0
  outer loop
   vertex 13.335 3.58144 3.46347
   vertex 13.335 3.58747 3.46149
   vertex 13.335 3.58345 3.46272
  endloop
 endfacet
 facet normal -1 0 0
  outer loop
   vertex 13.335 3.58345 3.46272
   vertex 13.335 3.58747 3.46149
   vertex 13.335 3.58547 3.46206
  endloop
 endfacet
 facet normal -1 -0 -0
  outer loop
   vertex 13.335 3.64816 3.52333
   vertex 13.335 3.64912 3.51924
   vertex 13.335 3.64542 3.5308
  endloop
 endfacet
 facet normal -1 -0 -0
  outer loop
   vertex 13.335 3.64868 3.52131
   vertex 13.335 3.64912 3.51924
   vertex 13.335 3.64816 3.52333
  endloop
 endfacet
 facet normal -1 0 0
  outer loop
   vertex 13.335 3.58747 3.46149
   vertex 13.335 3.59144 3.46064
   vertex 13.335 3.58947 3.46102
  endloop
 endfacet
 facet normal -1 -0 -0
  outer loop
   vertex 13.335 3.64992 3.51274
   vertex 13.335 3.65 3.5105
   vertex 13.335 3.64974 3.51495
  endloop
 endfacet
 facet normal -1 -0 -0
  outer loop
   vertex 13.335 3.64974 3.51495
   vertex 13.335 3.65 3.5105
   vertex 13.335 3.64948 3.51712
  endloop
 endfacet
 facet normal -1 -0 -0
  outer loop
   vertex 13.335 3.64948 3.51712
   vertex 13.335 3.65 3.5105
   vertex 13.335 3.64912 3.51924
  endloop
 endfacet
 facet normal -1 0 0
  outer loop
   vertex 13.335 3.59721 3.45998
   vertex 13.335 3.6 3.4599
   vertex 13.335 3.59862 3.45992
  endloop
 endfacet
 facet normal -1 0 -0
  outer loop
   vertex 13.335 3.5933 3.55945
   vertex 13.335 3.60228 3.45995
   vertex 13.335 3.58398 3.55726
  endloop
 endfacet
 facet normal -1 0 0
  outer loop
   vertex 13.335 3.58398 3.55726
   vertex 13.335 3.60228 3.45995
   vertex 13.335 3.58747 3.46149
  endloop
 endfacet
 facet normal -1 0 0
  outer loop
   vertex 13.335 3.59144 3.46064
   vertex 13.335 3.60228 3.45995
   vertex 13.335 3.59339 3.46034
  endloop
 endfacet
 facet normal -1 0 0
  outer loop
   vertex 13.335 3.59339 3.46034
   vertex 13.335 3.60228 3.45995
   vertex 13.335 3.59532 3.46012
  endloop
 endfacet
 facet normal -1 0 0
  outer loop
   vertex 13.335 3.59532 3.46012
   vertex 13.335 3.60228 3.45995
   vertex 13.335 3.59721 3.45998
  endloop
 endfacet
 facet normal -1 0 0
  outer loop
   vertex 13.335 3.58747 3.46149
   vertex 13.335 3.60228 3.45995
   vertex 13.335 3.59144 3.46064
  endloop
 endfacet
 facet normal -1 0 0
  outer loop
   vertex 13.335 3.59721 3.45998
   vertex 13.335 3.60228 3.45995
   vertex 13.335 3.6 3.4599
  endloop
 endfacet
 facet normal -1 -0 0
  outer loop
   vertex 13.335 3.62341 3.55408
   vertex 13.335 3.60461 3.46011
   vertex 13.335 3.5933 3.55945
  endloop
 endfacet
 facet normal -1 0 0
  outer loop
   vertex 13.335 3.5933 3.55945
   vertex 13.335 3.60461 3.46011
   vertex 13.335 3.60228 3.45995
  endloop
 endfacet
 facet normal -1 -0 0
  outer loop
   vertex 13.335 3.64984 3.50593
   vertex 13.335 3.6496 3.50362
   vertex 13.335 3.64997 3.50822
  endloop
 endfacet
 facet normal -1 -0 0
  outer loop
   vertex 13.335 3.64997 3.50822
   vertex 13.335 3.6496 3.50362
   vertex 13.335 3.65 3.5105
  endloop
 endfacet
 facet normal -1 -0 0
  outer loop
   vertex 13.335 3.65 3.5105
   vertex 13.335 3.6496 3.50362
   vertex 13.335 3.64912 3.51924
  endloop
 endfacet
 facet normal -1 0 0
  outer loop
   vertex 13.335 3.60461 3.46011
   vertex 13.335 3.60941 3.46079
   vertex 13.335 3.60699 3.46039
  endloop
 endfacet
 facet normal -1 0 0
  outer loop
   vertex 13.335 3.60461 3.46011
   vertex 13.335 3.61161 3.46127
   vertex 13.335 3.60941 3.46079
  endloop
 endfacet
 facet normal -1 0 0
  outer loop
   vertex 13.335 3.62341 3.55408
   vertex 13.335 3.61161 3.46127
   vertex 13.335 3.60461 3.46011
  endloop
 endfacet
 facet normal -1 3.1551e-11 -6.28385e-12
  outer loop
   vertex 13.335 3.64879 3.49898
   vertex 13.335 3.64822 3.49666
   vertex 13.335 3.64925 3.5013
  endloop
 endfacet
 facet normal -1 1.06928e-11 -1.61036e-12
  outer loop
   vertex 13.335 3.64925 3.5013
   vertex 13.335 3.64822 3.49666
   vertex 13.335 3.6496 3.50362
  endloop
 endfacet
 facet normal -1 1.04644e-11 -4.01283e-11
  outer loop
   vertex 13.335 3.61161 3.46127
   vertex 13.335 3.61563 3.4624
   vertex 13.335 3.61361 3.46179
  endloop
 endfacet
 facet normal -1 0 0
  outer loop
   vertex 13.335 3.62341 3.55408
   vertex 13.335 3.61764 3.46312
   vertex 13.335 3.61161 3.46127
  endloop
 endfacet
 facet normal -1 -1.19613e-11 3.90119e-11
  outer loop
   vertex 13.335 3.61161 3.46127
   vertex 13.335 3.61764 3.46312
   vertex 13.335 3.61563 3.4624
  endloop
 endfacet
 facet normal -1 2.97765e-11 -1.05312e-11
  outer loop
   vertex 13.335 3.64753 3.49437
   vertex 13.335 3.64672 3.4921
   vertex 13.335 3.64822 3.49666
  endloop
 endfacet
 facet normal -1 2.86757e-11 -1.17279e-11
  outer loop
   vertex 13.335 3.64581 3.48986
   vertex 13.335 3.64478 3.48766
   vertex 13.335 3.64672 3.4921
  endloop
 endfacet
 facet normal -1 1.46093e-11 -5.57267e-12
  outer loop
   vertex 13.335 3.64672 3.4921
   vertex 13.335 3.64478 3.48766
   vertex 13.335 3.64822 3.49666
  endloop
 endfacet
 facet normal -1 0 0
  outer loop
   vertex 13.335 3.62166 3.46484
   vertex 13.335 3.62562 3.46696
   vertex 13.335 3.62365 3.46585
  endloop
 endfacet
 facet normal -1 2.65499e-11 -1.56918e-11
  outer loop
   vertex 13.335 3.64365 3.48551
   vertex 13.335 3.64241 3.48342
   vertex 13.335 3.64478 3.48766
  endloop
 endfacet
 facet normal -1 -0 0
  outer loop
   vertex 13.335 3.64912 3.51924
   vertex 13.335 3.64241 3.48342
   vertex 13.335 3.64542 3.5308
  endloop
 endfacet
 facet normal -1 -0 0
  outer loop
   vertex 13.335 3.6496 3.50362
   vertex 13.335 3.64241 3.48342
   vertex 13.335 3.64912 3.51924
  endloop
 endfacet
 facet normal -1 -3.34409e-12 1.19068e-12
  outer loop
   vertex 13.335 3.64822 3.49666
   vertex 13.335 3.64241 3.48342
   vertex 13.335 3.6496 3.50362
  endloop
 endfacet
 facet normal -1 -0 0
  outer loop
   vertex 13.335 3.64542 3.5308
   vertex 13.335 3.64241 3.48342
   vertex 13.335 3.62341 3.55408
  endloop
 endfacet
 facet normal -1 -4.84028e-12 1.84631e-12
  outer loop
   vertex 13.335 3.64478 3.48766
   vertex 13.335 3.64241 3.48342
   vertex 13.335 3.64822 3.49666
  endloop
 endfacet
 facet normal -1 0 0
  outer loop
   vertex 13.335 3.62166 3.46484
   vertex 13.335 3.62756 3.46818
   vertex 13.335 3.62562 3.46696
  endloop
 endfacet
 facet normal -1 -6.16717e-12 1.08455e-11
  outer loop
   vertex 13.335 3.61764 3.46312
   vertex 13.335 3.62946 3.4695
   vertex 13.335 3.61966 3.46393
  endloop
 endfacet
 facet normal -1 8.98514e-12 -1.58012e-11
  outer loop
   vertex 13.335 3.61966 3.46393
   vertex 13.335 3.62946 3.4695
   vertex 13.335 3.62166 3.46484
  endloop
 endfacet
 facet normal -1 8.53723e-12 -1.50524e-11
  outer loop
   vertex 13.335 3.62166 3.46484
   vertex 13.335 3.62946 3.4695
   vertex 13.335 3.62756 3.46818
  endloop
 endfacet
 facet normal -1 2.41582e-11 -1.95063e-11
  outer loop
   vertex 13.335 3.63965 3.47944
   vertex 13.335 3.63813 3.47756
   vertex 13.335 3.64108 3.48139
  endloop
 endfacet
 facet normal -1 2.96988e-13 7.98758e-14
  outer loop
   vertex 13.335 3.64241 3.48342
   vertex 13.335 3.63312 3.47244
   vertex 13.335 3.62341 3.55408
  endloop
 endfacet
 facet normal -1 -9.39141e-13 1.16851e-12
  outer loop
   vertex 13.335 3.61764 3.46312
   vertex 13.335 3.63312 3.47244
   vertex 13.335 3.62946 3.4695
  endloop
 endfacet
 facet normal -1 4.13746e-11 -5.14796e-11
  outer loop
   vertex 13.335 3.62946 3.4695
   vertex 13.335 3.63312 3.47244
   vertex 13.335 3.63131 3.47092
  endloop
 endfacet
 facet normal -1 -2.44422e-13 1.54955e-14
  outer loop
   vertex 13.335 3.62341 3.55408
   vertex 13.335 3.63312 3.47244
   vertex 13.335 3.61764 3.46312
  endloop
 endfacet
 facet normal -1 7.76375e-12 -6.91249e-12
  outer loop
   vertex 13.335 3.63813 3.47756
   vertex 13.335 3.63653 3.47576
   vertex 13.335 3.64108 3.48139
  endloop
 endfacet
 facet normal -1 8.28491e-12 -6.68213e-12
  outer loop
   vertex 13.335 3.64241 3.48342
   vertex 13.335 3.63486 3.47406
   vertex 13.335 3.63312 3.47244
  endloop
 endfacet
 facet normal -1 -1.21264e-11 9.78048e-12
  outer loop
   vertex 13.335 3.64108 3.48139
   vertex 13.335 3.63486 3.47406
   vertex 13.335 3.64241 3.48342
  endloop
 endfacet
 facet normal -1 3.73213e-12 -3.6584e-12
  outer loop
   vertex 13.335 3.63653 3.47576
   vertex 13.335 3.63486 3.47406
   vertex 13.335 3.64108 3.48139
  endloop
 endfacet
 facet normal 1 0 0
  outer loop
   vertex 15.735 3.56224 3.54268
   vertex 15.735 3.56505 3.54566
   vertex 15.735 3.5636 3.54418
  endloop
 endfacet
 facet normal 1 0 0
  outer loop
   vertex 15.735 3.5682 3.54849
   vertex 15.735 3.56658 3.54709
   vertex 15.735 3.56505 3.54566
  endloop
 endfacet
 facet normal 1 0 0
  outer loop
   vertex 15.735 3.55977 3.5396
   vertex 15.735 3.56505 3.54566
   vertex 15.735 3.56224 3.54268
  endloop
 endfacet
 facet normal 1 0 0
  outer loop
   vertex 15.735 3.55977 3.5396
   vertex 15.735 3.5682 3.54849
   vertex 15.735 3.56505 3.54566
  endloop
 endfacet
 facet normal 1 0 0
  outer loop
   vertex 15.735 3.55977 3.5396
   vertex 15.735 3.56224 3.54268
   vertex 15.735 3.56097 3.54115
  endloop
 endfacet
 facet normal 1 0 0
  outer loop
   vertex 15.735 3.55764 3.53646
   vertex 15.735 3.55977 3.5396
   vertex 15.735 3.55866 3.53803
  endloop
 endfacet
 facet normal 1 0 0
  outer loop
   vertex 15.735 3.57356 3.55234
   vertex 15.735 3.57169 3.55111
   vertex 15.735 3.56991 3.54983
  endloop
 endfacet
 facet normal 1 0 0
  outer loop
   vertex 15.735 3.57752 3.55456
   vertex 15.735 3.57356 3.55234
   vertex 15.735 3.56991 3.54983
  endloop
 endfacet
 facet normal 1 0 0
  outer loop
   vertex 15.735 3.57752 3.55456
   vertex 15.735 3.5755 3.55349
   vertex 15.735 3.57356 3.55234
  endloop
 endfacet
 facet normal 1 0 0
  outer loop
   vertex 15.735 3.55495 3.53159
   vertex 15.735 3.55977 3.5396
   vertex 15.735 3.55764 3.53646
  endloop
 endfacet
 facet normal 1 -4.64828e-11 2.5656e-11
  outer loop
   vertex 15.735 3.55495 3.53159
   vertex 15.735 3.55764 3.53646
   vertex 15.735 3.55669 3.53488
  endloop
 endfacet
 facet normal 1 4.7372e-11 -2.39147e-11
  outer loop
   vertex 15.735 3.55495 3.53159
   vertex 15.735 3.55669 3.53488
   vertex 15.735 3.5558 3.53327
  endloop
 endfacet
 facet normal 1 0 0
  outer loop
   vertex 15.735 3.55272 3.52616
   vertex 15.735 3.55977 3.5396
   vertex 15.735 3.55495 3.53159
  endloop
 endfacet
 facet normal 1 0 0
  outer loop
   vertex 15.735 3.55272 3.52616
   vertex 15.735 3.55495 3.53159
   vertex 15.735 3.55415 3.52985
  endloop
 endfacet
 facet normal 1 0 0
  outer loop
   vertex 15.735 3.55272 3.52616
   vertex 15.735 3.55415 3.52985
   vertex 15.735 3.55341 3.52804
  endloop
 endfacet
 facet normal 1 0 0
  outer loop
   vertex 15.735 3.58398 3.55726
   vertex 15.735 3.58177 3.55646
   vertex 15.735 3.57961 3.55555
  endloop
 endfacet
 facet normal 1 0 0
  outer loop
   vertex 15.735 3.58398 3.55726
   vertex 15.735 3.57961 3.55555
   vertex 15.735 3.57752 3.55456
  endloop
 endfacet
 facet normal 1 0 0
  outer loop
   vertex 15.735 3.55155 3.52224
   vertex 15.735 3.55977 3.5396
   vertex 15.735 3.55272 3.52616
  endloop
 endfacet
 facet normal 1 0 0
  outer loop
   vertex 15.735 3.55155 3.52224
   vertex 15.735 3.55272 3.52616
   vertex 15.735 3.5521 3.52423
  endloop
 endfacet
 facet normal 1 9.51547e-12 -3.04984e-11
  outer loop
   vertex 15.735 3.58856 3.55857
   vertex 15.735 3.58625 3.55797
   vertex 15.735 3.58398 3.55726
  endloop
 endfacet
 facet normal 1 2.50999e-12 -5.99982e-12
  outer loop
   vertex 15.735 3.58856 3.55857
   vertex 15.735 3.58398 3.55726
   vertex 15.735 3.57752 3.55456
  endloop
 endfacet
 facet normal 1 0 0
  outer loop
   vertex 15.735 3.55068 3.51809
   vertex 15.735 3.55155 3.52224
   vertex 15.735 3.55107 3.52019
  endloop
 endfacet
 facet normal 1 0 0
  outer loop
   vertex 15.735 3.55037 3.51594
   vertex 15.735 3.55155 3.52224
   vertex 15.735 3.55068 3.51809
  endloop
 endfacet
 facet normal 1 0 0
  outer loop
   vertex 15.735 3.55015 3.51375
   vertex 15.735 3.55155 3.52224
   vertex 15.735 3.55037 3.51594
  endloop
 endfacet
 facet normal 1 0 0
  outer loop
   vertex 15.735 3.55015 3.51375
   vertex 15.735 3.5682 3.54849
   vertex 15.735 3.55977 3.5396
  endloop
 endfacet
 facet normal 1 0 0
  outer loop
   vertex 15.735 3.55015 3.51375
   vertex 15.735 3.56991 3.54983
   vertex 15.735 3.5682 3.54849
  endloop
 endfacet
 facet normal 1 0 0
  outer loop
   vertex 15.735 3.55015 3.51375
   vertex 15.735 3.55977 3.5396
   vertex 15.735 3.55155 3.52224
  endloop
 endfacet
 facet normal 1 0 0
  outer loop
   vertex 15.735 3.59813 3.55986
   vertex 15.735 3.5957 3.55972
   vertex 15.735 3.5933 3.55945
  endloop
 endfacet
 facet normal 1 0 0
  outer loop
   vertex 15.735 3.59813 3.55986
   vertex 15.735 3.5933 3.55945
   vertex 15.735 3.59091 3.55907
  endloop
 endfacet
 facet normal 1 3.49653e-11 -3.46306e-13
  outer loop
   vertex 15.735 3.55009 3.50698
   vertex 15.735 3.55003 3.51153
   vertex 15.735 3.55 3.50926
  endloop
 endfacet
 facet normal 1 6.83986e-13 6.16459e-11
  outer loop
   vertex 15.735 3.60298 3.55981
   vertex 15.735 3.60056 3.5599
   vertex 15.735 3.59813 3.55986
  endloop
 endfacet
 facet normal 1 0 0
  outer loop
   vertex 15.735 3.55057 3.50236
   vertex 15.735 3.55015 3.51375
   vertex 15.735 3.55003 3.51153
  endloop
 endfacet
 facet normal 1 -3.33996e-11 -2.73143e-12
  outer loop
   vertex 15.735 3.55057 3.50236
   vertex 15.735 3.55009 3.50698
   vertex 15.735 3.55027 3.50467
  endloop
 endfacet
 facet normal 1 0 -0
  outer loop
   vertex 15.735 3.55057 3.50236
   vertex 15.735 3.56991 3.54983
   vertex 15.735 3.55015 3.51375
  endloop
 endfacet
 facet normal 1 0 0
  outer loop
   vertex 15.735 3.55057 3.50236
   vertex 15.735 3.57752 3.55456
   vertex 15.735 3.56991 3.54983
  endloop
 endfacet
 facet normal 1 4.05749e-13 -2.09457e-13
  outer loop
   vertex 15.735 3.55057 3.50236
   vertex 15.735 3.58856 3.55857
   vertex 15.735 3.57752 3.55456
  endloop
 endfacet
 facet normal 1 -1.71829e-11 -1.02305e-12
  outer loop
   vertex 15.735 3.55057 3.50236
   vertex 15.735 3.55003 3.51153
   vertex 15.735 3.55009 3.50698
  endloop
 endfacet
 facet normal 1 -2.60357e-12 -3.09442e-11
  outer loop
   vertex 15.735 3.6078 3.55929
   vertex 15.735 3.6054 3.55961
   vertex 15.735 3.60298 3.55981
  endloop
 endfacet
 facet normal 1 -3.18326e-11 -7.19661e-12
  outer loop
   vertex 15.735 3.55151 3.49772
   vertex 15.735 3.55057 3.50236
   vertex 15.735 3.55098 3.50004
  endloop
 endfacet
 facet normal 1 0 0
  outer loop
   vertex 15.735 3.6125 3.55831
   vertex 15.735 3.60298 3.55981
   vertex 15.735 3.59813 3.55986
  endloop
 endfacet
 facet normal 1 0 0
  outer loop
   vertex 15.735 3.6125 3.55831
   vertex 15.735 3.59813 3.55986
   vertex 15.735 3.59091 3.55907
  endloop
 endfacet
 facet normal 1 2.43153e-12 1.54384e-11
  outer loop
   vertex 15.735 3.6125 3.55831
   vertex 15.735 3.6078 3.55929
   vertex 15.735 3.60298 3.55981
  endloop
 endfacet
 facet normal 1 -7.12255e-12 -3.05897e-11
  outer loop
   vertex 15.735 3.6125 3.55831
   vertex 15.735 3.61017 3.55886
   vertex 15.735 3.6078 3.55929
  endloop
 endfacet
 facet normal 1 -2.2104e-13 -6.31648e-12
  outer loop
   vertex 15.735 3.6125 3.55831
   vertex 15.735 3.59091 3.55907
   vertex 15.735 3.58856 3.55857
  endloop
 endfacet
 facet normal 1 6.05792e-11 1.83447e-11
  outer loop
   vertex 15.735 3.5529 3.49313
   vertex 15.735 3.55151 3.49772
   vertex 15.735 3.55214 3.49542
  endloop
 endfacet
 facet normal 1 0 0
  outer loop
   vertex 15.735 3.61704 3.55691
   vertex 15.735 3.6148 3.55766
   vertex 15.735 3.6125 3.55831
  endloop
 endfacet
 facet normal 1 4.00277e-13 -2.05759e-13
  outer loop
   vertex 15.735 3.55376 3.49088
   vertex 15.735 3.58856 3.55857
   vertex 15.735 3.55057 3.50236
  endloop
 endfacet
 facet normal 1 -6.13147e-12 -2.01961e-12
  outer loop
   vertex 15.735 3.55376 3.49088
   vertex 15.735 3.55057 3.50236
   vertex 15.735 3.55151 3.49772
  endloop
 endfacet
 facet normal 1 -1.51085e-13 7.7664e-14
  outer loop
   vertex 15.735 3.55376 3.49088
   vertex 15.735 3.6125 3.55831
   vertex 15.735 3.58856 3.55857
  endloop
 endfacet
 facet normal 1 0 0
  outer loop
   vertex 15.735 3.55376 3.49088
   vertex 15.735 3.55151 3.49772
   vertex 15.735 3.5529 3.49313
  endloop
 endfacet
 facet normal 1 0 0
  outer loop
   vertex 15.735 3.62341 3.55408
   vertex 15.735 3.62135 3.55511
   vertex 15.735 3.61923 3.55606
  endloop
 endfacet
 facet normal 1 0 0
  outer loop
   vertex 15.735 3.62341 3.55408
   vertex 15.735 3.61923 3.55606
   vertex 15.735 3.61704 3.55691
  endloop
 endfacet
 facet normal 1 -1.06631e-12 1.17155e-12
  outer loop
   vertex 15.735 3.62539 3.55297
   vertex 15.735 3.55376 3.49088
   vertex 15.735 3.55474 3.48866
  endloop
 endfacet
 facet normal 1 -1.64224e-14 -3.96426e-14
  outer loop
   vertex 15.735 3.62539 3.55297
   vertex 15.735 3.6125 3.55831
   vertex 15.735 3.55376 3.49088
  endloop
 endfacet
 facet normal 1 0 0
  outer loop
   vertex 15.735 3.62539 3.55297
   vertex 15.735 3.61704 3.55691
   vertex 15.735 3.6125 3.55831
  endloop
 endfacet
 facet normal 1 0 0
  outer loop
   vertex 15.735 3.62539 3.55297
   vertex 15.735 3.62341 3.55408
   vertex 15.735 3.61704 3.55691
  endloop
 endfacet
 facet normal 1 0 0
  outer loop
   vertex 15.735 3.55701 3.48437
   vertex 15.735 3.55474 3.48866
   vertex 15.735 3.55582 3.48649
  endloop
 endfacet
 facet normal 1 1.81794e-11 9.6342e-12
  outer loop
   vertex 15.735 3.5583 3.48231
   vertex 15.735 3.55474 3.48866
   vertex 15.735 3.55701 3.48437
  endloop
 endfacet
 facet normal 1 -1.93731e-11 -3.12322e-11
  outer loop
   vertex 15.735 3.62913 3.55053
   vertex 15.735 3.6273 3.55179
   vertex 15.735 3.62539 3.55297
  endloop
 endfacet
 facet normal 1 2.57804e-13 -2.83249e-13
  outer loop
   vertex 15.735 3.55969 3.48032
   vertex 15.735 3.62539 3.55297
   vertex 15.735 3.55474 3.48866
  endloop
 endfacet
 facet normal 1 -4.22777e-12 -2.9469e-12
  outer loop
   vertex 15.735 3.55969 3.48032
   vertex 15.735 3.55474 3.48866
   vertex 15.735 3.5583 3.48231
  endloop
 endfacet
 facet normal 1 -4.7696e-11 -6.07698e-11
  outer loop
   vertex 15.735 3.63255 3.54786
   vertex 15.735 3.63088 3.54922
   vertex 15.735 3.62913 3.55053
  endloop
 endfacet
 facet normal 1 4.84844e-11 3.93099e-11
  outer loop
   vertex 15.735 3.56273 3.47657
   vertex 15.735 3.55969 3.48032
   vertex 15.735 3.56116 3.47841
  endloop
 endfacet
 facet normal 1 0 0
  outer loop
   vertex 15.735 3.63703 3.5435
   vertex 15.735 3.63562 3.54499
   vertex 15.735 3.63413 3.54644
  endloop
 endfacet
 facet normal 1 1.44169e-11 1.5607e-11
  outer loop
   vertex 15.735 3.56785 3.4716
   vertex 15.735 3.56273 3.47657
   vertex 15.735 3.56437 3.47482
  endloop
 endfacet
 facet normal 1 -4.37816e-11 -4.73959e-11
  outer loop
   vertex 15.735 3.56785 3.4716
   vertex 15.735 3.56437 3.47482
   vertex 15.735 3.56608 3.47317
  endloop
 endfacet
 facet normal 1 -3.31201e-12 -2.68529e-12
  outer loop
   vertex 15.735 3.56785 3.4716
   vertex 15.735 3.55969 3.48032
   vertex 15.735 3.56273 3.47657
  endloop
 endfacet
 facet normal 1 -1.5088e-11 -1.42848e-11
  outer loop
   vertex 15.735 3.63835 3.54198
   vertex 15.735 3.63413 3.54644
   vertex 15.735 3.63255 3.54786
  endloop
 endfacet
 facet normal 1 2.16268e-12 2.75548e-12
  outer loop
   vertex 15.735 3.63835 3.54198
   vertex 15.735 3.63255 3.54786
   vertex 15.735 3.62913 3.55053
  endloop
 endfacet
 facet normal 1 0 0
  outer loop
   vertex 15.735 3.63835 3.54198
   vertex 15.735 3.63703 3.5435
   vertex 15.735 3.63413 3.54644
  endloop
 endfacet
 facet normal 1 -1.55179e-12 -1.24674e-12
  outer loop
   vertex 15.735 3.63959 3.54044
   vertex 15.735 3.63835 3.54198
   vertex 15.735 3.62913 3.55053
  endloop
 endfacet
 facet normal 1 0 0
  outer loop
   vertex 15.735 3.64281 3.53574
   vertex 15.735 3.64182 3.53731
   vertex 15.735 3.64074 3.53888
  endloop
 endfacet
 facet normal 1 0 0
  outer loop
   vertex 15.735 3.64281 3.53574
   vertex 15.735 3.64074 3.53888
   vertex 15.735 3.63959 3.54044
  endloop
 endfacet
 facet normal 1 -1.02546e-12 -7.01648e-13
  outer loop
   vertex 15.735 3.64281 3.53574
   vertex 15.735 3.63959 3.54044
   vertex 15.735 3.62913 3.55053
  endloop
 endfacet
 facet normal 1 -1.28055e-11 -1.84861e-11
  outer loop
   vertex 15.735 3.57545 3.46634
   vertex 15.735 3.56785 3.4716
   vertex 15.735 3.56969 3.47014
  endloop
 endfacet
 facet normal 1 -6.77917e-12 -9.33493e-12
  outer loop
   vertex 15.735 3.57545 3.46634
   vertex 15.735 3.56969 3.47014
   vertex 15.735 3.57157 3.46877
  endloop
 endfacet
 facet normal 1 1.76608e-11 2.97252e-11
  outer loop
   vertex 15.735 3.57545 3.46634
   vertex 15.735 3.57157 3.46877
   vertex 15.735 3.57349 3.46751
  endloop
 endfacet
 facet normal 1 8.23151e-13 1.1883e-12
  outer loop
   vertex 15.735 3.57545 3.46634
   vertex 15.735 3.55969 3.48032
   vertex 15.735 3.56785 3.4716
  endloop
 endfacet
 facet normal 1 -7.124e-13 -4.12384e-13
  outer loop
   vertex 15.735 3.64372 3.53415
   vertex 15.735 3.64281 3.53574
   vertex 15.735 3.62913 3.55053
  endloop
 endfacet
 facet normal 1 -6.1686e-13 -3.27298e-13
  outer loop
   vertex 15.735 3.6446 3.53251
   vertex 15.735 3.64372 3.53415
   vertex 15.735 3.62913 3.55053
  endloop
 endfacet
 facet normal 1 5.86403e-12 1.09706e-11
  outer loop
   vertex 15.735 3.58144 3.46347
   vertex 15.735 3.57545 3.46634
   vertex 15.735 3.57743 3.46529
  endloop
 endfacet
 facet normal 1 -1.45957e-11 -3.43097e-11
  outer loop
   vertex 15.735 3.58144 3.46347
   vertex 15.735 3.57743 3.46529
   vertex 15.735 3.57943 3.46433
  endloop
 endfacet
 facet normal 1 0 0
  outer loop
   vertex 15.735 3.64757 3.52529
   vertex 15.735 3.64692 3.52719
   vertex 15.735 3.6462 3.52903
  endloop
 endfacet
 facet normal 1 0 0
  outer loop
   vertex 15.735 3.64757 3.52529
   vertex 15.735 3.6462 3.52903
   vertex 15.735 3.64542 3.5308
  endloop
 endfacet
 facet normal 1 0 0
  outer loop
   vertex 15.735 3.58547 3.46206
   vertex 15.735 3.58144 3.46347
   vertex 15.735 3.58345 3.46272
  endloop
 endfacet
 facet normal 1 0 0
  outer loop
   vertex 15.735 3.58747 3.46149
   vertex 15.735 3.58144 3.46347
   vertex 15.735 3.58547 3.46206
  endloop
 endfacet
 facet normal 1 0 0
  outer loop
   vertex 15.735 3.64912 3.51924
   vertex 15.735 3.64757 3.52529
   vertex 15.735 3.64542 3.5308
  endloop
 endfacet
 facet normal 1 0 0
  outer loop
   vertex 15.735 3.64912 3.51924
   vertex 15.735 3.64868 3.52131
   vertex 15.735 3.64816 3.52333
  endloop
 endfacet
 facet normal 1 0 0
  outer loop
   vertex 15.735 3.64912 3.51924
   vertex 15.735 3.64816 3.52333
   vertex 15.735 3.64757 3.52529
  endloop
 endfacet
 facet normal 1 0 0
  outer loop
   vertex 15.735 3.59144 3.46064
   vertex 15.735 3.58747 3.46149
   vertex 15.735 3.58947 3.46102
  endloop
 endfacet
 facet normal 1 0 0
  outer loop
   vertex 15.735 3.64974 3.51495
   vertex 15.735 3.64912 3.51924
   vertex 15.735 3.64542 3.5308
  endloop
 endfacet
 facet normal 1 0 0
  outer loop
   vertex 15.735 3.64974 3.51495
   vertex 15.735 3.64948 3.51712
   vertex 15.735 3.64912 3.51924
  endloop
 endfacet
 facet normal 1 -7.28223e-12 -4.74595e-11
  outer loop
   vertex 15.735 3.59532 3.46012
   vertex 15.735 3.59144 3.46064
   vertex 15.735 3.59339 3.46034
  endloop
 endfacet
 facet normal 1 -2.46427e-12 -1.14154e-11
  outer loop
   vertex 15.735 3.59532 3.46012
   vertex 15.735 3.58747 3.46149
   vertex 15.735 3.59144 3.46064
  endloop
 endfacet
 facet normal 1 3.62944e-13 6.69462e-13
  outer loop
   vertex 15.735 3.59721 3.45998
   vertex 15.735 3.55969 3.48032
   vertex 15.735 3.57545 3.46634
  endloop
 endfacet
 facet normal 1 0 0
  outer loop
   vertex 15.735 3.59721 3.45998
   vertex 15.735 3.58144 3.46347
   vertex 15.735 3.58747 3.46149
  endloop
 endfacet
 facet normal 1 -5.22268e-13 -2.35691e-12
  outer loop
   vertex 15.735 3.59721 3.45998
   vertex 15.735 3.57545 3.46634
   vertex 15.735 3.58144 3.46347
  endloop
 endfacet
 facet normal 1 3.70098e-12 2.37643e-11
  outer loop
   vertex 15.735 3.59721 3.45998
   vertex 15.735 3.58747 3.46149
   vertex 15.735 3.59532 3.46012
  endloop
 endfacet
 facet normal 1 -1.82162e-14 -3.36004e-14
  outer loop
   vertex 15.735 3.59721 3.45998
   vertex 15.735 3.62539 3.55297
   vertex 15.735 3.55969 3.48032
  endloop
 endfacet
 facet normal 1 7.91052e-13 -2.78849e-13
  outer loop
   vertex 15.735 3.59721 3.45998
   vertex 15.735 3.62913 3.55053
   vertex 15.735 3.62539 3.55297
  endloop
 endfacet
 facet normal 1 0 0
  outer loop
   vertex 15.735 3.65 3.5105
   vertex 15.735 3.64992 3.51274
   vertex 15.735 3.64974 3.51495
  endloop
 endfacet
 facet normal 1 0 0
  outer loop
   vertex 15.735 3.64984 3.50593
   vertex 15.735 3.64997 3.50822
   vertex 15.735 3.65 3.5105
  endloop
 endfacet
 facet normal 1 0 0
  outer loop
   vertex 15.735 3.60461 3.46011
   vertex 15.735 3.6 3.4599
   vertex 15.735 3.60228 3.45995
  endloop
 endfacet
 facet normal 1 -3.42003e-13 -8.19274e-12
  outer loop
   vertex 15.735 3.60461 3.46011
   vertex 15.735 3.59721 3.45998
   vertex 15.735 3.59862 3.45992
  endloop
 endfacet
 facet normal 1 -2.02392e-12 4.38074e-11
  outer loop
   vertex 15.735 3.60461 3.46011
   vertex 15.735 3.59862 3.45992
   vertex 15.735 3.6 3.4599
  endloop
 endfacet
 facet normal 1 -2.27042e-11 7.67906e-13
  outer loop
   vertex 15.735 3.6496 3.50362
   vertex 15.735 3.64984 3.50593
   vertex 15.735 3.65 3.5105
  endloop
 endfacet
 facet normal 1 0 0
  outer loop
   vertex 15.735 3.60941 3.46079
   vertex 15.735 3.60461 3.46011
   vertex 15.735 3.60699 3.46039
  endloop
 endfacet
 facet normal 1 -5.64619e-13 3.98306e-12
  outer loop
   vertex 15.735 3.60941 3.46079
   vertex 15.735 3.59721 3.45998
   vertex 15.735 3.60461 3.46011
  endloop
 endfacet
 facet normal 1 -1.52815e-13 7.07479e-14
  outer loop
   vertex 15.735 3.61161 3.46127
   vertex 15.735 3.6446 3.53251
   vertex 15.735 3.62913 3.55053
  endloop
 endfacet
 facet normal 1 -2.60862e-13 9.19549e-14
  outer loop
   vertex 15.735 3.61161 3.46127
   vertex 15.735 3.62913 3.55053
   vertex 15.735 3.59721 3.45998
  endloop
 endfacet
 facet normal 1 -4.32867e-13 2.01257e-12
  outer loop
   vertex 15.735 3.61161 3.46127
   vertex 15.735 3.59721 3.45998
   vertex 15.735 3.60941 3.46079
  endloop
 endfacet
 facet normal 1 0 0
  outer loop
   vertex 15.735 3.64822 3.49666
   vertex 15.735 3.65 3.5105
   vertex 15.735 3.64974 3.51495
  endloop
 endfacet
 facet normal 1 0 0
  outer loop
   vertex 15.735 3.64822 3.49666
   vertex 15.735 3.64879 3.49898
   vertex 15.735 3.64925 3.5013
  endloop
 endfacet
 facet normal 1 -2.13518e-11 4.78409e-12
  outer loop
   vertex 15.735 3.64822 3.49666
   vertex 15.735 3.64925 3.5013
   vertex 15.735 3.6496 3.50362
  endloop
 endfacet
 facet normal 1 7.38638e-12 -9.50569e-13
  outer loop
   vertex 15.735 3.64822 3.49666
   vertex 15.735 3.6496 3.50362
   vertex 15.735 3.65 3.5105
  endloop
 endfacet
 facet normal 1 0 0
  outer loop
   vertex 15.735 3.64753 3.49437
   vertex 15.735 3.64822 3.49666
   vertex 15.735 3.64974 3.51495
  endloop
 endfacet
 facet normal 1 0 0
  outer loop
   vertex 15.735 3.61563 3.4624
   vertex 15.735 3.61161 3.46127
   vertex 15.735 3.61361 3.46179
  endloop
 endfacet
 facet normal 1 0 0
  outer loop
   vertex 15.735 3.61563 3.4624
   vertex 15.735 3.64542 3.5308
   vertex 15.735 3.6446 3.53251
  endloop
 endfacet
 facet normal 1 0 -0
  outer loop
   vertex 15.735 3.61563 3.4624
   vertex 15.735 3.6446 3.53251
   vertex 15.735 3.61161 3.46127
  endloop
 endfacet
 facet normal 1 0 -0
  outer loop
   vertex 15.735 3.64581 3.48986
   vertex 15.735 3.64974 3.51495
   vertex 15.735 3.64542 3.5308
  endloop
 endfacet
 facet normal 1 0 0
  outer loop
   vertex 15.735 3.64581 3.48986
   vertex 15.735 3.64672 3.4921
   vertex 15.735 3.64753 3.49437
  endloop
 endfacet
 facet normal 1 0 0
  outer loop
   vertex 15.735 3.64581 3.48986
   vertex 15.735 3.64753 3.49437
   vertex 15.735 3.64974 3.51495
  endloop
 endfacet
 facet normal 1 0 0
  outer loop
   vertex 15.735 3.62166 3.46484
   vertex 15.735 3.61563 3.4624
   vertex 15.735 3.61764 3.46312
  endloop
 endfacet
 facet normal 1 0 0
  outer loop
   vertex 15.735 3.62166 3.46484
   vertex 15.735 3.61764 3.46312
   vertex 15.735 3.61966 3.46393
  endloop
 endfacet
 facet normal 1 -2.72714e-11 1.43788e-11
  outer loop
   vertex 15.735 3.64241 3.48342
   vertex 15.735 3.64365 3.48551
   vertex 15.735 3.64478 3.48766
  endloop
 endfacet
 facet normal 1 -9.32649e-12 4.35281e-12
  outer loop
   vertex 15.735 3.64241 3.48342
   vertex 15.735 3.64478 3.48766
   vertex 15.735 3.64581 3.48986
  endloop
 endfacet
 facet normal 1 -1.05289e-12 -9.92327e-15
  outer loop
   vertex 15.735 3.64241 3.48342
   vertex 15.735 3.64581 3.48986
   vertex 15.735 3.64542 3.5308
  endloop
 endfacet
 facet normal 1 2.06334e-13 -8.98864e-14
  outer loop
   vertex 15.735 3.64241 3.48342
   vertex 15.735 3.64542 3.5308
   vertex 15.735 3.61563 3.4624
  endloop
 endfacet
 facet normal 1 0 0
  outer loop
   vertex 15.735 3.62756 3.46818
   vertex 15.735 3.62166 3.46484
   vertex 15.735 3.62365 3.46585
  endloop
 endfacet
 facet normal 1 0 0
  outer loop
   vertex 15.735 3.62756 3.46818
   vertex 15.735 3.62365 3.46585
   vertex 15.735 3.62562 3.46696
  endloop
 endfacet
 facet normal 1 0 0
  outer loop
   vertex 15.735 3.63131 3.47092
   vertex 15.735 3.62166 3.46484
   vertex 15.735 3.62756 3.46818
  endloop
 endfacet
 facet normal 1 0 0
  outer loop
   vertex 15.735 3.63131 3.47092
   vertex 15.735 3.62756 3.46818
   vertex 15.735 3.62946 3.4695
  endloop
 endfacet
 facet normal 1 0 0
  outer loop
   vertex 15.735 3.63131 3.47092
   vertex 15.735 3.61563 3.4624
   vertex 15.735 3.62166 3.46484
  endloop
 endfacet
 facet normal 1 2.51533e-11 -1.83735e-11
  outer loop
   vertex 15.735 3.63813 3.47756
   vertex 15.735 3.63965 3.47944
   vertex 15.735 3.64108 3.48139
  endloop
 endfacet
 facet normal 1 -5.95825e-13 9.32508e-13
  outer loop
   vertex 15.735 3.63653 3.47576
   vertex 15.735 3.64241 3.48342
   vertex 15.735 3.61563 3.4624
  endloop
 endfacet
 facet normal 1 0 0
  outer loop
   vertex 15.735 3.63653 3.47576
   vertex 15.735 3.61563 3.4624
   vertex 15.735 3.63131 3.47092
  endloop
 endfacet
 facet normal 1 -7.76375e-12 6.91249e-12
  outer loop
   vertex 15.735 3.63653 3.47576
   vertex 15.735 3.63813 3.47756
   vertex 15.735 3.64108 3.48139
  endloop
 endfacet
 facet normal 1 4.34837e-12 -2.86369e-12
  outer loop
   vertex 15.735 3.63653 3.47576
   vertex 15.735 3.64108 3.48139
   vertex 15.735 3.64241 3.48342
  endloop
 endfacet
 facet normal 1 2.21778e-11 -2.39163e-11
  outer loop
   vertex 15.735 3.63486 3.47406
   vertex 15.735 3.63131 3.47092
   vertex 15.735 3.63312 3.47244
  endloop
 endfacet
 facet normal 1 2.18703e-11 -2.35686e-11
  outer loop
   vertex 15.735 3.63486 3.47406
   vertex 15.735 3.63653 3.47576
   vertex 15.735 3.63131 3.47092
  endloop
 endfacet
 facet normal 1.8946e-16 -0.0138339 -0.999904
  outer loop
   vertex 13.335 4.6 3.4599
   vertex 15.735 4.6 3.4599
   vertex 15.735 4.59862 3.45992
  endloop
 endfacet
 facet normal 1.84217e-16 -0.0138339 -0.999904
  outer loop
   vertex 13.335 4.59862 3.45992
   vertex 13.335 4.6 3.4599
   vertex 15.735 4.59862 3.45992
  endloop
 endfacet
 facet normal 3.49591e-16 -0.0746954 -0.997206
  outer loop
   vertex 13.335 4.59721 3.45998
   vertex 15.735 4.59721 3.45998
   vertex 15.735 4.59532 3.46012
  endloop
 endfacet
 facet normal 3.62821e-16 -0.0417083 -0.99913
  outer loop
   vertex 13.335 4.59721 3.45998
   vertex 15.735 4.59862 3.45992
   vertex 15.735 4.59721 3.45998
  endloop
 endfacet
 facet normal 1.73506e-16 -0.0417083 -0.99913
  outer loop
   vertex 13.335 4.59721 3.45998
   vertex 13.335 4.59862 3.45992
   vertex 15.735 4.59862 3.45992
  endloop
 endfacet
 facet normal 3.33753e-16 -0.11289 -0.993608
  outer loop
   vertex 13.335 4.59532 3.46012
   vertex 15.735 4.59532 3.46012
   vertex 15.735 4.59339 3.46034
  endloop
 endfacet
 facet normal 3.49591e-16 -0.0746954 -0.997206
  outer loop
   vertex 13.335 4.59532 3.46012
   vertex 13.335 4.59721 3.45998
   vertex 15.735 4.59532 3.46012
  endloop
 endfacet
 facet normal 5.04384e-16 -0.151666 -0.988432
  outer loop
   vertex 13.335 4.59339 3.46034
   vertex 15.735 4.59339 3.46034
   vertex 15.735 4.59144 3.46064
  endloop
 endfacet
 facet normal 5.2202e-16 -0.11289 -0.993608
  outer loop
   vertex 13.335 4.59339 3.46034
   vertex 13.335 4.59532 3.46012
   vertex 15.735 4.59339 3.46034
  endloop
 endfacet
 facet normal 4.13256e-16 -0.190944 -0.981601
  outer loop
   vertex 13.335 4.59144 3.46064
   vertex 15.735 4.59144 3.46064
   vertex 15.735 4.58947 3.46102
  endloop
 endfacet
 facet normal 4.46909e-16 -0.151666 -0.988432
  outer loop
   vertex 13.335 4.59144 3.46064
   vertex 13.335 4.59339 3.46034
   vertex 15.735 4.59144 3.46064
  endloop
 endfacet
 facet normal 4.65708e-16 -0.230637 -0.97304
  outer loop
   vertex 13.335 4.58947 3.46102
   vertex 15.735 4.58947 3.46102
   vertex 15.735 4.58747 3.46149
  endloop
 endfacet
 facet normal 4.85616e-16 -0.190944 -0.981601
  outer loop
   vertex 13.335 4.58947 3.46102
   vertex 13.335 4.59144 3.46064
   vertex 15.735 4.58947 3.46102
  endloop
 endfacet
 facet normal 3.42094e-16 -0.270646 -0.962679
  outer loop
   vertex 13.335 4.58747 3.46149
   vertex 15.735 4.58747 3.46149
   vertex 15.735 4.58547 3.46206
  endloop
 endfacet
 facet normal 3.78306e-16 -0.230637 -0.97304
  outer loop
   vertex 13.335 4.58747 3.46149
   vertex 13.335 4.58947 3.46102
   vertex 15.735 4.58747 3.46149
  endloop
 endfacet
 facet normal 1.86858e-16 -0.310865 -0.950454
  outer loop
   vertex 13.335 4.58547 3.46206
   vertex 15.735 4.58547 3.46206
   vertex 15.735 4.58345 3.46272
  endloop
 endfacet
 facet normal 2.3953e-16 -0.270646 -0.962679
  outer loop
   vertex 13.335 4.58547 3.46206
   vertex 13.335 4.58747 3.46149
   vertex 15.735 4.58547 3.46206
  endloop
 endfacet
 facet normal 3.99149e-16 -0.351178 -0.936309
  outer loop
   vertex 13.335 4.58345 3.46272
   vertex 15.735 4.58345 3.46272
   vertex 15.735 4.58144 3.46347
  endloop
 endfacet
 facet normal 4.22466e-16 -0.310865 -0.950454
  outer loop
   vertex 13.335 4.58345 3.46272
   vertex 13.335 4.58547 3.46206
   vertex 15.735 4.58345 3.46272
  endloop
 endfacet
 facet normal 2.66068e-16 -0.351178 -0.936309
  outer loop
   vertex 13.335 4.58144 3.46347
   vertex 13.335 4.58345 3.46272
   vertex 15.735 4.58144 3.46347
  endloop
 endfacet
 facet normal 6.91064e-16 -0.431583 -0.902073
  outer loop
   vertex 13.335 4.57943 3.46433
   vertex 15.735 4.57943 3.46433
   vertex 15.735 4.57743 3.46529
  endloop
 endfacet
 facet normal 7.23437e-16 -0.391461 -0.920195
  outer loop
   vertex 13.335 4.57943 3.46433
   vertex 15.735 4.58144 3.46347
   vertex 15.735 4.57943 3.46433
  endloop
 endfacet
 facet normal 2.26383e-16 -0.391461 -0.920195
  outer loop
   vertex 13.335 4.57943 3.46433
   vertex 13.335 4.58144 3.46347
   vertex 15.735 4.58144 3.46347
  endloop
 endfacet
 facet normal 3.5659e-16 -0.431583 -0.902073
  outer loop
   vertex 13.335 4.57743 3.46529
   vertex 13.335 4.57943 3.46433
   vertex 15.735 4.57743 3.46529
  endloop
 endfacet
 facet normal 3.11131e-16 -0.471406 -0.881916
  outer loop
   vertex 13.335 4.57545 3.46634
   vertex 15.735 4.57743 3.46529
   vertex 15.735 4.57545 3.46634
  endloop
 endfacet
 facet normal 3.11185e-16 -0.471406 -0.881916
  outer loop
   vertex 13.335 4.57545 3.46634
   vertex 13.335 4.57743 3.46529
   vertex 15.735 4.57743 3.46529
  endloop
 endfacet
 facet normal 1.01558e-16 -0.510784 -0.859709
  outer loop
   vertex 13.335 4.57349 3.46751
   vertex 15.735 4.57545 3.46634
   vertex 15.735 4.57349 3.46751
  endloop
 endfacet
 facet normal 2.64407e-16 -0.510784 -0.859709
  outer loop
   vertex 13.335 4.57349 3.46751
   vertex 13.335 4.57545 3.46634
   vertex 15.735 4.57545 3.46634
  endloop
 endfacet
 facet normal 5.83232e-16 -0.54957 -0.835447
  outer loop
   vertex 13.335 4.57157 3.46877
   vertex 15.735 4.57349 3.46751
   vertex 15.735 4.57157 3.46877
  endloop
 endfacet
 facet normal 5.83951e-17 -0.54957 -0.835447
  outer loop
   vertex 13.335 4.57157 3.46877
   vertex 13.335 4.57349 3.46751
   vertex 15.735 4.57349 3.46751
  endloop
 endfacet
 facet normal 1.18284e-16 -0.624755 -0.780821
  outer loop
   vertex 13.335 4.56969 3.47014
   vertex 15.735 4.56969 3.47014
   vertex 15.735 4.56785 3.4716
  endloop
 endfacet
 facet normal 1.67901e-16 -0.587612 -0.809143
  outer loop
   vertex 13.335 4.56969 3.47014
   vertex 15.735 4.57157 3.46877
   vertex 15.735 4.56969 3.47014
  endloop
 endfacet
 facet normal 5.43922e-16 -0.587612 -0.809143
  outer loop
   vertex 13.335 4.56969 3.47014
   vertex 13.335 4.57157 3.46877
   vertex 15.735 4.57157 3.46877
  endloop
 endfacet
 facet normal 3.18398e-16 -0.660846 -0.750522
  outer loop
   vertex 13.335 4.56785 3.4716
   vertex 15.735 4.56785 3.4716
   vertex 15.735 4.56608 3.47317
  endloop
 endfacet
 facet normal 3.55039e-16 -0.624755 -0.780821
  outer loop
   vertex 13.335 4.56785 3.4716
   vertex 13.335 4.56969 3.47014
   vertex 15.735 4.56785 3.4716
  endloop
 endfacet
 facet normal -1.82465e-16 -0.660846 -0.750522
  outer loop
   vertex 13.335 4.56608 3.47317
   vertex 13.335 4.56785 3.4716
   vertex 15.735 4.56608 3.47317
  endloop
 endfacet
 facet normal 3.7187e-16 -0.729269 -0.684227
  outer loop
   vertex 13.335 4.56437 3.47482
   vertex 15.735 4.56437 3.47482
   vertex 15.735 4.56273 3.47657
  endloop
 endfacet
 facet normal 4.16858e-16 -0.695733 -0.7183
  outer loop
   vertex 13.335 4.56437 3.47482
   vertex 15.735 4.56608 3.47317
   vertex 15.735 4.56437 3.47482
  endloop
 endfacet
 facet normal -2.46526e-16 -0.695733 -0.7183
  outer loop
   vertex 13.335 4.56437 3.47482
   vertex 13.335 4.56608 3.47317
   vertex 15.735 4.56608 3.47317
  endloop
 endfacet
 facet normal 9.55088e-17 -0.729269 -0.684227
  outer loop
   vertex 13.335 4.56273 3.47657
   vertex 13.335 4.56437 3.47482
   vertex 15.735 4.56273 3.47657
  endloop
 endfacet
 facet normal 3.94468e-16 -0.79172 -0.610885
  outer loop
   vertex 13.335 4.56116 3.47841
   vertex 15.735 4.56116 3.47841
   vertex 15.735 4.55969 3.48032
  endloop
 endfacet
 facet normal 4.4863e-16 -0.761309 -0.648389
  outer loop
   vertex 13.335 4.56116 3.47841
   vertex 15.735 4.56273 3.47657
   vertex 15.735 4.56116 3.47841
  endloop
 endfacet
 facet normal 3.73206e-17 -0.761309 -0.648389
  outer loop
   vertex 13.335 4.56116 3.47841
   vertex 13.335 4.56273 3.47657
   vertex 15.735 4.56273 3.47657
  endloop
 endfacet
 facet normal -3.90913e-16 -0.820374 -0.571828
  outer loop
   vertex 13.335 4.55969 3.48032
   vertex 15.735 4.55969 3.48032
   vertex 15.735 4.5583 3.48231
  endloop
 endfacet
 facet normal -3.21335e-16 -0.79172 -0.610885
  outer loop
   vertex 13.335 4.55969 3.48032
   vertex 13.335 4.56116 3.47841
   vertex 15.735 4.55969 3.48032
  endloop
 endfacet
 facet normal 2.30858e-16 -0.820374 -0.571828
  outer loop
   vertex 13.335 4.5583 3.48231
   vertex 13.335 4.55969 3.48032
   vertex 15.735 4.5583 3.48231
  endloop
 endfacet
 facet normal 2.26142e-16 -0.871963 -0.489571
  outer loop
   vertex 13.335 4.55701 3.48437
   vertex 15.735 4.55701 3.48437
   vertex 15.735 4.55582 3.48649
  endloop
 endfacet
 facet normal 2.83034e-16 -0.847156 -0.531344
  outer loop
   vertex 13.335 4.55701 3.48437
   vertex 15.735 4.5583 3.48231
   vertex 15.735 4.55701 3.48437
  endloop
 endfacet
 facet normal 1.82384e-16 -0.847156 -0.531344
  outer loop
   vertex 13.335 4.55701 3.48437
   vertex 13.335 4.5583 3.48231
   vertex 15.735 4.5583 3.48231
  endloop
 endfacet
 facet normal 5.07788e-16 -0.894706 -0.446655
  outer loop
   vertex 13.335 4.55582 3.48649
   vertex 15.735 4.55582 3.48649
   vertex 15.735 4.55474 3.48866
  endloop
 endfacet
 facet normal 5.56578e-16 -0.871963 -0.489571
  outer loop
   vertex 13.335 4.55582 3.48649
   vertex 13.335 4.55701 3.48437
   vertex 15.735 4.55582 3.48649
  endloop
 endfacet
 facet normal 5.07788e-16 -0.894706 -0.446655
  outer loop
   vertex 13.335 4.55474 3.48866
   vertex 13.335 4.55582 3.48649
   vertex 15.735 4.55474 3.48866
  endloop
 endfacet
 facet normal -4.36327e-16 -0.933714 -0.358019
  outer loop
   vertex 13.335 4.55376 3.49088
   vertex 15.735 4.55376 3.49088
   vertex 15.735 4.5529 3.49313
  endloop
 endfacet
 facet normal -3.88474e-16 -0.91531 -0.402751
  outer loop
   vertex 13.335 4.55376 3.49088
   vertex 15.735 4.55474 3.48866
   vertex 15.735 4.55376 3.49088
  endloop
 endfacet
 facet normal 4.57853e-16 -0.91531 -0.402751
  outer loop
   vertex 13.335 4.55376 3.49088
   vertex 13.335 4.55474 3.48866
   vertex 15.735 4.55474 3.48866
  endloop
 endfacet
 facet normal -8.24898e-17 -0.933714 -0.358019
  outer loop
   vertex 13.335 4.5529 3.49313
   vertex 13.335 4.55376 3.49088
   vertex 15.735 4.5529 3.49313
  endloop
 endfacet
 facet normal -6.19871e-17 -0.963771 -0.266732
  outer loop
   vertex 13.335 4.55214 3.49542
   vertex 15.735 4.55214 3.49542
   vertex 15.735 4.55151 3.49772
  endloop
 endfacet
 facet normal -4.54961e-18 -0.949877 -0.312624
  outer loop
   vertex 13.335 4.55214 3.49542
   vertex 15.735 4.5529 3.49313
   vertex 15.735 4.55214 3.49542
  endloop
 endfacet
 facet normal -1.23035e-16 -0.949877 -0.312624
  outer loop
   vertex 13.335 4.55214 3.49542
   vertex 13.335 4.5529 3.49313
   vertex 15.735 4.5529 3.49313
  endloop
 endfacet
 facet normal 2.50693e-16 -0.975384 -0.220512
  outer loop
   vertex 13.335 4.55151 3.49772
   vertex 15.735 4.55151 3.49772
   vertex 15.735 4.55098 3.50004
  endloop
 endfacet
 facet normal 3.0324e-16 -0.963771 -0.266732
  outer loop
   vertex 13.335 4.55151 3.49772
   vertex 13.335 4.55214 3.49542
   vertex 15.735 4.55151 3.49772
  endloop
 endfacet
 facet normal -2.082e-16 -0.984723 -0.174127
  outer loop
   vertex 13.335 4.55098 3.50004
   vertex 15.735 4.55098 3.50004
   vertex 15.735 4.55057 3.50236
  endloop
 endfacet
 facet normal -1.60717e-16 -0.975384 -0.220512
  outer loop
   vertex 13.335 4.55098 3.50004
   vertex 13.335 4.55151 3.49772
   vertex 15.735 4.55098 3.50004
  endloop
 endfacet
 facet normal -2.30627e-16 -0.991808 -0.127741
  outer loop
   vertex 13.335 4.55057 3.50236
   vertex 15.735 4.55057 3.50236
   vertex 15.735 4.55027 3.50467
  endloop
 endfacet
 facet normal -1.75207e-16 -0.984723 -0.174127
  outer loop
   vertex 13.335 4.55057 3.50236
   vertex 13.335 4.55098 3.50004
   vertex 15.735 4.55057 3.50236
  endloop
 endfacet
 facet normal 9.26639e-17 -0.996673 -0.081508
  outer loop
   vertex 13.335 4.55027 3.50467
   vertex 15.735 4.55027 3.50467
   vertex 15.735 4.55009 3.50698
  endloop
 endfacet
 facet normal 1.45224e-16 -0.991808 -0.127741
  outer loop
   vertex 13.335 4.55027 3.50467
   vertex 13.335 4.55057 3.50236
   vertex 15.735 4.55027 3.50467
  endloop
 endfacet
 facet normal -3.5175e-16 -0.999367 -0.0355794
  outer loop
   vertex 13.335 4.55009 3.50698
   vertex 15.735 4.55009 3.50698
   vertex 15.735 4.55 3.50926
  endloop
 endfacet
 facet normal -3.15919e-16 -0.996673 -0.081508
  outer loop
   vertex 13.335 4.55009 3.50698
   vertex 13.335 4.55027 3.50467
   vertex 15.735 4.55009 3.50698
  endloop
 endfacet
 facet normal -1.12593e-17 -0.999951 0.00990381
  outer loop
   vertex 13.335 4.55 3.50926
   vertex 15.735 4.55 3.50926
   vertex 15.735 4.55003 3.51153
  endloop
 endfacet
 facet normal 4.04491e-17 -0.999367 -0.0355794
  outer loop
   vertex 13.335 4.55 3.50926
   vertex 13.335 4.55009 3.50698
   vertex 15.735 4.55 3.50926
  endloop
 endfacet
 facet normal -1.12593e-17 -0.999951 0.00990381
  outer loop
   vertex 13.335 4.55003 3.51153
   vertex 13.335 4.55 3.50926
   vertex 15.735 4.55003 3.51153
  endloop
 endfacet
 facet normal 3.26461e-16 -0.998497 0.0548091
  outer loop
   vertex 13.335 4.55015 3.51375
   vertex 15.735 4.55003 3.51153
   vertex 15.735 4.55015 3.51375
  endloop
 endfacet
 facet normal -6.23101e-17 -0.998497 0.0548091
  outer loop
   vertex 13.335 4.55015 3.51375
   vertex 13.335 4.55003 3.51153
   vertex 15.735 4.55003 3.51153
  endloop
 endfacet
 facet normal -7.5044e-17 -0.995086 0.0990141
  outer loop
   vertex 13.335 4.55037 3.51594
   vertex 15.735 4.55015 3.51375
   vertex 15.735 4.55037 3.51594
  endloop
 endfacet
 facet normal 2.83289e-16 -0.995086 0.0990141
  outer loop
   vertex 13.335 4.55037 3.51594
   vertex 13.335 4.55015 3.51375
   vertex 15.735 4.55015 3.51375
  endloop
 endfacet
 facet normal -5.10009e-16 -0.989808 0.142407
  outer loop
   vertex 13.335 4.55068 3.51809
   vertex 15.735 4.55037 3.51594
   vertex 15.735 4.55068 3.51809
  endloop
 endfacet
 facet normal -1.07946e-16 -0.989808 0.142407
  outer loop
   vertex 13.335 4.55068 3.51809
   vertex 13.335 4.55037 3.51594
   vertex 15.735 4.55037 3.51594
  endloop
 endfacet
 facet normal -1.40129e-16 -0.98276 0.184888
  outer loop
   vertex 13.335 4.55107 3.52019
   vertex 15.735 4.55068 3.51809
   vertex 15.735 4.55107 3.52019
  endloop
 endfacet
 facet normal -5.47581e-16 -0.98276 0.184888
  outer loop
   vertex 13.335 4.55107 3.52019
   vertex 13.335 4.55068 3.51809
   vertex 15.735 4.55068 3.51809
  endloop
 endfacet
 facet normal -1.71567e-16 -0.974042 0.226368
  outer loop
   vertex 13.335 4.55155 3.52224
   vertex 15.735 4.55107 3.52019
   vertex 15.735 4.55155 3.52224
  endloop
 endfacet
 facet normal -1.71559e-16 -0.974042 0.226368
  outer loop
   vertex 13.335 4.55155 3.52224
   vertex 13.335 4.55107 3.52019
   vertex 15.735 4.55107 3.52019
  endloop
 endfacet
 facet normal 1.12488e-16 -0.96376 0.266769
  outer loop
   vertex 13.335 4.5521 3.52423
   vertex 15.735 4.55155 3.52224
   vertex 15.735 4.5521 3.52423
  endloop
 endfacet
 facet normal -2.02203e-16 -0.96376 0.266769
  outer loop
   vertex 13.335 4.5521 3.52423
   vertex 13.335 4.55155 3.52224
   vertex 15.735 4.55155 3.52224
  endloop
 endfacet
 facet normal 1.28834e-16 -0.952023 0.306026
  outer loop
   vertex 13.335 4.55272 3.52616
   vertex 15.735 4.5521 3.52423
   vertex 15.735 4.55272 3.52616
  endloop
 endfacet
 facet normal 7.085e-17 -0.952023 0.306026
  outer loop
   vertex 13.335 4.55272 3.52616
   vertex 13.335 4.5521 3.52423
   vertex 15.735 4.5521 3.52423
  endloop
 endfacet
 facet normal 6.17052e-17 -0.924619 0.380895
  outer loop
   vertex 13.335 4.55341 3.52804
   vertex 15.735 4.55341 3.52804
   vertex 15.735 4.55415 3.52985
  endloop
 endfacet
 facet normal 9.50327e-17 -0.93894 0.344082
  outer loop
   vertex 13.335 4.55341 3.52804
   vertex 15.735 4.55272 3.52616
   vertex 15.735 4.55341 3.52804
  endloop
 endfacet
 facet normal 9.50384e-17 -0.93894 0.344082
  outer loop
   vertex 13.335 4.55341 3.52804
   vertex 13.335 4.55272 3.52616
   vertex 15.735 4.55272 3.52616
  endloop
 endfacet
 facet normal 1.07823e-16 -0.909169 0.416428
  outer loop
   vertex 13.335 4.55415 3.52985
   vertex 15.735 4.55415 3.52985
   vertex 15.735 4.55495 3.53159
  endloop
 endfacet
 facet normal 1.33876e-16 -0.924619 0.380895
  outer loop
   vertex 13.335 4.55415 3.52985
   vertex 13.335 4.55341 3.52804
   vertex 15.735 4.55415 3.52985
  endloop
 endfacet
 facet normal -3.26703e-18 -0.892696 0.450659
  outer loop
   vertex 13.335 4.55495 3.53159
   vertex 15.735 4.55495 3.53159
   vertex 15.735 4.5558 3.53327
  endloop
 endfacet
 facet normal 2.89189e-17 -0.909169 0.416428
  outer loop
   vertex 13.335 4.55495 3.53159
   vertex 13.335 4.55415 3.52985
   vertex 15.735 4.55495 3.53159
  endloop
 endfacet
 facet normal -1.26427e-16 -0.875306 0.48357
  outer loop
   vertex 13.335 4.5558 3.53327
   vertex 15.735 4.5558 3.53327
   vertex 15.735 4.55669 3.53488
  endloop
 endfacet
 facet normal -8.8657e-17 -0.892696 0.450659
  outer loop
   vertex 13.335 4.5558 3.53327
   vertex 13.335 4.55495 3.53159
   vertex 15.735 4.5558 3.53327
  endloop
 endfacet
 facet normal -3.90685e-16 -0.856904 0.515475
  outer loop
   vertex 13.335 4.55669 3.53488
   vertex 15.735 4.55669 3.53488
   vertex 15.735 4.55764 3.53646
  endloop
 endfacet
 facet normal -3.66504e-16 -0.875306 0.48357
  outer loop
   vertex 13.335 4.55669 3.53488
   vertex 13.335 4.5558 3.53327
   vertex 15.735 4.55669 3.53488
  endloop
 endfacet
 facet normal 3.17153e-17 -0.856904 0.515475
  outer loop
   vertex 13.335 4.55764 3.53646
   vertex 13.335 4.55669 3.53488
   vertex 15.735 4.55764 3.53646
  endloop
 endfacet
 facet normal 2.8951e-16 -0.815768 0.578379
  outer loop
   vertex 13.335 4.55866 3.53803
   vertex 15.735 4.55866 3.53803
   vertex 15.735 4.55977 3.5396
  endloop
 endfacet
 facet normal 3.23546e-16 -0.837136 0.546994
  outer loop
   vertex 13.335 4.55866 3.53803
   vertex 15.735 4.55764 3.53646
   vertex 15.735 4.55866 3.53803
  endloop
 endfacet
 facet normal 6.3012e-18 -0.837136 0.546994
  outer loop
   vertex 13.335 4.55866 3.53803
   vertex 13.335 4.55764 3.53646
   vertex 15.735 4.55764 3.53646
  endloop
 endfacet
 facet normal -4.6058e-17 -0.792761 0.609533
  outer loop
   vertex 13.335 4.55977 3.5396
   vertex 15.735 4.55977 3.5396
   vertex 15.735 4.56097 3.54115
  endloop
 endfacet
 facet normal -1.96303e-17 -0.815768 0.578379
  outer loop
   vertex 13.335 4.55977 3.5396
   vertex 13.335 4.55866 3.53803
   vertex 15.735 4.55977 3.5396
  endloop
 endfacet
 facet normal -4.6058e-17 -0.792761 0.609533
  outer loop
   vertex 13.335 4.56097 3.54115
   vertex 13.335 4.55977 3.5396
   vertex 15.735 4.56097 3.54115
  endloop
 endfacet
 facet normal -7.29281e-17 -0.768082 0.640351
  outer loop
   vertex 13.335 4.56224 3.54268
   vertex 15.735 4.56097 3.54115
   vertex 15.735 4.56224 3.54268
  endloop
 endfacet
 facet normal -7.29364e-17 -0.768082 0.640351
  outer loop
   vertex 13.335 4.56224 3.54268
   vertex 13.335 4.56097 3.54115
   vertex 15.735 4.56097 3.54115
  endloop
 endfacet
 facet normal -3.98206e-16 -0.713622 0.700531
  outer loop
   vertex 13.335 4.5636 3.54418
   vertex 15.735 4.5636 3.54418
   vertex 15.735 4.56505 3.54566
  endloop
 endfacet
 facet normal -3.81262e-16 -0.741708 0.670723
  outer loop
   vertex 13.335 4.5636 3.54418
   vertex 15.735 4.56224 3.54268
   vertex 15.735 4.5636 3.54418
  endloop
 endfacet
 facet normal -1.00191e-16 -0.741708 0.670723
  outer loop
   vertex 13.335 4.5636 3.54418
   vertex 13.335 4.56224 3.54268
   vertex 15.735 4.56224 3.54268
  endloop
 endfacet
 facet normal -1.55624e-16 -0.683817 0.729654
  outer loop
   vertex 13.335 4.56505 3.54566
   vertex 15.735 4.56505 3.54566
   vertex 15.735 4.56658 3.54709
  endloop
 endfacet
 facet normal -1.27774e-16 -0.713622 0.700531
  outer loop
   vertex 13.335 4.56505 3.54566
   vertex 13.335 4.5636 3.54418
   vertex 15.735 4.56505 3.54566
  endloop
 endfacet
 facet normal -2.87236e-16 -0.652295 0.757965
  outer loop
   vertex 13.335 4.56658 3.54709
   vertex 15.735 4.56658 3.54709
   vertex 15.735 4.5682 3.54849
  endloop
 endfacet
 facet normal -2.76507e-16 -0.683817 0.729654
  outer loop
   vertex 13.335 4.56658 3.54709
   vertex 13.335 4.56505 3.54566
   vertex 15.735 4.56658 3.54709
  endloop
 endfacet
 facet normal -4.00445e-17 -0.652295 0.757965
  outer loop
   vertex 13.335 4.5682 3.54849
   vertex 13.335 4.56658 3.54709
   vertex 15.735 4.5682 3.54849
  endloop
 endfacet
 facet normal -6.29617e-17 -0.619071 0.785335
  outer loop
   vertex 13.335 4.56991 3.54983
   vertex 13.335 4.5682 3.54849
   vertex 15.735 4.5682 3.54849
  endloop
 endfacet
 facet normal -8.61971e-17 -0.584171 0.81163
  outer loop
   vertex 13.335 4.56991 3.54983
   vertex 15.735 4.56991 3.54983
   vertex 15.735 4.57169 3.55111
  endloop
 endfacet
 facet normal -6.30067e-17 -0.619071 0.785335
  outer loop
   vertex 13.335 4.56991 3.54983
   vertex 15.735 4.5682 3.54849
   vertex 15.735 4.56991 3.54983
  endloop
 endfacet
 facet normal 2.88964e-16 -0.584171 0.81163
  outer loop
   vertex 13.335 4.57169 3.55111
   vertex 13.335 4.56991 3.54983
   vertex 15.735 4.57169 3.55111
  endloop
 endfacet
 facet normal 2.56519e-16 -0.547634 0.836718
  outer loop
   vertex 13.335 4.57169 3.55111
   vertex 15.735 4.57169 3.55111
   vertex 15.735 4.57356 3.55234
  endloop
 endfacet
 facet normal -1.0955e-16 -0.547634 0.836718
  outer loop
   vertex 13.335 4.57356 3.55234
   vertex 13.335 4.57169 3.55111
   vertex 15.735 4.57356 3.55234
  endloop
 endfacet
 facet normal -1.56461e-16 -0.469865 0.882738
  outer loop
   vertex 13.335 4.5755 3.55349
   vertex 15.735 4.5755 3.55349
   vertex 15.735 4.57752 3.55456
  endloop
 endfacet
 facet normal -1.32997e-16 -0.50951 0.860465
  outer loop
   vertex 13.335 4.5755 3.55349
   vertex 15.735 4.57356 3.55234
   vertex 15.735 4.5755 3.55349
  endloop
 endfacet
 facet normal -1.32956e-16 -0.50951 0.860465
  outer loop
   vertex 13.335 4.5755 3.55349
   vertex 13.335 4.57356 3.55234
   vertex 15.735 4.57356 3.55234
  endloop
 endfacet
 facet normal -1.73779e-17 -0.428777 0.903411
  outer loop
   vertex 13.335 4.57752 3.55456
   vertex 15.735 4.57752 3.55456
   vertex 15.735 4.57961 3.55555
  endloop
 endfacet
 facet normal 2.15971e-17 -0.469865 0.882738
  outer loop
   vertex 13.335 4.57752 3.55456
   vertex 13.335 4.5755 3.55349
   vertex 15.735 4.57752 3.55456
  endloop
 endfacet
 facet normal -2.3149e-16 -0.386337 0.922357
  outer loop
   vertex 13.335 4.57961 3.55555
   vertex 15.735 4.57961 3.55555
   vertex 15.735 4.58177 3.55646
  endloop
 endfacet
 facet normal -1.88554e-16 -0.428777 0.903411
  outer loop
   vertex 13.335 4.57961 3.55555
   vertex 13.335 4.57752 3.55456
   vertex 15.735 4.57961 3.55555
  endloop
 endfacet
 facet normal 8.16929e-17 -0.342652 0.939462
  outer loop
   vertex 13.335 4.58177 3.55646
   vertex 15.735 4.58177 3.55646
   vertex 15.735 4.58398 3.55726
  endloop
 endfacet
 facet normal 1.18043e-16 -0.386337 0.922357
  outer loop
   vertex 13.335 4.58177 3.55646
   vertex 13.335 4.57961 3.55555
   vertex 15.735 4.58177 3.55646
  endloop
 endfacet
 facet normal -9.63146e-17 -0.342652 0.939462
  outer loop
   vertex 13.335 4.58398 3.55726
   vertex 13.335 4.58177 3.55646
   vertex 15.735 4.58398 3.55726
  endloop
 endfacet
 facet normal -1.36022e-16 -0.297839 0.954616
  outer loop
   vertex 13.335 4.58398 3.55726
   vertex 15.735 4.58398 3.55726
   vertex 15.735 4.58625 3.55797
  endloop
 endfacet
 facet normal -6.80109e-17 -0.297839 0.954616
  outer loop
   vertex 13.335 4.58625 3.55797
   vertex 13.335 4.58398 3.55726
   vertex 15.735 4.58625 3.55797
  endloop
 endfacet
 facet normal -8.78547e-17 -0.252027 0.96772
  outer loop
   vertex 13.335 4.58625 3.55797
   vertex 15.735 4.58625 3.55797
   vertex 15.735 4.58856 3.55857
  endloop
 endfacet
 facet normal -2.97978e-17 -0.205356 0.978687
  outer loop
   vertex 13.335 4.58856 3.55857
   vertex 15.735 4.58856 3.55857
   vertex 15.735 4.59091 3.55907
  endloop
 endfacet
 facet normal 7.65242e-18 -0.252027 0.96772
  outer loop
   vertex 13.335 4.58856 3.55857
   vertex 13.335 4.58625 3.55797
   vertex 15.735 4.58856 3.55857
  endloop
 endfacet
 facet normal 5.98663e-17 -0.157977 0.987443
  outer loop
   vertex 13.335 4.59091 3.55907
   vertex 15.735 4.59091 3.55907
   vertex 15.735 4.5933 3.55945
  endloop
 endfacet
 facet normal 7.7821e-17 -0.205356 0.978687
  outer loop
   vertex 13.335 4.59091 3.55907
   vertex 13.335 4.58856 3.55857
   vertex 15.735 4.59091 3.55907
  endloop
 endfacet
 facet normal 1.19733e-16 -0.157977 0.987443
  outer loop
   vertex 13.335 4.5933 3.55945
   vertex 13.335 4.59091 3.55907
   vertex 15.735 4.5933 3.55945
  endloop
 endfacet
 facet normal 7.01793e-17 -0.0617304 0.998093
  outer loop
   vertex 13.335 4.5957 3.55972
   vertex 15.735 4.5957 3.55972
   vertex 15.735 4.59813 3.55986
  endloop
 endfacet
 facet normal 1.25109e-16 -0.110047 0.993926
  outer loop
   vertex 13.335 4.5957 3.55972
   vertex 15.735 4.5933 3.55945
   vertex 15.735 4.5957 3.55972
  endloop
 endfacet
 facet normal 8.3399e-17 -0.110047 0.993926
  outer loop
   vertex 13.335 4.5957 3.55972
   vertex 13.335 4.5933 3.55945
   vertex 15.735 4.5933 3.55945
  endloop
 endfacet
 facet normal -1.65724e-16 -0.0617304 0.998093
  outer loop
   vertex 13.335 4.59813 3.55986
   vertex 13.335 4.5957 3.55972
   vertex 15.735 4.59813 3.55986
  endloop
 endfacet
 facet normal -2.6819e-17 0.0353853 0.999374
  outer loop
   vertex 13.335 4.60056 3.5599
   vertex 15.735 4.60056 3.5599
   vertex 15.735 4.60298 3.55981
  endloop
 endfacet
 facet normal 1.00013e-17 -0.0131959 0.999913
  outer loop
   vertex 13.335 4.60056 3.5599
   vertex 15.735 4.59813 3.55986
   vertex 15.735 4.60056 3.5599
  endloop
 endfacet
 facet normal -1.84461e-16 -0.0131959 0.999913
  outer loop
   vertex 13.335 4.60056 3.5599
   vertex 13.335 4.59813 3.55986
   vertex 15.735 4.59813 3.55986
  endloop
 endfacet
 facet normal 1.57039e-16 0.0838414 0.996479
  outer loop
   vertex 13.335 4.60298 3.55981
   vertex 15.735 4.60298 3.55981
   vertex 15.735 4.6054 3.55961
  endloop
 endfacet
 facet normal 1.7595e-16 0.0353853 0.999374
  outer loop
   vertex 13.335 4.60298 3.55981
   vertex 13.335 4.60056 3.5599
   vertex 15.735 4.60298 3.55981
  endloop
 endfacet
 facet normal -2.87866e-16 0.132002 0.991249
  outer loop
   vertex 13.335 4.6054 3.55961
   vertex 15.735 4.6054 3.55961
   vertex 15.735 4.6078 3.55929
  endloop
 endfacet
 facet normal -2.52355e-16 0.0838414 0.996479
  outer loop
   vertex 13.335 4.6054 3.55961
   vertex 13.335 4.60298 3.55981
   vertex 15.735 4.6054 3.55961
  endloop
 endfacet
 facet normal -1.00046e-16 0.132002 0.991249
  outer loop
   vertex 13.335 4.6078 3.55929
   vertex 13.335 4.6054 3.55961
   vertex 15.735 4.6078 3.55929
  endloop
 endfacet
 facet normal -8.59378e-17 0.226775 0.973947
  outer loop
   vertex 13.335 4.61017 3.55886
   vertex 15.735 4.61017 3.55886
   vertex 15.735 4.6125 3.55831
  endloop
 endfacet
 facet normal -6.80986e-17 0.1797 0.983721
  outer loop
   vertex 13.335 4.61017 3.55886
   vertex 15.735 4.6078 3.55929
   vertex 15.735 4.61017 3.55886
  endloop
 endfacet
 facet normal -1.36213e-16 0.1797 0.983721
  outer loop
   vertex 13.335 4.61017 3.55886
   vertex 13.335 4.6078 3.55929
   vertex 15.735 4.6078 3.55929
  endloop
 endfacet
 facet normal 9.86038e-17 0.226775 0.973947
  outer loop
   vertex 13.335 4.6125 3.55831
   vertex 13.335 4.61017 3.55886
   vertex 15.735 4.6125 3.55831
  endloop
 endfacet
 facet normal -4.20967e-16 0.318444 0.947942
  outer loop
   vertex 13.335 4.6148 3.55766
   vertex 15.735 4.6148 3.55766
   vertex 15.735 4.61704 3.55691
  endloop
 endfacet
 facet normal -3.89241e-16 0.273072 0.961994
  outer loop
   vertex 13.335 4.6148 3.55766
   vertex 15.735 4.6125 3.55831
   vertex 15.735 4.6148 3.55766
  endloop
 endfacet
 facet normal 7.87978e-17 0.273072 0.961994
  outer loop
   vertex 13.335 4.6148 3.55766
   vertex 13.335 4.6125 3.55831
   vertex 15.735 4.6125 3.55831
  endloop
 endfacet
 facet normal -4.20967e-16 0.318444 0.947942
  outer loop
   vertex 13.335 4.61704 3.55691
   vertex 13.335 4.6148 3.55766
   vertex 15.735 4.61704 3.55691
  endloop
 endfacet
 facet normal -1.53813e-16 0.405887 0.913923
  outer loop
   vertex 13.335 4.61923 3.55606
   vertex 15.735 4.61923 3.55606
   vertex 15.735 4.62135 3.55511
  endloop
 endfacet
 facet normal -1.37469e-16 0.362758 0.931884
  outer loop
   vertex 13.335 4.61923 3.55606
   vertex 15.735 4.61704 3.55691
   vertex 15.735 4.61923 3.55606
  endloop
 endfacet
 facet normal -4.51495e-16 0.362758 0.931884
  outer loop
   vertex 13.335 4.61923 3.55606
   vertex 13.335 4.61704 3.55691
   vertex 15.735 4.61704 3.55691
  endloop
 endfacet
 facet normal 1.93549e-17 0.405887 0.913923
  outer loop
   vertex 13.335 4.62135 3.55511
   vertex 13.335 4.61923 3.55606
   vertex 15.735 4.62135 3.55511
  endloop
 endfacet
 facet normal -1.84992e-16 0.488161 0.872754
  outer loop
   vertex 13.335 4.62341 3.55408
   vertex 15.735 4.62341 3.55408
   vertex 15.735 4.62539 3.55297
  endloop
 endfacet
 facet normal -1.69667e-16 0.447721 0.894173
  outer loop
   vertex 13.335 4.62341 3.55408
   vertex 15.735 4.62135 3.55511
   vertex 15.735 4.62341 3.55408
  endloop
 endfacet
 facet normal -2.41238e-19 0.447721 0.894173
  outer loop
   vertex 13.335 4.62341 3.55408
   vertex 13.335 4.62135 3.55511
   vertex 15.735 4.62135 3.55511
  endloop
 endfacet
 facet normal -3.50359e-16 0.488161 0.872754
  outer loop
   vertex 13.335 4.62539 3.55297
   vertex 13.335 4.62341 3.55408
   vertex 15.735 4.62539 3.55297
  endloop
 endfacet
 facet normal -1.99755e-16 0.52712 0.849791
  outer loop
   vertex 13.335 4.6273 3.55179
   vertex 15.735 4.62539 3.55297
   vertex 15.735 4.6273 3.55179
  endloop
 endfacet
 facet normal -3.60739e-16 0.52712 0.849791
  outer loop
   vertex 13.335 4.6273 3.55179
   vertex 13.335 4.62539 3.55297
   vertex 15.735 4.62539 3.55297
  endloop
 endfacet
 facet normal -2.13943e-16 0.564526 0.825415
  outer loop
   vertex 13.335 4.62913 3.55053
   vertex 13.335 4.6273 3.55179
   vertex 15.735 4.6273 3.55179
  endloop
 endfacet
 facet normal -2.71463e-16 0.564526 0.825415
  outer loop
   vertex 13.335 4.62913 3.55053
   vertex 15.735 4.6273 3.55179
   vertex 15.735 4.62913 3.55053
  endloop
 endfacet
 facet normal -3.03484e-16 0.600321 0.799759
  outer loop
   vertex 13.335 4.63088 3.54922
   vertex 13.335 4.62913 3.55053
   vertex 15.735 4.62913 3.55053
  endloop
 endfacet
 facet normal -2.27495e-16 0.600321 0.799759
  outer loop
   vertex 13.335 4.63088 3.54922
   vertex 15.735 4.62913 3.55053
   vertex 15.735 4.63088 3.54922
  endloop
 endfacet
 facet normal -2.40461e-16 0.634459 0.772956
  outer loop
   vertex 13.335 4.63255 3.54786
   vertex 13.335 4.63088 3.54922
   vertex 15.735 4.63088 3.54922
  endloop
 endfacet
 facet normal 2.92916e-16 0.634459 0.772956
  outer loop
   vertex 13.335 4.63255 3.54786
   vertex 15.735 4.63088 3.54922
   vertex 15.735 4.63255 3.54786
  endloop
 endfacet
 facet normal 2.82434e-16 0.666908 0.74514
  outer loop
   vertex 13.335 4.63413 3.54644
   vertex 13.335 4.63255 3.54786
   vertex 15.735 4.63255 3.54786
  endloop
 endfacet
 facet normal -2.52729e-16 0.666908 0.74514
  outer loop
   vertex 13.335 4.63413 3.54644
   vertex 15.735 4.63255 3.54786
   vertex 15.735 4.63413 3.54644
  endloop
 endfacet
 facet normal -2.6435e-16 0.697647 0.716442
  outer loop
   vertex 13.335 4.63562 3.54499
   vertex 13.335 4.63413 3.54644
   vertex 15.735 4.63413 3.54644
  endloop
 endfacet
 facet normal 1.3017e-16 0.726666 0.686991
  outer loop
   vertex 13.335 4.63562 3.54499
   vertex 15.735 4.63562 3.54499
   vertex 15.735 4.63703 3.5435
  endloop
 endfacet
 facet normal 1.3575e-16 0.697647 0.716442
  outer loop
   vertex 13.335 4.63562 3.54499
   vertex 15.735 4.63413 3.54644
   vertex 15.735 4.63562 3.54499
  endloop
 endfacet
 facet normal -2.75375e-16 0.726666 0.686991
  outer loop
   vertex 13.335 4.63703 3.5435
   vertex 13.335 4.63562 3.54499
   vertex 15.735 4.63703 3.5435
  endloop
 endfacet
 facet normal -2.85705e-16 0.753969 0.65691
  outer loop
   vertex 13.335 4.63835 3.54198
   vertex 13.335 4.63703 3.5435
   vertex 15.735 4.63703 3.5435
  endloop
 endfacet
 facet normal 1.18674e-16 0.779566 0.62632
  outer loop
   vertex 13.335 4.63835 3.54198
   vertex 15.735 4.63835 3.54198
   vertex 15.735 4.63959 3.54044
  endloop
 endfacet
 facet normal 1.2447e-16 0.753969 0.65691
  outer loop
   vertex 13.335 4.63835 3.54198
   vertex 15.735 4.63703 3.5435
   vertex 15.735 4.63835 3.54198
  endloop
 endfacet
 facet normal 1.18674e-16 0.779566 0.62632
  outer loop
   vertex 13.335 4.63959 3.54044
   vertex 13.335 4.63835 3.54198
   vertex 15.735 4.63959 3.54044
  endloop
 endfacet
 facet normal 1.12802e-16 0.803477 0.595336
  outer loop
   vertex 13.335 4.64074 3.53888
   vertex 13.335 4.63959 3.54044
   vertex 15.735 4.63959 3.54044
  endloop
 endfacet
 facet normal 1.06878e-16 0.825731 0.564063
  outer loop
   vertex 13.335 4.64074 3.53888
   vertex 15.735 4.64074 3.53888
   vertex 15.735 4.64182 3.53731
  endloop
 endfacet
 facet normal 1.12803e-16 0.803477 0.595336
  outer loop
   vertex 13.335 4.64074 3.53888
   vertex 15.735 4.63959 3.54044
   vertex 15.735 4.64074 3.53888
  endloop
 endfacet
 facet normal -3.12916e-16 0.825731 0.564063
  outer loop
   vertex 13.335 4.64182 3.53731
   vertex 13.335 4.64074 3.53888
   vertex 15.735 4.64182 3.53731
  endloop
 endfacet
 facet normal -3.20751e-16 0.846364 0.532606
  outer loop
   vertex 13.335 4.64281 3.53574
   vertex 13.335 4.64182 3.53731
   vertex 15.735 4.64182 3.53731
  endloop
 endfacet
 facet normal -9.49254e-17 0.865457 0.500983
  outer loop
   vertex 13.335 4.64281 3.53574
   vertex 15.735 4.64281 3.53574
   vertex 15.735 4.64372 3.53415
  endloop
 endfacet
 facet normal -1.00917e-16 0.846364 0.532606
  outer loop
   vertex 13.335 4.64281 3.53574
   vertex 15.735 4.64182 3.53731
   vertex 15.735 4.64281 3.53574
  endloop
 endfacet
 facet normal -9.49254e-17 0.865457 0.500983
  outer loop
   vertex 13.335 4.64372 3.53415
   vertex 13.335 4.64281 3.53574
   vertex 15.735 4.64372 3.53415
  endloop
 endfacet
 facet normal -8.88098e-17 0.883358 0.468699
  outer loop
   vertex 13.335 4.6446 3.53251
   vertex 13.335 4.64372 3.53415
   vertex 15.735 4.64372 3.53415
  endloop
 endfacet
 facet normal 8.24577e-17 0.900342 0.435183
  outer loop
   vertex 13.335 4.6446 3.53251
   vertex 15.735 4.6446 3.53251
   vertex 15.735 4.64542 3.5308
  endloop
 endfacet
 facet normal 8.88081e-17 0.883358 0.468699
  outer loop
   vertex 13.335 4.6446 3.53251
   vertex 15.735 4.64372 3.53415
   vertex 15.735 4.6446 3.53251
  endloop
 endfacet
 facet normal -8.24577e-17 0.900342 0.435183
  outer loop
   vertex 13.335 4.64542 3.5308
   vertex 13.335 4.6446 3.53251
   vertex 15.735 4.64542 3.5308
  endloop
 endfacet
 facet normal -7.58585e-17 0.91636 0.400355
  outer loop
   vertex 13.335 4.64542 3.5308
   vertex 15.735 4.64542 3.5308
   vertex 15.735 4.6462 3.52903
  endloop
 endfacet
 facet normal -7.58585e-17 0.91636 0.400355
  outer loop
   vertex 13.335 4.6462 3.52903
   vertex 13.335 4.64542 3.5308
   vertex 15.735 4.6462 3.52903
  endloop
 endfacet
 facet normal -6.90142e-17 0.931308 0.364233
  outer loop
   vertex 13.335 4.6462 3.52903
   vertex 15.735 4.6462 3.52903
   vertex 15.735 4.64692 3.52719
  endloop
 endfacet
 facet normal -3.52925e-16 0.931308 0.364233
  outer loop
   vertex 13.335 4.64692 3.52719
   vertex 13.335 4.6462 3.52903
   vertex 15.735 4.64692 3.52719
  endloop
 endfacet
 facet normal -3.58134e-16 0.945077 0.326848
  outer loop
   vertex 13.335 4.64757 3.52529
   vertex 13.335 4.64692 3.52719
   vertex 15.735 4.64692 3.52719
  endloop
 endfacet
 facet normal -0 0.945077 0.326848
  outer loop
   vertex 13.335 4.64757 3.52529
   vertex 15.735 4.64692 3.52719
   vertex 15.735 4.64757 3.52529
  endloop
 endfacet
 facet normal 0 0.957559 0.288237
  outer loop
   vertex 13.335 4.64816 3.52333
   vertex 13.335 4.64757 3.52529
   vertex 15.735 4.64757 3.52529
  endloop
 endfacet
 facet normal -0 0.957559 0.288237
  outer loop
   vertex 13.335 4.64816 3.52333
   vertex 15.735 4.64757 3.52529
   vertex 15.735 4.64816 3.52333
  endloop
 endfacet
 facet normal 0 0.968645 0.24845
  outer loop
   vertex 13.335 4.64868 3.52131
   vertex 13.335 4.64816 3.52333
   vertex 15.735 4.64816 3.52333
  endloop
 endfacet
 facet normal -0 0.978225 0.207547
  outer loop
   vertex 13.335 4.64868 3.52131
   vertex 15.735 4.64868 3.52131
   vertex 15.735 4.64912 3.51924
  endloop
 endfacet
 facet normal -0 0.968645 0.24845
  outer loop
   vertex 13.335 4.64868 3.52131
   vertex 15.735 4.64816 3.52333
   vertex 15.735 4.64868 3.52131
  endloop
 endfacet
 facet normal 3.93257e-17 0.978225 0.207547
  outer loop
   vertex 13.335 4.64912 3.51924
   vertex 13.335 4.64868 3.52131
   vertex 15.735 4.64912 3.51924
  endloop
 endfacet
 facet normal 3.13869e-17 0.986193 0.1656
  outer loop
   vertex 13.335 4.64948 3.51712
   vertex 13.335 4.64912 3.51924
   vertex 15.735 4.64912 3.51924
  endloop
 endfacet
 facet normal -0 0.986193 0.1656
  outer loop
   vertex 13.335 4.64948 3.51712
   vertex 15.735 4.64912 3.51924
   vertex 15.735 4.64948 3.51712
  endloop
 endfacet
 facet normal -2.32471e-17 0.992445 0.12269
  outer loop
   vertex 13.335 4.64974 3.51495
   vertex 15.735 4.64948 3.51712
   vertex 15.735 4.64974 3.51495
  endloop
 endfacet
 facet normal 0 0.992445 0.12269
  outer loop
   vertex 13.335 4.64974 3.51495
   vertex 13.335 4.64948 3.51712
   vertex 15.735 4.64948 3.51712
  endloop
 endfacet
 facet normal -6.51304e-18 0.999409 0.0343736
  outer loop
   vertex 13.335 4.64992 3.51274
   vertex 15.735 4.64992 3.51274
   vertex 15.735 4.65 3.5105
  endloop
 endfacet
 facet normal -1.49523e-17 0.996882 0.078913
  outer loop
   vertex 13.335 4.64992 3.51274
   vertex 15.735 4.64974 3.51495
   vertex 15.735 4.64992 3.51274
  endloop
 endfacet
 facet normal -1.49486e-17 0.996882 0.078913
  outer loop
   vertex 13.335 4.64992 3.51274
   vertex 13.335 4.64974 3.51495
   vertex 15.735 4.64974 3.51495
  endloop
 endfacet
 facet normal -6.51304e-18 0.999409 0.0343736
  outer loop
   vertex 13.335 4.65 3.5105
   vertex 13.335 4.64992 3.51274
   vertex 15.735 4.65 3.5105
  endloop
 endfacet
 facet normal -3.56934e-16 0.998402 -0.0565152
  outer loop
   vertex 13.335 4.64997 3.50822
   vertex 15.735 4.64997 3.50822
   vertex 15.735 4.64984 3.50593
  endloop
 endfacet
 facet normal -3.74837e-16 0.999942 -0.0108115
  outer loop
   vertex 13.335 4.64997 3.50822
   vertex 15.735 4.65 3.5105
   vertex 15.735 4.64997 3.50822
  endloop
 endfacet
 facet normal 2.04878e-18 0.999942 -0.0108115
  outer loop
   vertex 13.335 4.64997 3.50822
   vertex 13.335 4.65 3.5105
   vertex 15.735 4.65 3.5105
  endloop
 endfacet
 facet normal 3.96397e-16 0.994723 -0.102601
  outer loop
   vertex 13.335 4.64984 3.50593
   vertex 15.735 4.64984 3.50593
   vertex 15.735 4.6496 3.50362
  endloop
 endfacet
 facet normal 3.89059e-16 0.998402 -0.0565152
  outer loop
   vertex 13.335 4.64984 3.50593
   vertex 13.335 4.64997 3.50822
   vertex 15.735 4.64984 3.50593
  endloop
 endfacet
 facet normal -1.94406e-17 0.994723 -0.102601
  outer loop
   vertex 13.335 4.6496 3.50362
   vertex 13.335 4.64984 3.50593
   vertex 15.735 4.6496 3.50362
  endloop
 endfacet
 facet normal 5.64352e-17 0.988849 -0.148923
  outer loop
   vertex 13.335 4.64925 3.5013
   vertex 15.735 4.6496 3.50362
   vertex 15.735 4.64925 3.5013
  endloop
 endfacet
 facet normal -2.82215e-17 0.988849 -0.148923
  outer loop
   vertex 13.335 4.64925 3.5013
   vertex 13.335 4.6496 3.50362
   vertex 15.735 4.6496 3.50362
  endloop
 endfacet
 facet normal 0 0.980738 -0.195328
  outer loop
   vertex 13.335 4.64879 3.49898
   vertex 15.735 4.64925 3.5013
   vertex 15.735 4.64879 3.49898
  endloop
 endfacet
 facet normal 7.40063e-17 0.980738 -0.195328
  outer loop
   vertex 13.335 4.64879 3.49898
   vertex 13.335 4.64925 3.5013
   vertex 15.735 4.64925 3.5013
  endloop
 endfacet
 facet normal 5.45221e-17 0.957706 -0.287749
  outer loop
   vertex 13.335 4.64822 3.49666
   vertex 15.735 4.64822 3.49666
   vertex 15.735 4.64753 3.49437
  endloop
 endfacet
 facet normal 4.57889e-17 0.970361 -0.241658
  outer loop
   vertex 13.335 4.64822 3.49666
   vertex 15.735 4.64879 3.49898
   vertex 15.735 4.64822 3.49666
  endloop
 endfacet
 facet normal 0 0.970361 -0.241658
  outer loop
   vertex 13.335 4.64822 3.49666
   vertex 13.335 4.64879 3.49898
   vertex 15.735 4.64879 3.49898
  endloop
 endfacet
 facet normal 0 0.957706 -0.287749
  outer loop
   vertex 13.335 4.64753 3.49437
   vertex 13.335 4.64822 3.49666
   vertex 15.735 4.64753 3.49437
  endloop
 endfacet
 facet normal 7.17264e-17 0.925582 -0.378547
  outer loop
   vertex 13.335 4.64672 3.4921
   vertex 15.735 4.64672 3.4921
   vertex 15.735 4.64581 3.48986
  endloop
 endfacet
 facet normal 6.31785e-17 0.942773 -0.333435
  outer loop
   vertex 13.335 4.64672 3.4921
   vertex 15.735 4.64753 3.49437
   vertex 15.735 4.64672 3.4921
  endloop
 endfacet
 facet normal 0 0.942773 -0.333435
  outer loop
   vertex 13.335 4.64672 3.4921
   vertex 13.335 4.64753 3.49437
   vertex 15.735 4.64753 3.49437
  endloop
 endfacet
 facet normal 7.17264e-17 0.925582 -0.378547
  outer loop
   vertex 13.335 4.64581 3.48986
   vertex 13.335 4.64672 3.4921
   vertex 15.735 4.64581 3.48986
  endloop
 endfacet
 facet normal 8.01343e-17 0.906166 -0.422921
  outer loop
   vertex 13.335 4.64581 3.48986
   vertex 15.735 4.64581 3.48986
   vertex 15.735 4.64478 3.48766
  endloop
 endfacet
 facet normal 0 0.906166 -0.422921
  outer loop
   vertex 13.335 4.64478 3.48766
   vertex 13.335 4.64581 3.48986
   vertex 15.735 4.64478 3.48766
  endloop
 endfacet
 facet normal 0 0.884577 -0.466394
  outer loop
   vertex 13.335 4.64478 3.48766
   vertex 15.735 4.64478 3.48766
   vertex 15.735 4.64365 3.48551
  endloop
 endfacet
 facet normal 0 0.884577 -0.466394
  outer loop
   vertex 13.335 4.64365 3.48551
   vertex 13.335 4.64478 3.48766
   vertex 15.735 4.64365 3.48551
  endloop
 endfacet
 facet normal 0 0.860881 -0.508806
  outer loop
   vertex 13.335 4.64241 3.48342
   vertex 13.335 4.64365 3.48551
   vertex 15.735 4.64365 3.48551
  endloop
 endfacet
 facet normal 0 0.860881 -0.508806
  outer loop
   vertex 13.335 4.64241 3.48342
   vertex 15.735 4.64365 3.48551
   vertex 15.735 4.64241 3.48342
  endloop
 endfacet
 facet normal 0 0.835159 -0.550008
  outer loop
   vertex 13.335 4.64108 3.48139
   vertex 13.335 4.64241 3.48342
   vertex 15.735 4.64241 3.48342
  endloop
 endfacet
 facet normal 0 0.835159 -0.550008
  outer loop
   vertex 13.335 4.64108 3.48139
   vertex 15.735 4.64241 3.48342
   vertex 15.735 4.64108 3.48139
  endloop
 endfacet
 facet normal 0 0.807508 -0.589856
  outer loop
   vertex 13.335 4.63965 3.47944
   vertex 13.335 4.64108 3.48139
   vertex 15.735 4.64108 3.48139
  endloop
 endfacet
 facet normal 2.94842e-16 0.778037 -0.628218
  outer loop
   vertex 13.335 4.63965 3.47944
   vertex 15.735 4.63965 3.47944
   vertex 15.735 4.63813 3.47756
  endloop
 endfacet
 facet normal 3.0601e-16 0.807508 -0.589856
  outer loop
   vertex 13.335 4.63965 3.47944
   vertex 15.735 4.64108 3.48139
   vertex 15.735 4.63965 3.47944
  endloop
 endfacet
 facet normal -1.19034e-16 0.778037 -0.628218
  outer loop
   vertex 13.335 4.63813 3.47756
   vertex 13.335 4.63965 3.47944
   vertex 15.735 4.63813 3.47756
  endloop
 endfacet
 facet normal -1.25998e-16 0.746866 -0.664975
  outer loop
   vertex 13.335 4.63813 3.47756
   vertex 15.735 4.63813 3.47756
   vertex 15.735 4.63653 3.47576
  endloop
 endfacet
 facet normal 0 0.746866 -0.664975
  outer loop
   vertex 13.335 4.63653 3.47576
   vertex 13.335 4.63813 3.47756
   vertex 15.735 4.63653 3.47576
  endloop
 endfacet
 facet normal 0 0.714125 -0.700018
  outer loop
   vertex 13.335 4.63653 3.47576
   vertex 15.735 4.63653 3.47576
   vertex 15.735 4.63486 3.47406
  endloop
 endfacet
 facet normal 1.32638e-16 0.714125 -0.700018
  outer loop
   vertex 13.335 4.63486 3.47406
   vertex 13.335 4.63653 3.47576
   vertex 15.735 4.63486 3.47406
  endloop
 endfacet
 facet normal 1.38936e-16 0.679954 -0.733255
  outer loop
   vertex 13.335 4.63486 3.47406
   vertex 15.735 4.63486 3.47406
   vertex 15.735 4.63312 3.47244
  endloop
 endfacet
 facet normal 0 0.679954 -0.733255
  outer loop
   vertex 13.335 4.63312 3.47244
   vertex 13.335 4.63486 3.47406
   vertex 15.735 4.63312 3.47244
  endloop
 endfacet
 facet normal 0 0.644498 -0.764606
  outer loop
   vertex 13.335 4.63131 3.47092
   vertex 13.335 4.63312 3.47244
   vertex 15.735 4.63312 3.47244
  endloop
 endfacet
 facet normal -9.93603e-17 0.644498 -0.764606
  outer loop
   vertex 13.335 4.63131 3.47092
   vertex 15.735 4.63312 3.47244
   vertex 15.735 4.63131 3.47092
  endloop
 endfacet
 facet normal -7.99007e-17 0.607907 -0.794008
  outer loop
   vertex 13.335 4.62946 3.4695
   vertex 13.335 4.63131 3.47092
   vertex 15.735 4.63131 3.47092
  endloop
 endfacet
 facet normal 3.00894e-16 0.607907 -0.794008
  outer loop
   vertex 13.335 4.62946 3.4695
   vertex 15.735 4.63131 3.47092
   vertex 15.735 4.62946 3.4695
  endloop
 endfacet
 facet normal 3.11247e-16 0.570334 -0.821413
  outer loop
   vertex 13.335 4.62756 3.46818
   vertex 13.335 4.62946 3.4695
   vertex 15.735 4.62946 3.4695
  endloop
 endfacet
 facet normal 0 0.531934 -0.846786
  outer loop
   vertex 13.335 4.62756 3.46818
   vertex 15.735 4.62756 3.46818
   vertex 15.735 4.62562 3.46696
  endloop
 endfacet
 facet normal 0 0.570334 -0.821413
  outer loop
   vertex 13.335 4.62756 3.46818
   vertex 15.735 4.62946 3.4695
   vertex 15.735 4.62756 3.46818
  endloop
 endfacet
 facet normal 3.20895e-16 0.531934 -0.846786
  outer loop
   vertex 13.335 4.62562 3.46696
   vertex 13.335 4.62756 3.46818
   vertex 15.735 4.62562 3.46696
  endloop
 endfacet
 facet normal 3.29733e-16 0.492858 -0.870109
  outer loop
   vertex 13.335 4.62562 3.46696
   vertex 15.735 4.62562 3.46696
   vertex 15.735 4.62365 3.46585
  endloop
 endfacet
 facet normal 1.64867e-16 0.492858 -0.870109
  outer loop
   vertex 13.335 4.62365 3.46585
   vertex 13.335 4.62562 3.46696
   vertex 15.735 4.62365 3.46585
  endloop
 endfacet
 facet normal 1.68868e-16 0.453259 -0.891379
  outer loop
   vertex 13.335 4.62166 3.46484
   vertex 13.335 4.62365 3.46585
   vertex 15.735 4.62365 3.46585
  endloop
 endfacet
 facet normal 3.40662e-16 0.453259 -0.891379
  outer loop
   vertex 13.335 4.62166 3.46484
   vertex 15.735 4.62365 3.46585
   vertex 15.735 4.62166 3.46484
  endloop
 endfacet
 facet normal 3.29121e-16 0.413282 -0.910603
  outer loop
   vertex 13.335 4.61966 3.46393
   vertex 13.335 4.62166 3.46484
   vertex 15.735 4.62166 3.46484
  endloop
 endfacet
 facet normal 3.45079e-16 0.413282 -0.910603
  outer loop
   vertex 13.335 4.61966 3.46393
   vertex 15.735 4.62166 3.46484
   vertex 15.735 4.61966 3.46393
  endloop
 endfacet
 facet normal 3.51594e-16 0.37307 -0.927803
  outer loop
   vertex 13.335 4.61764 3.46312
   vertex 13.335 4.61966 3.46393
   vertex 15.735 4.61966 3.46393
  endloop
 endfacet
 facet normal 1.75798e-16 0.37307 -0.927803
  outer loop
   vertex 13.335 4.61764 3.46312
   vertex 15.735 4.61966 3.46393
   vertex 15.735 4.61764 3.46312
  endloop
 endfacet
 facet normal 1.78698e-16 0.332757 -0.943013
  outer loop
   vertex 13.335 4.61563 3.4624
   vertex 13.335 4.61764 3.46312
   vertex 15.735 4.61764 3.46312
  endloop
 endfacet
 facet normal 1.81193e-16 0.292472 -0.956274
  outer loop
   vertex 13.335 4.61563 3.4624
   vertex 15.735 4.61563 3.4624
   vertex 15.735 4.61361 3.46179
  endloop
 endfacet
 facet normal 1.7868e-16 0.332757 -0.943013
  outer loop
   vertex 13.335 4.61563 3.4624
   vertex 15.735 4.61764 3.46312
   vertex 15.735 4.61563 3.4624
  endloop
 endfacet
 facet normal 1.81193e-16 0.292472 -0.956274
  outer loop
   vertex 13.335 4.61361 3.46179
   vertex 13.335 4.61563 3.4624
   vertex 15.735 4.61361 3.46179
  endloop
 endfacet
 facet normal 1.83347e-16 0.252335 -0.96764
  outer loop
   vertex 13.335 4.61361 3.46179
   vertex 15.735 4.61361 3.46179
   vertex 15.735 4.61161 3.46127
  endloop
 endfacet
 facet normal 9.56239e-17 0.252335 -0.96764
  outer loop
   vertex 13.335 4.61161 3.46127
   vertex 13.335 4.61361 3.46179
   vertex 15.735 4.61161 3.46127
  endloop
 endfacet
 facet normal 7.96843e-17 0.210273 -0.977643
  outer loop
   vertex 13.335 4.61161 3.46127
   vertex 15.735 4.61161 3.46127
   vertex 15.735 4.60941 3.46079
  endloop
 endfacet
 facet normal 3.70484e-16 0.210273 -0.977643
  outer loop
   vertex 13.335 4.60941 3.46079
   vertex 13.335 4.61161 3.46127
   vertex 15.735 4.60941 3.46079
  endloop
 endfacet
 facet normal 3.73833e-16 0.164027 -0.986456
  outer loop
   vertex 13.335 4.60699 3.46039
   vertex 13.335 4.60941 3.46079
   vertex 15.735 4.60941 3.46079
  endloop
 endfacet
 facet normal 3.73824e-16 0.164027 -0.986456
  outer loop
   vertex 13.335 4.60699 3.46039
   vertex 15.735 4.60941 3.46079
   vertex 15.735 4.60699 3.46039
  endloop
 endfacet
 facet normal 3.78055e-16 0.068905 -0.997623
  outer loop
   vertex 13.335 4.60461 3.46011
   vertex 15.735 4.60461 3.46011
   vertex 15.735 4.60228 3.45995
  endloop
 endfacet
 facet normal 3.76397e-16 0.116028 -0.993246
  outer loop
   vertex 13.335 4.60461 3.46011
   vertex 15.735 4.60699 3.46039
   vertex 15.735 4.60461 3.46011
  endloop
 endfacet
 facet normal 3.76393e-16 0.116028 -0.993246
  outer loop
   vertex 13.335 4.60461 3.46011
   vertex 13.335 4.60699 3.46039
   vertex 15.735 4.60699 3.46039
  endloop
 endfacet
 facet normal 3.78055e-16 0.068905 -0.997623
  outer loop
   vertex 13.335 4.60228 3.45995
   vertex 13.335 4.60461 3.46011
   vertex 15.735 4.60228 3.45995
  endloop
 endfacet
 facet normal 1.89429e-16 0.0227902 -0.99974
  outer loop
   vertex 13.335 4.6 3.4599
   vertex 15.735 4.60228 3.45995
   vertex 15.735 4.6 3.4599
  endloop
 endfacet
 facet normal 3.78857e-16 0.0227902 -0.99974
  outer loop
   vertex 13.335 4.6 3.4599
   vertex 13.335 4.60228 3.45995
   vertex 15.735 4.60228 3.45995
  endloop
 endfacet
 facet normal -1 0 0
  outer loop
   vertex 13.335 4.56505 3.54566
   vertex 13.335 4.56224 3.54268
   vertex 13.335 4.5636 3.54418
  endloop
 endfacet
 facet normal -1 0 -0
  outer loop
   vertex 13.335 4.56658 3.54709
   vertex 13.335 4.5682 3.54849
   vertex 13.335 4.56505 3.54566
  endloop
 endfacet
 facet normal -1 0 -0
  outer loop
   vertex 13.335 4.5682 3.54849
   vertex 13.335 4.56991 3.54983
   vertex 13.335 4.56505 3.54566
  endloop
 endfacet
 facet normal -1 0 -0
  outer loop
   vertex 13.335 4.56991 3.54983
   vertex 13.335 4.57169 3.55111
   vertex 13.335 4.56505 3.54566
  endloop
 endfacet
 facet normal -1 0 0
  outer loop
   vertex 13.335 4.56097 3.54115
   vertex 13.335 4.55866 3.53803
   vertex 13.335 4.55977 3.5396
  endloop
 endfacet
 facet normal -1 0 0
  outer loop
   vertex 13.335 4.56097 3.54115
   vertex 13.335 4.5558 3.53327
   vertex 13.335 4.55866 3.53803
  endloop
 endfacet
 facet normal -1 0 0
  outer loop
   vertex 13.335 4.55866 3.53803
   vertex 13.335 4.5558 3.53327
   vertex 13.335 4.55764 3.53646
  endloop
 endfacet
 facet normal -1 0 0
  outer loop
   vertex 13.335 4.55764 3.53646
   vertex 13.335 4.5558 3.53327
   vertex 13.335 4.55669 3.53488
  endloop
 endfacet
 facet normal -1 -1.78262e-11 3.01051e-11
  outer loop
   vertex 13.335 4.5755 3.55349
   vertex 13.335 4.57752 3.55456
   vertex 13.335 4.57356 3.55234
  endloop
 endfacet
 facet normal -1 -6.46925e-12 9.88423e-12
  outer loop
   vertex 13.335 4.57356 3.55234
   vertex 13.335 4.57752 3.55456
   vertex 13.335 4.57169 3.55111
  endloop
 endfacet
 facet normal -1 0 0
  outer loop
   vertex 13.335 4.56097 3.54115
   vertex 13.335 4.55495 3.53159
   vertex 13.335 4.5558 3.53327
  endloop
 endfacet
 facet normal -1 1.1357e-11 -2.02593e-11
  outer loop
   vertex 13.335 4.57752 3.55456
   vertex 13.335 4.57961 3.55555
   vertex 13.335 4.57169 3.55111
  endloop
 endfacet
 facet normal -1 0 0
  outer loop
   vertex 13.335 4.56097 3.54115
   vertex 13.335 4.55415 3.52985
   vertex 13.335 4.55495 3.53159
  endloop
 endfacet
 facet normal -1 0 0
  outer loop
   vertex 13.335 4.56097 3.54115
   vertex 13.335 4.55341 3.52804
   vertex 13.335 4.55415 3.52985
  endloop
 endfacet
 facet normal -1 0 0
  outer loop
   vertex 13.335 4.56224 3.54268
   vertex 13.335 4.55341 3.52804
   vertex 13.335 4.56097 3.54115
  endloop
 endfacet
 facet normal -1 0 0
  outer loop
   vertex 13.335 4.56224 3.54268
   vertex 13.335 4.55272 3.52616
   vertex 13.335 4.55341 3.52804
  endloop
 endfacet
 facet normal -1 0 -0
  outer loop
   vertex 13.335 4.58177 3.55646
   vertex 13.335 4.58398 3.55726
   vertex 13.335 4.57961 3.55555
  endloop
 endfacet
 facet normal -1 0 0
  outer loop
   vertex 13.335 4.56505 3.54566
   vertex 13.335 4.55155 3.52224
   vertex 13.335 4.56224 3.54268
  endloop
 endfacet
 facet normal -1 0 0
  outer loop
   vertex 13.335 4.56224 3.54268
   vertex 13.335 4.55155 3.52224
   vertex 13.335 4.55272 3.52616
  endloop
 endfacet
 facet normal -1 0 0
  outer loop
   vertex 13.335 4.55272 3.52616
   vertex 13.335 4.55155 3.52224
   vertex 13.335 4.5521 3.52423
  endloop
 endfacet
 facet normal -1 0 -0
  outer loop
   vertex 13.335 4.58625 3.55797
   vertex 13.335 4.58856 3.55857
   vertex 13.335 4.58398 3.55726
  endloop
 endfacet
 facet normal -1 0 0
  outer loop
   vertex 13.335 4.56505 3.54566
   vertex 13.335 4.55107 3.52019
   vertex 13.335 4.55155 3.52224
  endloop
 endfacet
 facet normal -1 0 0
  outer loop
   vertex 13.335 4.55107 3.52019
   vertex 13.335 4.55037 3.51594
   vertex 13.335 4.55068 3.51809
  endloop
 endfacet
 facet normal -1 0 0
  outer loop
   vertex 13.335 4.55037 3.51594
   vertex 13.335 4.55003 3.51153
   vertex 13.335 4.55015 3.51375
  endloop
 endfacet
 facet normal -1 0 0
  outer loop
   vertex 13.335 4.57169 3.55111
   vertex 13.335 4.55003 3.51153
   vertex 13.335 4.56505 3.54566
  endloop
 endfacet
 facet normal -1 0 0
  outer loop
   vertex 13.335 4.56505 3.54566
   vertex 13.335 4.55003 3.51153
   vertex 13.335 4.55107 3.52019
  endloop
 endfacet
 facet normal -1 0 0
  outer loop
   vertex 13.335 4.55107 3.52019
   vertex 13.335 4.55003 3.51153
   vertex 13.335 4.55037 3.51594
  endloop
 endfacet
 facet normal -1 -1.90374e-12 3.07808e-11
  outer loop
   vertex 13.335 4.59813 3.55986
   vertex 13.335 4.60056 3.5599
   vertex 13.335 4.5957 3.55972
  endloop
 endfacet
 facet normal -1 2.34271e-11 1.37718e-12
  outer loop
   vertex 13.335 4.55003 3.51153
   vertex 13.335 4.55027 3.50467
   vertex 13.335 4.55 3.50926
  endloop
 endfacet
 facet normal -1 -6.86316e-11 -4.03455e-12
  outer loop
   vertex 13.335 4.55 3.50926
   vertex 13.335 4.55027 3.50467
   vertex 13.335 4.55009 3.50698
  endloop
 endfacet
 facet normal -1 2.58773e-12 3.07559e-11
  outer loop
   vertex 13.335 4.60298 3.55981
   vertex 13.335 4.6054 3.55961
   vertex 13.335 4.60056 3.5599
  endloop
 endfacet
 facet normal -1 -2.1619e-11 -4.35474e-12
  outer loop
   vertex 13.335 4.55027 3.50467
   vertex 13.335 4.55151 3.49772
   vertex 13.335 4.55057 3.50236
  endloop
 endfacet
 facet normal -1 0 0
  outer loop
   vertex 13.335 4.55057 3.50236
   vertex 13.335 4.55151 3.49772
   vertex 13.335 4.55098 3.50004
  endloop
 endfacet
 facet normal -1 7.46996e-12 8.0075e-13
  outer loop
   vertex 13.335 4.55003 3.51153
   vertex 13.335 4.55151 3.49772
   vertex 13.335 4.55027 3.50467
  endloop
 endfacet
 facet normal -1 -0 -0
  outer loop
   vertex 13.335 4.61017 3.55886
   vertex 13.335 4.6125 3.55831
   vertex 13.335 4.6078 3.55929
  endloop
 endfacet
 facet normal -1 0 0
  outer loop
   vertex 13.335 4.57169 3.55111
   vertex 13.335 4.55214 3.49542
   vertex 13.335 4.55003 3.51153
  endloop
 endfacet
 facet normal -1 0 0
  outer loop
   vertex 13.335 4.55003 3.51153
   vertex 13.335 4.55214 3.49542
   vertex 13.335 4.55151 3.49772
  endloop
 endfacet
 facet normal -1 0 0
  outer loop
   vertex 13.335 4.57961 3.55555
   vertex 13.335 4.55214 3.49542
   vertex 13.335 4.57169 3.55111
  endloop
 endfacet
 facet normal -1 0 0
  outer loop
   vertex 13.335 4.55214 3.49542
   vertex 13.335 4.55474 3.48866
   vertex 13.335 4.5529 3.49313
  endloop
 endfacet
 facet normal -1 0 0
  outer loop
   vertex 13.335 4.5529 3.49313
   vertex 13.335 4.55474 3.48866
   vertex 13.335 4.55376 3.49088
  endloop
 endfacet
 facet normal -1 0 0
  outer loop
   vertex 13.335 4.57961 3.55555
   vertex 13.335 4.55474 3.48866
   vertex 13.335 4.55214 3.49542
  endloop
 endfacet
 facet normal -1 5.54064e-13 2.66928e-12
  outer loop
   vertex 13.335 4.6125 3.55831
   vertex 13.335 4.62135 3.55511
   vertex 13.335 4.6078 3.55929
  endloop
 endfacet
 facet normal -1 2.56228e-11 6.15488e-11
  outer loop
   vertex 13.335 4.61923 3.55606
   vertex 13.335 4.62135 3.55511
   vertex 13.335 4.61704 3.55691
  endloop
 endfacet
 facet normal -1 -0 -0
  outer loop
   vertex 13.335 4.61704 3.55691
   vertex 13.335 4.62135 3.55511
   vertex 13.335 4.6148 3.55766
  endloop
 endfacet
 facet normal -1 -5.87854e-12 -1.51198e-11
  outer loop
   vertex 13.335 4.6148 3.55766
   vertex 13.335 4.62135 3.55511
   vertex 13.335 4.6125 3.55831
  endloop
 endfacet
 facet normal -1 2.04294e-13 1.53412e-12
  outer loop
   vertex 13.335 4.6078 3.55929
   vertex 13.335 4.62135 3.55511
   vertex 13.335 4.6054 3.55961
  endloop
 endfacet
 facet normal -1 -2.79816e-12 -9.11955e-12
  outer loop
   vertex 13.335 4.62135 3.55511
   vertex 13.335 4.62341 3.55408
   vertex 13.335 4.6054 3.55961
  endloop
 endfacet
 facet normal -1 -0 -0
  outer loop
   vertex 13.335 4.6273 3.55179
   vertex 13.335 4.62913 3.55053
   vertex 13.335 4.62539 3.55297
  endloop
 endfacet
 facet normal -1 -0 -0
  outer loop
   vertex 13.335 4.62539 3.55297
   vertex 13.335 4.63088 3.54922
   vertex 13.335 4.62341 3.55408
  endloop
 endfacet
 facet normal -1 -0 -0
  outer loop
   vertex 13.335 4.62913 3.55053
   vertex 13.335 4.63088 3.54922
   vertex 13.335 4.62539 3.55297
  endloop
 endfacet
 facet normal -1 0 0
  outer loop
   vertex 13.335 4.55474 3.48866
   vertex 13.335 4.56116 3.47841
   vertex 13.335 4.55582 3.48649
  endloop
 endfacet
 facet normal -1 0 0
  outer loop
   vertex 13.335 4.55582 3.48649
   vertex 13.335 4.56116 3.47841
   vertex 13.335 4.55701 3.48437
  endloop
 endfacet
 facet normal -1 0 0
  outer loop
   vertex 13.335 4.55701 3.48437
   vertex 13.335 4.56116 3.47841
   vertex 13.335 4.5583 3.48231
  endloop
 endfacet
 facet normal -1 0 0
  outer loop
   vertex 13.335 4.5583 3.48231
   vertex 13.335 4.56116 3.47841
   vertex 13.335 4.55969 3.48032
  endloop
 endfacet
 facet normal -1 0 0
  outer loop
   vertex 13.335 4.57961 3.55555
   vertex 13.335 4.56116 3.47841
   vertex 13.335 4.55474 3.48866
  endloop
 endfacet
 facet normal -1 0 0
  outer loop
   vertex 13.335 4.57961 3.55555
   vertex 13.335 4.56273 3.47657
   vertex 13.335 4.56116 3.47841
  endloop
 endfacet
 facet normal -1 0 0
  outer loop
   vertex 13.335 4.58398 3.55726
   vertex 13.335 4.56273 3.47657
   vertex 13.335 4.57961 3.55555
  endloop
 endfacet
 facet normal -1 -0 -0
  outer loop
   vertex 13.335 4.63255 3.54786
   vertex 13.335 4.63413 3.54644
   vertex 13.335 4.63088 3.54922
  endloop
 endfacet
 facet normal -1 0 0
  outer loop
   vertex 13.335 4.56273 3.47657
   vertex 13.335 4.56608 3.47317
   vertex 13.335 4.56437 3.47482
  endloop
 endfacet
 facet normal -1 0 0
  outer loop
   vertex 13.335 4.58398 3.55726
   vertex 13.335 4.56608 3.47317
   vertex 13.335 4.56273 3.47657
  endloop
 endfacet
 facet normal -1 0 0
  outer loop
   vertex 13.335 4.58856 3.55857
   vertex 13.335 4.56608 3.47317
   vertex 13.335 4.58398 3.55726
  endloop
 endfacet
 facet normal -1 2.99581e-11 3.07652e-11
  outer loop
   vertex 13.335 4.63562 3.54499
   vertex 13.335 4.63703 3.5435
   vertex 13.335 4.63413 3.54644
  endloop
 endfacet
 facet normal -1 6.81796e-12 7.95614e-12
  outer loop
   vertex 13.335 4.63413 3.54644
   vertex 13.335 4.63703 3.5435
   vertex 13.335 4.63088 3.54922
  endloop
 endfacet
 facet normal -1 3.53307e-11 2.83855e-11
  outer loop
   vertex 13.335 4.63835 3.54198
   vertex 13.335 4.63959 3.54044
   vertex 13.335 4.63703 3.5435
  endloop
 endfacet
 facet normal -1 0 0
  outer loop
   vertex 13.335 4.56608 3.47317
   vertex 13.335 4.56969 3.47014
   vertex 13.335 4.56785 3.4716
  endloop
 endfacet
 facet normal -1 0 0
  outer loop
   vertex 13.335 4.58856 3.55857
   vertex 13.335 4.56969 3.47014
   vertex 13.335 4.56608 3.47317
  endloop
 endfacet
 facet normal -1 1.23738e-11 9.16839e-12
  outer loop
   vertex 13.335 4.63959 3.54044
   vertex 13.335 4.64074 3.53888
   vertex 13.335 4.63703 3.5435
  endloop
 endfacet
 facet normal -1 0 0
  outer loop
   vertex 13.335 4.56969 3.47014
   vertex 13.335 4.57349 3.46751
   vertex 13.335 4.57157 3.46877
  endloop
 endfacet
 facet normal -1 0 0
  outer loop
   vertex 13.335 4.5933 3.55945
   vertex 13.335 4.57349 3.46751
   vertex 13.335 4.59091 3.55907
  endloop
 endfacet
 facet normal -1 0 0
  outer loop
   vertex 13.335 4.59091 3.55907
   vertex 13.335 4.57349 3.46751
   vertex 13.335 4.58856 3.55857
  endloop
 endfacet
 facet normal -1 0 0
  outer loop
   vertex 13.335 4.58856 3.55857
   vertex 13.335 4.57349 3.46751
   vertex 13.335 4.56969 3.47014
  endloop
 endfacet
 facet normal -1 -0 -0
  outer loop
   vertex 13.335 4.64182 3.53731
   vertex 13.335 4.64281 3.53574
   vertex 13.335 4.64074 3.53888
  endloop
 endfacet
 facet normal -1 0 0
  outer loop
   vertex 13.335 4.5933 3.55945
   vertex 13.335 4.57545 3.46634
   vertex 13.335 4.57349 3.46751
  endloop
 endfacet
 facet normal -1 -0 -0
  outer loop
   vertex 13.335 4.64281 3.53574
   vertex 13.335 4.64372 3.53415
   vertex 13.335 4.64074 3.53888
  endloop
 endfacet
 facet normal -1 -0 -0
  outer loop
   vertex 13.335 4.64372 3.53415
   vertex 13.335 4.64542 3.5308
   vertex 13.335 4.64074 3.53888
  endloop
 endfacet
 facet normal -1 -0 -0
  outer loop
   vertex 13.335 4.63088 3.54922
   vertex 13.335 4.64542 3.5308
   vertex 13.335 4.62341 3.55408
  endloop
 endfacet
 facet normal -1 -0 -0
  outer loop
   vertex 13.335 4.6446 3.53251
   vertex 13.335 4.64542 3.5308
   vertex 13.335 4.64372 3.53415
  endloop
 endfacet
 facet normal -1 -2.23392e-12 -1.76309e-12
  outer loop
   vertex 13.335 4.63703 3.5435
   vertex 13.335 4.64542 3.5308
   vertex 13.335 4.63088 3.54922
  endloop
 endfacet
 facet normal -1 3.4922e-12 2.02173e-12
  outer loop
   vertex 13.335 4.64074 3.53888
   vertex 13.335 4.64542 3.5308
   vertex 13.335 4.63703 3.5435
  endloop
 endfacet
 facet normal -1 0 0
  outer loop
   vertex 13.335 4.57545 3.46634
   vertex 13.335 4.57943 3.46433
   vertex 13.335 4.57743 3.46529
  endloop
 endfacet
 facet normal -1 -0 -0
  outer loop
   vertex 13.335 4.64542 3.5308
   vertex 13.335 4.6462 3.52903
   vertex 13.335 4.62341 3.55408
  endloop
 endfacet
 facet normal -1 0 0
  outer loop
   vertex 13.335 4.5933 3.55945
   vertex 13.335 4.58547 3.46206
   vertex 13.335 4.57545 3.46634
  endloop
 endfacet
 facet normal -1 -7.52744e-13 7.88976e-14
  outer loop
   vertex 13.335 4.60056 3.5599
   vertex 13.335 4.58547 3.46206
   vertex 13.335 4.5957 3.55972
  endloop
 endfacet
 facet normal -1 0 0
  outer loop
   vertex 13.335 4.57943 3.46433
   vertex 13.335 4.58547 3.46206
   vertex 13.335 4.58144 3.46347
  endloop
 endfacet
 facet normal -1 0 0
  outer loop
   vertex 13.335 4.58144 3.46347
   vertex 13.335 4.58547 3.46206
   vertex 13.335 4.58345 3.46272
  endloop
 endfacet
 facet normal -1 0 0
  outer loop
   vertex 13.335 4.5957 3.55972
   vertex 13.335 4.58547 3.46206
   vertex 13.335 4.5933 3.55945
  endloop
 endfacet
 facet normal -1 0 0
  outer loop
   vertex 13.335 4.57545 3.46634
   vertex 13.335 4.58547 3.46206
   vertex 13.335 4.57943 3.46433
  endloop
 endfacet
 facet normal -1 -0 -0
  outer loop
   vertex 13.335 4.64757 3.52529
   vertex 13.335 4.64816 3.52333
   vertex 13.335 4.64692 3.52719
  endloop
 endfacet
 facet normal -1 -0 -0
  outer loop
   vertex 13.335 4.64692 3.52719
   vertex 13.335 4.64816 3.52333
   vertex 13.335 4.6462 3.52903
  endloop
 endfacet
 facet normal -1 -0 -0
  outer loop
   vertex 13.335 4.6462 3.52903
   vertex 13.335 4.64868 3.52131
   vertex 13.335 4.62341 3.55408
  endloop
 endfacet
 facet normal -1 -0 -0
  outer loop
   vertex 13.335 4.64816 3.52333
   vertex 13.335 4.64868 3.52131
   vertex 13.335 4.6462 3.52903
  endloop
 endfacet
 facet normal -1 0 0
  outer loop
   vertex 13.335 4.58547 3.46206
   vertex 13.335 4.59144 3.46064
   vertex 13.335 4.58747 3.46149
  endloop
 endfacet
 facet normal -1 0 0
  outer loop
   vertex 13.335 4.58747 3.46149
   vertex 13.335 4.59144 3.46064
   vertex 13.335 4.58947 3.46102
  endloop
 endfacet
 facet normal -1 -0 -0
  outer loop
   vertex 13.335 4.64912 3.51924
   vertex 13.335 4.64948 3.51712
   vertex 13.335 4.64868 3.52131
  endloop
 endfacet
 facet normal -1 0 0
  outer loop
   vertex 13.335 4.58547 3.46206
   vertex 13.335 4.59339 3.46034
   vertex 13.335 4.59144 3.46064
  endloop
 endfacet
 facet normal -1 -7.80828e-15 -3.59794e-14
  outer loop
   vertex 13.335 4.60056 3.5599
   vertex 13.335 4.59339 3.46034
   vertex 13.335 4.58547 3.46206
  endloop
 endfacet
 facet normal -1 0 0
  outer loop
   vertex 13.335 4.59339 3.46034
   vertex 13.335 4.59721 3.45998
   vertex 13.335 4.59532 3.46012
  endloop
 endfacet
 facet normal -1 -0 -0
  outer loop
   vertex 13.335 4.64948 3.51712
   vertex 13.335 4.65 3.5105
   vertex 13.335 4.64868 3.52131
  endloop
 endfacet
 facet normal -1 -0 -0
  outer loop
   vertex 13.335 4.64992 3.51274
   vertex 13.335 4.65 3.5105
   vertex 13.335 4.64974 3.51495
  endloop
 endfacet
 facet normal -1 -0 -0
  outer loop
   vertex 13.335 4.64974 3.51495
   vertex 13.335 4.65 3.5105
   vertex 13.335 4.64948 3.51712
  endloop
 endfacet
 facet normal -1 0 0
  outer loop
   vertex 13.335 4.59721 3.45998
   vertex 13.335 4.6 3.4599
   vertex 13.335 4.59862 3.45992
  endloop
 endfacet
 facet normal -1 0 0
  outer loop
   vertex 13.335 4.59339 3.46034
   vertex 13.335 4.6 3.4599
   vertex 13.335 4.59721 3.45998
  endloop
 endfacet
 facet normal -1 0 0
  outer loop
   vertex 13.335 4.6 3.4599
   vertex 13.335 4.60461 3.46011
   vertex 13.335 4.60228 3.45995
  endloop
 endfacet
 facet normal -1 -7.32947e-16 -3.64884e-14
  outer loop
   vertex 13.335 4.60056 3.5599
   vertex 13.335 4.60461 3.46011
   vertex 13.335 4.59339 3.46034
  endloop
 endfacet
 facet normal -1 0 0
  outer loop
   vertex 13.335 4.59339 3.46034
   vertex 13.335 4.60461 3.46011
   vertex 13.335 4.6 3.4599
  endloop
 endfacet
 facet normal -1 3.305e-11 -3.40894e-12
  outer loop
   vertex 13.335 4.6496 3.50362
   vertex 13.335 4.64925 3.5013
   vertex 13.335 4.64984 3.50593
  endloop
 endfacet
 facet normal -1 3.37105e-11 -3.49278e-12
  outer loop
   vertex 13.335 4.64984 3.50593
   vertex 13.335 4.64925 3.5013
   vertex 13.335 4.64997 3.50822
  endloop
 endfacet
 facet normal -1 -1.72451e-11 1.78678e-12
  outer loop
   vertex 13.335 4.64997 3.50822
   vertex 13.335 4.64925 3.5013
   vertex 13.335 4.65 3.5105
  endloop
 endfacet
 facet normal -1 3.55149e-12 -3.04023e-11
  outer loop
   vertex 13.335 4.60461 3.46011
   vertex 13.335 4.60941 3.46079
   vertex 13.335 4.60699 3.46039
  endloop
 endfacet
 facet normal -1 7.55027e-13 6.74503e-14
  outer loop
   vertex 13.335 4.6054 3.55961
   vertex 13.335 4.60941 3.46079
   vertex 13.335 4.60056 3.5599
  endloop
 endfacet
 facet normal -1 -7.48699e-13 -6.6885e-14
  outer loop
   vertex 13.335 4.60056 3.5599
   vertex 13.335 4.60941 3.46079
   vertex 13.335 4.60461 3.46011
  endloop
 endfacet
 facet normal -1 3.14445e-11 -7.83092e-12
  outer loop
   vertex 13.335 4.64879 3.49898
   vertex 13.335 4.64822 3.49666
   vertex 13.335 4.64925 3.5013
  endloop
 endfacet
 facet normal -1 -0 0
  outer loop
   vertex 13.335 4.64868 3.52131
   vertex 13.335 4.64822 3.49666
   vertex 13.335 4.62341 3.55408
  endloop
 endfacet
 facet normal -1 -0 0
  outer loop
   vertex 13.335 4.65 3.5105
   vertex 13.335 4.64822 3.49666
   vertex 13.335 4.64868 3.52131
  endloop
 endfacet
 facet normal -1 -8.23622e-12 1.05994e-12
  outer loop
   vertex 13.335 4.64925 3.5013
   vertex 13.335 4.64822 3.49666
   vertex 13.335 4.65 3.5105
  endloop
 endfacet
 facet normal -1 9.41629e-12 -3.6109e-11
  outer loop
   vertex 13.335 4.60941 3.46079
   vertex 13.335 4.61361 3.46179
   vertex 13.335 4.61161 3.46127
  endloop
 endfacet
 facet normal -1 -0 0
  outer loop
   vertex 13.335 4.64753 3.49437
   vertex 13.335 4.64672 3.4921
   vertex 13.335 4.64822 3.49666
  endloop
 endfacet
 facet normal -1 0 0
  outer loop
   vertex 13.335 4.61361 3.46179
   vertex 13.335 4.61966 3.46393
   vertex 13.335 4.61563 3.4624
  endloop
 endfacet
 facet normal -1 0 0
  outer loop
   vertex 13.335 4.61563 3.4624
   vertex 13.335 4.61966 3.46393
   vertex 13.335 4.61764 3.46312
  endloop
 endfacet
 facet normal -1 -0 0
  outer loop
   vertex 13.335 4.64672 3.4921
   vertex 13.335 4.64581 3.48986
   vertex 13.335 4.64822 3.49666
  endloop
 endfacet
 facet normal -1 -0 0
  outer loop
   vertex 13.335 4.64822 3.49666
   vertex 13.335 4.64478 3.48766
   vertex 13.335 4.62341 3.55408
  endloop
 endfacet
 facet normal -1 -0 0
  outer loop
   vertex 13.335 4.64581 3.48986
   vertex 13.335 4.64478 3.48766
   vertex 13.335 4.64822 3.49666
  endloop
 endfacet
 facet normal -1 0 0
  outer loop
   vertex 13.335 4.61966 3.46393
   vertex 13.335 4.62365 3.46585
   vertex 13.335 4.62166 3.46484
  endloop
 endfacet
 facet normal -1 0 0
  outer loop
   vertex 13.335 4.61361 3.46179
   vertex 13.335 4.62365 3.46585
   vertex 13.335 4.61966 3.46393
  endloop
 endfacet
 facet normal -1 0 0
  outer loop
   vertex 13.335 4.61361 3.46179
   vertex 13.335 4.62562 3.46696
   vertex 13.335 4.62365 3.46585
  endloop
 endfacet
 facet normal -1 2.65696e-11 -1.57034e-11
  outer loop
   vertex 13.335 4.64241 3.48342
   vertex 13.335 4.64108 3.48139
   vertex 13.335 4.64365 3.48551
  endloop
 endfacet
 facet normal -1 9.10344e-12 -4.79979e-12
  outer loop
   vertex 13.335 4.64365 3.48551
   vertex 13.335 4.64108 3.48139
   vertex 13.335 4.64478 3.48766
  endloop
 endfacet
 facet normal -1 0 0
  outer loop
   vertex 13.335 4.61361 3.46179
   vertex 13.335 4.62946 3.4695
   vertex 13.335 4.62562 3.46696
  endloop
 endfacet
 facet normal -1 0 0
  outer loop
   vertex 13.335 4.62562 3.46696
   vertex 13.335 4.62946 3.4695
   vertex 13.335 4.62756 3.46818
  endloop
 endfacet
 facet normal -1 1.68479e-12 -3.46198e-12
  outer loop
   vertex 13.335 4.60941 3.46079
   vertex 13.335 4.62946 3.4695
   vertex 13.335 4.61361 3.46179
  endloop
 endfacet
 facet normal -1 -1.74977e-11 1.09219e-11
  outer loop
   vertex 13.335 4.64108 3.48139
   vertex 13.335 4.63965 3.47944
   vertex 13.335 4.64478 3.48766
  endloop
 endfacet
 facet normal -1 4.19201e-13 -5.47533e-13
  outer loop
   vertex 13.335 4.60941 3.46079
   vertex 13.335 4.63131 3.47092
   vertex 13.335 4.62946 3.4695
  endloop
 endfacet
 facet normal -1 1.46306e-13 4.27524e-14
  outer loop
   vertex 13.335 4.6054 3.55961
   vertex 13.335 4.63131 3.47092
   vertex 13.335 4.60941 3.46079
  endloop
 endfacet
 facet normal -1 -0 0
  outer loop
   vertex 13.335 4.63965 3.47944
   vertex 13.335 4.63486 3.47406
   vertex 13.335 4.64478 3.48766
  endloop
 endfacet
 facet normal -1 0 0
  outer loop
   vertex 13.335 4.63131 3.47092
   vertex 13.335 4.63486 3.47406
   vertex 13.335 4.63312 3.47244
  endloop
 endfacet
 facet normal -1 0 0
  outer loop
   vertex 13.335 4.6054 3.55961
   vertex 13.335 4.63486 3.47406
   vertex 13.335 4.63131 3.47092
  endloop
 endfacet
 facet normal -1 -0 0
  outer loop
   vertex 13.335 4.63653 3.47576
   vertex 13.335 4.63486 3.47406
   vertex 13.335 4.63813 3.47756
  endloop
 endfacet
 facet normal -1 -0 0
  outer loop
   vertex 13.335 4.63813 3.47756
   vertex 13.335 4.63486 3.47406
   vertex 13.335 4.63965 3.47944
  endloop
 endfacet
 facet normal -1 -0 -0
  outer loop
   vertex 13.335 4.62341 3.55408
   vertex 13.335 4.63486 3.47406
   vertex 13.335 4.6054 3.55961
  endloop
 endfacet
 facet normal -1 -0 0
  outer loop
   vertex 13.335 4.64478 3.48766
   vertex 13.335 4.63486 3.47406
   vertex 13.335 4.62341 3.55408
  endloop
 endfacet
 facet normal 1 0 0
  outer loop
   vertex 15.735 4.56224 3.54268
   vertex 15.735 4.56505 3.54566
   vertex 15.735 4.5636 3.54418
  endloop
 endfacet
 facet normal 1 0 0
  outer loop
   vertex 15.735 4.55764 3.53646
   vertex 15.735 4.55977 3.5396
   vertex 15.735 4.55866 3.53803
  endloop
 endfacet
 facet normal 1 0 0
  outer loop
   vertex 15.735 4.57356 3.55234
   vertex 15.735 4.57169 3.55111
   vertex 15.735 4.56991 3.54983
  endloop
 endfacet
 facet normal 1 2.89802e-11 -1.97392e-11
  outer loop
   vertex 15.735 4.55669 3.53488
   vertex 15.735 4.55977 3.5396
   vertex 15.735 4.55764 3.53646
  endloop
 endfacet
 facet normal 1 0 0
  outer loop
   vertex 15.735 4.57752 3.55456
   vertex 15.735 4.5755 3.55349
   vertex 15.735 4.57356 3.55234
  endloop
 endfacet
 facet normal 1 -1.48571e-11 8.95246e-12
  outer loop
   vertex 15.735 4.55495 3.53159
   vertex 15.735 4.55977 3.5396
   vertex 15.735 4.55669 3.53488
  endloop
 endfacet
 facet normal 1 4.7372e-11 -2.39147e-11
  outer loop
   vertex 15.735 4.55495 3.53159
   vertex 15.735 4.55669 3.53488
   vertex 15.735 4.5558 3.53327
  endloop
 endfacet
 facet normal 1 0 0
  outer loop
   vertex 15.735 4.58177 3.55646
   vertex 15.735 4.57961 3.55555
   vertex 15.735 4.57752 3.55456
  endloop
 endfacet
 facet normal 1 0 0
  outer loop
   vertex 15.735 4.55272 3.52616
   vertex 15.735 4.55977 3.5396
   vertex 15.735 4.55495 3.53159
  endloop
 endfacet
 facet normal 1 0 0
  outer loop
   vertex 15.735 4.55272 3.52616
   vertex 15.735 4.55495 3.53159
   vertex 15.735 4.55415 3.52985
  endloop
 endfacet
 facet normal 1 0 0
  outer loop
   vertex 15.735 4.55272 3.52616
   vertex 15.735 4.55415 3.52985
   vertex 15.735 4.55341 3.52804
  endloop
 endfacet
 facet normal 1 0 0
  outer loop
   vertex 15.735 4.55155 3.52224
   vertex 15.735 4.55977 3.5396
   vertex 15.735 4.55272 3.52616
  endloop
 endfacet
 facet normal 1 0 0
  outer loop
   vertex 15.735 4.55155 3.52224
   vertex 15.735 4.56224 3.54268
   vertex 15.735 4.56097 3.54115
  endloop
 endfacet
 facet normal 1 0 0
  outer loop
   vertex 15.735 4.55155 3.52224
   vertex 15.735 4.56097 3.54115
   vertex 15.735 4.55977 3.5396
  endloop
 endfacet
 facet normal 1 0 0
  outer loop
   vertex 15.735 4.55155 3.52224
   vertex 15.735 4.55272 3.52616
   vertex 15.735 4.5521 3.52423
  endloop
 endfacet
 facet normal 1 9.51547e-12 -3.04984e-11
  outer loop
   vertex 15.735 4.58856 3.55857
   vertex 15.735 4.58625 3.55797
   vertex 15.735 4.58398 3.55726
  endloop
 endfacet
 facet normal 1 3.67757e-12 -1.00829e-11
  outer loop
   vertex 15.735 4.58856 3.55857
   vertex 15.735 4.58398 3.55726
   vertex 15.735 4.58177 3.55646
  endloop
 endfacet
 facet normal 1 1.77448e-12 -3.97586e-12
  outer loop
   vertex 15.735 4.58856 3.55857
   vertex 15.735 4.58177 3.55646
   vertex 15.735 4.57752 3.55456
  endloop
 endfacet
 facet normal 1 0 0
  outer loop
   vertex 15.735 4.55068 3.51809
   vertex 15.735 4.55155 3.52224
   vertex 15.735 4.55107 3.52019
  endloop
 endfacet
 facet normal 1 0 0
  outer loop
   vertex 15.735 4.55037 3.51594
   vertex 15.735 4.56505 3.54566
   vertex 15.735 4.56224 3.54268
  endloop
 endfacet
 facet normal 1 0 0
  outer loop
   vertex 15.735 4.55037 3.51594
   vertex 15.735 4.56224 3.54268
   vertex 15.735 4.55155 3.52224
  endloop
 endfacet
 facet normal 1 0 0
  outer loop
   vertex 15.735 4.55037 3.51594
   vertex 15.735 4.55155 3.52224
   vertex 15.735 4.55068 3.51809
  endloop
 endfacet
 facet normal 1 0 0
  outer loop
   vertex 15.735 4.55015 3.51375
   vertex 15.735 4.56505 3.54566
   vertex 15.735 4.55037 3.51594
  endloop
 endfacet
 facet normal 1 0 0
  outer loop
   vertex 15.735 4.55015 3.51375
   vertex 15.735 4.5682 3.54849
   vertex 15.735 4.56658 3.54709
  endloop
 endfacet
 facet normal 1 0 0
  outer loop
   vertex 15.735 4.55015 3.51375
   vertex 15.735 4.56658 3.54709
   vertex 15.735 4.56505 3.54566
  endloop
 endfacet
 facet normal 1 0 0
  outer loop
   vertex 15.735 4.59813 3.55986
   vertex 15.735 4.5957 3.55972
   vertex 15.735 4.5933 3.55945
  endloop
 endfacet
 facet normal 1 0 0
  outer loop
   vertex 15.735 4.59813 3.55986
   vertex 15.735 4.5933 3.55945
   vertex 15.735 4.59091 3.55907
  endloop
 endfacet
 facet normal 1 1.72326e-12 -1.55826e-11
  outer loop
   vertex 15.735 4.59813 3.55986
   vertex 15.735 4.59091 3.55907
   vertex 15.735 4.58856 3.55857
  endloop
 endfacet
 facet normal 1 1.17883e-11 -6.4708e-13
  outer loop
   vertex 15.735 4.55009 3.50698
   vertex 15.735 4.55015 3.51375
   vertex 15.735 4.55003 3.51153
  endloop
 endfacet
 facet normal 1 3.49653e-11 -3.46306e-13
  outer loop
   vertex 15.735 4.55009 3.50698
   vertex 15.735 4.55003 3.51153
   vertex 15.735 4.55 3.50926
  endloop
 endfacet
 facet normal 1 1.05185e-12 -5.46737e-13
  outer loop
   vertex 15.735 4.55009 3.50698
   vertex 15.735 4.5682 3.54849
   vertex 15.735 4.55015 3.51375
  endloop
 endfacet
 facet normal 1 1.0533e-13 -1.33618e-13
  outer loop
   vertex 15.735 4.55009 3.50698
   vertex 15.735 4.56991 3.54983
   vertex 15.735 4.5682 3.54849
  endloop
 endfacet
 facet normal 1 6.83986e-13 6.16459e-11
  outer loop
   vertex 15.735 4.60298 3.55981
   vertex 15.735 4.60056 3.5599
   vertex 15.735 4.59813 3.55986
  endloop
 endfacet
 facet normal 1 -3.33996e-11 -2.73143e-12
  outer loop
   vertex 15.735 4.55057 3.50236
   vertex 15.735 4.55009 3.50698
   vertex 15.735 4.55027 3.50467
  endloop
 endfacet
 facet normal 1 -2.60357e-12 -3.09442e-11
  outer loop
   vertex 15.735 4.6078 3.55929
   vertex 15.735 4.6054 3.55961
   vertex 15.735 4.60298 3.55981
  endloop
 endfacet
 facet normal 1 -3.18326e-11 -7.19661e-12
  outer loop
   vertex 15.735 4.55151 3.49772
   vertex 15.735 4.55057 3.50236
   vertex 15.735 4.55098 3.50004
  endloop
 endfacet
 facet normal 1 -1.37823e-13 -2.11512e-14
  outer loop
   vertex 15.735 4.55151 3.49772
   vertex 15.735 4.56991 3.54983
   vertex 15.735 4.55009 3.50698
  endloop
 endfacet
 facet normal 1 1.6357e-11 2.51026e-12
  outer loop
   vertex 15.735 4.55151 3.49772
   vertex 15.735 4.55009 3.50698
   vertex 15.735 4.55057 3.50236
  endloop
 endfacet
 facet normal 1 6.32498e-14 -9.21464e-14
  outer loop
   vertex 15.735 4.55151 3.49772
   vertex 15.735 4.57356 3.55234
   vertex 15.735 4.56991 3.54983
  endloop
 endfacet
 facet normal 1 0 0
  outer loop
   vertex 15.735 4.6125 3.55831
   vertex 15.735 4.60298 3.55981
   vertex 15.735 4.59813 3.55986
  endloop
 endfacet
 facet normal 1 2.43153e-12 1.54384e-11
  outer loop
   vertex 15.735 4.6125 3.55831
   vertex 15.735 4.6078 3.55929
   vertex 15.735 4.60298 3.55981
  endloop
 endfacet
 facet normal 1 -7.12255e-12 -3.05897e-11
  outer loop
   vertex 15.735 4.6125 3.55831
   vertex 15.735 4.61017 3.55886
   vertex 15.735 4.6078 3.55929
  endloop
 endfacet
 facet normal 1 0 0
  outer loop
   vertex 15.735 4.61704 3.55691
   vertex 15.735 4.6148 3.55766
   vertex 15.735 4.6125 3.55831
  endloop
 endfacet
 facet normal 1 -2.93312e-11 -1.12466e-11
  outer loop
   vertex 15.735 4.55376 3.49088
   vertex 15.735 4.55214 3.49542
   vertex 15.735 4.5529 3.49313
  endloop
 endfacet
 facet normal 1 1.47714e-11 5.66698e-12
  outer loop
   vertex 15.735 4.55474 3.48866
   vertex 15.735 4.55151 3.49772
   vertex 15.735 4.55214 3.49542
  endloop
 endfacet
 facet normal 1 -6.15836e-13 1.82041e-13
  outer loop
   vertex 15.735 4.55474 3.48866
   vertex 15.735 4.57356 3.55234
   vertex 15.735 4.55151 3.49772
  endloop
 endfacet
 facet normal 1 -2.91067e-11 -1.11667e-11
  outer loop
   vertex 15.735 4.55474 3.48866
   vertex 15.735 4.55214 3.49542
   vertex 15.735 4.55376 3.49088
  endloop
 endfacet
 facet normal 1 0 0
  outer loop
   vertex 15.735 4.55474 3.48866
   vertex 15.735 4.57752 3.55456
   vertex 15.735 4.57356 3.55234
  endloop
 endfacet
 facet normal 1 0 0
  outer loop
   vertex 15.735 4.62135 3.55511
   vertex 15.735 4.61704 3.55691
   vertex 15.735 4.6125 3.55831
  endloop
 endfacet
 facet normal 1 0 0
  outer loop
   vertex 15.735 4.62135 3.55511
   vertex 15.735 4.61923 3.55606
   vertex 15.735 4.61704 3.55691
  endloop
 endfacet
 facet normal 1 9.20538e-12 4.59551e-12
  outer loop
   vertex 15.735 4.5583 3.48231
   vertex 15.735 4.55474 3.48866
   vertex 15.735 4.55582 3.48649
  endloop
 endfacet
 facet normal 1 2.68904e-11 1.50979e-11
  outer loop
   vertex 15.735 4.5583 3.48231
   vertex 15.735 4.55582 3.48649
   vertex 15.735 4.55701 3.48437
  endloop
 endfacet
 facet normal 1 -1.93731e-11 -3.12322e-11
  outer loop
   vertex 15.735 4.62913 3.55053
   vertex 15.735 4.6273 3.55179
   vertex 15.735 4.62539 3.55297
  endloop
 endfacet
 facet normal 1 -5.9071e-12 -1.0561e-11
  outer loop
   vertex 15.735 4.62913 3.55053
   vertex 15.735 4.62539 3.55297
   vertex 15.735 4.62341 3.55408
  endloop
 endfacet
 facet normal 1 -2.67825e-12 -5.3489e-12
  outer loop
   vertex 15.735 4.62913 3.55053
   vertex 15.735 4.62341 3.55408
   vertex 15.735 4.62135 3.55511
  endloop
 endfacet
 facet normal 1 4.64395e-13 -1.60569e-13
  outer loop
   vertex 15.735 4.55969 3.48032
   vertex 15.735 4.57752 3.55456
   vertex 15.735 4.55474 3.48866
  endloop
 endfacet
 facet normal 1 -4.22777e-12 -2.9469e-12
  outer loop
   vertex 15.735 4.55969 3.48032
   vertex 15.735 4.55474 3.48866
   vertex 15.735 4.5583 3.48231
  endloop
 endfacet
 facet normal 1 -1.92591e-12 4.13681e-13
  outer loop
   vertex 15.735 4.56116 3.47841
   vertex 15.735 4.57752 3.55456
   vertex 15.735 4.55969 3.48032
  endloop
 endfacet
 facet normal 1 -4.7696e-11 -6.07698e-11
  outer loop
   vertex 15.735 4.63255 3.54786
   vertex 15.735 4.63088 3.54922
   vertex 15.735 4.62913 3.55053
  endloop
 endfacet
 facet normal 1 1.64095e-11 2.09074e-11
  outer loop
   vertex 15.735 4.63413 3.54644
   vertex 15.735 4.63255 3.54786
   vertex 15.735 4.62913 3.55053
  endloop
 endfacet
 facet normal 1 -1.49774e-11 -1.4739e-11
  outer loop
   vertex 15.735 4.56608 3.47317
   vertex 15.735 4.56116 3.47841
   vertex 15.735 4.56273 3.47657
  endloop
 endfacet
 facet normal 1 4.53807e-11 4.46585e-11
  outer loop
   vertex 15.735 4.56608 3.47317
   vertex 15.735 4.56273 3.47657
   vertex 15.735 4.56437 3.47482
  endloop
 endfacet
 facet normal 1 6.0227e-13 -1.29366e-13
  outer loop
   vertex 15.735 4.56608 3.47317
   vertex 15.735 4.57752 3.55456
   vertex 15.735 4.56116 3.47841
  endloop
 endfacet
 facet normal 1 3.64496e-13 -9.59381e-14
  outer loop
   vertex 15.735 4.56608 3.47317
   vertex 15.735 4.58856 3.55857
   vertex 15.735 4.57752 3.55456
  endloop
 endfacet
 facet normal 1 0 0
  outer loop
   vertex 15.735 4.63703 3.5435
   vertex 15.735 4.63562 3.54499
   vertex 15.735 4.63413 3.54644
  endloop
 endfacet
 facet normal 1 0 0
  outer loop
   vertex 15.735 4.63835 3.54198
   vertex 15.735 4.63703 3.5435
   vertex 15.735 4.63413 3.54644
  endloop
 endfacet
 facet normal 1 0 0
  outer loop
   vertex 15.735 4.64074 3.53888
   vertex 15.735 4.63959 3.54044
   vertex 15.735 4.63835 3.54198
  endloop
 endfacet
 facet normal 1 9.69585e-12 1.33383e-11
  outer loop
   vertex 15.735 4.57349 3.46751
   vertex 15.735 4.56608 3.47317
   vertex 15.735 4.56785 3.4716
  endloop
 endfacet
 facet normal 1 -1.97164e-11 -2.71234e-11
  outer loop
   vertex 15.735 4.57349 3.46751
   vertex 15.735 4.56785 3.4716
   vertex 15.735 4.56969 3.47014
  endloop
 endfacet
 facet normal 1 -2.00972e-11 -2.76739e-11
  outer loop
   vertex 15.735 4.57349 3.46751
   vertex 15.735 4.56969 3.47014
   vertex 15.735 4.57157 3.46877
  endloop
 endfacet
 facet normal 1 0 0
  outer loop
   vertex 15.735 4.64281 3.53574
   vertex 15.735 4.64182 3.53731
   vertex 15.735 4.64074 3.53888
  endloop
 endfacet
 facet normal 1 -3.25943e-13 8.57906e-14
  outer loop
   vertex 15.735 4.57545 3.46634
   vertex 15.735 4.58856 3.55857
   vertex 15.735 4.56608 3.47317
  endloop
 endfacet
 facet normal 1 1.71991e-12 2.8948e-12
  outer loop
   vertex 15.735 4.57545 3.46634
   vertex 15.735 4.56608 3.47317
   vertex 15.735 4.57349 3.46751
  endloop
 endfacet
 facet normal 1 0 0
  outer loop
   vertex 15.735 4.6446 3.53251
   vertex 15.735 4.64281 3.53574
   vertex 15.735 4.64074 3.53888
  endloop
 endfacet
 facet normal 1 0 0
  outer loop
   vertex 15.735 4.6446 3.53251
   vertex 15.735 4.64372 3.53415
   vertex 15.735 4.64281 3.53574
  endloop
 endfacet
 facet normal 1 0 0
  outer loop
   vertex 15.735 4.6446 3.53251
   vertex 15.735 4.64074 3.53888
   vertex 15.735 4.63835 3.54198
  endloop
 endfacet
 facet normal 1 0 0
  outer loop
   vertex 15.735 4.6446 3.53251
   vertex 15.735 4.63835 3.54198
   vertex 15.735 4.63413 3.54644
  endloop
 endfacet
 facet normal 1 0 0
  outer loop
   vertex 15.735 4.6462 3.52903
   vertex 15.735 4.6446 3.53251
   vertex 15.735 4.63413 3.54644
  endloop
 endfacet
 facet normal 1 0 0
  outer loop
   vertex 15.735 4.6462 3.52903
   vertex 15.735 4.64542 3.5308
   vertex 15.735 4.6446 3.53251
  endloop
 endfacet
 facet normal 1 5.86092e-13 -4.38902e-14
  outer loop
   vertex 15.735 4.58144 3.46347
   vertex 15.735 4.58856 3.55857
   vertex 15.735 4.57545 3.46634
  endloop
 endfacet
 facet normal 1 5.86403e-12 1.09706e-11
  outer loop
   vertex 15.735 4.58144 3.46347
   vertex 15.735 4.57545 3.46634
   vertex 15.735 4.57743 3.46529
  endloop
 endfacet
 facet normal 1 -1.45957e-11 -3.43097e-11
  outer loop
   vertex 15.735 4.58144 3.46347
   vertex 15.735 4.57743 3.46529
   vertex 15.735 4.57943 3.46433
  endloop
 endfacet
 facet normal 1 -3.81921e-13 1.22336e-14
  outer loop
   vertex 15.735 4.58547 3.46206
   vertex 15.735 4.59813 3.55986
   vertex 15.735 4.58856 3.55857
  endloop
 endfacet
 facet normal 1 0 -0
  outer loop
   vertex 15.735 4.58547 3.46206
   vertex 15.735 4.58856 3.55857
   vertex 15.735 4.58144 3.46347
  endloop
 endfacet
 facet normal 1 -3.96337e-15 -3.66828e-14
  outer loop
   vertex 15.735 4.58547 3.46206
   vertex 15.735 4.6125 3.55831
   vertex 15.735 4.59813 3.55986
  endloop
 endfacet
 facet normal 1 0 0
  outer loop
   vertex 15.735 4.58547 3.46206
   vertex 15.735 4.58144 3.46347
   vertex 15.735 4.58345 3.46272
  endloop
 endfacet
 facet normal 1 0 0
  outer loop
   vertex 15.735 4.64816 3.52333
   vertex 15.735 4.64757 3.52529
   vertex 15.735 4.64692 3.52719
  endloop
 endfacet
 facet normal 1 0 0
  outer loop
   vertex 15.735 4.64816 3.52333
   vertex 15.735 4.64692 3.52719
   vertex 15.735 4.6462 3.52903
  endloop
 endfacet
 facet normal 1 0 0
  outer loop
   vertex 15.735 4.64816 3.52333
   vertex 15.735 4.6462 3.52903
   vertex 15.735 4.63413 3.54644
  endloop
 endfacet
 facet normal 1 -9.84824e-15 -3.50298e-14
  outer loop
   vertex 15.735 4.58747 3.46149
   vertex 15.735 4.6125 3.55831
   vertex 15.735 4.58547 3.46206
  endloop
 endfacet
 facet normal 1 0 0
  outer loop
   vertex 15.735 4.64912 3.51924
   vertex 15.735 4.64816 3.52333
   vertex 15.735 4.63413 3.54644
  endloop
 endfacet
 facet normal 1 0 0
  outer loop
   vertex 15.735 4.64912 3.51924
   vertex 15.735 4.64868 3.52131
   vertex 15.735 4.64816 3.52333
  endloop
 endfacet
 facet normal 1 0 0
  outer loop
   vertex 15.735 4.59144 3.46064
   vertex 15.735 4.58747 3.46149
   vertex 15.735 4.58947 3.46102
  endloop
 endfacet
 facet normal 1 0 0
  outer loop
   vertex 15.735 4.59339 3.46034
   vertex 15.735 4.58747 3.46149
   vertex 15.735 4.59144 3.46064
  endloop
 endfacet
 facet normal 1 9.29499e-12 9.84461e-11
  outer loop
   vertex 15.735 4.59721 3.45998
   vertex 15.735 4.59339 3.46034
   vertex 15.735 4.59532 3.46012
  endloop
 endfacet
 facet normal 1 0 0
  outer loop
   vertex 15.735 4.59721 3.45998
   vertex 15.735 4.58747 3.46149
   vertex 15.735 4.59339 3.46034
  endloop
 endfacet
 facet normal 1 0 0
  outer loop
   vertex 15.735 4.59862 3.45992
   vertex 15.735 4.58747 3.46149
   vertex 15.735 4.59721 3.45998
  endloop
 endfacet
 facet normal 1 0 0
  outer loop
   vertex 15.735 4.65 3.5105
   vertex 15.735 4.64992 3.51274
   vertex 15.735 4.64974 3.51495
  endloop
 endfacet
 facet normal 1 0 0
  outer loop
   vertex 15.735 4.65 3.5105
   vertex 15.735 4.64974 3.51495
   vertex 15.735 4.64948 3.51712
  endloop
 endfacet
 facet normal 1 -2.8581e-13 3.63124e-14
  outer loop
   vertex 15.735 4.6 3.4599
   vertex 15.735 4.6125 3.55831
   vertex 15.735 4.58747 3.46149
  endloop
 endfacet
 facet normal 1 -2.9153e-12 -2.06211e-11
  outer loop
   vertex 15.735 4.6 3.4599
   vertex 15.735 4.58747 3.46149
   vertex 15.735 4.59862 3.45992
  endloop
 endfacet
 facet normal 1 0 0
  outer loop
   vertex 15.735 4.64984 3.50593
   vertex 15.735 4.64997 3.50822
   vertex 15.735 4.65 3.5105
  endloop
 endfacet
 facet normal 1 0 0
  outer loop
   vertex 15.735 4.64984 3.50593
   vertex 15.735 4.64912 3.51924
   vertex 15.735 4.63413 3.54644
  endloop
 endfacet
 facet normal 1 0 0
  outer loop
   vertex 15.735 4.64984 3.50593
   vertex 15.735 4.64948 3.51712
   vertex 15.735 4.64912 3.51924
  endloop
 endfacet
 facet normal 1 0 -0
  outer loop
   vertex 15.735 4.64984 3.50593
   vertex 15.735 4.65 3.5105
   vertex 15.735 4.64948 3.51712
  endloop
 endfacet
 facet normal 1 0 0
  outer loop
   vertex 15.735 4.60699 3.46039
   vertex 15.735 4.6 3.4599
   vertex 15.735 4.60228 3.45995
  endloop
 endfacet
 facet normal 1 0 0
  outer loop
   vertex 15.735 4.60699 3.46039
   vertex 15.735 4.60228 3.45995
   vertex 15.735 4.60461 3.46011
  endloop
 endfacet
 facet normal 1 -3.22977e-11 6.43256e-12
  outer loop
   vertex 15.735 4.64879 3.49898
   vertex 15.735 4.64925 3.5013
   vertex 15.735 4.6496 3.50362
  endloop
 endfacet
 facet normal 1 3.28704e-11 -4.96435e-12
  outer loop
   vertex 15.735 4.64879 3.49898
   vertex 15.735 4.6496 3.50362
   vertex 15.735 4.64984 3.50593
  endloop
 endfacet
 facet normal 1 0 0
  outer loop
   vertex 15.735 4.61161 3.46127
   vertex 15.735 4.60699 3.46039
   vertex 15.735 4.60941 3.46079
  endloop
 endfacet
 facet normal 1 0 0
  outer loop
   vertex 15.735 4.61161 3.46127
   vertex 15.735 4.6 3.4599
   vertex 15.735 4.60699 3.46039
  endloop
 endfacet
 facet normal 1 0 0
  outer loop
   vertex 15.735 4.61563 3.4624
   vertex 15.735 4.61161 3.46127
   vertex 15.735 4.61361 3.46179
  endloop
 endfacet
 facet normal 1 0 0
  outer loop
   vertex 15.735 4.64672 3.4921
   vertex 15.735 4.64753 3.49437
   vertex 15.735 4.64822 3.49666
  endloop
 endfacet
 facet normal 1 0 0
  outer loop
   vertex 15.735 4.64672 3.4921
   vertex 15.735 4.64822 3.49666
   vertex 15.735 4.64879 3.49898
  endloop
 endfacet
 facet normal 1 -8.76979e-13 -1.81029e-13
  outer loop
   vertex 15.735 4.64581 3.48986
   vertex 15.735 4.63413 3.54644
   vertex 15.735 4.62913 3.55053
  endloop
 endfacet
 facet normal 1 0 -0
  outer loop
   vertex 15.735 4.64581 3.48986
   vertex 15.735 4.64984 3.50593
   vertex 15.735 4.63413 3.54644
  endloop
 endfacet
 facet normal 1 0 0
  outer loop
   vertex 15.735 4.64581 3.48986
   vertex 15.735 4.64879 3.49898
   vertex 15.735 4.64984 3.50593
  endloop
 endfacet
 facet normal 1 0 0
  outer loop
   vertex 15.735 4.64581 3.48986
   vertex 15.735 4.64672 3.4921
   vertex 15.735 4.64879 3.49898
  endloop
 endfacet
 facet normal 1 0 0
  outer loop
   vertex 15.735 4.62562 3.46696
   vertex 15.735 4.62166 3.46484
   vertex 15.735 4.62365 3.46585
  endloop
 endfacet
 facet normal 1 0 0
  outer loop
   vertex 15.735 4.62756 3.46818
   vertex 15.735 4.62166 3.46484
   vertex 15.735 4.62562 3.46696
  endloop
 endfacet
 facet normal 1 0 0
  outer loop
   vertex 15.735 4.62756 3.46818
   vertex 15.735 4.61563 3.4624
   vertex 15.735 4.61764 3.46312
  endloop
 endfacet
 facet normal 1 0 0
  outer loop
   vertex 15.735 4.62756 3.46818
   vertex 15.735 4.61764 3.46312
   vertex 15.735 4.61966 3.46393
  endloop
 endfacet
 facet normal 1 0 0
  outer loop
   vertex 15.735 4.62756 3.46818
   vertex 15.735 4.61966 3.46393
   vertex 15.735 4.62166 3.46484
  endloop
 endfacet
 facet normal 1 0 0
  outer loop
   vertex 15.735 4.62756 3.46818
   vertex 15.735 4.6125 3.55831
   vertex 15.735 4.6 3.4599
  endloop
 endfacet
 facet normal 1 0 0
  outer loop
   vertex 15.735 4.62756 3.46818
   vertex 15.735 4.6 3.4599
   vertex 15.735 4.61161 3.46127
  endloop
 endfacet
 facet normal 1 0 0
  outer loop
   vertex 15.735 4.62756 3.46818
   vertex 15.735 4.61161 3.46127
   vertex 15.735 4.61563 3.4624
  endloop
 endfacet
 facet normal 1 2.57542e-11 -1.69608e-11
  outer loop
   vertex 15.735 4.64108 3.48139
   vertex 15.735 4.64241 3.48342
   vertex 15.735 4.64365 3.48551
  endloop
 endfacet
 facet normal 1 -9.10344e-12 4.79979e-12
  outer loop
   vertex 15.735 4.64108 3.48139
   vertex 15.735 4.64365 3.48551
   vertex 15.735 4.64478 3.48766
  endloop
 endfacet
 facet normal 1 -4.66991e-12 2.17952e-12
  outer loop
   vertex 15.735 4.64108 3.48139
   vertex 15.735 4.64478 3.48766
   vertex 15.735 4.64581 3.48986
  endloop
 endfacet
 facet normal 1 -1.97569e-14 -5.46369e-14
  outer loop
   vertex 15.735 4.64108 3.48139
   vertex 15.735 4.62135 3.55511
   vertex 15.735 4.6125 3.55831
  endloop
 endfacet
 facet normal 1 -5.87533e-13 -1.01492e-13
  outer loop
   vertex 15.735 4.64108 3.48139
   vertex 15.735 4.64581 3.48986
   vertex 15.735 4.62913 3.55053
  endloop
 endfacet
 facet normal 1 5.20265e-13 8.98717e-14
  outer loop
   vertex 15.735 4.64108 3.48139
   vertex 15.735 4.62913 3.55053
   vertex 15.735 4.62135 3.55511
  endloop
 endfacet
 facet normal 1 2.51533e-11 -1.83735e-11
  outer loop
   vertex 15.735 4.63813 3.47756
   vertex 15.735 4.63965 3.47944
   vertex 15.735 4.64108 3.48139
  endloop
 endfacet
 facet normal 1 -6.31395e-12 9.09354e-12
  outer loop
   vertex 15.735 4.63312 3.47244
   vertex 15.735 4.62756 3.46818
   vertex 15.735 4.62946 3.4695
  endloop
 endfacet
 facet normal 1 -1.9992e-11 2.61123e-11
  outer loop
   vertex 15.735 4.63312 3.47244
   vertex 15.735 4.62946 3.4695
   vertex 15.735 4.63131 3.47092
  endloop
 endfacet
 facet normal 1 5.88264e-13 1.71243e-13
  outer loop
   vertex 15.735 4.63653 3.47576
   vertex 15.735 4.64108 3.48139
   vertex 15.735 4.6125 3.55831
  endloop
 endfacet
 facet normal 1 -7.76375e-12 6.91249e-12
  outer loop
   vertex 15.735 4.63653 3.47576
   vertex 15.735 4.63813 3.47756
   vertex 15.735 4.64108 3.48139
  endloop
 endfacet
 facet normal 1 0 0
  outer loop
   vertex 15.735 4.63653 3.47576
   vertex 15.735 4.6125 3.55831
   vertex 15.735 4.62756 3.46818
  endloop
 endfacet
 facet normal 1 3.76976e-12 -4.06527e-12
  outer loop
   vertex 15.735 4.63486 3.47406
   vertex 15.735 4.62756 3.46818
   vertex 15.735 4.63312 3.47244
  endloop
 endfacet
 facet normal 1 1.0478e-11 -1.24014e-11
  outer loop
   vertex 15.735 4.63486 3.47406
   vertex 15.735 4.63653 3.47576
   vertex 15.735 4.62756 3.46818
  endloop
 endfacet
endsolid gantry
