solid gantry
  facet normal 0 0 0
    outer loop
      vertex 8.435000 2.450000 2.059900
      vertex 8.435000 2.650000 2.359900
      vertex 8.435000 2.650000 2.059900
    endloop
  endfacet
  facet normal 0 0 0
    outer loop
      vertex 8.435000 2.450000 2.059900
      vertex 8.435000 2.450000 2.359900
      vertex 8.435000 2.650000 2.359900
    endloop
  endfacet
  facet normal 0 0 0
    outer loop
      vertex 15.755000 2.650000 2.359900
      vertex 15.755000 2.450000 2.059900
      vertex 15.755000 2.650000 2.059900
    endloop
  endfacet
  facet normal 0 0 0
    outer loop
      vertex 15.755000 2.450000 2.359900
      vertex 15.755000 2.450000 2.059900
      vertex 15.755000 2.650000 2.359900
    endloop
  endfacet
  facet normal 0 0 0
    outer loop
      vertex 8.435000 2.450000 2.059900
      vertex 15.755000 2.450000 2.059900
      vertex 8.435000 2.450000 2.359900
    endloop
  endfacet
  facet normal 0 0 0
    outer loop
      vertex 15.755000 2.450000 2.059900
      vertex 15.755000 2.450000 2.359900
      vertex 8.435000 2.450000 2.359900
    endloop
  endfacet
  facet normal 0 0 0
    outer loop
      vertex 15.755000 2.650000 2.059900
      vertex 8.435000 2.650000 2.059900
      vertex 8.435000 2.650000 2.359900
    endloop
  endfacet
  facet normal 0 0 0
    outer loop
      vertex 15.755000 2.650000 2.359900
      vertex 15.755000 2.650000 2.059900
      vertex 8.435000 2.650000 2.359900
    endloop
  endfacet
  facet normal 0 0 0
    outer loop
      vertex 8.435000 2.650000 2.059900
      vertex 15.755000 2.450000 2.059900
      vertex 8.435000 2.450000 2.059900
    endloop
  endfacet
  facet normal 0 0 0
    outer loop
      vertex 8.435000 2.650000 2.059900
      vertex 15.755000 2.650000 2.059900
      vertex 15.755000 2.450000 2.059900
    endloop
  endfacet
  facet normal 0 0 0
    outer loop
      vertex 15.755000 2.450000 2.359900
      vertex 8.435000 2.650000 2.359900
      vertex 8.435000 2.450000 2.359900
    endloop
  endfacet
  facet normal 0 0 0
    outer loop
      vertex 15.755000 2.650000 2.359900
      vertex 8.435000 2.650000 2.359900
      vertex 15.755000 2.450000 2.359900
    endloop
  endfacet
  facet normal 0 0 0
    outer loop
      vertex 8.435000 5.550000 2.059900
      vertex 8.435000 5.750000 2.359900
      vertex 8.435000 5.750000 2.059900
    endloop
  endfacet
  facet normal 0 0 0
    outer loop
      vertex 8.435000 5.550000 2.059900
      vertex 8.435000 5.550000 2.359900
      vertex 8.435000 5.750000 2.359900
    endloop
  endfacet
  facet normal 0 0 0
    outer loop
      vertex 15.755000 5.750000 2.359900
      vertex 15.755000 5.550000 2.059900
      vertex 15.755000 5.750000 2.059900
    endloop
  endfacet
  facet normal 0 0 0
    outer loop
      vertex 15.755000 5.550000 2.359900
      vertex 15.755000 5.550000 2.059900
      vertex 15.755000 5.750000 2.359900
    endloop
  endfacet
  facet normal 0 0 0
    outer loop
      vertex 8.435000 5.550000 2.059900
      vertex 15.755000 5.550000 2.059900
      vertex 8.435000 5.550000 2.359900
    endloop
  endfacet
  facet normal 0 0 0
    outer loop
      vertex 15.755000 5.550000 2.059900
      vertex 15.755000 5.550000 2.359900
      vertex 8.435000 5.550000 2.359900
    endloop
  endfacet
  facet normal 0 0 0
    outer loop
      vertex 15.755000 5.750000 2.059900
      vertex 8.435000 5.750000 2.059900
      vertex 8.435000 5.750000 2.359900
    endloop
  endfacet
  facet normal 0 0 0
    outer loop
      vertex 15.755000 5.750000 2.359900
      vertex 15.755000 5.750000 2.059900
      vertex 8.435000 5.750000 2.359900
    endloop
  endfacet
  facet normal 0 0 0
    outer loop
      vertex 8.435000 5.750000 2.059900
      vertex 15.755000 5.550000 2.059900
      vertex 8.435000 5.550000 2.059900
    endloop
  endfacet
  facet normal 0 0 0
    outer loop
      vertex 8.435000 5.750000 2.059900
      vertex 15.755000 5.750000 2.059900
      vertex 15.755000 5.550000 2.059900
    endloop
  endfacet
  facet normal 0 0 0
    outer loop
      vertex 15.755000 5.550000 2.359900
      vertex 8.435000 5.750000 2.359900
      vertex 8.435000 5.550000 2.359900
    endloop
  endfacet
  facet normal 0 0 0
    outer loop
      vertex 15.755000 5.750000 2.359900
      vertex 8.435000 5.750000 2.359900
      vertex 15.755000 5.550000 2.359900
    endloop
  endfacet
  facet normal 0 0 0
    outer loop
      vertex 8.455000 2.500000 2.359900
      vertex 8.455000 2.600000 3.959900
      vertex 8.455000 2.600000 2.359900
    endloop
  endfacet
  facet normal 0 0 0
    outer loop
      vertex 8.455000 2.500000 2.359900
      vertex 8.455000 2.500000 3.959900
      vertex 8.455000 2.600000 3.959900
    endloop
  endfacet
  facet normal 0 0 0
    outer loop
      vertex 8.555000 2.600000 3.959900
      vertex 8.555000 2.500000 2.359900
      vertex 8.555000 2.600000 2.359900
    endloop
  endfacet
  facet normal 0 0 0
    outer loop
      vertex 8.555000 2.500000 3.959900
      vertex 8.555000 2.500000 2.359900
      vertex 8.555000 2.600000 3.959900
    endloop
  endfacet
  facet normal 0 0 0
    outer loop
      vertex 8.555000 2.500000 2.359900
      vertex 8.455000 2.500000 3.959900
      vertex 8.455000 2.500000 2.359900
    endloop
  endfacet
  facet normal 0 0 0
    outer loop
      vertex 8.555000 2.500000 2.359900
      vertex 8.555000 2.500000 3.959900
      vertex 8.455000 2.500000 3.959900
    endloop
  endfacet
  facet normal 0 0 0
    outer loop
      vertex 8.455000 2.600000 3.959900
      vertex 8.555000 2.600000 2.359900
      vertex 8.455000 2.600000 2.359900
    endloop
  endfacet
  facet normal 0 0 0
    outer loop
      vertex 8.555000 2.600000 3.959900
      vertex 8.555000 2.600000 2.359900
      vertex 8.455000 2.600000 3.959900
    endloop
  endfacet
  facet normal 0 0 0
    outer loop
      vertex 8.455000 2.600000 2.359900
      vertex 8.555000 2.600000 2.359900
      vertex 8.455000 2.500000 2.359900
    endloop
  endfacet
  facet normal 0 0 0
    outer loop
      vertex 8.455000 2.500000 2.359900
      vertex 8.555000 2.600000 2.359900
      vertex 8.555000 2.500000 2.359900
    endloop
  endfacet
  facet normal 0 0 0
    outer loop
      vertex 8.555000 2.600000 3.959900
      vertex 8.455000 2.600000 3.959900
      vertex 8.455000 2.500000 3.959900
    endloop
  endfacet
  facet normal 0 0 0
    outer loop
      vertex 8.555000 2.600000 3.959900
      vertex 8.455000 2.500000 3.959900
      vertex 8.555000 2.500000 3.959900
    endloop
  endfacet
  facet normal 0 0 0
    outer loop
      vertex 8.455000 5.600000 2.359900
      vertex 8.455000 5.700000 3.959900
      vertex 8.455000 5.700000 2.359900
    endloop
  endfacet
  facet normal 0 0 0
    outer loop
      vertex 8.455000 5.600000 2.359900
      vertex 8.455000 5.600000 3.959900
      vertex 8.455000 5.700000 3.959900
    endloop
  endfacet
  facet normal 0 0 0
    outer loop
      vertex 8.555000 5.700000 3.959900
      vertex 8.555000 5.600000 2.359900
      vertex 8.555000 5.700000 2.359900
    endloop
  endfacet
  facet normal 0 0 0
    outer loop
      vertex 8.555000 5.600000 3.959900
      vertex 8.555000 5.600000 2.359900
      vertex 8.555000 5.700000 3.959900
    endloop
  endfacet
  facet normal 0 0 0
    outer loop
      vertex 8.555000 5.600000 2.359900
      vertex 8.455000 5.600000 3.959900
      vertex 8.455000 5.600000 2.359900
    endloop
  endfacet
  facet normal 0 0 0
    outer loop
      vertex 8.555000 5.600000 2.359900
      vertex 8.555000 5.600000 3.959900
      vertex 8.455000 5.600000 3.959900
    endloop
  endfacet
  facet normal 0 0 0
    outer loop
      vertex 8.455000 5.700000 3.959900
      vertex 8.555000 5.700000 2.359900
      vertex 8.455000 5.700000 2.359900
    endloop
  endfacet
  facet normal 0 0 0
    outer loop
      vertex 8.555000 5.700000 3.959900
      vertex 8.555000 5.700000 2.359900
      vertex 8.455000 5.700000 3.959900
    endloop
  endfacet
  facet normal 0 0 0
    outer loop
      vertex 8.455000 5.700000 2.359900
      vertex 8.555000 5.700000 2.359900
      vertex 8.455000 5.600000 2.359900
    endloop
  endfacet
  facet normal 0 0 0
    outer loop
      vertex 8.455000 5.600000 2.359900
      vertex 8.555000 5.700000 2.359900
      vertex 8.555000 5.600000 2.359900
    endloop
  endfacet
  facet normal 0 0 0
    outer loop
      vertex 8.555000 5.700000 3.959900
      vertex 8.455000 5.700000 3.959900
      vertex 8.455000 5.600000 3.959900
    endloop
  endfacet
  facet normal 0 0 0
    outer loop
      vertex 8.555000 5.700000 3.959900
      vertex 8.455000 5.600000 3.959900
      vertex 8.555000 5.600000 3.959900
    endloop
  endfacet
  facet normal 0 0 0
    outer loop
      vertex 8.455000 2.500000 3.859900
      vertex 8.455000 2.500000 3.959900
      vertex 8.455000 5.600000 3.859900
    endloop
  endfacet
  facet normal 0 0 0
    outer loop
      vertex 8.455000 5.600000 3.859900
      vertex 8.455000 2.500000 3.959900
      vertex 8.455000 5.600000 3.959900
    endloop
  endfacet
  facet normal 0 0 0
    outer loop
      vertex 8.555000 2.500000 3.959900
      vertex 8.555000 2.500000 3.859900
      vertex 8.555000 5.600000 3.859900
    endloop
  endfacet
  facet normal 0 0 0
    outer loop
      vertex 8.555000 2.500000 3.959900
      vertex 8.555000 5.600000 3.859900
      vertex 8.555000 5.600000 3.959900
    endloop
  endfacet
  facet normal 0 0 0
    outer loop
      vertex 8.555000 2.500000 3.859900
      vertex 8.555000 2.500000 3.959900
      vertex 8.455000 2.500000 3.859900
    endloop
  endfacet
  facet normal 0 0 0
    outer loop
      vertex 8.455000 2.500000 3.859900
      vertex 8.555000 2.500000 3.959900
      vertex 8.455000 2.500000 3.959900
    endloop
  endfacet
  facet normal 0 0 0
    outer loop
      vertex 8.555000 5.600000 3.959900
      vertex 8.555000 5.600000 3.859900
      vertex 8.455000 5.600000 3.859900
    endloop
  endfacet
  facet normal 0 0 0
    outer loop
      vertex 8.555000 5.600000 3.959900
      vertex 8.455000 5.600000 3.859900
      vertex 8.455000 5.600000 3.959900
    endloop
  endfacet
  facet normal 0 0 0
    outer loop
      vertex 8.455000 5.600000 3.859900
      vertex 8.555000 5.600000 3.859900
      vertex 8.455000 2.500000 3.859900
    endloop
  endfacet
  facet normal 0 0 0
    outer loop
      vertex 8.455000 2.500000 3.859900
      vertex 8.555000 5.600000 3.859900
      vertex 8.555000 2.500000 3.859900
    endloop
  endfacet
  facet normal 0 0 0
    outer loop
      vertex 8.555000 5.600000 3.959900
      vertex 8.455000 5.600000 3.959900
      vertex 8.455000 2.500000 3.959900
    endloop
  endfacet
  facet normal 0 0 0
    outer loop
      vertex 8.555000 5.600000 3.959900
      vertex 8.455000 2.500000 3.959900
      vertex 8.555000 2.500000 3.959900
    endloop
  endfacet
  facet normal 0 0 0
    outer loop
      vertex 10.755000 2.500000 2.359900
      vertex 10.755000 2.600000 3.959900
      vertex 10.755000 2.600000 2.359900
    endloop
  endfacet
  facet normal 0 0 0
    outer loop
      vertex 10.755000 2.500000 2.359900
      vertex 10.755000 2.500000 3.959900
      vertex 10.755000 2.600000 3.959900
    endloop
  endfacet
  facet normal 0 0 0
    outer loop
      vertex 10.855000 2.600000 3.959900
      vertex 10.855000 2.500000 2.359900
      vertex 10.855000 2.600000 2.359900
    endloop
  endfacet
  facet normal 0 0 0
    outer loop
      vertex 10.855000 2.500000 3.959900
      vertex 10.855000 2.500000 2.359900
      vertex 10.855000 2.600000 3.959900
    endloop
  endfacet
  facet normal 0 0 0
    outer loop
      vertex 10.855000 2.500000 2.359900
      vertex 10.755000 2.500000 3.959900
      vertex 10.755000 2.500000 2.359900
    endloop
  endfacet
  facet normal 0 0 0
    outer loop
      vertex 10.855000 2.500000 2.359900
      vertex 10.855000 2.500000 3.959900
      vertex 10.755000 2.500000 3.959900
    endloop
  endfacet
  facet normal 0 0 0
    outer loop
      vertex 10.755000 2.600000 3.959900
      vertex 10.855000 2.600000 2.359900
      vertex 10.755000 2.600000 2.359900
    endloop
  endfacet
  facet normal 0 0 0
    outer loop
      vertex 10.855000 2.600000 3.959900
      vertex 10.855000 2.600000 2.359900
      vertex 10.755000 2.600000 3.959900
    endloop
  endfacet
  facet normal 0 0 0
    outer loop
      vertex 10.755000 2.600000 2.359900
      vertex 10.855000 2.600000 2.359900
      vertex 10.755000 2.500000 2.359900
    endloop
  endfacet
  facet normal 0 0 0
    outer loop
      vertex 10.755000 2.500000 2.359900
      vertex 10.855000 2.600000 2.359900
      vertex 10.855000 2.500000 2.359900
    endloop
  endfacet
  facet normal 0 0 0
    outer loop
      vertex 10.855000 2.600000 3.959900
      vertex 10.755000 2.600000 3.959900
      vertex 10.755000 2.500000 3.959900
    endloop
  endfacet
  facet normal 0 0 0
    outer loop
      vertex 10.855000 2.600000 3.959900
      vertex 10.755000 2.500000 3.959900
      vertex 10.855000 2.500000 3.959900
    endloop
  endfacet
  facet normal 0 0 0
    outer loop
      vertex 10.755000 5.600000 2.359900
      vertex 10.755000 5.700000 3.959900
      vertex 10.755000 5.700000 2.359900
    endloop
  endfacet
  facet normal 0 0 0
    outer loop
      vertex 10.755000 5.600000 2.359900
      vertex 10.755000 5.600000 3.959900
      vertex 10.755000 5.700000 3.959900
    endloop
  endfacet
  facet normal 0 0 0
    outer loop
      vertex 10.855000 5.700000 3.959900
      vertex 10.855000 5.600000 2.359900
      vertex 10.855000 5.700000 2.359900
    endloop
  endfacet
  facet normal 0 0 0
    outer loop
      vertex 10.855000 5.600000 3.959900
      vertex 10.855000 5.600000 2.359900
      vertex 10.855000 5.700000 3.959900
    endloop
  endfacet
  facet normal 0 0 0
    outer loop
      vertex 10.855000 5.600000 2.359900
      vertex 10.755000 5.600000 3.959900
      vertex 10.755000 5.600000 2.359900
    endloop
  endfacet
  facet normal 0 0 0
    outer loop
      vertex 10.855000 5.600000 2.359900
      vertex 10.855000 5.600000 3.959900
      vertex 10.755000 5.600000 3.959900
    endloop
  endfacet
  facet normal 0 0 0
    outer loop
      vertex 10.755000 5.700000 3.959900
      vertex 10.855000 5.700000 2.359900
      vertex 10.755000 5.700000 2.359900
    endloop
  endfacet
  facet normal 0 0 0
    outer loop
      vertex 10.855000 5.700000 3.959900
      vertex 10.855000 5.700000 2.359900
      vertex 10.755000 5.700000 3.959900
    endloop
  endfacet
  facet normal 0 0 0
    outer loop
      vertex 10.755000 5.700000 2.359900
      vertex 10.855000 5.700000 2.359900
      vertex 10.755000 5.600000 2.359900
    endloop
  endfacet
  facet normal 0 0 0
    outer loop
      vertex 10.755000 5.600000 2.359900
      vertex 10.855000 5.700000 2.359900
      vertex 10.855000 5.600000 2.359900
    endloop
  endfacet
  facet normal 0 0 0
    outer loop
      vertex 10.855000 5.700000 3.959900
      vertex 10.755000 5.700000 3.959900
      vertex 10.755000 5.600000 3.959900
    endloop
  endfacet
  facet normal 0 0 0
    outer loop
      vertex 10.855000 5.700000 3.959900
      vertex 10.755000 5.600000 3.959900
      vertex 10.855000 5.600000 3.959900
    endloop
  endfacet
  facet normal 0 0 0
    outer loop
      vertex 10.755000 2.500000 3.859900
      vertex 10.755000 2.500000 3.959900
      vertex 10.755000 5.600000 3.859900
    endloop
  endfacet
  facet normal 0 0 0
    outer loop
      vertex 10.755000 5.600000 3.859900
      vertex 10.755000 2.500000 3.959900
      vertex 10.755000 5.600000 3.959900
    endloop
  endfacet
  facet normal 0 0 0
    outer loop
      vertex 10.855000 2.500000 3.959900
      vertex 10.855000 2.500000 3.859900
      vertex 10.855000 5.600000 3.859900
    endloop
  endfacet
  facet normal 0 0 0
    outer loop
      vertex 10.855000 2.500000 3.959900
      vertex 10.855000 5.600000 3.859900
      vertex 10.855000 5.600000 3.959900
    endloop
  endfacet
  facet normal 0 0 0
    outer loop
      vertex 10.855000 2.500000 3.859900
      vertex 10.855000 2.500000 3.959900
      vertex 10.755000 2.500000 3.859900
    endloop
  endfacet
  facet normal 0 0 0
    outer loop
      vertex 10.755000 2.500000 3.859900
      vertex 10.855000 2.500000 3.959900
      vertex 10.755000 2.500000 3.959900
    endloop
  endfacet
  facet normal 0 0 0
    outer loop
      vertex 10.855000 5.600000 3.959900
      vertex 10.855000 5.600000 3.859900
      vertex 10.755000 5.600000 3.859900
    endloop
  endfacet
  facet normal 0 0 0
    outer loop
      vertex 10.855000 5.600000 3.959900
      vertex 10.755000 5.600000 3.859900
      vertex 10.755000 5.600000 3.959900
    endloop
  endfacet
  facet normal 0 0 0
    outer loop
      vertex 10.755000 5.600000 3.859900
      vertex 10.855000 5.600000 3.859900
      vertex 10.755000 2.500000 3.859900
    endloop
  endfacet
  facet normal 0 0 0
    outer loop
      vertex 10.755000 2.500000 3.859900
      vertex 10.855000 5.600000 3.859900
      vertex 10.855000 2.500000 3.859900
    endloop
  endfacet
  facet normal 0 0 0
    outer loop
      vertex 10.855000 5.600000 3.959900
      vertex 10.755000 5.600000 3.959900
      vertex 10.755000 2.500000 3.959900
    endloop
  endfacet
  facet normal 0 0 0
    outer loop
      vertex 10.855000 5.600000 3.959900
      vertex 10.755000 2.500000 3.959900
      vertex 10.855000 2.500000 3.959900
    endloop
  endfacet
  facet normal 0 0 0
    outer loop
      vertex 8.455000 2.500000 3.859900
      vertex 8.455000 2.500000 3.959900
      vertex 8.455000 2.600000 3.859900
    endloop
  endfacet
  facet normal 0 0 0
    outer loop
      vertex 8.455000 2.600000 3.859900
      vertex 8.455000 2.500000 3.959900
      vertex 8.455000 2.600000 3.959900
    endloop
  endfacet
  facet normal 0 0 0
    outer loop
      vertex 10.855000 2.500000 3.959900
      vertex 10.855000 2.500000 3.859900
      vertex 10.855000 2.600000 3.859900
    endloop
  endfacet
  facet normal 0 0 0
    outer loop
      vertex 10.855000 2.500000 3.959900
      vertex 10.855000 2.600000 3.859900
      vertex 10.855000 2.600000 3.959900
    endloop
  endfacet
  facet normal 0 0 0
    outer loop
      vertex 10.855000 2.500000 3.859900
      vertex 10.855000 2.500000 3.959900
      vertex 8.455000 2.500000 3.859900
    endloop
  endfacet
  facet normal 0 0 0
    outer loop
      vertex 8.455000 2.500000 3.859900
      vertex 10.855000 2.500000 3.959900
      vertex 8.455000 2.500000 3.959900
    endloop
  endfacet
  facet normal 0 0 0
    outer loop
      vertex 10.855000 2.600000 3.959900
      vertex 10.855000 2.600000 3.859900
      vertex 8.455000 2.600000 3.859900
    endloop
  endfacet
  facet normal 0 0 0
    outer loop
      vertex 10.855000 2.600000 3.959900
      vertex 8.455000 2.600000 3.859900
      vertex 8.455000 2.600000 3.959900
    endloop
  endfacet
  facet normal 0 0 0
    outer loop
      vertex 8.455000 2.600000 3.859900
      vertex 10.855000 2.600000 3.859900
      vertex 8.455000 2.500000 3.859900
    endloop
  endfacet
  facet normal 0 0 0
    outer loop
      vertex 8.455000 2.500000 3.859900
      vertex 10.855000 2.600000 3.859900
      vertex 10.855000 2.500000 3.859900
    endloop
  endfacet
  facet normal 0 0 0
    outer loop
      vertex 10.855000 2.600000 3.959900
      vertex 8.455000 2.600000 3.959900
      vertex 8.455000 2.500000 3.959900
    endloop
  endfacet
  facet normal 0 0 0
    outer loop
      vertex 10.855000 2.600000 3.959900
      vertex 8.455000 2.500000 3.959900
      vertex 10.855000 2.500000 3.959900
    endloop
  endfacet
  facet normal 0 0 0
    outer loop
      vertex 8.455000 5.600000 3.859900
      vertex 8.455000 5.600000 3.959900
      vertex 8.455000 5.700000 3.859900
    endloop
  endfacet
  facet normal 0 0 0
    outer loop
      vertex 8.455000 5.700000 3.859900
      vertex 8.455000 5.600000 3.959900
      vertex 8.455000 5.700000 3.959900
    endloop
  endfacet
  facet normal 0 0 0
    outer loop
      vertex 10.855000 5.600000 3.959900
      vertex 10.855000 5.600000 3.859900
      vertex 10.855000 5.700000 3.859900
    endloop
  endfacet
  facet normal 0 0 0
    outer loop
      vertex 10.855000 5.600000 3.959900
      vertex 10.855000 5.700000 3.859900
      vertex 10.855000 5.700000 3.959900
    endloop
  endfacet
  facet normal 0 0 0
    outer loop
      vertex 10.855000 5.600000 3.859900
      vertex 10.855000 5.600000 3.959900
      vertex 8.455000 5.600000 3.859900
    endloop
  endfacet
  facet normal 0 0 0
    outer loop
      vertex 8.455000 5.600000 3.859900
      vertex 10.855000 5.600000 3.959900
      vertex 8.455000 5.600000 3.959900
    endloop
  endfacet
  facet normal 0 0 0
    outer loop
      vertex 10.855000 5.700000 3.959900
      vertex 10.855000 5.700000 3.859900
      vertex 8.455000 5.700000 3.859900
    endloop
  endfacet
  facet normal 0 0 0
    outer loop
      vertex 10.855000 5.700000 3.959900
      vertex 8.455000 5.700000 3.859900
      vertex 8.455000 5.700000 3.959900
    endloop
  endfacet
  facet normal 0 0 0
    outer loop
      vertex 8.455000 5.700000 3.859900
      vertex 10.855000 5.700000 3.859900
      vertex 8.455000 5.600000 3.859900
    endloop
  endfacet
  facet normal 0 0 0
    outer loop
      vertex 8.455000 5.600000 3.859900
      vertex 10.855000 5.700000 3.859900
      vertex 10.855000 5.600000 3.859900
    endloop
  endfacet
  facet normal 0 0 0
    outer loop
      vertex 10.855000 5.700000 3.959900
      vertex 8.455000 5.700000 3.959900
      vertex 8.455000 5.600000 3.959900
    endloop
  endfacet
  facet normal 0 0 0
    outer loop
      vertex 10.855000 5.700000 3.959900
      vertex 8.455000 5.600000 3.959900
      vertex 10.855000 5.600000 3.959900
    endloop
  endfacet
  facet normal 0 0 0
    outer loop
      vertex 10.895000 2.500000 2.359900
      vertex 10.895000 2.600000 3.959900
      vertex 10.895000 2.600000 2.359900
    endloop
  endfacet
  facet normal 0 0 0
    outer loop
      vertex 10.895000 2.500000 2.359900
      vertex 10.895000 2.500000 3.959900
      vertex 10.895000 2.600000 3.959900
    endloop
  endfacet
  facet normal 0 0 0
    outer loop
      vertex 10.995000 2.600000 3.959900
      vertex 10.995000 2.500000 2.359900
      vertex 10.995000 2.600000 2.359900
    endloop
  endfacet
  facet normal 0 0 0
    outer loop
      vertex 10.995000 2.500000 3.959900
      vertex 10.995000 2.500000 2.359900
      vertex 10.995000 2.600000 3.959900
    endloop
  endfacet
  facet normal 0 0 0
    outer loop
      vertex 10.995000 2.500000 2.359900
      vertex 10.895000 2.500000 3.959900
      vertex 10.895000 2.500000 2.359900
    endloop
  endfacet
  facet normal 0 0 0
    outer loop
      vertex 10.995000 2.500000 2.359900
      vertex 10.995000 2.500000 3.959900
      vertex 10.895000 2.500000 3.959900
    endloop
  endfacet
  facet normal 0 0 0
    outer loop
      vertex 10.895000 2.600000 3.959900
      vertex 10.995000 2.600000 2.359900
      vertex 10.895000 2.600000 2.359900
    endloop
  endfacet
  facet normal 0 0 0
    outer loop
      vertex 10.995000 2.600000 3.959900
      vertex 10.995000 2.600000 2.359900
      vertex 10.895000 2.600000 3.959900
    endloop
  endfacet
  facet normal 0 0 0
    outer loop
      vertex 10.895000 2.600000 2.359900
      vertex 10.995000 2.600000 2.359900
      vertex 10.895000 2.500000 2.359900
    endloop
  endfacet
  facet normal 0 0 0
    outer loop
      vertex 10.895000 2.500000 2.359900
      vertex 10.995000 2.600000 2.359900
      vertex 10.995000 2.500000 2.359900
    endloop
  endfacet
  facet normal 0 0 0
    outer loop
      vertex 10.995000 2.600000 3.959900
      vertex 10.895000 2.600000 3.959900
      vertex 10.895000 2.500000 3.959900
    endloop
  endfacet
  facet normal 0 0 0
    outer loop
      vertex 10.995000 2.600000 3.959900
      vertex 10.895000 2.500000 3.959900
      vertex 10.995000 2.500000 3.959900
    endloop
  endfacet
  facet normal 0 0 0
    outer loop
      vertex 10.895000 5.600000 2.359900
      vertex 10.895000 5.700000 3.959900
      vertex 10.895000 5.700000 2.359900
    endloop
  endfacet
  facet normal 0 0 0
    outer loop
      vertex 10.895000 5.600000 2.359900
      vertex 10.895000 5.600000 3.959900
      vertex 10.895000 5.700000 3.959900
    endloop
  endfacet
  facet normal 0 0 0
    outer loop
      vertex 10.995000 5.700000 3.959900
      vertex 10.995000 5.600000 2.359900
      vertex 10.995000 5.700000 2.359900
    endloop
  endfacet
  facet normal 0 0 0
    outer loop
      vertex 10.995000 5.600000 3.959900
      vertex 10.995000 5.600000 2.359900
      vertex 10.995000 5.700000 3.959900
    endloop
  endfacet
  facet normal 0 0 0
    outer loop
      vertex 10.995000 5.600000 2.359900
      vertex 10.895000 5.600000 3.959900
      vertex 10.895000 5.600000 2.359900
    endloop
  endfacet
  facet normal 0 0 0
    outer loop
      vertex 10.995000 5.600000 2.359900
      vertex 10.995000 5.600000 3.959900
      vertex 10.895000 5.600000 3.959900
    endloop
  endfacet
  facet normal 0 0 0
    outer loop
      vertex 10.895000 5.700000 3.959900
      vertex 10.995000 5.700000 2.359900
      vertex 10.895000 5.700000 2.359900
    endloop
  endfacet
  facet normal 0 0 0
    outer loop
      vertex 10.995000 5.700000 3.959900
      vertex 10.995000 5.700000 2.359900
      vertex 10.895000 5.700000 3.959900
    endloop
  endfacet
  facet normal 0 0 0
    outer loop
      vertex 10.895000 5.700000 2.359900
      vertex 10.995000 5.700000 2.359900
      vertex 10.895000 5.600000 2.359900
    endloop
  endfacet
  facet normal 0 0 0
    outer loop
      vertex 10.895000 5.600000 2.359900
      vertex 10.995000 5.700000 2.359900
      vertex 10.995000 5.600000 2.359900
    endloop
  endfacet
  facet normal 0 0 0
    outer loop
      vertex 10.995000 5.700000 3.959900
      vertex 10.895000 5.700000 3.959900
      vertex 10.895000 5.600000 3.959900
    endloop
  endfacet
  facet normal 0 0 0
    outer loop
      vertex 10.995000 5.700000 3.959900
      vertex 10.895000 5.600000 3.959900
      vertex 10.995000 5.600000 3.959900
    endloop
  endfacet
  facet normal 0 0 0
    outer loop
      vertex 10.895000 2.500000 3.859900
      vertex 10.895000 2.500000 3.959900
      vertex 10.895000 5.600000 3.859900
    endloop
  endfacet
  facet normal 0 0 0
    outer loop
      vertex 10.895000 5.600000 3.859900
      vertex 10.895000 2.500000 3.959900
      vertex 10.895000 5.600000 3.959900
    endloop
  endfacet
  facet normal 0 0 0
    outer loop
      vertex 10.995000 2.500000 3.959900
      vertex 10.995000 2.500000 3.859900
      vertex 10.995000 5.600000 3.859900
    endloop
  endfacet
  facet normal 0 0 0
    outer loop
      vertex 10.995000 2.500000 3.959900
      vertex 10.995000 5.600000 3.859900
      vertex 10.995000 5.600000 3.959900
    endloop
  endfacet
  facet normal 0 0 0
    outer loop
      vertex 10.995000 2.500000 3.859900
      vertex 10.995000 2.500000 3.959900
      vertex 10.895000 2.500000 3.859900
    endloop
  endfacet
  facet normal 0 0 0
    outer loop
      vertex 10.895000 2.500000 3.859900
      vertex 10.995000 2.500000 3.959900
      vertex 10.895000 2.500000 3.959900
    endloop
  endfacet
  facet normal 0 0 0
    outer loop
      vertex 10.995000 5.600000 3.959900
      vertex 10.995000 5.600000 3.859900
      vertex 10.895000 5.600000 3.859900
    endloop
  endfacet
  facet normal 0 0 0
    outer loop
      vertex 10.995000 5.600000 3.959900
      vertex 10.895000 5.600000 3.859900
      vertex 10.895000 5.600000 3.959900
    endloop
  endfacet
  facet normal 0 0 0
    outer loop
      vertex 10.895000 5.600000 3.859900
      vertex 10.995000 5.600000 3.859900
      vertex 10.895000 2.500000 3.859900
    endloop
  endfacet
  facet normal 0 0 0
    outer loop
      vertex 10.895000 2.500000 3.859900
      vertex 10.995000 5.600000 3.859900
      vertex 10.995000 2.500000 3.859900
    endloop
  endfacet
  facet normal 0 0 0
    outer loop
      vertex 10.995000 5.600000 3.959900
      vertex 10.895000 5.600000 3.959900
      vertex 10.895000 2.500000 3.959900
    endloop
  endfacet
  facet normal 0 0 0
    outer loop
      vertex 10.995000 5.600000 3.959900
      vertex 10.895000 2.500000 3.959900
      vertex 10.995000 2.500000 3.959900
    endloop
  endfacet
  facet normal 0 0 0
    outer loop
      vertex 13.195000 2.500000 2.359900
      vertex 13.195000 2.600000 3.959900
      vertex 13.195000 2.600000 2.359900
    endloop
  endfacet
  facet normal 0 0 0
    outer loop
      vertex 13.195000 2.500000 2.359900
      vertex 13.195000 2.500000 3.959900
      vertex 13.195000 2.600000 3.959900
    endloop
  endfacet
  facet normal 0 0 0
    outer loop
      vertex 13.295000 2.600000 3.959900
      vertex 13.295000 2.500000 2.359900
      vertex 13.295000 2.600000 2.359900
    endloop
  endfacet
  facet normal 0 0 0
    outer loop
      vertex 13.295000 2.500000 3.959900
      vertex 13.295000 2.500000 2.359900
      vertex 13.295000 2.600000 3.959900
    endloop
  endfacet
  facet normal 0 0 0
    outer loop
      vertex 13.295000 2.500000 2.359900
      vertex 13.195000 2.500000 3.959900
      vertex 13.195000 2.500000 2.359900
    endloop
  endfacet
  facet normal 0 0 0
    outer loop
      vertex 13.295000 2.500000 2.359900
      vertex 13.295000 2.500000 3.959900
      vertex 13.195000 2.500000 3.959900
    endloop
  endfacet
  facet normal 0 0 0
    outer loop
      vertex 13.195000 2.600000 3.959900
      vertex 13.295000 2.600000 2.359900
      vertex 13.195000 2.600000 2.359900
    endloop
  endfacet
  facet normal 0 0 0
    outer loop
      vertex 13.295000 2.600000 3.959900
      vertex 13.295000 2.600000 2.359900
      vertex 13.195000 2.600000 3.959900
    endloop
  endfacet
  facet normal 0 0 0
    outer loop
      vertex 13.195000 2.600000 2.359900
      vertex 13.295000 2.600000 2.359900
      vertex 13.195000 2.500000 2.359900
    endloop
  endfacet
  facet normal 0 0 0
    outer loop
      vertex 13.195000 2.500000 2.359900
      vertex 13.295000 2.600000 2.359900
      vertex 13.295000 2.500000 2.359900
    endloop
  endfacet
  facet normal 0 0 0
    outer loop
      vertex 13.295000 2.600000 3.959900
      vertex 13.195000 2.600000 3.959900
      vertex 13.195000 2.500000 3.959900
    endloop
  endfacet
  facet normal 0 0 0
    outer loop
      vertex 13.295000 2.600000 3.959900
      vertex 13.195000 2.500000 3.959900
      vertex 13.295000 2.500000 3.959900
    endloop
  endfacet
  facet normal 0 0 0
    outer loop
      vertex 13.195000 5.600000 2.359900
      vertex 13.195000 5.700000 3.959900
      vertex 13.195000 5.700000 2.359900
    endloop
  endfacet
  facet normal 0 0 0
    outer loop
      vertex 13.195000 5.600000 2.359900
      vertex 13.195000 5.600000 3.959900
      vertex 13.195000 5.700000 3.959900
    endloop
  endfacet
  facet normal 0 0 0
    outer loop
      vertex 13.295000 5.700000 3.959900
      vertex 13.295000 5.600000 2.359900
      vertex 13.295000 5.700000 2.359900
    endloop
  endfacet
  facet normal 0 0 0
    outer loop
      vertex 13.295000 5.600000 3.959900
      vertex 13.295000 5.600000 2.359900
      vertex 13.295000 5.700000 3.959900
    endloop
  endfacet
  facet normal 0 0 0
    outer loop
      vertex 13.295000 5.600000 2.359900
      vertex 13.195000 5.600000 3.959900
      vertex 13.195000 5.600000 2.359900
    endloop
  endfacet
  facet normal 0 0 0
    outer loop
      vertex 13.295000 5.600000 2.359900
      vertex 13.295000 5.600000 3.959900
      vertex 13.195000 5.600000 3.959900
    endloop
  endfacet
  facet normal 0 0 0
    outer loop
      vertex 13.195000 5.700000 3.959900
      vertex 13.295000 5.700000 2.359900
      vertex 13.195000 5.700000 2.359900
    endloop
  endfacet
  facet normal 0 0 0
    outer loop
      vertex 13.295000 5.700000 3.959900
      vertex 13.295000 5.700000 2.359900
      vertex 13.195000 5.700000 3.959900
    endloop
  endfacet
  facet normal 0 0 0
    outer loop
      vertex 13.195000 5.700000 2.359900
      vertex 13.295000 5.700000 2.359900
      vertex 13.195000 5.600000 2.359900
    endloop
  endfacet
  facet normal 0 0 0
    outer loop
      vertex 13.195000 5.600000 2.359900
      vertex 13.295000 5.700000 2.359900
      vertex 13.295000 5.600000 2.359900
    endloop
  endfacet
  facet normal 0 0 0
    outer loop
      vertex 13.295000 5.700000 3.959900
      vertex 13.195000 5.700000 3.959900
      vertex 13.195000 5.600000 3.959900
    endloop
  endfacet
  facet normal 0 0 0
    outer loop
      vertex 13.295000 5.700000 3.959900
      vertex 13.195000 5.600000 3.959900
      vertex 13.295000 5.600000 3.959900
    endloop
  endfacet
  facet normal 0 0 0
    outer loop
      vertex 13.195000 2.500000 3.859900
      vertex 13.195000 2.500000 3.959900
      vertex 13.195000 5.600000 3.859900
    endloop
  endfacet
  facet normal 0 0 0
    outer loop
      vertex 13.195000 5.600000 3.859900
      vertex 13.195000 2.500000 3.959900
      vertex 13.195000 5.600000 3.959900
    endloop
  endfacet
  facet normal 0 0 0
    outer loop
      vertex 13.295000 2.500000 3.959900
      vertex 13.295000 2.500000 3.859900
      vertex 13.295000 5.600000 3.859900
    endloop
  endfacet
  facet normal 0 0 0
    outer loop
      vertex 13.295000 2.500000 3.959900
      vertex 13.295000 5.600000 3.859900
      vertex 13.295000 5.600000 3.959900
    endloop
  endfacet
  facet normal 0 0 0
    outer loop
      vertex 13.295000 2.500000 3.859900
      vertex 13.295000 2.500000 3.959900
      vertex 13.195000 2.500000 3.859900
    endloop
  endfacet
  facet normal 0 0 0
    outer loop
      vertex 13.195000 2.500000 3.859900
      vertex 13.295000 2.500000 3.959900
      vertex 13.195000 2.500000 3.959900
    endloop
  endfacet
  facet normal 0 0 0
    outer loop
      vertex 13.295000 5.600000 3.959900
      vertex 13.295000 5.600000 3.859900
      vertex 13.195000 5.600000 3.859900
    endloop
  endfacet
  facet normal 0 0 0
    outer loop
      vertex 13.295000 5.600000 3.959900
      vertex 13.195000 5.600000 3.859900
      vertex 13.195000 5.600000 3.959900
    endloop
  endfacet
  facet normal 0 0 0
    outer loop
      vertex 13.195000 5.600000 3.859900
      vertex 13.295000 5.600000 3.859900
      vertex 13.195000 2.500000 3.859900
    endloop
  endfacet
  facet normal 0 0 0
    outer loop
      vertex 13.195000 2.500000 3.859900
      vertex 13.295000 5.600000 3.859900
      vertex 13.295000 2.500000 3.859900
    endloop
  endfacet
  facet normal 0 0 0
    outer loop
      vertex 13.295000 5.600000 3.959900
      vertex 13.195000 5.600000 3.959900
      vertex 13.195000 2.500000 3.959900
    endloop
  endfacet
  facet normal 0 0 0
    outer loop
      vertex 13.295000 5.600000 3.959900
      vertex 13.195000 2.500000 3.959900
      vertex 13.295000 2.500000 3.959900
    endloop
  endfacet
  facet normal 0 0 0
    outer loop
      vertex 10.895000 2.500000 3.859900
      vertex 10.895000 2.500000 3.959900
      vertex 10.895000 2.600000 3.859900
    endloop
  endfacet
  facet normal 0 0 0
    outer loop
      vertex 10.895000 2.600000 3.859900
      vertex 10.895000 2.500000 3.959900
      vertex 10.895000 2.600000 3.959900
    endloop
  endfacet
  facet normal 0 0 0
    outer loop
      vertex 13.295000 2.500000 3.959900
      vertex 13.295000 2.500000 3.859900
      vertex 13.295000 2.600000 3.859900
    endloop
  endfacet
  facet normal 0 0 0
    outer loop
      vertex 13.295000 2.500000 3.959900
      vertex 13.295000 2.600000 3.859900
      vertex 13.295000 2.600000 3.959900
    endloop
  endfacet
  facet normal 0 0 0
    outer loop
      vertex 13.295000 2.500000 3.859900
      vertex 13.295000 2.500000 3.959900
      vertex 10.895000 2.500000 3.859900
    endloop
  endfacet
  facet normal 0 0 0
    outer loop
      vertex 10.895000 2.500000 3.859900
      vertex 13.295000 2.500000 3.959900
      vertex 10.895000 2.500000 3.959900
    endloop
  endfacet
  facet normal 0 0 0
    outer loop
      vertex 13.295000 2.600000 3.959900
      vertex 13.295000 2.600000 3.859900
      vertex 10.895000 2.600000 3.859900
    endloop
  endfacet
  facet normal 0 0 0
    outer loop
      vertex 13.295000 2.600000 3.959900
      vertex 10.895000 2.600000 3.859900
      vertex 10.895000 2.600000 3.959900
    endloop
  endfacet
  facet normal 0 0 0
    outer loop
      vertex 10.895000 2.600000 3.859900
      vertex 13.295000 2.600000 3.859900
      vertex 10.895000 2.500000 3.859900
    endloop
  endfacet
  facet normal 0 0 0
    outer loop
      vertex 10.895000 2.500000 3.859900
      vertex 13.295000 2.600000 3.859900
      vertex 13.295000 2.500000 3.859900
    endloop
  endfacet
  facet normal 0 0 0
    outer loop
      vertex 13.295000 2.600000 3.959900
      vertex 10.895000 2.600000 3.959900
      vertex 10.895000 2.500000 3.959900
    endloop
  endfacet
  facet normal 0 0 0
    outer loop
      vertex 13.295000 2.600000 3.959900
      vertex 10.895000 2.500000 3.959900
      vertex 13.295000 2.500000 3.959900
    endloop
  endfacet
  facet normal 0 0 0
    outer loop
      vertex 10.895000 5.600000 3.859900
      vertex 10.895000 5.600000 3.959900
      vertex 10.895000 5.700000 3.859900
    endloop
  endfacet
  facet normal 0 0 0
    outer loop
      vertex 10.895000 5.700000 3.859900
      vertex 10.895000 5.600000 3.959900
      vertex 10.895000 5.700000 3.959900
    endloop
  endfacet
  facet normal 0 0 0
    outer loop
      vertex 13.295000 5.600000 3.959900
      vertex 13.295000 5.600000 3.859900
      vertex 13.295000 5.700000 3.859900
    endloop
  endfacet
  facet normal 0 0 0
    outer loop
      vertex 13.295000 5.600000 3.959900
      vertex 13.295000 5.700000 3.859900
      vertex 13.295000 5.700000 3.959900
    endloop
  endfacet
  facet normal 0 0 0
    outer loop
      vertex 13.295000 5.600000 3.859900
      vertex 13.295000 5.600000 3.959900
      vertex 10.895000 5.600000 3.859900
    endloop
  endfacet
  facet normal 0 0 0
    outer loop
      vertex 10.895000 5.600000 3.859900
      vertex 13.295000 5.600000 3.959900
      vertex 10.895000 5.600000 3.959900
    endloop
  endfacet
  facet normal 0 0 0
    outer loop
      vertex 13.295000 5.700000 3.959900
      vertex 13.295000 5.700000 3.859900
      vertex 10.895000 5.700000 3.859900
    endloop
  endfacet
  facet normal 0 0 0
    outer loop
      vertex 13.295000 5.700000 3.959900
      vertex 10.895000 5.700000 3.859900
      vertex 10.895000 5.700000 3.959900
    endloop
  endfacet
  facet normal 0 0 0
    outer loop
      vertex 10.895000 5.700000 3.859900
      vertex 13.295000 5.700000 3.859900
      vertex 10.895000 5.600000 3.859900
    endloop
  endfacet
  facet normal 0 0 0
    outer loop
      vertex 10.895000 5.600000 3.859900
      vertex 13.295000 5.700000 3.859900
      vertex 13.295000 5.600000 3.859900
    endloop
  endfacet
  facet normal 0 0 0
    outer loop
      vertex 13.295000 5.700000 3.959900
      vertex 10.895000 5.700000 3.959900
      vertex 10.895000 5.600000 3.959900
    endloop
  endfacet
  facet normal 0 0 0
    outer loop
      vertex 13.295000 5.700000 3.959900
      vertex 10.895000 5.600000 3.959900
      vertex 13.295000 5.600000 3.959900
    endloop
  endfacet
  facet normal 0 0 0
    outer loop
      vertex 13.335000 2.500000 2.359900
      vertex 13.335000 2.600000 3.959900
      vertex 13.335000 2.600000 2.359900
    endloop
  endfacet
  facet normal 0 0 0
    outer loop
      vertex 13.335000 2.500000 2.359900
      vertex 13.335000 2.500000 3.959900
      vertex 13.335000 2.600000 3.959900
    endloop
  endfacet
  facet normal 0 0 0
    outer loop
      vertex 13.435000 2.600000 3.959900
      vertex 13.435000 2.500000 2.359900
      vertex 13.435000 2.600000 2.359900
    endloop
  endfacet
  facet normal 0 0 0
    outer loop
      vertex 13.435000 2.500000 3.959900
      vertex 13.435000 2.500000 2.359900
      vertex 13.435000 2.600000 3.959900
    endloop
  endfacet
  facet normal 0 0 0
    outer loop
      vertex 13.435000 2.500000 2.359900
      vertex 13.335000 2.500000 3.959900
      vertex 13.335000 2.500000 2.359900
    endloop
  endfacet
  facet normal 0 0 0
    outer loop
      vertex 13.435000 2.500000 2.359900
      vertex 13.435000 2.500000 3.959900
      vertex 13.335000 2.500000 3.959900
    endloop
  endfacet
  facet normal 0 0 0
    outer loop
      vertex 13.335000 2.600000 3.959900
      vertex 13.435000 2.600000 2.359900
      vertex 13.335000 2.600000 2.359900
    endloop
  endfacet
  facet normal 0 0 0
    outer loop
      vertex 13.435000 2.600000 3.959900
      vertex 13.435000 2.600000 2.359900
      vertex 13.335000 2.600000 3.959900
    endloop
  endfacet
  facet normal 0 0 0
    outer loop
      vertex 13.335000 2.600000 2.359900
      vertex 13.435000 2.600000 2.359900
      vertex 13.335000 2.500000 2.359900
    endloop
  endfacet
  facet normal 0 0 0
    outer loop
      vertex 13.335000 2.500000 2.359900
      vertex 13.435000 2.600000 2.359900
      vertex 13.435000 2.500000 2.359900
    endloop
  endfacet
  facet normal 0 0 0
    outer loop
      vertex 13.435000 2.600000 3.959900
      vertex 13.335000 2.600000 3.959900
      vertex 13.335000 2.500000 3.959900
    endloop
  endfacet
  facet normal 0 0 0
    outer loop
      vertex 13.435000 2.600000 3.959900
      vertex 13.335000 2.500000 3.959900
      vertex 13.435000 2.500000 3.959900
    endloop
  endfacet
  facet normal 0 0 0
    outer loop
      vertex 13.335000 5.600000 2.359900
      vertex 13.335000 5.700000 3.959900
      vertex 13.335000 5.700000 2.359900
    endloop
  endfacet
  facet normal 0 0 0
    outer loop
      vertex 13.335000 5.600000 2.359900
      vertex 13.335000 5.600000 3.959900
      vertex 13.335000 5.700000 3.959900
    endloop
  endfacet
  facet normal 0 0 0
    outer loop
      vertex 13.435000 5.700000 3.959900
      vertex 13.435000 5.600000 2.359900
      vertex 13.435000 5.700000 2.359900
    endloop
  endfacet
  facet normal 0 0 0
    outer loop
      vertex 13.435000 5.600000 3.959900
      vertex 13.435000 5.600000 2.359900
      vertex 13.435000 5.700000 3.959900
    endloop
  endfacet
  facet normal 0 0 0
    outer loop
      vertex 13.435000 5.600000 2.359900
      vertex 13.335000 5.600000 3.959900
      vertex 13.335000 5.600000 2.359900
    endloop
  endfacet
  facet normal 0 0 0
    outer loop
      vertex 13.435000 5.600000 2.359900
      vertex 13.435000 5.600000 3.959900
      vertex 13.335000 5.600000 3.959900
    endloop
  endfacet
  facet normal 0 0 0
    outer loop
      vertex 13.335000 5.700000 3.959900
      vertex 13.435000 5.700000 2.359900
      vertex 13.335000 5.700000 2.359900
    endloop
  endfacet
  facet normal 0 0 0
    outer loop
      vertex 13.435000 5.700000 3.959900
      vertex 13.435000 5.700000 2.359900
      vertex 13.335000 5.700000 3.959900
    endloop
  endfacet
  facet normal 0 0 0
    outer loop
      vertex 13.335000 5.700000 2.359900
      vertex 13.435000 5.700000 2.359900
      vertex 13.335000 5.600000 2.359900
    endloop
  endfacet
  facet normal 0 0 0
    outer loop
      vertex 13.335000 5.600000 2.359900
      vertex 13.435000 5.700000 2.359900
      vertex 13.435000 5.600000 2.359900
    endloop
  endfacet
  facet normal 0 0 0
    outer loop
      vertex 13.435000 5.700000 3.959900
      vertex 13.335000 5.700000 3.959900
      vertex 13.335000 5.600000 3.959900
    endloop
  endfacet
  facet normal 0 0 0
    outer loop
      vertex 13.435000 5.700000 3.959900
      vertex 13.335000 5.600000 3.959900
      vertex 13.435000 5.600000 3.959900
    endloop
  endfacet
  facet normal 0 0 0
    outer loop
      vertex 13.335000 2.500000 3.859900
      vertex 13.335000 2.500000 3.959900
      vertex 13.335000 5.600000 3.859900
    endloop
  endfacet
  facet normal 0 0 0
    outer loop
      vertex 13.335000 5.600000 3.859900
      vertex 13.335000 2.500000 3.959900
      vertex 13.335000 5.600000 3.959900
    endloop
  endfacet
  facet normal 0 0 0
    outer loop
      vertex 13.435000 2.500000 3.959900
      vertex 13.435000 2.500000 3.859900
      vertex 13.435000 5.600000 3.859900
    endloop
  endfacet
  facet normal 0 0 0
    outer loop
      vertex 13.435000 2.500000 3.959900
      vertex 13.435000 5.600000 3.859900
      vertex 13.435000 5.600000 3.959900
    endloop
  endfacet
  facet normal 0 0 0
    outer loop
      vertex 13.435000 2.500000 3.859900
      vertex 13.435000 2.500000 3.959900
      vertex 13.335000 2.500000 3.859900
    endloop
  endfacet
  facet normal 0 0 0
    outer loop
      vertex 13.335000 2.500000 3.859900
      vertex 13.435000 2.500000 3.959900
      vertex 13.335000 2.500000 3.959900
    endloop
  endfacet
  facet normal 0 0 0
    outer loop
      vertex 13.435000 5.600000 3.959900
      vertex 13.435000 5.600000 3.859900
      vertex 13.335000 5.600000 3.859900
    endloop
  endfacet
  facet normal 0 0 0
    outer loop
      vertex 13.435000 5.600000 3.959900
      vertex 13.335000 5.600000 3.859900
      vertex 13.335000 5.600000 3.959900
    endloop
  endfacet
  facet normal 0 0 0
    outer loop
      vertex 13.335000 5.600000 3.859900
      vertex 13.435000 5.600000 3.859900
      vertex 13.335000 2.500000 3.859900
    endloop
  endfacet
  facet normal 0 0 0
    outer loop
      vertex 13.335000 2.500000 3.859900
      vertex 13.435000 5.600000 3.859900
      vertex 13.435000 2.500000 3.859900
    endloop
  endfacet
  facet normal 0 0 0
    outer loop
      vertex 13.435000 5.600000 3.959900
      vertex 13.335000 5.600000 3.959900
      vertex 13.335000 2.500000 3.959900
    endloop
  endfacet
  facet normal 0 0 0
    outer loop
      vertex 13.435000 5.600000 3.959900
      vertex 13.335000 2.500000 3.959900
      vertex 13.435000 2.500000 3.959900
    endloop
  endfacet
  facet normal 0 0 0
    outer loop
      vertex 15.635000 2.500000 2.359900
      vertex 15.635000 2.600000 3.959900
      vertex 15.635000 2.600000 2.359900
    endloop
  endfacet
  facet normal 0 0 0
    outer loop
      vertex 15.635000 2.500000 2.359900
      vertex 15.635000 2.500000 3.959900
      vertex 15.635000 2.600000 3.959900
    endloop
  endfacet
  facet normal 0 0 0
    outer loop
      vertex 15.735000 2.600000 3.959900
      vertex 15.735000 2.500000 2.359900
      vertex 15.735000 2.600000 2.359900
    endloop
  endfacet
  facet normal 0 0 0
    outer loop
      vertex 15.735000 2.500000 3.959900
      vertex 15.735000 2.500000 2.359900
      vertex 15.735000 2.600000 3.959900
    endloop
  endfacet
  facet normal 0 0 0
    outer loop
      vertex 15.735000 2.500000 2.359900
      vertex 15.635000 2.500000 3.959900
      vertex 15.635000 2.500000 2.359900
    endloop
  endfacet
  facet normal 0 0 0
    outer loop
      vertex 15.735000 2.500000 2.359900
      vertex 15.735000 2.500000 3.959900
      vertex 15.635000 2.500000 3.959900
    endloop
  endfacet
  facet normal 0 0 0
    outer loop
      vertex 15.635000 2.600000 3.959900
      vertex 15.735000 2.600000 2.359900
      vertex 15.635000 2.600000 2.359900
    endloop
  endfacet
  facet normal 0 0 0
    outer loop
      vertex 15.735000 2.600000 3.959900
      vertex 15.735000 2.600000 2.359900
      vertex 15.635000 2.600000 3.959900
    endloop
  endfacet
  facet normal 0 0 0
    outer loop
      vertex 15.635000 2.600000 2.359900
      vertex 15.735000 2.600000 2.359900
      vertex 15.635000 2.500000 2.359900
    endloop
  endfacet
  facet normal 0 0 0
    outer loop
      vertex 15.635000 2.500000 2.359900
      vertex 15.735000 2.600000 2.359900
      vertex 15.735000 2.500000 2.359900
    endloop
  endfacet
  facet normal 0 0 0
    outer loop
      vertex 15.735000 2.600000 3.959900
      vertex 15.635000 2.600000 3.959900
      vertex 15.635000 2.500000 3.959900
    endloop
  endfacet
  facet normal 0 0 0
    outer loop
      vertex 15.735000 2.600000 3.959900
      vertex 15.635000 2.500000 3.959900
      vertex 15.735000 2.500000 3.959900
    endloop
  endfacet
  facet normal 0 0 0
    outer loop
      vertex 15.635000 5.600000 2.359900
      vertex 15.635000 5.700000 3.959900
      vertex 15.635000 5.700000 2.359900
    endloop
  endfacet
  facet normal 0 0 0
    outer loop
      vertex 15.635000 5.600000 2.359900
      vertex 15.635000 5.600000 3.959900
      vertex 15.635000 5.700000 3.959900
    endloop
  endfacet
  facet normal 0 0 0
    outer loop
      vertex 15.735000 5.700000 3.959900
      vertex 15.735000 5.600000 2.359900
      vertex 15.735000 5.700000 2.359900
    endloop
  endfacet
  facet normal 0 0 0
    outer loop
      vertex 15.735000 5.600000 3.959900
      vertex 15.735000 5.600000 2.359900
      vertex 15.735000 5.700000 3.959900
    endloop
  endfacet
  facet normal 0 0 0
    outer loop
      vertex 15.735000 5.600000 2.359900
      vertex 15.635000 5.600000 3.959900
      vertex 15.635000 5.600000 2.359900
    endloop
  endfacet
  facet normal 0 0 0
    outer loop
      vertex 15.735000 5.600000 2.359900
      vertex 15.735000 5.600000 3.959900
      vertex 15.635000 5.600000 3.959900
    endloop
  endfacet
  facet normal 0 0 0
    outer loop
      vertex 15.635000 5.700000 3.959900
      vertex 15.735000 5.700000 2.359900
      vertex 15.635000 5.700000 2.359900
    endloop
  endfacet
  facet normal 0 0 0
    outer loop
      vertex 15.735000 5.700000 3.959900
      vertex 15.735000 5.700000 2.359900
      vertex 15.635000 5.700000 3.959900
    endloop
  endfacet
  facet normal 0 0 0
    outer loop
      vertex 15.635000 5.700000 2.359900
      vertex 15.735000 5.700000 2.359900
      vertex 15.635000 5.600000 2.359900
    endloop
  endfacet
  facet normal 0 0 0
    outer loop
      vertex 15.635000 5.600000 2.359900
      vertex 15.735000 5.700000 2.359900
      vertex 15.735000 5.600000 2.359900
    endloop
  endfacet
  facet normal 0 0 0
    outer loop
      vertex 15.735000 5.700000 3.959900
      vertex 15.635000 5.700000 3.959900
      vertex 15.635000 5.600000 3.959900
    endloop
  endfacet
  facet normal 0 0 0
    outer loop
      vertex 15.735000 5.700000 3.959900
      vertex 15.635000 5.600000 3.959900
      vertex 15.735000 5.600000 3.959900
    endloop
  endfacet
  facet normal 0 0 0
    outer loop
      vertex 15.635000 2.500000 3.859900
      vertex 15.635000 2.500000 3.959900
      vertex 15.635000 5.600000 3.859900
    endloop
  endfacet
  facet normal 0 0 0
    outer loop
      vertex 15.635000 5.600000 3.859900
      vertex 15.635000 2.500000 3.959900
      vertex 15.635000 5.600000 3.959900
    endloop
  endfacet
  facet normal 0 0 0
    outer loop
      vertex 15.735000 2.500000 3.959900
      vertex 15.735000 2.500000 3.859900
      vertex 15.735000 5.600000 3.859900
    endloop
  endfacet
  facet normal 0 0 0
    outer loop
      vertex 15.735000 2.500000 3.959900
      vertex 15.735000 5.600000 3.859900
      vertex 15.735000 5.600000 3.959900
    endloop
  endfacet
  facet normal 0 0 0
    outer loop
      vertex 15.735000 2.500000 3.859900
      vertex 15.735000 2.500000 3.959900
      vertex 15.635000 2.500000 3.859900
    endloop
  endfacet
  facet normal 0 0 0
    outer loop
      vertex 15.635000 2.500000 3.859900
      vertex 15.735000 2.500000 3.959900
      vertex 15.635000 2.500000 3.959900
    endloop
  endfacet
  facet normal 0 0 0
    outer loop
      vertex 15.735000 5.600000 3.959900
      vertex 15.735000 5.600000 3.859900
      vertex 15.635000 5.600000 3.859900
    endloop
  endfacet
  facet normal 0 0 0
    outer loop
      vertex 15.735000 5.600000 3.959900
      vertex 15.635000 5.600000 3.859900
      vertex 15.635000 5.600000 3.959900
    endloop
  endfacet
  facet normal 0 0 0
    outer loop
      vertex 15.635000 5.600000 3.859900
      vertex 15.735000 5.600000 3.859900
      vertex 15.635000 2.500000 3.859900
    endloop
  endfacet
  facet normal 0 0 0
    outer loop
      vertex 15.635000 2.500000 3.859900
      vertex 15.735000 5.600000 3.859900
      vertex 15.735000 2.500000 3.859900
    endloop
  endfacet
  facet normal 0 0 0
    outer loop
      vertex 15.735000 5.600000 3.959900
      vertex 15.635000 5.600000 3.959900
      vertex 15.635000 2.500000 3.959900
    endloop
  endfacet
  facet normal 0 0 0
    outer loop
      vertex 15.735000 5.600000 3.959900
      vertex 15.635000 2.500000 3.959900
      vertex 15.735000 2.500000 3.959900
    endloop
  endfacet
  facet normal 0 0 0
    outer loop
      vertex 13.335000 2.500000 3.859900
      vertex 13.335000 2.500000 3.959900
      vertex 13.335000 2.600000 3.859900
    endloop
  endfacet
  facet normal 0 0 0
    outer loop
      vertex 13.335000 2.600000 3.859900
      vertex 13.335000 2.500000 3.959900
      vertex 13.335000 2.600000 3.959900
    endloop
  endfacet
  facet normal 0 0 0
    outer loop
      vertex 15.735000 2.500000 3.959900
      vertex 15.735000 2.500000 3.859900
      vertex 15.735000 2.600000 3.859900
    endloop
  endfacet
  facet normal 0 0 0
    outer loop
      vertex 15.735000 2.500000 3.959900
      vertex 15.735000 2.600000 3.859900
      vertex 15.735000 2.600000 3.959900
    endloop
  endfacet
  facet normal 0 0 0
    outer loop
      vertex 15.735000 2.500000 3.859900
      vertex 15.735000 2.500000 3.959900
      vertex 13.335000 2.500000 3.859900
    endloop
  endfacet
  facet normal 0 0 0
    outer loop
      vertex 13.335000 2.500000 3.859900
      vertex 15.735000 2.500000 3.959900
      vertex 13.335000 2.500000 3.959900
    endloop
  endfacet
  facet normal 0 0 0
    outer loop
      vertex 15.735000 2.600000 3.959900
      vertex 15.735000 2.600000 3.859900
      vertex 13.335000 2.600000 3.859900
    endloop
  endfacet
  facet normal 0 0 0
    outer loop
      vertex 15.735000 2.600000 3.959900
      vertex 13.335000 2.600000 3.859900
      vertex 13.335000 2.600000 3.959900
    endloop
  endfacet
  facet normal 0 0 0
    outer loop
      vertex 13.335000 2.600000 3.859900
      vertex 15.735000 2.600000 3.859900
      vertex 13.335000 2.500000 3.859900
    endloop
  endfacet
  facet normal 0 0 0
    outer loop
      vertex 13.335000 2.500000 3.859900
      vertex 15.735000 2.600000 3.859900
      vertex 15.735000 2.500000 3.859900
    endloop
  endfacet
  facet normal 0 0 0
    outer loop
      vertex 15.735000 2.600000 3.959900
      vertex 13.335000 2.600000 3.959900
      vertex 13.335000 2.500000 3.959900
    endloop
  endfacet
  facet normal 0 0 0
    outer loop
      vertex 15.735000 2.600000 3.959900
      vertex 13.335000 2.500000 3.959900
      vertex 15.735000 2.500000 3.959900
    endloop
  endfacet
  facet normal 0 0 0
    outer loop
      vertex 13.335000 5.600000 3.859900
      vertex 13.335000 5.600000 3.959900
      vertex 13.335000 5.700000 3.859900
    endloop
  endfacet
  facet normal 0 0 0
    outer loop
      vertex 13.335000 5.700000 3.859900
      vertex 13.335000 5.600000 3.959900
      vertex 13.335000 5.700000 3.959900
    endloop
  endfacet
  facet normal 0 0 0
    outer loop
      vertex 15.735000 5.600000 3.959900
      vertex 15.735000 5.600000 3.859900
      vertex 15.735000 5.700000 3.859900
    endloop
  endfacet
  facet normal 0 0 0
    outer loop
      vertex 15.735000 5.600000 3.959900
      vertex 15.735000 5.700000 3.859900
      vertex 15.735000 5.700000 3.959900
    endloop
  endfacet
  facet normal 0 0 0
    outer loop
      vertex 15.735000 5.600000 3.859900
      vertex 15.735000 5.600000 3.959900
      vertex 13.335000 5.600000 3.859900
    endloop
  endfacet
  facet normal 0 0 0
    outer loop
      vertex 13.335000 5.600000 3.859900
      vertex 15.735000 5.600000 3.959900
      vertex 13.335000 5.600000 3.959900
    endloop
  endfacet
  facet normal 0 0 0
    outer loop
      vertex 15.735000 5.700000 3.959900
      vertex 15.735000 5.700000 3.859900
      vertex 13.335000 5.700000 3.859900
    endloop
  endfacet
  facet normal 0 0 0
    outer loop
      vertex 15.735000 5.700000 3.959900
      vertex 13.335000 5.700000 3.859900
      vertex 13.335000 5.700000 3.959900
    endloop
  endfacet
  facet normal 0 0 0
    outer loop
      vertex 13.335000 5.700000 3.859900
      vertex 15.735000 5.700000 3.859900
      vertex 13.335000 5.600000 3.859900
    endloop
  endfacet
  facet normal 0 0 0
    outer loop
      vertex 13.335000 5.600000 3.859900
      vertex 15.735000 5.700000 3.859900
      vertex 15.735000 5.600000 3.859900
    endloop
  endfacet
  facet normal 0 0 0
    outer loop
      vertex 15.735000 5.700000 3.959900
      vertex 13.335000 5.700000 3.959900
      vertex 13.335000 5.600000 3.959900
    endloop
  endfacet
  facet normal 0 0 0
    outer loop
      vertex 15.735000 5.700000 3.959900
      vertex 13.335000 5.600000 3.959900
      vertex 15.735000 5.600000 3.959900
    endloop
  endfacet
  facet normal 0 0 0
    outer loop
      vertex 8.335000 1.750000 2.149900
      vertex 8.335000 1.750000 2.399900
      vertex 8.335000 6.450000 2.149900
    endloop
  endfacet
  facet normal 0 0 0
    outer loop
      vertex 8.335000 6.450000 2.149900
      vertex 8.335000 1.750000 2.399900
      vertex 8.335000 6.450000 2.399900
    endloop
  endfacet
  facet normal 0 0 0
    outer loop
      vertex 8.535000 1.750000 2.399900
      vertex 8.535000 1.750000 2.149900
      vertex 8.535000 6.450000 2.149900
    endloop
  endfacet
  facet normal 0 0 0
    outer loop
      vertex 8.535000 1.750000 2.399900
      vertex 8.535000 6.450000 2.149900
      vertex 8.535000 6.450000 2.399900
    endloop
  endfacet
  facet normal 0 0 0
    outer loop
      vertex 8.535000 1.750000 2.149900
      vertex 8.535000 1.750000 2.399900
      vertex 8.335000 1.750000 2.149900
    endloop
  endfacet
  facet normal 0 0 0
    outer loop
      vertex 8.335000 1.750000 2.149900
      vertex 8.535000 1.750000 2.399900
      vertex 8.335000 1.750000 2.399900
    endloop
  endfacet
  facet normal 0 0 0
    outer loop
      vertex 8.535000 6.450000 2.399900
      vertex 8.535000 6.450000 2.149900
      vertex 8.335000 6.450000 2.149900
    endloop
  endfacet
  facet normal 0 0 0
    outer loop
      vertex 8.535000 6.450000 2.399900
      vertex 8.335000 6.450000 2.149900
      vertex 8.335000 6.450000 2.399900
    endloop
  endfacet
  facet normal 0 0 0
    outer loop
      vertex 8.335000 1.750000 2.149900
      vertex 8.335000 6.450000 2.149900
      vertex 8.535000 1.750000 2.149900
    endloop
  endfacet
  facet normal 0 0 0
    outer loop
      vertex 8.335000 6.450000 2.149900
      vertex 8.535000 6.450000 2.149900
      vertex 8.535000 1.750000 2.149900
    endloop
  endfacet
  facet normal 0 0 0
    outer loop
      vertex 8.335000 6.450000 2.149900
      vertex 8.335000 1.750000 2.149900
      vertex 8.535000 1.750000 2.149900
    endloop
  endfacet
  facet normal 0 0 0
    outer loop
      vertex 8.535000 6.450000 2.149900
      vertex 8.335000 6.450000 2.149900
      vertex 8.535000 1.750000 2.149900
    endloop
  endfacet
  facet normal 0 0 0
    outer loop
      vertex 11.995000 1.750000 2.149900
      vertex 11.995000 1.750000 2.399900
      vertex 11.995000 6.450000 2.149900
    endloop
  endfacet
  facet normal 0 0 0
    outer loop
      vertex 11.995000 6.450000 2.149900
      vertex 11.995000 1.750000 2.399900
      vertex 11.995000 6.450000 2.399900
    endloop
  endfacet
  facet normal 0 0 0
    outer loop
      vertex 12.195000 1.750000 2.399900
      vertex 12.195000 1.750000 2.149900
      vertex 12.195000 6.450000 2.149900
    endloop
  endfacet
  facet normal 0 0 0
    outer loop
      vertex 12.195000 1.750000 2.399900
      vertex 12.195000 6.450000 2.149900
      vertex 12.195000 6.450000 2.399900
    endloop
  endfacet
  facet normal 0 0 0
    outer loop
      vertex 12.195000 1.750000 2.149900
      vertex 12.195000 1.750000 2.399900
      vertex 11.995000 1.750000 2.149900
    endloop
  endfacet
  facet normal 0 0 0
    outer loop
      vertex 11.995000 1.750000 2.149900
      vertex 12.195000 1.750000 2.399900
      vertex 11.995000 1.750000 2.399900
    endloop
  endfacet
  facet normal 0 0 0
    outer loop
      vertex 12.195000 6.450000 2.399900
      vertex 12.195000 6.450000 2.149900
      vertex 11.995000 6.450000 2.149900
    endloop
  endfacet
  facet normal 0 0 0
    outer loop
      vertex 12.195000 6.450000 2.399900
      vertex 11.995000 6.450000 2.149900
      vertex 11.995000 6.450000 2.399900
    endloop
  endfacet
  facet normal 0 0 0
    outer loop
      vertex 11.995000 1.750000 2.149900
      vertex 11.995000 6.450000 2.149900
      vertex 12.195000 1.750000 2.149900
    endloop
  endfacet
  facet normal 0 0 0
    outer loop
      vertex 11.995000 6.450000 2.149900
      vertex 12.195000 6.450000 2.149900
      vertex 12.195000 1.750000 2.149900
    endloop
  endfacet
  facet normal 0 0 0
    outer loop
      vertex 11.995000 6.450000 2.149900
      vertex 11.995000 1.750000 2.149900
      vertex 12.195000 1.750000 2.149900
    endloop
  endfacet
  facet normal 0 0 0
    outer loop
      vertex 12.195000 6.450000 2.149900
      vertex 11.995000 6.450000 2.149900
      vertex 12.195000 1.750000 2.149900
    endloop
  endfacet
  facet normal 0 0 0
    outer loop
      vertex 15.655000 1.750000 2.149900
      vertex 15.655000 1.750000 2.399900
      vertex 15.655000 6.450000 2.149900
    endloop
  endfacet
  facet normal 0 0 0
    outer loop
      vertex 15.655000 6.450000 2.149900
      vertex 15.655000 1.750000 2.399900
      vertex 15.655000 6.450000 2.399900
    endloop
  endfacet
  facet normal 0 0 0
    outer loop
      vertex 15.855000 1.750000 2.399900
      vertex 15.855000 1.750000 2.149900
      vertex 15.855000 6.450000 2.149900
    endloop
  endfacet
  facet normal 0 0 0
    outer loop
      vertex 15.855000 1.750000 2.399900
      vertex 15.855000 6.450000 2.149900
      vertex 15.855000 6.450000 2.399900
    endloop
  endfacet
  facet normal 0 0 0
    outer loop
      vertex 15.855000 1.750000 2.149900
      vertex 15.855000 1.750000 2.399900
      vertex 15.655000 1.750000 2.149900
    endloop
  endfacet
  facet normal 0 0 0
    outer loop
      vertex 15.655000 1.750000 2.149900
      vertex 15.855000 1.750000 2.399900
      vertex 15.655000 1.750000 2.399900
    endloop
  endfacet
  facet normal 0 0 0
    outer loop
      vertex 15.855000 6.450000 2.399900
      vertex 15.855000 6.450000 2.149900
      vertex 15.655000 6.450000 2.149900
    endloop
  endfacet
  facet normal 0 0 0
    outer loop
      vertex 15.855000 6.450000 2.399900
      vertex 15.655000 6.450000 2.149900
      vertex 15.655000 6.450000 2.399900
    endloop
  endfacet
  facet normal 0 0 0
    outer loop
      vertex 15.655000 1.750000 2.149900
      vertex 15.655000 6.450000 2.149900
      vertex 15.855000 1.750000 2.149900
    endloop
  endfacet
  facet normal 0 0 0
    outer loop
      vertex 15.655000 6.450000 2.149900
      vertex 15.855000 6.450000 2.149900
      vertex 15.855000 1.750000 2.149900
    endloop
  endfacet
  facet normal 0 0 0
    outer loop
      vertex 15.655000 6.450000 2.149900
      vertex 15.655000 1.750000 2.149900
      vertex 15.855000 1.750000 2.149900
    endloop
  endfacet
  facet normal 0 0 0
    outer loop
      vertex 15.855000 6.450000 2.149900
      vertex 15.655000 6.450000 2.149900
      vertex 15.855000 1.750000 2.149900
    endloop
  endfacet
  facet normal 0 0 0
    outer loop
      vertex 8.455000 2.200000 2.199900
      vertex 8.455000 1.900000 2.199900
      vertex 8.455000 2.200000 2.399900
    endloop
  endfacet
  facet normal 0 0 0
    outer loop
      vertex 8.455000 1.900000 2.199900
      vertex 8.455000 1.900000 2.399900
      vertex 8.455000 2.200000 2.399900
    endloop
  endfacet
  facet normal 0 0 0
    outer loop
      vertex 10.855000 1.900000 2.199900
      vertex 10.855000 2.200000 2.199900
      vertex 10.855000 2.200000 2.399900
    endloop
  endfacet
  facet normal 0 0 0
    outer loop
      vertex 10.855000 1.900000 2.399900
      vertex 10.855000 1.900000 2.199900
      vertex 10.855000 2.200000 2.399900
    endloop
  endfacet
  facet normal 0 0 0
    outer loop
      vertex 10.855000 1.900000 2.199900
      vertex 10.855000 1.900000 2.399900
      vertex 8.455000 1.900000 2.199900
    endloop
  endfacet
  facet normal 0 0 0
    outer loop
      vertex 8.455000 1.900000 2.199900
      vertex 10.855000 1.900000 2.399900
      vertex 8.455000 1.900000 2.399900
    endloop
  endfacet
  facet normal 0 0 0
    outer loop
      vertex 10.855000 2.200000 2.399900
      vertex 10.855000 2.200000 2.199900
      vertex 8.455000 2.200000 2.199900
    endloop
  endfacet
  facet normal 0 0 0
    outer loop
      vertex 10.855000 2.200000 2.399900
      vertex 8.455000 2.200000 2.199900
      vertex 8.455000 2.200000 2.399900
    endloop
  endfacet
  facet normal 0 0 0
    outer loop
      vertex 8.455000 2.200000 2.199900
      vertex 10.855000 1.900000 2.199900
      vertex 8.455000 1.900000 2.199900
    endloop
  endfacet
  facet normal 0 0 0
    outer loop
      vertex 8.455000 2.200000 2.199900
      vertex 10.855000 2.200000 2.199900
      vertex 10.855000 1.900000 2.199900
    endloop
  endfacet
  facet normal 0 0 0
    outer loop
      vertex 10.855000 1.900000 2.399900
      vertex 8.455000 2.200000 2.399900
      vertex 8.455000 1.900000 2.399900
    endloop
  endfacet
  facet normal 0 0 0
    outer loop
      vertex 10.855000 2.200000 2.399900
      vertex 8.455000 2.200000 2.399900
      vertex 10.855000 1.900000 2.399900
    endloop
  endfacet
  facet normal 0 0 0
    outer loop
      vertex 8.455000 6.300000 2.199900
      vertex 8.455000 6.000000 2.199900
      vertex 8.455000 6.300000 2.399900
    endloop
  endfacet
  facet normal 0 0 0
    outer loop
      vertex 8.455000 6.000000 2.199900
      vertex 8.455000 6.000000 2.399900
      vertex 8.455000 6.300000 2.399900
    endloop
  endfacet
  facet normal 0 0 0
    outer loop
      vertex 10.855000 6.000000 2.199900
      vertex 10.855000 6.300000 2.199900
      vertex 10.855000 6.300000 2.399900
    endloop
  endfacet
  facet normal 0 0 0
    outer loop
      vertex 10.855000 6.000000 2.399900
      vertex 10.855000 6.000000 2.199900
      vertex 10.855000 6.300000 2.399900
    endloop
  endfacet
  facet normal 0 0 0
    outer loop
      vertex 10.855000 6.000000 2.199900
      vertex 10.855000 6.000000 2.399900
      vertex 8.455000 6.000000 2.199900
    endloop
  endfacet
  facet normal 0 0 0
    outer loop
      vertex 8.455000 6.000000 2.199900
      vertex 10.855000 6.000000 2.399900
      vertex 8.455000 6.000000 2.399900
    endloop
  endfacet
  facet normal 0 0 0
    outer loop
      vertex 10.855000 6.300000 2.399900
      vertex 10.855000 6.300000 2.199900
      vertex 8.455000 6.300000 2.199900
    endloop
  endfacet
  facet normal 0 0 0
    outer loop
      vertex 10.855000 6.300000 2.399900
      vertex 8.455000 6.300000 2.199900
      vertex 8.455000 6.300000 2.399900
    endloop
  endfacet
  facet normal 0 0 0
    outer loop
      vertex 8.455000 6.300000 2.199900
      vertex 10.855000 6.000000 2.199900
      vertex 8.455000 6.000000 2.199900
    endloop
  endfacet
  facet normal 0 0 0
    outer loop
      vertex 8.455000 6.300000 2.199900
      vertex 10.855000 6.300000 2.199900
      vertex 10.855000 6.000000 2.199900
    endloop
  endfacet
  facet normal 0 0 0
    outer loop
      vertex 10.855000 6.000000 2.399900
      vertex 8.455000 6.300000 2.399900
      vertex 8.455000 6.000000 2.399900
    endloop
  endfacet
  facet normal 0 0 0
    outer loop
      vertex 10.855000 6.300000 2.399900
      vertex 8.455000 6.300000 2.399900
      vertex 10.855000 6.000000 2.399900
    endloop
  endfacet
  facet normal 0 0 0
    outer loop
      vertex 8.455000 2.200000 2.469900
      vertex 8.455000 1.900000 2.469900
      vertex 8.455000 2.200000 2.669900
    endloop
  endfacet
  facet normal 0 0 0
    outer loop
      vertex 8.455000 1.900000 2.469900
      vertex 8.455000 1.900000 2.669900
      vertex 8.455000 2.200000 2.669900
    endloop
  endfacet
  facet normal 0 0 0
    outer loop
      vertex 10.855000 1.900000 2.469900
      vertex 10.855000 2.200000 2.469900
      vertex 10.855000 2.200000 2.669900
    endloop
  endfacet
  facet normal 0 0 0
    outer loop
      vertex 10.855000 1.900000 2.669900
      vertex 10.855000 1.900000 2.469900
      vertex 10.855000 2.200000 2.669900
    endloop
  endfacet
  facet normal 0 0 0
    outer loop
      vertex 10.855000 1.900000 2.469900
      vertex 10.855000 1.900000 2.669900
      vertex 8.455000 1.900000 2.469900
    endloop
  endfacet
  facet normal 0 0 0
    outer loop
      vertex 8.455000 1.900000 2.469900
      vertex 10.855000 1.900000 2.669900
      vertex 8.455000 1.900000 2.669900
    endloop
  endfacet
  facet normal 0 0 0
    outer loop
      vertex 10.855000 2.200000 2.669900
      vertex 10.855000 2.200000 2.469900
      vertex 8.455000 2.200000 2.469900
    endloop
  endfacet
  facet normal 0 0 0
    outer loop
      vertex 10.855000 2.200000 2.669900
      vertex 8.455000 2.200000 2.469900
      vertex 8.455000 2.200000 2.669900
    endloop
  endfacet
  facet normal 0 0 0
    outer loop
      vertex 8.455000 2.200000 2.469900
      vertex 10.855000 1.900000 2.469900
      vertex 8.455000 1.900000 2.469900
    endloop
  endfacet
  facet normal 0 0 0
    outer loop
      vertex 8.455000 2.200000 2.469900
      vertex 10.855000 2.200000 2.469900
      vertex 10.855000 1.900000 2.469900
    endloop
  endfacet
  facet normal 0 0 0
    outer loop
      vertex 10.855000 1.900000 2.669900
      vertex 8.455000 2.200000 2.669900
      vertex 8.455000 1.900000 2.669900
    endloop
  endfacet
  facet normal 0 0 0
    outer loop
      vertex 10.855000 2.200000 2.669900
      vertex 8.455000 2.200000 2.669900
      vertex 10.855000 1.900000 2.669900
    endloop
  endfacet
  facet normal 0 0 0
    outer loop
      vertex 8.455000 6.300000 2.469900
      vertex 8.455000 6.000000 2.469900
      vertex 8.455000 6.300000 2.669900
    endloop
  endfacet
  facet normal 0 0 0
    outer loop
      vertex 8.455000 6.000000 2.469900
      vertex 8.455000 6.000000 2.669900
      vertex 8.455000 6.300000 2.669900
    endloop
  endfacet
  facet normal 0 0 0
    outer loop
      vertex 10.855000 6.000000 2.469900
      vertex 10.855000 6.300000 2.469900
      vertex 10.855000 6.300000 2.669900
    endloop
  endfacet
  facet normal 0 0 0
    outer loop
      vertex 10.855000 6.000000 2.669900
      vertex 10.855000 6.000000 2.469900
      vertex 10.855000 6.300000 2.669900
    endloop
  endfacet
  facet normal 0 0 0
    outer loop
      vertex 10.855000 6.000000 2.469900
      vertex 10.855000 6.000000 2.669900
      vertex 8.455000 6.000000 2.469900
    endloop
  endfacet
  facet normal 0 0 0
    outer loop
      vertex 8.455000 6.000000 2.469900
      vertex 10.855000 6.000000 2.669900
      vertex 8.455000 6.000000 2.669900
    endloop
  endfacet
  facet normal 0 0 0
    outer loop
      vertex 10.855000 6.300000 2.669900
      vertex 10.855000 6.300000 2.469900
      vertex 8.455000 6.300000 2.469900
    endloop
  endfacet
  facet normal 0 0 0
    outer loop
      vertex 10.855000 6.300000 2.669900
      vertex 8.455000 6.300000 2.469900
      vertex 8.455000 6.300000 2.669900
    endloop
  endfacet
  facet normal 0 0 0
    outer loop
      vertex 8.455000 6.300000 2.469900
      vertex 10.855000 6.000000 2.469900
      vertex 8.455000 6.000000 2.469900
    endloop
  endfacet
  facet normal 0 0 0
    outer loop
      vertex 8.455000 6.300000 2.469900
      vertex 10.855000 6.300000 2.469900
      vertex 10.855000 6.000000 2.469900
    endloop
  endfacet
  facet normal 0 0 0
    outer loop
      vertex 10.855000 6.000000 2.669900
      vertex 8.455000 6.300000 2.669900
      vertex 8.455000 6.000000 2.669900
    endloop
  endfacet
  facet normal 0 0 0
    outer loop
      vertex 10.855000 6.300000 2.669900
      vertex 8.455000 6.300000 2.669900
      vertex 10.855000 6.000000 2.669900
    endloop
  endfacet
  facet normal 0 0 0
    outer loop
      vertex 10.895000 2.200000 2.199900
      vertex 10.895000 1.900000 2.199900
      vertex 10.895000 2.200000 2.399900
    endloop
  endfacet
  facet normal 0 0 0
    outer loop
      vertex 10.895000 1.900000 2.199900
      vertex 10.895000 1.900000 2.399900
      vertex 10.895000 2.200000 2.399900
    endloop
  endfacet
  facet normal 0 0 0
    outer loop
      vertex 13.295000 1.900000 2.199900
      vertex 13.295000 2.200000 2.199900
      vertex 13.295000 2.200000 2.399900
    endloop
  endfacet
  facet normal 0 0 0
    outer loop
      vertex 13.295000 1.900000 2.399900
      vertex 13.295000 1.900000 2.199900
      vertex 13.295000 2.200000 2.399900
    endloop
  endfacet
  facet normal 0 0 0
    outer loop
      vertex 13.295000 1.900000 2.199900
      vertex 13.295000 1.900000 2.399900
      vertex 10.895000 1.900000 2.199900
    endloop
  endfacet
  facet normal 0 0 0
    outer loop
      vertex 10.895000 1.900000 2.199900
      vertex 13.295000 1.900000 2.399900
      vertex 10.895000 1.900000 2.399900
    endloop
  endfacet
  facet normal 0 0 0
    outer loop
      vertex 13.295000 2.200000 2.399900
      vertex 13.295000 2.200000 2.199900
      vertex 10.895000 2.200000 2.199900
    endloop
  endfacet
  facet normal 0 0 0
    outer loop
      vertex 13.295000 2.200000 2.399900
      vertex 10.895000 2.200000 2.199900
      vertex 10.895000 2.200000 2.399900
    endloop
  endfacet
  facet normal 0 0 0
    outer loop
      vertex 10.895000 2.200000 2.199900
      vertex 13.295000 1.900000 2.199900
      vertex 10.895000 1.900000 2.199900
    endloop
  endfacet
  facet normal 0 0 0
    outer loop
      vertex 10.895000 2.200000 2.199900
      vertex 13.295000 2.200000 2.199900
      vertex 13.295000 1.900000 2.199900
    endloop
  endfacet
  facet normal 0 0 0
    outer loop
      vertex 13.295000 1.900000 2.399900
      vertex 10.895000 2.200000 2.399900
      vertex 10.895000 1.900000 2.399900
    endloop
  endfacet
  facet normal 0 0 0
    outer loop
      vertex 13.295000 2.200000 2.399900
      vertex 10.895000 2.200000 2.399900
      vertex 13.295000 1.900000 2.399900
    endloop
  endfacet
  facet normal 0 0 0
    outer loop
      vertex 10.895000 6.300000 2.199900
      vertex 10.895000 6.000000 2.199900
      vertex 10.895000 6.300000 2.399900
    endloop
  endfacet
  facet normal 0 0 0
    outer loop
      vertex 10.895000 6.000000 2.199900
      vertex 10.895000 6.000000 2.399900
      vertex 10.895000 6.300000 2.399900
    endloop
  endfacet
  facet normal 0 0 0
    outer loop
      vertex 13.295000 6.000000 2.199900
      vertex 13.295000 6.300000 2.199900
      vertex 13.295000 6.300000 2.399900
    endloop
  endfacet
  facet normal 0 0 0
    outer loop
      vertex 13.295000 6.000000 2.399900
      vertex 13.295000 6.000000 2.199900
      vertex 13.295000 6.300000 2.399900
    endloop
  endfacet
  facet normal 0 0 0
    outer loop
      vertex 13.295000 6.000000 2.199900
      vertex 13.295000 6.000000 2.399900
      vertex 10.895000 6.000000 2.199900
    endloop
  endfacet
  facet normal 0 0 0
    outer loop
      vertex 10.895000 6.000000 2.199900
      vertex 13.295000 6.000000 2.399900
      vertex 10.895000 6.000000 2.399900
    endloop
  endfacet
  facet normal 0 0 0
    outer loop
      vertex 13.295000 6.300000 2.399900
      vertex 13.295000 6.300000 2.199900
      vertex 10.895000 6.300000 2.199900
    endloop
  endfacet
  facet normal 0 0 0
    outer loop
      vertex 13.295000 6.300000 2.399900
      vertex 10.895000 6.300000 2.199900
      vertex 10.895000 6.300000 2.399900
    endloop
  endfacet
  facet normal 0 0 0
    outer loop
      vertex 10.895000 6.300000 2.199900
      vertex 13.295000 6.000000 2.199900
      vertex 10.895000 6.000000 2.199900
    endloop
  endfacet
  facet normal 0 0 0
    outer loop
      vertex 10.895000 6.300000 2.199900
      vertex 13.295000 6.300000 2.199900
      vertex 13.295000 6.000000 2.199900
    endloop
  endfacet
  facet normal 0 0 0
    outer loop
      vertex 13.295000 6.000000 2.399900
      vertex 10.895000 6.300000 2.399900
      vertex 10.895000 6.000000 2.399900
    endloop
  endfacet
  facet normal 0 0 0
    outer loop
      vertex 13.295000 6.300000 2.399900
      vertex 10.895000 6.300000 2.399900
      vertex 13.295000 6.000000 2.399900
    endloop
  endfacet
  facet normal 0 0 0
    outer loop
      vertex 10.895000 2.200000 2.469900
      vertex 10.895000 1.900000 2.469900
      vertex 10.895000 2.200000 2.669900
    endloop
  endfacet
  facet normal 0 0 0
    outer loop
      vertex 10.895000 1.900000 2.469900
      vertex 10.895000 1.900000 2.669900
      vertex 10.895000 2.200000 2.669900
    endloop
  endfacet
  facet normal 0 0 0
    outer loop
      vertex 13.295000 1.900000 2.469900
      vertex 13.295000 2.200000 2.469900
      vertex 13.295000 2.200000 2.669900
    endloop
  endfacet
  facet normal 0 0 0
    outer loop
      vertex 13.295000 1.900000 2.669900
      vertex 13.295000 1.900000 2.469900
      vertex 13.295000 2.200000 2.669900
    endloop
  endfacet
  facet normal 0 0 0
    outer loop
      vertex 13.295000 1.900000 2.469900
      vertex 13.295000 1.900000 2.669900
      vertex 10.895000 1.900000 2.469900
    endloop
  endfacet
  facet normal 0 0 0
    outer loop
      vertex 10.895000 1.900000 2.469900
      vertex 13.295000 1.900000 2.669900
      vertex 10.895000 1.900000 2.669900
    endloop
  endfacet
  facet normal 0 0 0
    outer loop
      vertex 13.295000 2.200000 2.669900
      vertex 13.295000 2.200000 2.469900
      vertex 10.895000 2.200000 2.469900
    endloop
  endfacet
  facet normal 0 0 0
    outer loop
      vertex 13.295000 2.200000 2.669900
      vertex 10.895000 2.200000 2.469900
      vertex 10.895000 2.200000 2.669900
    endloop
  endfacet
  facet normal 0 0 0
    outer loop
      vertex 10.895000 2.200000 2.469900
      vertex 13.295000 1.900000 2.469900
      vertex 10.895000 1.900000 2.469900
    endloop
  endfacet
  facet normal 0 0 0
    outer loop
      vertex 10.895000 2.200000 2.469900
      vertex 13.295000 2.200000 2.469900
      vertex 13.295000 1.900000 2.469900
    endloop
  endfacet
  facet normal 0 0 0
    outer loop
      vertex 13.295000 1.900000 2.669900
      vertex 10.895000 2.200000 2.669900
      vertex 10.895000 1.900000 2.669900
    endloop
  endfacet
  facet normal 0 0 0
    outer loop
      vertex 13.295000 2.200000 2.669900
      vertex 10.895000 2.200000 2.669900
      vertex 13.295000 1.900000 2.669900
    endloop
  endfacet
  facet normal 0 0 0
    outer loop
      vertex 10.895000 6.300000 2.469900
      vertex 10.895000 6.000000 2.469900
      vertex 10.895000 6.300000 2.669900
    endloop
  endfacet
  facet normal 0 0 0
    outer loop
      vertex 10.895000 6.000000 2.469900
      vertex 10.895000 6.000000 2.669900
      vertex 10.895000 6.300000 2.669900
    endloop
  endfacet
  facet normal 0 0 0
    outer loop
      vertex 13.295000 6.000000 2.469900
      vertex 13.295000 6.300000 2.469900
      vertex 13.295000 6.300000 2.669900
    endloop
  endfacet
  facet normal 0 0 0
    outer loop
      vertex 13.295000 6.000000 2.669900
      vertex 13.295000 6.000000 2.469900
      vertex 13.295000 6.300000 2.669900
    endloop
  endfacet
  facet normal 0 0 0
    outer loop
      vertex 13.295000 6.000000 2.469900
      vertex 13.295000 6.000000 2.669900
      vertex 10.895000 6.000000 2.469900
    endloop
  endfacet
  facet normal 0 0 0
    outer loop
      vertex 10.895000 6.000000 2.469900
      vertex 13.295000 6.000000 2.669900
      vertex 10.895000 6.000000 2.669900
    endloop
  endfacet
  facet normal 0 0 0
    outer loop
      vertex 13.295000 6.300000 2.669900
      vertex 13.295000 6.300000 2.469900
      vertex 10.895000 6.300000 2.469900
    endloop
  endfacet
  facet normal 0 0 0
    outer loop
      vertex 13.295000 6.300000 2.669900
      vertex 10.895000 6.300000 2.469900
      vertex 10.895000 6.300000 2.669900
    endloop
  endfacet
  facet normal 0 0 0
    outer loop
      vertex 10.895000 6.300000 2.469900
      vertex 13.295000 6.000000 2.469900
      vertex 10.895000 6.000000 2.469900
    endloop
  endfacet
  facet normal 0 0 0
    outer loop
      vertex 10.895000 6.300000 2.469900
      vertex 13.295000 6.300000 2.469900
      vertex 13.295000 6.000000 2.469900
    endloop
  endfacet
  facet normal 0 0 0
    outer loop
      vertex 13.295000 6.000000 2.669900
      vertex 10.895000 6.300000 2.669900
      vertex 10.895000 6.000000 2.669900
    endloop
  endfacet
  facet normal 0 0 0
    outer loop
      vertex 13.295000 6.300000 2.669900
      vertex 10.895000 6.300000 2.669900
      vertex 13.295000 6.000000 2.669900
    endloop
  endfacet
  facet normal 0 0 0
    outer loop
      vertex 13.335000 2.200000 2.199900
      vertex 13.335000 1.900000 2.199900
      vertex 13.335000 2.200000 2.399900
    endloop
  endfacet
  facet normal 0 0 0
    outer loop
      vertex 13.335000 1.900000 2.199900
      vertex 13.335000 1.900000 2.399900
      vertex 13.335000 2.200000 2.399900
    endloop
  endfacet
  facet normal 0 0 0
    outer loop
      vertex 15.735000 1.900000 2.199900
      vertex 15.735000 2.200000 2.199900
      vertex 15.735000 2.200000 2.399900
    endloop
  endfacet
  facet normal 0 0 0
    outer loop
      vertex 15.735000 1.900000 2.399900
      vertex 15.735000 1.900000 2.199900
      vertex 15.735000 2.200000 2.399900
    endloop
  endfacet
  facet normal 0 0 0
    outer loop
      vertex 15.735000 1.900000 2.199900
      vertex 15.735000 1.900000 2.399900
      vertex 13.335000 1.900000 2.199900
    endloop
  endfacet
  facet normal 0 0 0
    outer loop
      vertex 13.335000 1.900000 2.199900
      vertex 15.735000 1.900000 2.399900
      vertex 13.335000 1.900000 2.399900
    endloop
  endfacet
  facet normal 0 0 0
    outer loop
      vertex 15.735000 2.200000 2.399900
      vertex 15.735000 2.200000 2.199900
      vertex 13.335000 2.200000 2.199900
    endloop
  endfacet
  facet normal 0 0 0
    outer loop
      vertex 15.735000 2.200000 2.399900
      vertex 13.335000 2.200000 2.199900
      vertex 13.335000 2.200000 2.399900
    endloop
  endfacet
  facet normal 0 0 0
    outer loop
      vertex 13.335000 2.200000 2.199900
      vertex 15.735000 1.900000 2.199900
      vertex 13.335000 1.900000 2.199900
    endloop
  endfacet
  facet normal 0 0 0
    outer loop
      vertex 13.335000 2.200000 2.199900
      vertex 15.735000 2.200000 2.199900
      vertex 15.735000 1.900000 2.199900
    endloop
  endfacet
  facet normal 0 0 0
    outer loop
      vertex 15.735000 1.900000 2.399900
      vertex 13.335000 2.200000 2.399900
      vertex 13.335000 1.900000 2.399900
    endloop
  endfacet
  facet normal 0 0 0
    outer loop
      vertex 15.735000 2.200000 2.399900
      vertex 13.335000 2.200000 2.399900
      vertex 15.735000 1.900000 2.399900
    endloop
  endfacet
  facet normal 0 0 0
    outer loop
      vertex 13.335000 6.300000 2.199900
      vertex 13.335000 6.000000 2.199900
      vertex 13.335000 6.300000 2.399900
    endloop
  endfacet
  facet normal 0 0 0
    outer loop
      vertex 13.335000 6.000000 2.199900
      vertex 13.335000 6.000000 2.399900
      vertex 13.335000 6.300000 2.399900
    endloop
  endfacet
  facet normal 0 0 0
    outer loop
      vertex 15.735000 6.000000 2.199900
      vertex 15.735000 6.300000 2.199900
      vertex 15.735000 6.300000 2.399900
    endloop
  endfacet
  facet normal 0 0 0
    outer loop
      vertex 15.735000 6.000000 2.399900
      vertex 15.735000 6.000000 2.199900
      vertex 15.735000 6.300000 2.399900
    endloop
  endfacet
  facet normal 0 0 0
    outer loop
      vertex 15.735000 6.000000 2.199900
      vertex 15.735000 6.000000 2.399900
      vertex 13.335000 6.000000 2.199900
    endloop
  endfacet
  facet normal 0 0 0
    outer loop
      vertex 13.335000 6.000000 2.199900
      vertex 15.735000 6.000000 2.399900
      vertex 13.335000 6.000000 2.399900
    endloop
  endfacet
  facet normal 0 0 0
    outer loop
      vertex 15.735000 6.300000 2.399900
      vertex 15.735000 6.300000 2.199900
      vertex 13.335000 6.300000 2.199900
    endloop
  endfacet
  facet normal 0 0 0
    outer loop
      vertex 15.735000 6.300000 2.399900
      vertex 13.335000 6.300000 2.199900
      vertex 13.335000 6.300000 2.399900
    endloop
  endfacet
  facet normal 0 0 0
    outer loop
      vertex 13.335000 6.300000 2.199900
      vertex 15.735000 6.000000 2.199900
      vertex 13.335000 6.000000 2.199900
    endloop
  endfacet
  facet normal 0 0 0
    outer loop
      vertex 13.335000 6.300000 2.199900
      vertex 15.735000 6.300000 2.199900
      vertex 15.735000 6.000000 2.199900
    endloop
  endfacet
  facet normal 0 0 0
    outer loop
      vertex 15.735000 6.000000 2.399900
      vertex 13.335000 6.300000 2.399900
      vertex 13.335000 6.000000 2.399900
    endloop
  endfacet
  facet normal 0 0 0
    outer loop
      vertex 15.735000 6.300000 2.399900
      vertex 13.335000 6.300000 2.399900
      vertex 15.735000 6.000000 2.399900
    endloop
  endfacet
  facet normal 0 0 0
    outer loop
      vertex 13.335000 2.200000 2.469900
      vertex 13.335000 1.900000 2.469900
      vertex 13.335000 2.200000 2.669900
    endloop
  endfacet
  facet normal 0 0 0
    outer loop
      vertex 13.335000 1.900000 2.469900
      vertex 13.335000 1.900000 2.669900
      vertex 13.335000 2.200000 2.669900
    endloop
  endfacet
  facet normal 0 0 0
    outer loop
      vertex 15.735000 1.900000 2.469900
      vertex 15.735000 2.200000 2.469900
      vertex 15.735000 2.200000 2.669900
    endloop
  endfacet
  facet normal 0 0 0
    outer loop
      vertex 15.735000 1.900000 2.669900
      vertex 15.735000 1.900000 2.469900
      vertex 15.735000 2.200000 2.669900
    endloop
  endfacet
  facet normal 0 0 0
    outer loop
      vertex 15.735000 1.900000 2.469900
      vertex 15.735000 1.900000 2.669900
      vertex 13.335000 1.900000 2.469900
    endloop
  endfacet
  facet normal 0 0 0
    outer loop
      vertex 13.335000 1.900000 2.469900
      vertex 15.735000 1.900000 2.669900
      vertex 13.335000 1.900000 2.669900
    endloop
  endfacet
  facet normal 0 0 0
    outer loop
      vertex 15.735000 2.200000 2.669900
      vertex 15.735000 2.200000 2.469900
      vertex 13.335000 2.200000 2.469900
    endloop
  endfacet
  facet normal 0 0 0
    outer loop
      vertex 15.735000 2.200000 2.669900
      vertex 13.335000 2.200000 2.469900
      vertex 13.335000 2.200000 2.669900
    endloop
  endfacet
  facet normal 0 0 0
    outer loop
      vertex 13.335000 2.200000 2.469900
      vertex 15.735000 1.900000 2.469900
      vertex 13.335000 1.900000 2.469900
    endloop
  endfacet
  facet normal 0 0 0
    outer loop
      vertex 13.335000 2.200000 2.469900
      vertex 15.735000 2.200000 2.469900
      vertex 15.735000 1.900000 2.469900
    endloop
  endfacet
  facet normal 0 0 0
    outer loop
      vertex 15.735000 1.900000 2.669900
      vertex 13.335000 2.200000 2.669900
      vertex 13.335000 1.900000 2.669900
    endloop
  endfacet
  facet normal 0 0 0
    outer loop
      vertex 15.735000 2.200000 2.669900
      vertex 13.335000 2.200000 2.669900
      vertex 15.735000 1.900000 2.669900
    endloop
  endfacet
  facet normal 0 0 0
    outer loop
      vertex 13.335000 6.300000 2.469900
      vertex 13.335000 6.000000 2.469900
      vertex 13.335000 6.300000 2.669900
    endloop
  endfacet
  facet normal 0 0 0
    outer loop
      vertex 13.335000 6.000000 2.469900
      vertex 13.335000 6.000000 2.669900
      vertex 13.335000 6.300000 2.669900
    endloop
  endfacet
  facet normal 0 0 0
    outer loop
      vertex 15.735000 6.000000 2.469900
      vertex 15.735000 6.300000 2.469900
      vertex 15.735000 6.300000 2.669900
    endloop
  endfacet
  facet normal 0 0 0
    outer loop
      vertex 15.735000 6.000000 2.669900
      vertex 15.735000 6.000000 2.469900
      vertex 15.735000 6.300000 2.669900
    endloop
  endfacet
  facet normal 0 0 0
    outer loop
      vertex 15.735000 6.000000 2.469900
      vertex 15.735000 6.000000 2.669900
      vertex 13.335000 6.000000 2.469900
    endloop
  endfacet
  facet normal 0 0 0
    outer loop
      vertex 13.335000 6.000000 2.469900
      vertex 15.735000 6.000000 2.669900
      vertex 13.335000 6.000000 2.669900
    endloop
  endfacet
  facet normal 0 0 0
    outer loop
      vertex 15.735000 6.300000 2.669900
      vertex 15.735000 6.300000 2.469900
      vertex 13.335000 6.300000 2.469900
    endloop
  endfacet
  facet normal 0 0 0
    outer loop
      vertex 15.735000 6.300000 2.669900
      vertex 13.335000 6.300000 2.469900
      vertex 13.335000 6.300000 2.669900
    endloop
  endfacet
  facet normal 0 0 0
    outer loop
      vertex 13.335000 6.300000 2.469900
      vertex 15.735000 6.000000 2.469900
      vertex 13.335000 6.000000 2.469900
    endloop
  endfacet
  facet normal 0 0 0
    outer loop
      vertex 13.335000 6.300000 2.469900
      vertex 15.735000 6.300000 2.469900
      vertex 15.735000 6.000000 2.469900
    endloop
  endfacet
  facet normal 0 0 0
    outer loop
      vertex 15.735000 6.000000 2.669900
      vertex 13.335000 6.300000 2.669900
      vertex 13.335000 6.000000 2.669900
    endloop
  endfacet
  facet normal 0 0 0
    outer loop
      vertex 15.735000 6.300000 2.669900
      vertex 13.335000 6.300000 2.669900
      vertex 15.735000 6.000000 2.669900
    endloop
  endfacet
  facet normal 0 0 0
    outer loop
      vertex 8.455000 2.450000 2.739900
      vertex 8.455000 1.650000 2.739900
      vertex 8.455000 2.450000 2.889900
    endloop
  endfacet
  facet normal 0 0 0
    outer loop
      vertex 8.455000 1.650000 2.739900
      vertex 8.455000 1.650000 2.889900
      vertex 8.455000 2.450000 2.889900
    endloop
  endfacet
  facet normal 0 0 0
    outer loop
      vertex 10.855000 1.650000 2.739900
      vertex 10.855000 2.450000 2.739900
      vertex 10.855000 2.450000 2.889900
    endloop
  endfacet
  facet normal 0 0 0
    outer loop
      vertex 10.855000 1.650000 2.889900
      vertex 10.855000 1.650000 2.739900
      vertex 10.855000 2.450000 2.889900
    endloop
  endfacet
  facet normal 0 0 0
    outer loop
      vertex 10.855000 1.650000 2.739900
      vertex 10.855000 1.650000 2.889900
      vertex 8.455000 1.650000 2.739900
    endloop
  endfacet
  facet normal 0 0 0
    outer loop
      vertex 8.455000 1.650000 2.739900
      vertex 10.855000 1.650000 2.889900
      vertex 8.455000 1.650000 2.889900
    endloop
  endfacet
  facet normal 0 0 0
    outer loop
      vertex 10.855000 2.450000 2.889900
      vertex 10.855000 2.450000 2.739900
      vertex 8.455000 2.450000 2.739900
    endloop
  endfacet
  facet normal 0 0 0
    outer loop
      vertex 10.855000 2.450000 2.889900
      vertex 8.455000 2.450000 2.739900
      vertex 8.455000 2.450000 2.889900
    endloop
  endfacet
  facet normal 0 0 0
    outer loop
      vertex 8.455000 2.450000 2.739900
      vertex 10.855000 2.450000 2.739900
      vertex 8.455000 1.650000 2.739900
    endloop
  endfacet
  facet normal 0 0 0
    outer loop
      vertex 8.455000 1.650000 2.739900
      vertex 10.855000 2.450000 2.739900
      vertex 10.855000 1.650000 2.739900
    endloop
  endfacet
  facet normal 0 0 0
    outer loop
      vertex 10.855000 2.450000 2.889900
      vertex 8.455000 2.450000 2.889900
      vertex 8.455000 1.650000 2.889900
    endloop
  endfacet
  facet normal 0 0 0
    outer loop
      vertex 10.855000 2.450000 2.889900
      vertex 8.455000 1.650000 2.889900
      vertex 10.855000 1.650000 2.889900
    endloop
  endfacet
  facet normal 0 0 0
    outer loop
      vertex 8.455000 6.550000 2.739900
      vertex 8.455000 5.750000 2.739900
      vertex 8.455000 6.550000 2.889900
    endloop
  endfacet
  facet normal 0 0 0
    outer loop
      vertex 8.455000 5.750000 2.739900
      vertex 8.455000 5.750000 2.889900
      vertex 8.455000 6.550000 2.889900
    endloop
  endfacet
  facet normal 0 0 0
    outer loop
      vertex 10.855000 5.750000 2.739900
      vertex 10.855000 6.550000 2.739900
      vertex 10.855000 6.550000 2.889900
    endloop
  endfacet
  facet normal 0 0 0
    outer loop
      vertex 10.855000 5.750000 2.889900
      vertex 10.855000 5.750000 2.739900
      vertex 10.855000 6.550000 2.889900
    endloop
  endfacet
  facet normal 0 0 0
    outer loop
      vertex 10.855000 5.750000 2.739900
      vertex 10.855000 5.750000 2.889900
      vertex 8.455000 5.750000 2.739900
    endloop
  endfacet
  facet normal 0 0 0
    outer loop
      vertex 8.455000 5.750000 2.739900
      vertex 10.855000 5.750000 2.889900
      vertex 8.455000 5.750000 2.889900
    endloop
  endfacet
  facet normal 0 0 0
    outer loop
      vertex 10.855000 6.550000 2.889900
      vertex 10.855000 6.550000 2.739900
      vertex 8.455000 6.550000 2.739900
    endloop
  endfacet
  facet normal 0 0 0
    outer loop
      vertex 10.855000 6.550000 2.889900
      vertex 8.455000 6.550000 2.739900
      vertex 8.455000 6.550000 2.889900
    endloop
  endfacet
  facet normal 0 0 0
    outer loop
      vertex 8.455000 6.550000 2.739900
      vertex 10.855000 6.550000 2.739900
      vertex 8.455000 5.750000 2.739900
    endloop
  endfacet
  facet normal 0 0 0
    outer loop
      vertex 8.455000 5.750000 2.739900
      vertex 10.855000 6.550000 2.739900
      vertex 10.855000 5.750000 2.739900
    endloop
  endfacet
  facet normal 0 0 0
    outer loop
      vertex 10.855000 6.550000 2.889900
      vertex 8.455000 6.550000 2.889900
      vertex 8.455000 5.750000 2.889900
    endloop
  endfacet
  facet normal 0 0 0
    outer loop
      vertex 10.855000 6.550000 2.889900
      vertex 8.455000 5.750000 2.889900
      vertex 10.855000 5.750000 2.889900
    endloop
  endfacet
  facet normal 0 0 0
    outer loop
      vertex 8.455000 2.450000 3.009900
      vertex 8.455000 1.650000 3.009900
      vertex 8.455000 2.450000 3.159900
    endloop
  endfacet
  facet normal 0 0 0
    outer loop
      vertex 8.455000 1.650000 3.009900
      vertex 8.455000 1.650000 3.159900
      vertex 8.455000 2.450000 3.159900
    endloop
  endfacet
  facet normal 0 0 0
    outer loop
      vertex 10.855000 1.650000 3.009900
      vertex 10.855000 2.450000 3.009900
      vertex 10.855000 2.450000 3.159900
    endloop
  endfacet
  facet normal 0 0 0
    outer loop
      vertex 10.855000 1.650000 3.159900
      vertex 10.855000 1.650000 3.009900
      vertex 10.855000 2.450000 3.159900
    endloop
  endfacet
  facet normal 0 0 0
    outer loop
      vertex 10.855000 1.650000 3.009900
      vertex 10.855000 1.650000 3.159900
      vertex 8.455000 1.650000 3.009900
    endloop
  endfacet
  facet normal 0 0 0
    outer loop
      vertex 8.455000 1.650000 3.009900
      vertex 10.855000 1.650000 3.159900
      vertex 8.455000 1.650000 3.159900
    endloop
  endfacet
  facet normal 0 0 0
    outer loop
      vertex 10.855000 2.450000 3.159900
      vertex 10.855000 2.450000 3.009900
      vertex 8.455000 2.450000 3.009900
    endloop
  endfacet
  facet normal 0 0 0
    outer loop
      vertex 10.855000 2.450000 3.159900
      vertex 8.455000 2.450000 3.009900
      vertex 8.455000 2.450000 3.159900
    endloop
  endfacet
  facet normal 0 0 0
    outer loop
      vertex 8.455000 2.450000 3.009900
      vertex 10.855000 2.450000 3.009900
      vertex 8.455000 1.650000 3.009900
    endloop
  endfacet
  facet normal 0 0 0
    outer loop
      vertex 8.455000 1.650000 3.009900
      vertex 10.855000 2.450000 3.009900
      vertex 10.855000 1.650000 3.009900
    endloop
  endfacet
  facet normal 0 0 0
    outer loop
      vertex 10.855000 2.450000 3.159900
      vertex 8.455000 2.450000 3.159900
      vertex 8.455000 1.650000 3.159900
    endloop
  endfacet
  facet normal 0 0 0
    outer loop
      vertex 10.855000 2.450000 3.159900
      vertex 8.455000 1.650000 3.159900
      vertex 10.855000 1.650000 3.159900
    endloop
  endfacet
  facet normal 0 0 0
    outer loop
      vertex 8.455000 6.550000 3.009900
      vertex 8.455000 5.750000 3.009900
      vertex 8.455000 6.550000 3.159900
    endloop
  endfacet
  facet normal 0 0 0
    outer loop
      vertex 8.455000 5.750000 3.009900
      vertex 8.455000 5.750000 3.159900
      vertex 8.455000 6.550000 3.159900
    endloop
  endfacet
  facet normal 0 0 0
    outer loop
      vertex 10.855000 5.750000 3.009900
      vertex 10.855000 6.550000 3.009900
      vertex 10.855000 6.550000 3.159900
    endloop
  endfacet
  facet normal 0 0 0
    outer loop
      vertex 10.855000 5.750000 3.159900
      vertex 10.855000 5.750000 3.009900
      vertex 10.855000 6.550000 3.159900
    endloop
  endfacet
  facet normal 0 0 0
    outer loop
      vertex 10.855000 5.750000 3.009900
      vertex 10.855000 5.750000 3.159900
      vertex 8.455000 5.750000 3.009900
    endloop
  endfacet
  facet normal 0 0 0
    outer loop
      vertex 8.455000 5.750000 3.009900
      vertex 10.855000 5.750000 3.159900
      vertex 8.455000 5.750000 3.159900
    endloop
  endfacet
  facet normal 0 0 0
    outer loop
      vertex 10.855000 6.550000 3.159900
      vertex 10.855000 6.550000 3.009900
      vertex 8.455000 6.550000 3.009900
    endloop
  endfacet
  facet normal 0 0 0
    outer loop
      vertex 10.855000 6.550000 3.159900
      vertex 8.455000 6.550000 3.009900
      vertex 8.455000 6.550000 3.159900
    endloop
  endfacet
  facet normal 0 0 0
    outer loop
      vertex 8.455000 6.550000 3.009900
      vertex 10.855000 6.550000 3.009900
      vertex 8.455000 5.750000 3.009900
    endloop
  endfacet
  facet normal 0 0 0
    outer loop
      vertex 8.455000 5.750000 3.009900
      vertex 10.855000 6.550000 3.009900
      vertex 10.855000 5.750000 3.009900
    endloop
  endfacet
  facet normal 0 0 0
    outer loop
      vertex 10.855000 6.550000 3.159900
      vertex 8.455000 6.550000 3.159900
      vertex 8.455000 5.750000 3.159900
    endloop
  endfacet
  facet normal 0 0 0
    outer loop
      vertex 10.855000 6.550000 3.159900
      vertex 8.455000 5.750000 3.159900
      vertex 10.855000 5.750000 3.159900
    endloop
  endfacet
  facet normal 0 0 0
    outer loop
      vertex 8.455000 2.450000 3.279900
      vertex 8.455000 1.650000 3.279900
      vertex 8.455000 2.450000 3.429900
    endloop
  endfacet
  facet normal 0 0 0
    outer loop
      vertex 8.455000 1.650000 3.279900
      vertex 8.455000 1.650000 3.429900
      vertex 8.455000 2.450000 3.429900
    endloop
  endfacet
  facet normal 0 0 0
    outer loop
      vertex 10.855000 1.650000 3.279900
      vertex 10.855000 2.450000 3.279900
      vertex 10.855000 2.450000 3.429900
    endloop
  endfacet
  facet normal 0 0 0
    outer loop
      vertex 10.855000 1.650000 3.429900
      vertex 10.855000 1.650000 3.279900
      vertex 10.855000 2.450000 3.429900
    endloop
  endfacet
  facet normal 0 0 0
    outer loop
      vertex 10.855000 1.650000 3.279900
      vertex 10.855000 1.650000 3.429900
      vertex 8.455000 1.650000 3.279900
    endloop
  endfacet
  facet normal 0 0 0
    outer loop
      vertex 8.455000 1.650000 3.279900
      vertex 10.855000 1.650000 3.429900
      vertex 8.455000 1.650000 3.429900
    endloop
  endfacet
  facet normal 0 0 0
    outer loop
      vertex 10.855000 2.450000 3.429900
      vertex 10.855000 2.450000 3.279900
      vertex 8.455000 2.450000 3.279900
    endloop
  endfacet
  facet normal 0 0 0
    outer loop
      vertex 10.855000 2.450000 3.429900
      vertex 8.455000 2.450000 3.279900
      vertex 8.455000 2.450000 3.429900
    endloop
  endfacet
  facet normal 0 0 0
    outer loop
      vertex 8.455000 2.450000 3.279900
      vertex 10.855000 2.450000 3.279900
      vertex 8.455000 1.650000 3.279900
    endloop
  endfacet
  facet normal 0 0 0
    outer loop
      vertex 8.455000 1.650000 3.279900
      vertex 10.855000 2.450000 3.279900
      vertex 10.855000 1.650000 3.279900
    endloop
  endfacet
  facet normal 0 0 0
    outer loop
      vertex 10.855000 2.450000 3.429900
      vertex 8.455000 2.450000 3.429900
      vertex 8.455000 1.650000 3.429900
    endloop
  endfacet
  facet normal 0 0 0
    outer loop
      vertex 10.855000 2.450000 3.429900
      vertex 8.455000 1.650000 3.429900
      vertex 10.855000 1.650000 3.429900
    endloop
  endfacet
  facet normal 0 0 0
    outer loop
      vertex 8.455000 6.550000 3.279900
      vertex 8.455000 5.750000 3.279900
      vertex 8.455000 6.550000 3.429900
    endloop
  endfacet
  facet normal 0 0 0
    outer loop
      vertex 8.455000 5.750000 3.279900
      vertex 8.455000 5.750000 3.429900
      vertex 8.455000 6.550000 3.429900
    endloop
  endfacet
  facet normal 0 0 0
    outer loop
      vertex 10.855000 5.750000 3.279900
      vertex 10.855000 6.550000 3.279900
      vertex 10.855000 6.550000 3.429900
    endloop
  endfacet
  facet normal 0 0 0
    outer loop
      vertex 10.855000 5.750000 3.429900
      vertex 10.855000 5.750000 3.279900
      vertex 10.855000 6.550000 3.429900
    endloop
  endfacet
  facet normal 0 0 0
    outer loop
      vertex 10.855000 5.750000 3.279900
      vertex 10.855000 5.750000 3.429900
      vertex 8.455000 5.750000 3.279900
    endloop
  endfacet
  facet normal 0 0 0
    outer loop
      vertex 8.455000 5.750000 3.279900
      vertex 10.855000 5.750000 3.429900
      vertex 8.455000 5.750000 3.429900
    endloop
  endfacet
  facet normal 0 0 0
    outer loop
      vertex 10.855000 6.550000 3.429900
      vertex 10.855000 6.550000 3.279900
      vertex 8.455000 6.550000 3.279900
    endloop
  endfacet
  facet normal 0 0 0
    outer loop
      vertex 10.855000 6.550000 3.429900
      vertex 8.455000 6.550000 3.279900
      vertex 8.455000 6.550000 3.429900
    endloop
  endfacet
  facet normal 0 0 0
    outer loop
      vertex 8.455000 6.550000 3.279900
      vertex 10.855000 6.550000 3.279900
      vertex 8.455000 5.750000 3.279900
    endloop
  endfacet
  facet normal 0 0 0
    outer loop
      vertex 8.455000 5.750000 3.279900
      vertex 10.855000 6.550000 3.279900
      vertex 10.855000 5.750000 3.279900
    endloop
  endfacet
  facet normal 0 0 0
    outer loop
      vertex 10.855000 6.550000 3.429900
      vertex 8.455000 6.550000 3.429900
      vertex 8.455000 5.750000 3.429900
    endloop
  endfacet
  facet normal 0 0 0
    outer loop
      vertex 10.855000 6.550000 3.429900
      vertex 8.455000 5.750000 3.429900
      vertex 10.855000 5.750000 3.429900
    endloop
  endfacet
  facet normal 0 0 0
    outer loop
      vertex 10.895000 2.450000 2.739900
      vertex 10.895000 1.650000 2.739900
      vertex 10.895000 2.450000 2.889900
    endloop
  endfacet
  facet normal 0 0 0
    outer loop
      vertex 10.895000 1.650000 2.739900
      vertex 10.895000 1.650000 2.889900
      vertex 10.895000 2.450000 2.889900
    endloop
  endfacet
  facet normal 0 0 0
    outer loop
      vertex 13.295000 1.650000 2.739900
      vertex 13.295000 2.450000 2.739900
      vertex 13.295000 2.450000 2.889900
    endloop
  endfacet
  facet normal 0 0 0
    outer loop
      vertex 13.295000 1.650000 2.889900
      vertex 13.295000 1.650000 2.739900
      vertex 13.295000 2.450000 2.889900
    endloop
  endfacet
  facet normal 0 0 0
    outer loop
      vertex 13.295000 1.650000 2.739900
      vertex 13.295000 1.650000 2.889900
      vertex 10.895000 1.650000 2.739900
    endloop
  endfacet
  facet normal 0 0 0
    outer loop
      vertex 10.895000 1.650000 2.739900
      vertex 13.295000 1.650000 2.889900
      vertex 10.895000 1.650000 2.889900
    endloop
  endfacet
  facet normal 0 0 0
    outer loop
      vertex 13.295000 2.450000 2.889900
      vertex 13.295000 2.450000 2.739900
      vertex 10.895000 2.450000 2.739900
    endloop
  endfacet
  facet normal 0 0 0
    outer loop
      vertex 13.295000 2.450000 2.889900
      vertex 10.895000 2.450000 2.739900
      vertex 10.895000 2.450000 2.889900
    endloop
  endfacet
  facet normal 0 0 0
    outer loop
      vertex 10.895000 2.450000 2.739900
      vertex 13.295000 2.450000 2.739900
      vertex 10.895000 1.650000 2.739900
    endloop
  endfacet
  facet normal 0 0 0
    outer loop
      vertex 10.895000 1.650000 2.739900
      vertex 13.295000 2.450000 2.739900
      vertex 13.295000 1.650000 2.739900
    endloop
  endfacet
  facet normal 0 0 0
    outer loop
      vertex 13.295000 2.450000 2.889900
      vertex 10.895000 2.450000 2.889900
      vertex 10.895000 1.650000 2.889900
    endloop
  endfacet
  facet normal 0 0 0
    outer loop
      vertex 13.295000 2.450000 2.889900
      vertex 10.895000 1.650000 2.889900
      vertex 13.295000 1.650000 2.889900
    endloop
  endfacet
  facet normal 0 0 0
    outer loop
      vertex 10.895000 6.550000 2.739900
      vertex 10.895000 5.750000 2.739900
      vertex 10.895000 6.550000 2.889900
    endloop
  endfacet
  facet normal 0 0 0
    outer loop
      vertex 10.895000 5.750000 2.739900
      vertex 10.895000 5.750000 2.889900
      vertex 10.895000 6.550000 2.889900
    endloop
  endfacet
  facet normal 0 0 0
    outer loop
      vertex 13.295000 5.750000 2.739900
      vertex 13.295000 6.550000 2.739900
      vertex 13.295000 6.550000 2.889900
    endloop
  endfacet
  facet normal 0 0 0
    outer loop
      vertex 13.295000 5.750000 2.889900
      vertex 13.295000 5.750000 2.739900
      vertex 13.295000 6.550000 2.889900
    endloop
  endfacet
  facet normal 0 0 0
    outer loop
      vertex 13.295000 5.750000 2.739900
      vertex 13.295000 5.750000 2.889900
      vertex 10.895000 5.750000 2.739900
    endloop
  endfacet
  facet normal 0 0 0
    outer loop
      vertex 10.895000 5.750000 2.739900
      vertex 13.295000 5.750000 2.889900
      vertex 10.895000 5.750000 2.889900
    endloop
  endfacet
  facet normal 0 0 0
    outer loop
      vertex 13.295000 6.550000 2.889900
      vertex 13.295000 6.550000 2.739900
      vertex 10.895000 6.550000 2.739900
    endloop
  endfacet
  facet normal 0 0 0
    outer loop
      vertex 13.295000 6.550000 2.889900
      vertex 10.895000 6.550000 2.739900
      vertex 10.895000 6.550000 2.889900
    endloop
  endfacet
  facet normal 0 0 0
    outer loop
      vertex 10.895000 6.550000 2.739900
      vertex 13.295000 6.550000 2.739900
      vertex 10.895000 5.750000 2.739900
    endloop
  endfacet
  facet normal 0 0 0
    outer loop
      vertex 10.895000 5.750000 2.739900
      vertex 13.295000 6.550000 2.739900
      vertex 13.295000 5.750000 2.739900
    endloop
  endfacet
  facet normal 0 0 0
    outer loop
      vertex 13.295000 6.550000 2.889900
      vertex 10.895000 6.550000 2.889900
      vertex 10.895000 5.750000 2.889900
    endloop
  endfacet
  facet normal 0 0 0
    outer loop
      vertex 13.295000 6.550000 2.889900
      vertex 10.895000 5.750000 2.889900
      vertex 13.295000 5.750000 2.889900
    endloop
  endfacet
  facet normal 0 0 0
    outer loop
      vertex 10.895000 2.450000 3.009900
      vertex 10.895000 1.650000 3.009900
      vertex 10.895000 2.450000 3.159900
    endloop
  endfacet
  facet normal 0 0 0
    outer loop
      vertex 10.895000 1.650000 3.009900
      vertex 10.895000 1.650000 3.159900
      vertex 10.895000 2.450000 3.159900
    endloop
  endfacet
  facet normal 0 0 0
    outer loop
      vertex 13.295000 1.650000 3.009900
      vertex 13.295000 2.450000 3.009900
      vertex 13.295000 2.450000 3.159900
    endloop
  endfacet
  facet normal 0 0 0
    outer loop
      vertex 13.295000 1.650000 3.159900
      vertex 13.295000 1.650000 3.009900
      vertex 13.295000 2.450000 3.159900
    endloop
  endfacet
  facet normal 0 0 0
    outer loop
      vertex 13.295000 1.650000 3.009900
      vertex 13.295000 1.650000 3.159900
      vertex 10.895000 1.650000 3.009900
    endloop
  endfacet
  facet normal 0 0 0
    outer loop
      vertex 10.895000 1.650000 3.009900
      vertex 13.295000 1.650000 3.159900
      vertex 10.895000 1.650000 3.159900
    endloop
  endfacet
  facet normal 0 0 0
    outer loop
      vertex 13.295000 2.450000 3.159900
      vertex 13.295000 2.450000 3.009900
      vertex 10.895000 2.450000 3.009900
    endloop
  endfacet
  facet normal 0 0 0
    outer loop
      vertex 13.295000 2.450000 3.159900
      vertex 10.895000 2.450000 3.009900
      vertex 10.895000 2.450000 3.159900
    endloop
  endfacet
  facet normal 0 0 0
    outer loop
      vertex 10.895000 2.450000 3.009900
      vertex 13.295000 2.450000 3.009900
      vertex 10.895000 1.650000 3.009900
    endloop
  endfacet
  facet normal 0 0 0
    outer loop
      vertex 10.895000 1.650000 3.009900
      vertex 13.295000 2.450000 3.009900
      vertex 13.295000 1.650000 3.009900
    endloop
  endfacet
  facet normal 0 0 0
    outer loop
      vertex 13.295000 2.450000 3.159900
      vertex 10.895000 2.450000 3.159900
      vertex 10.895000 1.650000 3.159900
    endloop
  endfacet
  facet normal 0 0 0
    outer loop
      vertex 13.295000 2.450000 3.159900
      vertex 10.895000 1.650000 3.159900
      vertex 13.295000 1.650000 3.159900
    endloop
  endfacet
  facet normal 0 0 0
    outer loop
      vertex 10.895000 6.550000 3.009900
      vertex 10.895000 5.750000 3.009900
      vertex 10.895000 6.550000 3.159900
    endloop
  endfacet
  facet normal 0 0 0
    outer loop
      vertex 10.895000 5.750000 3.009900
      vertex 10.895000 5.750000 3.159900
      vertex 10.895000 6.550000 3.159900
    endloop
  endfacet
  facet normal 0 0 0
    outer loop
      vertex 13.295000 5.750000 3.009900
      vertex 13.295000 6.550000 3.009900
      vertex 13.295000 6.550000 3.159900
    endloop
  endfacet
  facet normal 0 0 0
    outer loop
      vertex 13.295000 5.750000 3.159900
      vertex 13.295000 5.750000 3.009900
      vertex 13.295000 6.550000 3.159900
    endloop
  endfacet
  facet normal 0 0 0
    outer loop
      vertex 13.295000 5.750000 3.009900
      vertex 13.295000 5.750000 3.159900
      vertex 10.895000 5.750000 3.009900
    endloop
  endfacet
  facet normal 0 0 0
    outer loop
      vertex 10.895000 5.750000 3.009900
      vertex 13.295000 5.750000 3.159900
      vertex 10.895000 5.750000 3.159900
    endloop
  endfacet
  facet normal 0 0 0
    outer loop
      vertex 13.295000 6.550000 3.159900
      vertex 13.295000 6.550000 3.009900
      vertex 10.895000 6.550000 3.009900
    endloop
  endfacet
  facet normal 0 0 0
    outer loop
      vertex 13.295000 6.550000 3.159900
      vertex 10.895000 6.550000 3.009900
      vertex 10.895000 6.550000 3.159900
    endloop
  endfacet
  facet normal 0 0 0
    outer loop
      vertex 10.895000 6.550000 3.009900
      vertex 13.295000 6.550000 3.009900
      vertex 10.895000 5.750000 3.009900
    endloop
  endfacet
  facet normal 0 0 0
    outer loop
      vertex 10.895000 5.750000 3.009900
      vertex 13.295000 6.550000 3.009900
      vertex 13.295000 5.750000 3.009900
    endloop
  endfacet
  facet normal 0 0 0
    outer loop
      vertex 13.295000 6.550000 3.159900
      vertex 10.895000 6.550000 3.159900
      vertex 10.895000 5.750000 3.159900
    endloop
  endfacet
  facet normal 0 0 0
    outer loop
      vertex 13.295000 6.550000 3.159900
      vertex 10.895000 5.750000 3.159900
      vertex 13.295000 5.750000 3.159900
    endloop
  endfacet
  facet normal 0 0 0
    outer loop
      vertex 10.895000 2.450000 3.279900
      vertex 10.895000 1.650000 3.279900
      vertex 10.895000 2.450000 3.429900
    endloop
  endfacet
  facet normal 0 0 0
    outer loop
      vertex 10.895000 1.650000 3.279900
      vertex 10.895000 1.650000 3.429900
      vertex 10.895000 2.450000 3.429900
    endloop
  endfacet
  facet normal 0 0 0
    outer loop
      vertex 13.295000 1.650000 3.279900
      vertex 13.295000 2.450000 3.279900
      vertex 13.295000 2.450000 3.429900
    endloop
  endfacet
  facet normal 0 0 0
    outer loop
      vertex 13.295000 1.650000 3.429900
      vertex 13.295000 1.650000 3.279900
      vertex 13.295000 2.450000 3.429900
    endloop
  endfacet
  facet normal 0 0 0
    outer loop
      vertex 13.295000 1.650000 3.279900
      vertex 13.295000 1.650000 3.429900
      vertex 10.895000 1.650000 3.279900
    endloop
  endfacet
  facet normal 0 0 0
    outer loop
      vertex 10.895000 1.650000 3.279900
      vertex 13.295000 1.650000 3.429900
      vertex 10.895000 1.650000 3.429900
    endloop
  endfacet
  facet normal 0 0 0
    outer loop
      vertex 13.295000 2.450000 3.429900
      vertex 13.295000 2.450000 3.279900
      vertex 10.895000 2.450000 3.279900
    endloop
  endfacet
  facet normal 0 0 0
    outer loop
      vertex 13.295000 2.450000 3.429900
      vertex 10.895000 2.450000 3.279900
      vertex 10.895000 2.450000 3.429900
    endloop
  endfacet
  facet normal 0 0 0
    outer loop
      vertex 10.895000 2.450000 3.279900
      vertex 13.295000 2.450000 3.279900
      vertex 10.895000 1.650000 3.279900
    endloop
  endfacet
  facet normal 0 0 0
    outer loop
      vertex 10.895000 1.650000 3.279900
      vertex 13.295000 2.450000 3.279900
      vertex 13.295000 1.650000 3.279900
    endloop
  endfacet
  facet normal 0 0 0
    outer loop
      vertex 13.295000 2.450000 3.429900
      vertex 10.895000 2.450000 3.429900
      vertex 10.895000 1.650000 3.429900
    endloop
  endfacet
  facet normal 0 0 0
    outer loop
      vertex 13.295000 2.450000 3.429900
      vertex 10.895000 1.650000 3.429900
      vertex 13.295000 1.650000 3.429900
    endloop
  endfacet
  facet normal 0 0 0
    outer loop
      vertex 10.895000 6.550000 3.279900
      vertex 10.895000 5.750000 3.279900
      vertex 10.895000 6.550000 3.429900
    endloop
  endfacet
  facet normal 0 0 0
    outer loop
      vertex 10.895000 5.750000 3.279900
      vertex 10.895000 5.750000 3.429900
      vertex 10.895000 6.550000 3.429900
    endloop
  endfacet
  facet normal 0 0 0
    outer loop
      vertex 13.295000 5.750000 3.279900
      vertex 13.295000 6.550000 3.279900
      vertex 13.295000 6.550000 3.429900
    endloop
  endfacet
  facet normal 0 0 0
    outer loop
      vertex 13.295000 5.750000 3.429900
      vertex 13.295000 5.750000 3.279900
      vertex 13.295000 6.550000 3.429900
    endloop
  endfacet
  facet normal 0 0 0
    outer loop
      vertex 13.295000 5.750000 3.279900
      vertex 13.295000 5.750000 3.429900
      vertex 10.895000 5.750000 3.279900
    endloop
  endfacet
  facet normal 0 0 0
    outer loop
      vertex 10.895000 5.750000 3.279900
      vertex 13.295000 5.750000 3.429900
      vertex 10.895000 5.750000 3.429900
    endloop
  endfacet
  facet normal 0 0 0
    outer loop
      vertex 13.295000 6.550000 3.429900
      vertex 13.295000 6.550000 3.279900
      vertex 10.895000 6.550000 3.279900
    endloop
  endfacet
  facet normal 0 0 0
    outer loop
      vertex 13.295000 6.550000 3.429900
      vertex 10.895000 6.550000 3.279900
      vertex 10.895000 6.550000 3.429900
    endloop
  endfacet
  facet normal 0 0 0
    outer loop
      vertex 10.895000 6.550000 3.279900
      vertex 13.295000 6.550000 3.279900
      vertex 10.895000 5.750000 3.279900
    endloop
  endfacet
  facet normal 0 0 0
    outer loop
      vertex 10.895000 5.750000 3.279900
      vertex 13.295000 6.550000 3.279900
      vertex 13.295000 5.750000 3.279900
    endloop
  endfacet
  facet normal 0 0 0
    outer loop
      vertex 13.295000 6.550000 3.429900
      vertex 10.895000 6.550000 3.429900
      vertex 10.895000 5.750000 3.429900
    endloop
  endfacet
  facet normal 0 0 0
    outer loop
      vertex 13.295000 6.550000 3.429900
      vertex 10.895000 5.750000 3.429900
      vertex 13.295000 5.750000 3.429900
    endloop
  endfacet
  facet normal 0 0 0
    outer loop
      vertex 13.335000 2.450000 2.739900
      vertex 13.335000 1.650000 2.739900
      vertex 13.335000 2.450000 2.889900
    endloop
  endfacet
  facet normal 0 0 0
    outer loop
      vertex 13.335000 1.650000 2.739900
      vertex 13.335000 1.650000 2.889900
      vertex 13.335000 2.450000 2.889900
    endloop
  endfacet
  facet normal 0 0 0
    outer loop
      vertex 15.735000 1.650000 2.739900
      vertex 15.735000 2.450000 2.739900
      vertex 15.735000 2.450000 2.889900
    endloop
  endfacet
  facet normal 0 0 0
    outer loop
      vertex 15.735000 1.650000 2.889900
      vertex 15.735000 1.650000 2.739900
      vertex 15.735000 2.450000 2.889900
    endloop
  endfacet
  facet normal 0 0 0
    outer loop
      vertex 15.735000 1.650000 2.739900
      vertex 15.735000 1.650000 2.889900
      vertex 13.335000 1.650000 2.739900
    endloop
  endfacet
  facet normal 0 0 0
    outer loop
      vertex 13.335000 1.650000 2.739900
      vertex 15.735000 1.650000 2.889900
      vertex 13.335000 1.650000 2.889900
    endloop
  endfacet
  facet normal 0 0 0
    outer loop
      vertex 15.735000 2.450000 2.889900
      vertex 15.735000 2.450000 2.739900
      vertex 13.335000 2.450000 2.739900
    endloop
  endfacet
  facet normal 0 0 0
    outer loop
      vertex 15.735000 2.450000 2.889900
      vertex 13.335000 2.450000 2.739900
      vertex 13.335000 2.450000 2.889900
    endloop
  endfacet
  facet normal 0 0 0
    outer loop
      vertex 13.335000 2.450000 2.739900
      vertex 15.735000 2.450000 2.739900
      vertex 13.335000 1.650000 2.739900
    endloop
  endfacet
  facet normal 0 0 0
    outer loop
      vertex 13.335000 1.650000 2.739900
      vertex 15.735000 2.450000 2.739900
      vertex 15.735000 1.650000 2.739900
    endloop
  endfacet
  facet normal 0 0 0
    outer loop
      vertex 15.735000 2.450000 2.889900
      vertex 13.335000 2.450000 2.889900
      vertex 13.335000 1.650000 2.889900
    endloop
  endfacet
  facet normal 0 0 0
    outer loop
      vertex 15.735000 2.450000 2.889900
      vertex 13.335000 1.650000 2.889900
      vertex 15.735000 1.650000 2.889900
    endloop
  endfacet
  facet normal 0 0 0
    outer loop
      vertex 13.335000 6.550000 2.739900
      vertex 13.335000 5.750000 2.739900
      vertex 13.335000 6.550000 2.889900
    endloop
  endfacet
  facet normal 0 0 0
    outer loop
      vertex 13.335000 5.750000 2.739900
      vertex 13.335000 5.750000 2.889900
      vertex 13.335000 6.550000 2.889900
    endloop
  endfacet
  facet normal 0 0 0
    outer loop
      vertex 15.735000 5.750000 2.739900
      vertex 15.735000 6.550000 2.739900
      vertex 15.735000 6.550000 2.889900
    endloop
  endfacet
  facet normal 0 0 0
    outer loop
      vertex 15.735000 5.750000 2.889900
      vertex 15.735000 5.750000 2.739900
      vertex 15.735000 6.550000 2.889900
    endloop
  endfacet
  facet normal 0 0 0
    outer loop
      vertex 15.735000 5.750000 2.739900
      vertex 15.735000 5.750000 2.889900
      vertex 13.335000 5.750000 2.739900
    endloop
  endfacet
  facet normal 0 0 0
    outer loop
      vertex 13.335000 5.750000 2.739900
      vertex 15.735000 5.750000 2.889900
      vertex 13.335000 5.750000 2.889900
    endloop
  endfacet
  facet normal 0 0 0
    outer loop
      vertex 15.735000 6.550000 2.889900
      vertex 15.735000 6.550000 2.739900
      vertex 13.335000 6.550000 2.739900
    endloop
  endfacet
  facet normal 0 0 0
    outer loop
      vertex 15.735000 6.550000 2.889900
      vertex 13.335000 6.550000 2.739900
      vertex 13.335000 6.550000 2.889900
    endloop
  endfacet
  facet normal 0 0 0
    outer loop
      vertex 13.335000 6.550000 2.739900
      vertex 15.735000 6.550000 2.739900
      vertex 13.335000 5.750000 2.739900
    endloop
  endfacet
  facet normal 0 0 0
    outer loop
      vertex 13.335000 5.750000 2.739900
      vertex 15.735000 6.550000 2.739900
      vertex 15.735000 5.750000 2.739900
    endloop
  endfacet
  facet normal 0 0 0
    outer loop
      vertex 15.735000 6.550000 2.889900
      vertex 13.335000 6.550000 2.889900
      vertex 13.335000 5.750000 2.889900
    endloop
  endfacet
  facet normal 0 0 0
    outer loop
      vertex 15.735000 6.550000 2.889900
      vertex 13.335000 5.750000 2.889900
      vertex 15.735000 5.750000 2.889900
    endloop
  endfacet
  facet normal 0 0 0
    outer loop
      vertex 13.335000 2.450000 3.009900
      vertex 13.335000 1.650000 3.009900
      vertex 13.335000 2.450000 3.159900
    endloop
  endfacet
  facet normal 0 0 0
    outer loop
      vertex 13.335000 1.650000 3.009900
      vertex 13.335000 1.650000 3.159900
      vertex 13.335000 2.450000 3.159900
    endloop
  endfacet
  facet normal 0 0 0
    outer loop
      vertex 15.735000 1.650000 3.009900
      vertex 15.735000 2.450000 3.009900
      vertex 15.735000 2.450000 3.159900
    endloop
  endfacet
  facet normal 0 0 0
    outer loop
      vertex 15.735000 1.650000 3.159900
      vertex 15.735000 1.650000 3.009900
      vertex 15.735000 2.450000 3.159900
    endloop
  endfacet
  facet normal 0 0 0
    outer loop
      vertex 15.735000 1.650000 3.009900
      vertex 15.735000 1.650000 3.159900
      vertex 13.335000 1.650000 3.009900
    endloop
  endfacet
  facet normal 0 0 0
    outer loop
      vertex 13.335000 1.650000 3.009900
      vertex 15.735000 1.650000 3.159900
      vertex 13.335000 1.650000 3.159900
    endloop
  endfacet
  facet normal 0 0 0
    outer loop
      vertex 15.735000 2.450000 3.159900
      vertex 15.735000 2.450000 3.009900
      vertex 13.335000 2.450000 3.009900
    endloop
  endfacet
  facet normal 0 0 0
    outer loop
      vertex 15.735000 2.450000 3.159900
      vertex 13.335000 2.450000 3.009900
      vertex 13.335000 2.450000 3.159900
    endloop
  endfacet
  facet normal 0 0 0
    outer loop
      vertex 13.335000 2.450000 3.009900
      vertex 15.735000 2.450000 3.009900
      vertex 13.335000 1.650000 3.009900
    endloop
  endfacet
  facet normal 0 0 0
    outer loop
      vertex 13.335000 1.650000 3.009900
      vertex 15.735000 2.450000 3.009900
      vertex 15.735000 1.650000 3.009900
    endloop
  endfacet
  facet normal 0 0 0
    outer loop
      vertex 15.735000 2.450000 3.159900
      vertex 13.335000 2.450000 3.159900
      vertex 13.335000 1.650000 3.159900
    endloop
  endfacet
  facet normal 0 0 0
    outer loop
      vertex 15.735000 2.450000 3.159900
      vertex 13.335000 1.650000 3.159900
      vertex 15.735000 1.650000 3.159900
    endloop
  endfacet
  facet normal 0 0 0
    outer loop
      vertex 13.335000 6.550000 3.009900
      vertex 13.335000 5.750000 3.009900
      vertex 13.335000 6.550000 3.159900
    endloop
  endfacet
  facet normal 0 0 0
    outer loop
      vertex 13.335000 5.750000 3.009900
      vertex 13.335000 5.750000 3.159900
      vertex 13.335000 6.550000 3.159900
    endloop
  endfacet
  facet normal 0 0 0
    outer loop
      vertex 15.735000 5.750000 3.009900
      vertex 15.735000 6.550000 3.009900
      vertex 15.735000 6.550000 3.159900
    endloop
  endfacet
  facet normal 0 0 0
    outer loop
      vertex 15.735000 5.750000 3.159900
      vertex 15.735000 5.750000 3.009900
      vertex 15.735000 6.550000 3.159900
    endloop
  endfacet
  facet normal 0 0 0
    outer loop
      vertex 15.735000 5.750000 3.009900
      vertex 15.735000 5.750000 3.159900
      vertex 13.335000 5.750000 3.009900
    endloop
  endfacet
  facet normal 0 0 0
    outer loop
      vertex 13.335000 5.750000 3.009900
      vertex 15.735000 5.750000 3.159900
      vertex 13.335000 5.750000 3.159900
    endloop
  endfacet
  facet normal 0 0 0
    outer loop
      vertex 15.735000 6.550000 3.159900
      vertex 15.735000 6.550000 3.009900
      vertex 13.335000 6.550000 3.009900
    endloop
  endfacet
  facet normal 0 0 0
    outer loop
      vertex 15.735000 6.550000 3.159900
      vertex 13.335000 6.550000 3.009900
      vertex 13.335000 6.550000 3.159900
    endloop
  endfacet
  facet normal 0 0 0
    outer loop
      vertex 13.335000 6.550000 3.009900
      vertex 15.735000 6.550000 3.009900
      vertex 13.335000 5.750000 3.009900
    endloop
  endfacet
  facet normal 0 0 0
    outer loop
      vertex 13.335000 5.750000 3.009900
      vertex 15.735000 6.550000 3.009900
      vertex 15.735000 5.750000 3.009900
    endloop
  endfacet
  facet normal 0 0 0
    outer loop
      vertex 15.735000 6.550000 3.159900
      vertex 13.335000 6.550000 3.159900
      vertex 13.335000 5.750000 3.159900
    endloop
  endfacet
  facet normal 0 0 0
    outer loop
      vertex 15.735000 6.550000 3.159900
      vertex 13.335000 5.750000 3.159900
      vertex 15.735000 5.750000 3.159900
    endloop
  endfacet
  facet normal 0 0 0
    outer loop
      vertex 13.335000 2.450000 3.279900
      vertex 13.335000 1.650000 3.279900
      vertex 13.335000 2.450000 3.429900
    endloop
  endfacet
  facet normal 0 0 0
    outer loop
      vertex 13.335000 1.650000 3.279900
      vertex 13.335000 1.650000 3.429900
      vertex 13.335000 2.450000 3.429900
    endloop
  endfacet
  facet normal 0 0 0
    outer loop
      vertex 15.735000 1.650000 3.279900
      vertex 15.735000 2.450000 3.279900
      vertex 15.735000 2.450000 3.429900
    endloop
  endfacet
  facet normal 0 0 0
    outer loop
      vertex 15.735000 1.650000 3.429900
      vertex 15.735000 1.650000 3.279900
      vertex 15.735000 2.450000 3.429900
    endloop
  endfacet
  facet normal 0 0 0
    outer loop
      vertex 15.735000 1.650000 3.279900
      vertex 15.735000 1.650000 3.429900
      vertex 13.335000 1.650000 3.279900
    endloop
  endfacet
  facet normal 0 0 0
    outer loop
      vertex 13.335000 1.650000 3.279900
      vertex 15.735000 1.650000 3.429900
      vertex 13.335000 1.650000 3.429900
    endloop
  endfacet
  facet normal 0 0 0
    outer loop
      vertex 15.735000 2.450000 3.429900
      vertex 15.735000 2.450000 3.279900
      vertex 13.335000 2.450000 3.279900
    endloop
  endfacet
  facet normal 0 0 0
    outer loop
      vertex 15.735000 2.450000 3.429900
      vertex 13.335000 2.450000 3.279900
      vertex 13.335000 2.450000 3.429900
    endloop
  endfacet
  facet normal 0 0 0
    outer loop
      vertex 13.335000 2.450000 3.279900
      vertex 15.735000 2.450000 3.279900
      vertex 13.335000 1.650000 3.279900
    endloop
  endfacet
  facet normal 0 0 0
    outer loop
      vertex 13.335000 1.650000 3.279900
      vertex 15.735000 2.450000 3.279900
      vertex 15.735000 1.650000 3.279900
    endloop
  endfacet
  facet normal 0 0 0
    outer loop
      vertex 15.735000 2.450000 3.429900
      vertex 13.335000 2.450000 3.429900
      vertex 13.335000 1.650000 3.429900
    endloop
  endfacet
  facet normal 0 0 0
    outer loop
      vertex 15.735000 2.450000 3.429900
      vertex 13.335000 1.650000 3.429900
      vertex 15.735000 1.650000 3.429900
    endloop
  endfacet
  facet normal 0 0 0
    outer loop
      vertex 13.335000 6.550000 3.279900
      vertex 13.335000 5.750000 3.279900
      vertex 13.335000 6.550000 3.429900
    endloop
  endfacet
  facet normal 0 0 0
    outer loop
      vertex 13.335000 5.750000 3.279900
      vertex 13.335000 5.750000 3.429900
      vertex 13.335000 6.550000 3.429900
    endloop
  endfacet
  facet normal 0 0 0
    outer loop
      vertex 15.735000 5.750000 3.279900
      vertex 15.735000 6.550000 3.279900
      vertex 15.735000 6.550000 3.429900
    endloop
  endfacet
  facet normal 0 0 0
    outer loop
      vertex 15.735000 5.750000 3.429900
      vertex 15.735000 5.750000 3.279900
      vertex 15.735000 6.550000 3.429900
    endloop
  endfacet
  facet normal 0 0 0
    outer loop
      vertex 15.735000 5.750000 3.279900
      vertex 15.735000 5.750000 3.429900
      vertex 13.335000 5.750000 3.279900
    endloop
  endfacet
  facet normal 0 0 0
    outer loop
      vertex 13.335000 5.750000 3.279900
      vertex 15.735000 5.750000 3.429900
      vertex 13.335000 5.750000 3.429900
    endloop
  endfacet
  facet normal 0 0 0
    outer loop
      vertex 15.735000 6.550000 3.429900
      vertex 15.735000 6.550000 3.279900
      vertex 13.335000 6.550000 3.279900
    endloop
  endfacet
  facet normal 0 0 0
    outer loop
      vertex 15.735000 6.550000 3.429900
      vertex 13.335000 6.550000 3.279900
      vertex 13.335000 6.550000 3.429900
    endloop
  endfacet
  facet normal 0 0 0
    outer loop
      vertex 13.335000 6.550000 3.279900
      vertex 15.735000 6.550000 3.279900
      vertex 13.335000 5.750000 3.279900
    endloop
  endfacet
  facet normal 0 0 0
    outer loop
      vertex 13.335000 5.750000 3.279900
      vertex 15.735000 6.550000 3.279900
      vertex 15.735000 5.750000 3.279900
    endloop
  endfacet
  facet normal 0 0 0
    outer loop
      vertex 15.735000 6.550000 3.429900
      vertex 13.335000 6.550000 3.429900
      vertex 13.335000 5.750000 3.429900
    endloop
  endfacet
  facet normal 0 0 0
    outer loop
      vertex 15.735000 6.550000 3.429900
      vertex 13.335000 5.750000 3.429900
      vertex 15.735000 5.750000 3.429900
    endloop
  endfacet
  facet normal 0 0 0
    outer loop
      vertex 8.455000 3.600000 3.459900
      vertex 10.855000 3.600000 3.459900
      vertex 10.855000 3.598620 3.459920
    endloop
  endfacet
  facet normal 0 0 0
    outer loop
      vertex 8.455000 3.598620 3.459920
      vertex 10.855000 3.598620 3.459920
      vertex 10.855000 3.597210 3.459980
    endloop
  endfacet
  facet normal 0 0 0
    outer loop
      vertex 8.455000 3.598620 3.459920
      vertex 8.455000 3.600000 3.459900
      vertex 10.855000 3.598620 3.459920
    endloop
  endfacet
  facet normal 0 0 0
    outer loop
      vertex 8.455000 3.597210 3.459980
      vertex 10.855000 3.597210 3.459980
      vertex 10.855000 3.595320 3.460120
    endloop
  endfacet
  facet normal 0 0 0
    outer loop
      vertex 8.455000 3.597210 3.459980
      vertex 8.455000 3.598620 3.459920
      vertex 10.855000 3.597210 3.459980
    endloop
  endfacet
  facet normal 0 0 0
    outer loop
      vertex 8.455000 3.595320 3.460120
      vertex 10.855000 3.595320 3.460120
      vertex 10.855000 3.593390 3.460340
    endloop
  endfacet
  facet normal 0 0 0
    outer loop
      vertex 8.455000 3.595320 3.460120
      vertex 8.455000 3.597210 3.459980
      vertex 10.855000 3.595320 3.460120
    endloop
  endfacet
  facet normal 0 0 0
    outer loop
      vertex 8.455000 3.593390 3.460340
      vertex 10.855000 3.593390 3.460340
      vertex 10.855000 3.591440 3.460640
    endloop
  endfacet
  facet normal 0 0 0
    outer loop
      vertex 8.455000 3.593390 3.460340
      vertex 8.455000 3.595320 3.460120
      vertex 10.855000 3.593390 3.460340
    endloop
  endfacet
  facet normal 0 0 0
    outer loop
      vertex 8.455000 3.591440 3.460640
      vertex 10.855000 3.591440 3.460640
      vertex 10.855000 3.589470 3.461020
    endloop
  endfacet
  facet normal 0 0 0
    outer loop
      vertex 8.455000 3.591440 3.460640
      vertex 8.455000 3.593390 3.460340
      vertex 10.855000 3.591440 3.460640
    endloop
  endfacet
  facet normal 0 0 0
    outer loop
      vertex 8.455000 3.589470 3.461020
      vertex 10.855000 3.589470 3.461020
      vertex 10.855000 3.587470 3.461490
    endloop
  endfacet
  facet normal 0 0 0
    outer loop
      vertex 8.455000 3.589470 3.461020
      vertex 8.455000 3.591440 3.460640
      vertex 10.855000 3.589470 3.461020
    endloop
  endfacet
  facet normal 0 0 0
    outer loop
      vertex 8.455000 3.587470 3.461490
      vertex 8.455000 3.589470 3.461020
      vertex 10.855000 3.587470 3.461490
    endloop
  endfacet
  facet normal 0 0 0
    outer loop
      vertex 8.455000 3.585470 3.462060
      vertex 10.855000 3.587470 3.461490
      vertex 10.855000 3.585470 3.462060
    endloop
  endfacet
  facet normal 0 0 0
    outer loop
      vertex 8.455000 3.585470 3.462060
      vertex 8.455000 3.587470 3.461490
      vertex 10.855000 3.587470 3.461490
    endloop
  endfacet
  facet normal 0 0 0
    outer loop
      vertex 8.455000 3.583450 3.462720
      vertex 10.855000 3.583450 3.462720
      vertex 10.855000 3.581440 3.463470
    endloop
  endfacet
  facet normal 0 0 0
    outer loop
      vertex 8.455000 3.583450 3.462720
      vertex 10.855000 3.585470 3.462060
      vertex 10.855000 3.583450 3.462720
    endloop
  endfacet
  facet normal 0 0 0
    outer loop
      vertex 8.455000 3.583450 3.462720
      vertex 8.455000 3.585470 3.462060
      vertex 10.855000 3.585470 3.462060
    endloop
  endfacet
  facet normal 0 0 0
    outer loop
      vertex 8.455000 3.581440 3.463470
      vertex 8.455000 3.583450 3.462720
      vertex 10.855000 3.581440 3.463470
    endloop
  endfacet
  facet normal 0 0 0
    outer loop
      vertex 8.455000 3.579430 3.464330
      vertex 10.855000 3.579430 3.464330
      vertex 10.855000 3.577430 3.465290
    endloop
  endfacet
  facet normal 0 0 0
    outer loop
      vertex 8.455000 3.579430 3.464330
      vertex 10.855000 3.581440 3.463470
      vertex 10.855000 3.579430 3.464330
    endloop
  endfacet
  facet normal 0 0 0
    outer loop
      vertex 8.455000 3.579430 3.464330
      vertex 8.455000 3.581440 3.463470
      vertex 10.855000 3.581440 3.463470
    endloop
  endfacet
  facet normal 0 0 0
    outer loop
      vertex 8.455000 3.577430 3.465290
      vertex 10.855000 3.577430 3.465290
      vertex 10.855000 3.575450 3.466340
    endloop
  endfacet
  facet normal 0 0 0
    outer loop
      vertex 8.455000 3.577430 3.465290
      vertex 8.455000 3.579430 3.464330
      vertex 10.855000 3.577430 3.465290
    endloop
  endfacet
  facet normal 0 0 0
    outer loop
      vertex 8.455000 3.575450 3.466340
      vertex 10.855000 3.575450 3.466340
      vertex 10.855000 3.573490 3.467510
    endloop
  endfacet
  facet normal 0 0 0
    outer loop
      vertex 8.455000 3.575450 3.466340
      vertex 8.455000 3.577430 3.465290
      vertex 10.855000 3.575450 3.466340
    endloop
  endfacet
  facet normal 0 0 0
    outer loop
      vertex 8.455000 3.573490 3.467510
      vertex 10.855000 3.573490 3.467510
      vertex 10.855000 3.571570 3.468770
    endloop
  endfacet
  facet normal 0 0 0
    outer loop
      vertex 8.455000 3.573490 3.467510
      vertex 8.455000 3.575450 3.466340
      vertex 10.855000 3.573490 3.467510
    endloop
  endfacet
  facet normal 0 0 0
    outer loop
      vertex 8.455000 3.571570 3.468770
      vertex 8.455000 3.573490 3.467510
      vertex 10.855000 3.571570 3.468770
    endloop
  endfacet
  facet normal 0 0 0
    outer loop
      vertex 8.455000 3.569690 3.470140
      vertex 10.855000 3.571570 3.468770
      vertex 10.855000 3.569690 3.470140
    endloop
  endfacet
  facet normal 0 0 0
    outer loop
      vertex 8.455000 3.569690 3.470140
      vertex 8.455000 3.571570 3.468770
      vertex 10.855000 3.571570 3.468770
    endloop
  endfacet
  facet normal 0 0 0
    outer loop
      vertex 8.455000 3.567850 3.471600
      vertex 10.855000 3.567850 3.471600
      vertex 10.855000 3.566080 3.473170
    endloop
  endfacet
  facet normal 0 0 0
    outer loop
      vertex 8.455000 3.567850 3.471600
      vertex 10.855000 3.569690 3.470140
      vertex 10.855000 3.567850 3.471600
    endloop
  endfacet
  facet normal 0 0 0
    outer loop
      vertex 8.455000 3.567850 3.471600
      vertex 8.455000 3.569690 3.470140
      vertex 10.855000 3.569690 3.470140
    endloop
  endfacet
  facet normal 0 0 0
    outer loop
      vertex 8.455000 3.566080 3.473170
      vertex 10.855000 3.566080 3.473170
      vertex 10.855000 3.564370 3.474820
    endloop
  endfacet
  facet normal 0 0 0
    outer loop
      vertex 8.455000 3.566080 3.473170
      vertex 8.455000 3.567850 3.471600
      vertex 10.855000 3.566080 3.473170
    endloop
  endfacet
  facet normal 0 0 0
    outer loop
      vertex 8.455000 3.564370 3.474820
      vertex 10.855000 3.564370 3.474820
      vertex 10.855000 3.562730 3.476570
    endloop
  endfacet
  facet normal 0 0 0
    outer loop
      vertex 8.455000 3.564370 3.474820
      vertex 8.455000 3.566080 3.473170
      vertex 10.855000 3.564370 3.474820
    endloop
  endfacet
  facet normal 0 0 0
    outer loop
      vertex 8.455000 3.562730 3.476570
      vertex 10.855000 3.562730 3.476570
      vertex 10.855000 3.561160 3.478410
    endloop
  endfacet
  facet normal 0 0 0
    outer loop
      vertex 8.455000 3.562730 3.476570
      vertex 8.455000 3.564370 3.474820
      vertex 10.855000 3.562730 3.476570
    endloop
  endfacet
  facet normal 0 0 0
    outer loop
      vertex 8.455000 3.561160 3.478410
      vertex 10.855000 3.561160 3.478410
      vertex 10.855000 3.559690 3.480320
    endloop
  endfacet
  facet normal 0 0 0
    outer loop
      vertex 8.455000 3.561160 3.478410
      vertex 8.455000 3.562730 3.476570
      vertex 10.855000 3.561160 3.478410
    endloop
  endfacet
  facet normal 0 0 0
    outer loop
      vertex 8.455000 3.559690 3.480320
      vertex 10.855000 3.559690 3.480320
      vertex 10.855000 3.558300 3.482310
    endloop
  endfacet
  facet normal 0 0 0
    outer loop
      vertex 8.455000 3.559690 3.480320
      vertex 8.455000 3.561160 3.478410
      vertex 10.855000 3.559690 3.480320
    endloop
  endfacet
  facet normal 0 0 0
    outer loop
      vertex 8.455000 3.558300 3.482310
      vertex 10.855000 3.558300 3.482310
      vertex 10.855000 3.557010 3.484370
    endloop
  endfacet
  facet normal 0 0 0
    outer loop
      vertex 8.455000 3.558300 3.482310
      vertex 8.455000 3.559690 3.480320
      vertex 10.855000 3.558300 3.482310
    endloop
  endfacet
  facet normal 0 0 0
    outer loop
      vertex 8.455000 3.557010 3.484370
      vertex 8.455000 3.558300 3.482310
      vertex 10.855000 3.557010 3.484370
    endloop
  endfacet
  facet normal 0 0 0
    outer loop
      vertex 8.455000 3.555820 3.486490
      vertex 10.855000 3.557010 3.484370
      vertex 10.855000 3.555820 3.486490
    endloop
  endfacet
  facet normal 0 0 0
    outer loop
      vertex 8.455000 3.555820 3.486490
      vertex 8.455000 3.557010 3.484370
      vertex 10.855000 3.557010 3.484370
    endloop
  endfacet
  facet normal 0 0 0
    outer loop
      vertex 8.455000 3.554740 3.488660
      vertex 10.855000 3.554740 3.488660
      vertex 10.855000 3.553760 3.490880
    endloop
  endfacet
  facet normal 0 0 0
    outer loop
      vertex 8.455000 3.554740 3.488660
      vertex 10.855000 3.555820 3.486490
      vertex 10.855000 3.554740 3.488660
    endloop
  endfacet
  facet normal 0 0 0
    outer loop
      vertex 8.455000 3.554740 3.488660
      vertex 8.455000 3.555820 3.486490
      vertex 10.855000 3.555820 3.486490
    endloop
  endfacet
  facet normal 0 0 0
    outer loop
      vertex 8.455000 3.553760 3.490880
      vertex 10.855000 3.553760 3.490880
      vertex 10.855000 3.552900 3.493130
    endloop
  endfacet
  facet normal 0 0 0
    outer loop
      vertex 8.455000 3.553760 3.490880
      vertex 8.455000 3.554740 3.488660
      vertex 10.855000 3.553760 3.490880
    endloop
  endfacet
  facet normal 0 0 0
    outer loop
      vertex 8.455000 3.552900 3.493130
      vertex 10.855000 3.552900 3.493130
      vertex 10.855000 3.552140 3.495420
    endloop
  endfacet
  facet normal 0 0 0
    outer loop
      vertex 8.455000 3.552900 3.493130
      vertex 8.455000 3.553760 3.490880
      vertex 10.855000 3.552900 3.493130
    endloop
  endfacet
  facet normal 0 0 0
    outer loop
      vertex 8.455000 3.552140 3.495420
      vertex 8.455000 3.552900 3.493130
      vertex 10.855000 3.552140 3.495420
    endloop
  endfacet
  facet normal 0 0 0
    outer loop
      vertex 8.455000 3.551510 3.497720
      vertex 10.855000 3.552140 3.495420
      vertex 10.855000 3.551510 3.497720
    endloop
  endfacet
  facet normal 0 0 0
    outer loop
      vertex 8.455000 3.551510 3.497720
      vertex 8.455000 3.552140 3.495420
      vertex 10.855000 3.552140 3.495420
    endloop
  endfacet
  facet normal 0 0 0
    outer loop
      vertex 8.455000 3.550980 3.500040
      vertex 10.855000 3.550980 3.500040
      vertex 10.855000 3.550570 3.502360
    endloop
  endfacet
  facet normal 0 0 0
    outer loop
      vertex 8.455000 3.550980 3.500040
      vertex 10.855000 3.551510 3.497720
      vertex 10.855000 3.550980 3.500040
    endloop
  endfacet
  facet normal 0 0 0
    outer loop
      vertex 8.455000 3.550980 3.500040
      vertex 8.455000 3.551510 3.497720
      vertex 10.855000 3.551510 3.497720
    endloop
  endfacet
  facet normal 0 0 0
    outer loop
      vertex 8.455000 3.550570 3.502360
      vertex 8.455000 3.550980 3.500040
      vertex 10.855000 3.550570 3.502360
    endloop
  endfacet
  facet normal 0 0 0
    outer loop
      vertex 8.455000 3.550270 3.504670
      vertex 10.855000 3.550270 3.504670
      vertex 10.855000 3.550090 3.506980
    endloop
  endfacet
  facet normal 0 0 0
    outer loop
      vertex 8.455000 3.550270 3.504670
      vertex 10.855000 3.550570 3.502360
      vertex 10.855000 3.550270 3.504670
    endloop
  endfacet
  facet normal 0 0 0
    outer loop
      vertex 8.455000 3.550270 3.504670
      vertex 8.455000 3.550570 3.502360
      vertex 10.855000 3.550570 3.502360
    endloop
  endfacet
  facet normal 0 0 0
    outer loop
      vertex 8.455000 3.550090 3.506980
      vertex 8.455000 3.550270 3.504670
      vertex 10.855000 3.550090 3.506980
    endloop
  endfacet
  facet normal 0 0 0
    outer loop
      vertex 8.455000 3.550000 3.509260
      vertex 10.855000 3.550090 3.506980
      vertex 10.855000 3.550000 3.509260
    endloop
  endfacet
  facet normal 0 0 0
    outer loop
      vertex 8.455000 3.550000 3.509260
      vertex 8.455000 3.550090 3.506980
      vertex 10.855000 3.550090 3.506980
    endloop
  endfacet
  facet normal 0 0 0
    outer loop
      vertex 8.455000 3.550030 3.511530
      vertex 10.855000 3.550000 3.509260
      vertex 10.855000 3.550030 3.511530
    endloop
  endfacet
  facet normal 0 0 0
    outer loop
      vertex 8.455000 3.550030 3.511530
      vertex 8.455000 3.550000 3.509260
      vertex 10.855000 3.550000 3.509260
    endloop
  endfacet
  facet normal 0 0 0
    outer loop
      vertex 8.455000 3.550150 3.513750
      vertex 10.855000 3.550030 3.511530
      vertex 10.855000 3.550150 3.513750
    endloop
  endfacet
  facet normal 0 0 0
    outer loop
      vertex 8.455000 3.550150 3.513750
      vertex 8.455000 3.550030 3.511530
      vertex 10.855000 3.550030 3.511530
    endloop
  endfacet
  facet normal 0 0 0
    outer loop
      vertex 8.455000 3.550370 3.515940
      vertex 10.855000 3.550150 3.513750
      vertex 10.855000 3.550370 3.515940
    endloop
  endfacet
  facet normal 0 0 0
    outer loop
      vertex 8.455000 3.550370 3.515940
      vertex 8.455000 3.550150 3.513750
      vertex 10.855000 3.550150 3.513750
    endloop
  endfacet
  facet normal 0 0 0
    outer loop
      vertex 8.455000 3.550680 3.518090
      vertex 10.855000 3.550680 3.518090
      vertex 10.855000 3.551070 3.520190
    endloop
  endfacet
  facet normal 0 0 0
    outer loop
      vertex 8.455000 3.550680 3.518090
      vertex 10.855000 3.550370 3.515940
      vertex 10.855000 3.550680 3.518090
    endloop
  endfacet
  facet normal 0 0 0
    outer loop
      vertex 8.455000 3.550680 3.518090
      vertex 8.455000 3.550370 3.515940
      vertex 10.855000 3.550370 3.515940
    endloop
  endfacet
  facet normal 0 0 0
    outer loop
      vertex 8.455000 3.551070 3.520190
      vertex 10.855000 3.551070 3.520190
      vertex 10.855000 3.551550 3.522240
    endloop
  endfacet
  facet normal 0 0 0
    outer loop
      vertex 8.455000 3.551070 3.520190
      vertex 8.455000 3.550680 3.518090
      vertex 10.855000 3.551070 3.520190
    endloop
  endfacet
  facet normal 0 0 0
    outer loop
      vertex 8.455000 3.551550 3.522240
      vertex 8.455000 3.551070 3.520190
      vertex 10.855000 3.551550 3.522240
    endloop
  endfacet
  facet normal 0 0 0
    outer loop
      vertex 8.455000 3.552100 3.524230
      vertex 10.855000 3.551550 3.522240
      vertex 10.855000 3.552100 3.524230
    endloop
  endfacet
  facet normal 0 0 0
    outer loop
      vertex 8.455000 3.552100 3.524230
      vertex 8.455000 3.551550 3.522240
      vertex 10.855000 3.551550 3.522240
    endloop
  endfacet
  facet normal 0 0 0
    outer loop
      vertex 8.455000 3.552720 3.526160
      vertex 10.855000 3.552720 3.526160
      vertex 10.855000 3.553410 3.528040
    endloop
  endfacet
  facet normal 0 0 0
    outer loop
      vertex 8.455000 3.552720 3.526160
      vertex 10.855000 3.552100 3.524230
      vertex 10.855000 3.552720 3.526160
    endloop
  endfacet
  facet normal 0 0 0
    outer loop
      vertex 8.455000 3.552720 3.526160
      vertex 8.455000 3.552100 3.524230
      vertex 10.855000 3.552100 3.524230
    endloop
  endfacet
  facet normal 0 0 0
    outer loop
      vertex 8.455000 3.553410 3.528040
      vertex 10.855000 3.553410 3.528040
      vertex 10.855000 3.554150 3.529850
    endloop
  endfacet
  facet normal 0 0 0
    outer loop
      vertex 8.455000 3.553410 3.528040
      vertex 8.455000 3.552720 3.526160
      vertex 10.855000 3.553410 3.528040
    endloop
  endfacet
  facet normal 0 0 0
    outer loop
      vertex 8.455000 3.554150 3.529850
      vertex 10.855000 3.554150 3.529850
      vertex 10.855000 3.554950 3.531590
    endloop
  endfacet
  facet normal 0 0 0
    outer loop
      vertex 8.455000 3.554150 3.529850
      vertex 8.455000 3.553410 3.528040
      vertex 10.855000 3.554150 3.529850
    endloop
  endfacet
  facet normal 0 0 0
    outer loop
      vertex 8.455000 3.554950 3.531590
      vertex 8.455000 3.554150 3.529850
      vertex 10.855000 3.554950 3.531590
    endloop
  endfacet
  facet normal 0 0 0
    outer loop
      vertex 8.455000 3.555800 3.533270
      vertex 10.855000 3.554950 3.531590
      vertex 10.855000 3.555800 3.533270
    endloop
  endfacet
  facet normal 0 0 0
    outer loop
      vertex 8.455000 3.555800 3.533270
      vertex 8.455000 3.554950 3.531590
      vertex 10.855000 3.554950 3.531590
    endloop
  endfacet
  facet normal 0 0 0
    outer loop
      vertex 8.455000 3.556690 3.534880
      vertex 10.855000 3.555800 3.533270
      vertex 10.855000 3.556690 3.534880
    endloop
  endfacet
  facet normal 0 0 0
    outer loop
      vertex 8.455000 3.556690 3.534880
      vertex 8.455000 3.555800 3.533270
      vertex 10.855000 3.555800 3.533270
    endloop
  endfacet
  facet normal 0 0 0
    outer loop
      vertex 8.455000 3.557640 3.536460
      vertex 8.455000 3.556690 3.534880
      vertex 10.855000 3.556690 3.534880
    endloop
  endfacet
  facet normal 0 0 0
    outer loop
      vertex 8.455000 3.557640 3.536460
      vertex 10.855000 3.557640 3.536460
      vertex 10.855000 3.558660 3.538030
    endloop
  endfacet
  facet normal 0 0 0
    outer loop
      vertex 8.455000 3.557640 3.536460
      vertex 10.855000 3.556690 3.534880
      vertex 10.855000 3.557640 3.536460
    endloop
  endfacet
  facet normal 0 0 0
    outer loop
      vertex 8.455000 3.558660 3.538030
      vertex 8.455000 3.557640 3.536460
      vertex 10.855000 3.558660 3.538030
    endloop
  endfacet
  facet normal 0 0 0
    outer loop
      vertex 8.455000 3.559770 3.539600
      vertex 10.855000 3.558660 3.538030
      vertex 10.855000 3.559770 3.539600
    endloop
  endfacet
  facet normal 0 0 0
    outer loop
      vertex 8.455000 3.559770 3.539600
      vertex 8.455000 3.558660 3.538030
      vertex 10.855000 3.558660 3.538030
    endloop
  endfacet
  facet normal 0 0 0
    outer loop
      vertex 8.455000 3.560970 3.541150
      vertex 8.455000 3.559770 3.539600
      vertex 10.855000 3.559770 3.539600
    endloop
  endfacet
  facet normal 0 0 0
    outer loop
      vertex 8.455000 3.560970 3.541150
      vertex 10.855000 3.559770 3.539600
      vertex 10.855000 3.560970 3.541150
    endloop
  endfacet
  facet normal 0 0 0
    outer loop
      vertex 8.455000 3.562240 3.542680
      vertex 10.855000 3.562240 3.542680
      vertex 10.855000 3.563600 3.544180
    endloop
  endfacet
  facet normal 0 0 0
    outer loop
      vertex 8.455000 3.562240 3.542680
      vertex 10.855000 3.560970 3.541150
      vertex 10.855000 3.562240 3.542680
    endloop
  endfacet
  facet normal 0 0 0
    outer loop
      vertex 8.455000 3.562240 3.542680
      vertex 8.455000 3.560970 3.541150
      vertex 10.855000 3.560970 3.541150
    endloop
  endfacet
  facet normal 0 0 0
    outer loop
      vertex 8.455000 3.563600 3.544180
      vertex 8.455000 3.562240 3.542680
      vertex 10.855000 3.563600 3.544180
    endloop
  endfacet
  facet normal 0 0 0
    outer loop
      vertex 8.455000 3.565050 3.545660
      vertex 10.855000 3.565050 3.545660
      vertex 10.855000 3.566580 3.547090
    endloop
  endfacet
  facet normal 0 0 0
    outer loop
      vertex 8.455000 3.565050 3.545660
      vertex 10.855000 3.563600 3.544180
      vertex 10.855000 3.565050 3.545660
    endloop
  endfacet
  facet normal 0 0 0
    outer loop
      vertex 8.455000 3.565050 3.545660
      vertex 8.455000 3.563600 3.544180
      vertex 10.855000 3.563600 3.544180
    endloop
  endfacet
  facet normal 0 0 0
    outer loop
      vertex 8.455000 3.566580 3.547090
      vertex 8.455000 3.565050 3.545660
      vertex 10.855000 3.566580 3.547090
    endloop
  endfacet
  facet normal 0 0 0
    outer loop
      vertex 8.455000 3.568200 3.548490
      vertex 10.855000 3.566580 3.547090
      vertex 10.855000 3.568200 3.548490
    endloop
  endfacet
  facet normal 0 0 0
    outer loop
      vertex 8.455000 3.568200 3.548490
      vertex 8.455000 3.566580 3.547090
      vertex 10.855000 3.566580 3.547090
    endloop
  endfacet
  facet normal 0 0 0
    outer loop
      vertex 8.455000 3.569910 3.549830
      vertex 10.855000 3.568200 3.548490
      vertex 10.855000 3.569910 3.549830
    endloop
  endfacet
  facet normal 0 0 0
    outer loop
      vertex 8.455000 3.569910 3.549830
      vertex 8.455000 3.568200 3.548490
      vertex 10.855000 3.568200 3.548490
    endloop
  endfacet
  facet normal 0 0 0
    outer loop
      vertex 8.455000 3.571690 3.551110
      vertex 10.855000 3.569910 3.549830
      vertex 10.855000 3.571690 3.551110
    endloop
  endfacet
  facet normal 0 0 0
    outer loop
      vertex 8.455000 3.571690 3.551110
      vertex 8.455000 3.569910 3.549830
      vertex 10.855000 3.569910 3.549830
    endloop
  endfacet
  facet normal 0 0 0
    outer loop
      vertex 8.455000 3.573560 3.552340
      vertex 10.855000 3.571690 3.551110
      vertex 10.855000 3.573560 3.552340
    endloop
  endfacet
  facet normal 0 0 0
    outer loop
      vertex 8.455000 3.573560 3.552340
      vertex 8.455000 3.571690 3.551110
      vertex 10.855000 3.571690 3.551110
    endloop
  endfacet
  facet normal 0 0 0
    outer loop
      vertex 8.455000 3.575500 3.553490
      vertex 8.455000 3.573560 3.552340
      vertex 10.855000 3.573560 3.552340
    endloop
  endfacet
  facet normal 0 0 0
    outer loop
      vertex 8.455000 3.575500 3.553490
      vertex 10.855000 3.575500 3.553490
      vertex 10.855000 3.577520 3.554560
    endloop
  endfacet
  facet normal 0 0 0
    outer loop
      vertex 8.455000 3.575500 3.553490
      vertex 10.855000 3.573560 3.552340
      vertex 10.855000 3.575500 3.553490
    endloop
  endfacet
  facet normal 0 0 0
    outer loop
      vertex 8.455000 3.577520 3.554560
      vertex 8.455000 3.575500 3.553490
      vertex 10.855000 3.577520 3.554560
    endloop
  endfacet
  facet normal 0 0 0
    outer loop
      vertex 8.455000 3.577520 3.554560
      vertex 10.855000 3.577520 3.554560
      vertex 10.855000 3.579610 3.555550
    endloop
  endfacet
  facet normal 0 0 0
    outer loop
      vertex 8.455000 3.579610 3.555550
      vertex 8.455000 3.577520 3.554560
      vertex 10.855000 3.579610 3.555550
    endloop
  endfacet
  facet normal 0 0 0
    outer loop
      vertex 8.455000 3.581770 3.556460
      vertex 10.855000 3.579610 3.555550
      vertex 10.855000 3.581770 3.556460
    endloop
  endfacet
  facet normal 0 0 0
    outer loop
      vertex 8.455000 3.581770 3.556460
      vertex 8.455000 3.579610 3.555550
      vertex 10.855000 3.579610 3.555550
    endloop
  endfacet
  facet normal 0 0 0
    outer loop
      vertex 8.455000 3.583980 3.557260
      vertex 10.855000 3.583980 3.557260
      vertex 10.855000 3.586250 3.557970
    endloop
  endfacet
  facet normal 0 0 0
    outer loop
      vertex 8.455000 3.583980 3.557260
      vertex 10.855000 3.581770 3.556460
      vertex 10.855000 3.583980 3.557260
    endloop
  endfacet
  facet normal 0 0 0
    outer loop
      vertex 8.455000 3.583980 3.557260
      vertex 8.455000 3.581770 3.556460
      vertex 10.855000 3.581770 3.556460
    endloop
  endfacet
  facet normal 0 0 0
    outer loop
      vertex 8.455000 3.586250 3.557970
      vertex 8.455000 3.583980 3.557260
      vertex 10.855000 3.586250 3.557970
    endloop
  endfacet
  facet normal 0 0 0
    outer loop
      vertex 8.455000 3.588560 3.558570
      vertex 10.855000 3.588560 3.558570
      vertex 10.855000 3.590910 3.559070
    endloop
  endfacet
  facet normal 0 0 0
    outer loop
      vertex 8.455000 3.588560 3.558570
      vertex 10.855000 3.586250 3.557970
      vertex 10.855000 3.588560 3.558570
    endloop
  endfacet
  facet normal 0 0 0
    outer loop
      vertex 8.455000 3.588560 3.558570
      vertex 8.455000 3.586250 3.557970
      vertex 10.855000 3.586250 3.557970
    endloop
  endfacet
  facet normal 0 0 0
    outer loop
      vertex 8.455000 3.590910 3.559070
      vertex 10.855000 3.590910 3.559070
      vertex 10.855000 3.593300 3.559450
    endloop
  endfacet
  facet normal 0 0 0
    outer loop
      vertex 8.455000 3.590910 3.559070
      vertex 8.455000 3.588560 3.558570
      vertex 10.855000 3.590910 3.559070
    endloop
  endfacet
  facet normal 0 0 0
    outer loop
      vertex 8.455000 3.593300 3.559450
      vertex 8.455000 3.590910 3.559070
      vertex 10.855000 3.593300 3.559450
    endloop
  endfacet
  facet normal 0 0 0
    outer loop
      vertex 8.455000 3.595700 3.559720
      vertex 10.855000 3.595700 3.559720
      vertex 10.855000 3.598130 3.559860
    endloop
  endfacet
  facet normal 0 0 0
    outer loop
      vertex 8.455000 3.595700 3.559720
      vertex 10.855000 3.593300 3.559450
      vertex 10.855000 3.595700 3.559720
    endloop
  endfacet
  facet normal 0 0 0
    outer loop
      vertex 8.455000 3.595700 3.559720
      vertex 8.455000 3.593300 3.559450
      vertex 10.855000 3.593300 3.559450
    endloop
  endfacet
  facet normal 0 0 0
    outer loop
      vertex 8.455000 3.598130 3.559860
      vertex 10.855000 3.598130 3.559860
      vertex 10.855000 3.600560 3.559900
    endloop
  endfacet
  facet normal 0 0 0
    outer loop
      vertex 8.455000 3.598130 3.559860
      vertex 8.455000 3.595700 3.559720
      vertex 10.855000 3.598130 3.559860
    endloop
  endfacet
  facet normal 0 0 0
    outer loop
      vertex 8.455000 3.600560 3.559900
      vertex 8.455000 3.598130 3.559860
      vertex 10.855000 3.600560 3.559900
    endloop
  endfacet
  facet normal 0 0 0
    outer loop
      vertex 8.455000 3.602980 3.559810
      vertex 8.455000 3.600560 3.559900
      vertex 10.855000 3.600560 3.559900
    endloop
  endfacet
  facet normal 0 0 0
    outer loop
      vertex 8.455000 3.602980 3.559810
      vertex 10.855000 3.602980 3.559810
      vertex 10.855000 3.605400 3.559610
    endloop
  endfacet
  facet normal 0 0 0
    outer loop
      vertex 8.455000 3.602980 3.559810
      vertex 10.855000 3.600560 3.559900
      vertex 10.855000 3.602980 3.559810
    endloop
  endfacet
  facet normal 0 0 0
    outer loop
      vertex 8.455000 3.605400 3.559610
      vertex 8.455000 3.602980 3.559810
      vertex 10.855000 3.605400 3.559610
    endloop
  endfacet
  facet normal 0 0 0
    outer loop
      vertex 8.455000 3.607800 3.559290
      vertex 10.855000 3.607800 3.559290
      vertex 10.855000 3.610170 3.558860
    endloop
  endfacet
  facet normal 0 0 0
    outer loop
      vertex 8.455000 3.607800 3.559290
      vertex 10.855000 3.605400 3.559610
      vertex 10.855000 3.607800 3.559290
    endloop
  endfacet
  facet normal 0 0 0
    outer loop
      vertex 8.455000 3.607800 3.559290
      vertex 8.455000 3.605400 3.559610
      vertex 10.855000 3.605400 3.559610
    endloop
  endfacet
  facet normal 0 0 0
    outer loop
      vertex 8.455000 3.610170 3.558860
      vertex 8.455000 3.607800 3.559290
      vertex 10.855000 3.610170 3.558860
    endloop
  endfacet
  facet normal 0 0 0
    outer loop
      vertex 8.455000 3.612500 3.558310
      vertex 10.855000 3.612500 3.558310
      vertex 10.855000 3.614800 3.557660
    endloop
  endfacet
  facet normal 0 0 0
    outer loop
      vertex 8.455000 3.612500 3.558310
      vertex 10.855000 3.610170 3.558860
      vertex 10.855000 3.612500 3.558310
    endloop
  endfacet
  facet normal 0 0 0
    outer loop
      vertex 8.455000 3.612500 3.558310
      vertex 8.455000 3.610170 3.558860
      vertex 10.855000 3.610170 3.558860
    endloop
  endfacet
  facet normal 0 0 0
    outer loop
      vertex 8.455000 3.614800 3.557660
      vertex 8.455000 3.612500 3.558310
      vertex 10.855000 3.614800 3.557660
    endloop
  endfacet
  facet normal 0 0 0
    outer loop
      vertex 8.455000 3.617040 3.556910
      vertex 10.855000 3.617040 3.556910
      vertex 10.855000 3.619230 3.556060
    endloop
  endfacet
  facet normal 0 0 0
    outer loop
      vertex 8.455000 3.617040 3.556910
      vertex 10.855000 3.614800 3.557660
      vertex 10.855000 3.617040 3.556910
    endloop
  endfacet
  facet normal 0 0 0
    outer loop
      vertex 8.455000 3.617040 3.556910
      vertex 8.455000 3.614800 3.557660
      vertex 10.855000 3.614800 3.557660
    endloop
  endfacet
  facet normal 0 0 0
    outer loop
      vertex 8.455000 3.619230 3.556060
      vertex 8.455000 3.617040 3.556910
      vertex 10.855000 3.619230 3.556060
    endloop
  endfacet
  facet normal 0 0 0
    outer loop
      vertex 8.455000 3.621350 3.555110
      vertex 10.855000 3.621350 3.555110
      vertex 10.855000 3.623410 3.554080
    endloop
  endfacet
  facet normal 0 0 0
    outer loop
      vertex 8.455000 3.621350 3.555110
      vertex 10.855000 3.619230 3.556060
      vertex 10.855000 3.621350 3.555110
    endloop
  endfacet
  facet normal 0 0 0
    outer loop
      vertex 8.455000 3.621350 3.555110
      vertex 8.455000 3.619230 3.556060
      vertex 10.855000 3.619230 3.556060
    endloop
  endfacet
  facet normal 0 0 0
    outer loop
      vertex 8.455000 3.623410 3.554080
      vertex 8.455000 3.621350 3.555110
      vertex 10.855000 3.623410 3.554080
    endloop
  endfacet
  facet normal 0 0 0
    outer loop
      vertex 8.455000 3.625390 3.552970
      vertex 10.855000 3.625390 3.552970
      vertex 10.855000 3.627300 3.551790
    endloop
  endfacet
  facet normal 0 0 0
    outer loop
      vertex 8.455000 3.625390 3.552970
      vertex 10.855000 3.623410 3.554080
      vertex 10.855000 3.625390 3.552970
    endloop
  endfacet
  facet normal 0 0 0
    outer loop
      vertex 8.455000 3.625390 3.552970
      vertex 8.455000 3.623410 3.554080
      vertex 10.855000 3.623410 3.554080
    endloop
  endfacet
  facet normal 0 0 0
    outer loop
      vertex 8.455000 3.627300 3.551790
      vertex 8.455000 3.625390 3.552970
      vertex 10.855000 3.627300 3.551790
    endloop
  endfacet
  facet normal 0 0 0
    outer loop
      vertex 8.455000 3.629130 3.550530
      vertex 8.455000 3.627300 3.551790
      vertex 10.855000 3.627300 3.551790
    endloop
  endfacet
  facet normal 0 0 0
    outer loop
      vertex 8.455000 3.629130 3.550530
      vertex 10.855000 3.629130 3.550530
      vertex 10.855000 3.630880 3.549220
    endloop
  endfacet
  facet normal 0 0 0
    outer loop
      vertex 8.455000 3.629130 3.550530
      vertex 10.855000 3.627300 3.551790
      vertex 10.855000 3.629130 3.550530
    endloop
  endfacet
  facet normal 0 0 0
    outer loop
      vertex 8.455000 3.630880 3.549220
      vertex 8.455000 3.629130 3.550530
      vertex 10.855000 3.630880 3.549220
    endloop
  endfacet
  facet normal 0 0 0
    outer loop
      vertex 8.455000 3.632550 3.547860
      vertex 8.455000 3.630880 3.549220
      vertex 10.855000 3.630880 3.549220
    endloop
  endfacet
  facet normal 0 0 0
    outer loop
      vertex 8.455000 3.632550 3.547860
      vertex 10.855000 3.632550 3.547860
      vertex 10.855000 3.634130 3.546440
    endloop
  endfacet
  facet normal 0 0 0
    outer loop
      vertex 8.455000 3.632550 3.547860
      vertex 10.855000 3.630880 3.549220
      vertex 10.855000 3.632550 3.547860
    endloop
  endfacet
  facet normal 0 0 0
    outer loop
      vertex 8.455000 3.634130 3.546440
      vertex 8.455000 3.632550 3.547860
      vertex 10.855000 3.634130 3.546440
    endloop
  endfacet
  facet normal 0 0 0
    outer loop
      vertex 8.455000 3.635620 3.544990
      vertex 8.455000 3.634130 3.546440
      vertex 10.855000 3.634130 3.546440
    endloop
  endfacet
  facet normal 0 0 0
    outer loop
      vertex 8.455000 3.635620 3.544990
      vertex 10.855000 3.634130 3.546440
      vertex 10.855000 3.635620 3.544990
    endloop
  endfacet
  facet normal 0 0 0
    outer loop
      vertex 8.455000 3.637030 3.543500
      vertex 8.455000 3.635620 3.544990
      vertex 10.855000 3.635620 3.544990
    endloop
  endfacet
  facet normal 0 0 0
    outer loop
      vertex 8.455000 3.637030 3.543500
      vertex 10.855000 3.637030 3.543500
      vertex 10.855000 3.638350 3.541980
    endloop
  endfacet
  facet normal 0 0 0
    outer loop
      vertex 8.455000 3.637030 3.543500
      vertex 10.855000 3.635620 3.544990
      vertex 10.855000 3.637030 3.543500
    endloop
  endfacet
  facet normal 0 0 0
    outer loop
      vertex 8.455000 3.638350 3.541980
      vertex 8.455000 3.637030 3.543500
      vertex 10.855000 3.638350 3.541980
    endloop
  endfacet
  facet normal 0 0 0
    outer loop
      vertex 8.455000 3.639590 3.540440
      vertex 10.855000 3.638350 3.541980
      vertex 10.855000 3.639590 3.540440
    endloop
  endfacet
  facet normal 0 0 0
    outer loop
      vertex 8.455000 3.639590 3.540440
      vertex 8.455000 3.638350 3.541980
      vertex 10.855000 3.638350 3.541980
    endloop
  endfacet
  facet normal 0 0 0
    outer loop
      vertex 8.455000 3.640740 3.538880
      vertex 8.455000 3.639590 3.540440
      vertex 10.855000 3.639590 3.540440
    endloop
  endfacet
  facet normal 0 0 0
    outer loop
      vertex 8.455000 3.640740 3.538880
      vertex 10.855000 3.640740 3.538880
      vertex 10.855000 3.641820 3.537310
    endloop
  endfacet
  facet normal 0 0 0
    outer loop
      vertex 8.455000 3.640740 3.538880
      vertex 10.855000 3.639590 3.540440
      vertex 10.855000 3.640740 3.538880
    endloop
  endfacet
  facet normal 0 0 0
    outer loop
      vertex 8.455000 3.641820 3.537310
      vertex 8.455000 3.640740 3.538880
      vertex 10.855000 3.641820 3.537310
    endloop
  endfacet
  facet normal 0 0 0
    outer loop
      vertex 8.455000 3.641820 3.537310
      vertex 10.855000 3.641820 3.537310
      vertex 10.855000 3.642810 3.535740
    endloop
  endfacet
  facet normal 0 0 0
    outer loop
      vertex 8.455000 3.642810 3.535740
      vertex 8.455000 3.641820 3.537310
      vertex 10.855000 3.642810 3.535740
    endloop
  endfacet
  facet normal 0 0 0
    outer loop
      vertex 8.455000 3.643720 3.534150
      vertex 8.455000 3.642810 3.535740
      vertex 10.855000 3.642810 3.535740
    endloop
  endfacet
  facet normal 0 0 0
    outer loop
      vertex 8.455000 3.643720 3.534150
      vertex 10.855000 3.642810 3.535740
      vertex 10.855000 3.643720 3.534150
    endloop
  endfacet
  facet normal 0 0 0
    outer loop
      vertex 8.455000 3.644600 3.532510
      vertex 8.455000 3.643720 3.534150
      vertex 10.855000 3.643720 3.534150
    endloop
  endfacet
  facet normal 0 0 0
    outer loop
      vertex 8.455000 3.644600 3.532510
      vertex 10.855000 3.644600 3.532510
      vertex 10.855000 3.645420 3.530800
    endloop
  endfacet
  facet normal 0 0 0
    outer loop
      vertex 8.455000 3.644600 3.532510
      vertex 10.855000 3.643720 3.534150
      vertex 10.855000 3.644600 3.532510
    endloop
  endfacet
  facet normal 0 0 0
    outer loop
      vertex 8.455000 3.645420 3.530800
      vertex 8.455000 3.644600 3.532510
      vertex 10.855000 3.645420 3.530800
    endloop
  endfacet
  facet normal 0 0 0
    outer loop
      vertex 8.455000 3.646200 3.529030
      vertex 10.855000 3.645420 3.530800
      vertex 10.855000 3.646200 3.529030
    endloop
  endfacet
  facet normal 0 0 0
    outer loop
      vertex 8.455000 3.646200 3.529030
      vertex 8.455000 3.645420 3.530800
      vertex 10.855000 3.645420 3.530800
    endloop
  endfacet
  facet normal 0 0 0
    outer loop
      vertex 8.455000 3.646920 3.527190
      vertex 8.455000 3.646200 3.529030
      vertex 10.855000 3.646200 3.529030
    endloop
  endfacet
  facet normal 0 0 0
    outer loop
      vertex 8.455000 3.646920 3.527190
      vertex 10.855000 3.646920 3.527190
      vertex 10.855000 3.647570 3.525290
    endloop
  endfacet
  facet normal 0 0 0
    outer loop
      vertex 8.455000 3.646920 3.527190
      vertex 10.855000 3.646200 3.529030
      vertex 10.855000 3.646920 3.527190
    endloop
  endfacet
  facet normal 0 0 0
    outer loop
      vertex 8.455000 3.647570 3.525290
      vertex 8.455000 3.646920 3.527190
      vertex 10.855000 3.647570 3.525290
    endloop
  endfacet
  facet normal 0 0 0
    outer loop
      vertex 8.455000 3.648160 3.523330
      vertex 8.455000 3.647570 3.525290
      vertex 10.855000 3.647570 3.525290
    endloop
  endfacet
  facet normal 0 0 0
    outer loop
      vertex 8.455000 3.648160 3.523330
      vertex 10.855000 3.647570 3.525290
      vertex 10.855000 3.648160 3.523330
    endloop
  endfacet
  facet normal 0 0 0
    outer loop
      vertex 8.455000 3.648680 3.521310
      vertex 8.455000 3.648160 3.523330
      vertex 10.855000 3.648160 3.523330
    endloop
  endfacet
  facet normal 0 0 0
    outer loop
      vertex 8.455000 3.648680 3.521310
      vertex 10.855000 3.648680 3.521310
      vertex 10.855000 3.649120 3.519240
    endloop
  endfacet
  facet normal 0 0 0
    outer loop
      vertex 8.455000 3.648680 3.521310
      vertex 10.855000 3.648160 3.523330
      vertex 10.855000 3.648680 3.521310
    endloop
  endfacet
  facet normal 0 0 0
    outer loop
      vertex 8.455000 3.649120 3.519240
      vertex 8.455000 3.648680 3.521310
      vertex 10.855000 3.649120 3.519240
    endloop
  endfacet
  facet normal 0 0 0
    outer loop
      vertex 8.455000 3.649480 3.517120
      vertex 8.455000 3.649120 3.519240
      vertex 10.855000 3.649120 3.519240
    endloop
  endfacet
  facet normal 0 0 0
    outer loop
      vertex 8.455000 3.649480 3.517120
      vertex 10.855000 3.649480 3.517120
      vertex 10.855000 3.649740 3.514950
    endloop
  endfacet
  facet normal 0 0 0
    outer loop
      vertex 8.455000 3.649480 3.517120
      vertex 10.855000 3.649120 3.519240
      vertex 10.855000 3.649480 3.517120
    endloop
  endfacet
  facet normal 0 0 0
    outer loop
      vertex 8.455000 3.649740 3.514950
      vertex 10.855000 3.649740 3.514950
      vertex 10.855000 3.649920 3.512740
    endloop
  endfacet
  facet normal 0 0 0
    outer loop
      vertex 8.455000 3.649740 3.514950
      vertex 8.455000 3.649480 3.517120
      vertex 10.855000 3.649740 3.514950
    endloop
  endfacet
  facet normal 0 0 0
    outer loop
      vertex 8.455000 3.649920 3.512740
      vertex 8.455000 3.649740 3.514950
      vertex 10.855000 3.649920 3.512740
    endloop
  endfacet
  facet normal 0 0 0
    outer loop
      vertex 8.455000 3.650000 3.510500
      vertex 10.855000 3.649920 3.512740
      vertex 10.855000 3.650000 3.510500
    endloop
  endfacet
  facet normal 0 0 0
    outer loop
      vertex 8.455000 3.650000 3.510500
      vertex 8.455000 3.649920 3.512740
      vertex 10.855000 3.649920 3.512740
    endloop
  endfacet
  facet normal 0 0 0
    outer loop
      vertex 8.455000 3.649970 3.508220
      vertex 10.855000 3.650000 3.510500
      vertex 10.855000 3.649970 3.508220
    endloop
  endfacet
  facet normal 0 0 0
    outer loop
      vertex 8.455000 3.649970 3.508220
      vertex 8.455000 3.650000 3.510500
      vertex 10.855000 3.650000 3.510500
    endloop
  endfacet
  facet normal 0 0 0
    outer loop
      vertex 8.455000 3.649840 3.505930
      vertex 10.855000 3.649970 3.508220
      vertex 10.855000 3.649840 3.505930
    endloop
  endfacet
  facet normal 0 0 0
    outer loop
      vertex 8.455000 3.649840 3.505930
      vertex 8.455000 3.649970 3.508220
      vertex 10.855000 3.649970 3.508220
    endloop
  endfacet
  facet normal 0 0 0
    outer loop
      vertex 8.455000 3.649600 3.503620
      vertex 10.855000 3.649840 3.505930
      vertex 10.855000 3.649600 3.503620
    endloop
  endfacet
  facet normal 0 0 0
    outer loop
      vertex 8.455000 3.649600 3.503620
      vertex 8.455000 3.649840 3.505930
      vertex 10.855000 3.649840 3.505930
    endloop
  endfacet
  facet normal 0 0 0
    outer loop
      vertex 8.455000 3.649250 3.501300
      vertex 10.855000 3.649250 3.501300
      vertex 10.855000 3.648790 3.498980
    endloop
  endfacet
  facet normal 0 0 0
    outer loop
      vertex 8.455000 3.649250 3.501300
      vertex 10.855000 3.649600 3.503620
      vertex 10.855000 3.649250 3.501300
    endloop
  endfacet
  facet normal 0 0 0
    outer loop
      vertex 8.455000 3.649250 3.501300
      vertex 8.455000 3.649600 3.503620
      vertex 10.855000 3.649600 3.503620
    endloop
  endfacet
  facet normal 0 0 0
    outer loop
      vertex 8.455000 3.648790 3.498980
      vertex 10.855000 3.648790 3.498980
      vertex 10.855000 3.648220 3.496660
    endloop
  endfacet
  facet normal 0 0 0
    outer loop
      vertex 8.455000 3.648790 3.498980
      vertex 8.455000 3.649250 3.501300
      vertex 10.855000 3.648790 3.498980
    endloop
  endfacet
  facet normal 0 0 0
    outer loop
      vertex 8.455000 3.648220 3.496660
      vertex 8.455000 3.648790 3.498980
      vertex 10.855000 3.648220 3.496660
    endloop
  endfacet
  facet normal 0 0 0
    outer loop
      vertex 8.455000 3.647530 3.494370
      vertex 10.855000 3.647530 3.494370
      vertex 10.855000 3.646720 3.492100
    endloop
  endfacet
  facet normal 0 0 0
    outer loop
      vertex 8.455000 3.647530 3.494370
      vertex 10.855000 3.648220 3.496660
      vertex 10.855000 3.647530 3.494370
    endloop
  endfacet
  facet normal 0 0 0
    outer loop
      vertex 8.455000 3.647530 3.494370
      vertex 8.455000 3.648220 3.496660
      vertex 10.855000 3.648220 3.496660
    endloop
  endfacet
  facet normal 0 0 0
    outer loop
      vertex 8.455000 3.646720 3.492100
      vertex 8.455000 3.647530 3.494370
      vertex 10.855000 3.646720 3.492100
    endloop
  endfacet
  facet normal 0 0 0
    outer loop
      vertex 8.455000 3.645810 3.489860
      vertex 8.455000 3.646720 3.492100
      vertex 10.855000 3.646720 3.492100
    endloop
  endfacet
  facet normal 0 0 0
    outer loop
      vertex 8.455000 3.645810 3.489860
      vertex 10.855000 3.646720 3.492100
      vertex 10.855000 3.645810 3.489860
    endloop
  endfacet
  facet normal 0 0 0
    outer loop
      vertex 8.455000 3.644780 3.487660
      vertex 8.455000 3.645810 3.489860
      vertex 10.855000 3.645810 3.489860
    endloop
  endfacet
  facet normal 0 0 0
    outer loop
      vertex 8.455000 3.644780 3.487660
      vertex 10.855000 3.645810 3.489860
      vertex 10.855000 3.644780 3.487660
    endloop
  endfacet
  facet normal 0 0 0
    outer loop
      vertex 8.455000 3.643650 3.485510
      vertex 8.455000 3.644780 3.487660
      vertex 10.855000 3.644780 3.487660
    endloop
  endfacet
  facet normal 0 0 0
    outer loop
      vertex 8.455000 3.643650 3.485510
      vertex 10.855000 3.644780 3.487660
      vertex 10.855000 3.643650 3.485510
    endloop
  endfacet
  facet normal 0 0 0
    outer loop
      vertex 8.455000 3.642410 3.483420
      vertex 10.855000 3.643650 3.485510
      vertex 10.855000 3.642410 3.483420
    endloop
  endfacet
  facet normal 0 0 0
    outer loop
      vertex 8.455000 3.642410 3.483420
      vertex 8.455000 3.643650 3.485510
      vertex 10.855000 3.643650 3.485510
    endloop
  endfacet
  facet normal 0 0 0
    outer loop
      vertex 8.455000 3.641080 3.481390
      vertex 8.455000 3.642410 3.483420
      vertex 10.855000 3.642410 3.483420
    endloop
  endfacet
  facet normal 0 0 0
    outer loop
      vertex 8.455000 3.641080 3.481390
      vertex 10.855000 3.641080 3.481390
      vertex 10.855000 3.639650 3.479440
    endloop
  endfacet
  facet normal 0 0 0
    outer loop
      vertex 8.455000 3.641080 3.481390
      vertex 10.855000 3.642410 3.483420
      vertex 10.855000 3.641080 3.481390
    endloop
  endfacet
  facet normal 0 0 0
    outer loop
      vertex 8.455000 3.639650 3.479440
      vertex 8.455000 3.641080 3.481390
      vertex 10.855000 3.639650 3.479440
    endloop
  endfacet
  facet normal 0 0 0
    outer loop
      vertex 8.455000 3.639650 3.479440
      vertex 10.855000 3.639650 3.479440
      vertex 10.855000 3.638130 3.477560
    endloop
  endfacet
  facet normal 0 0 0
    outer loop
      vertex 8.455000 3.638130 3.477560
      vertex 8.455000 3.639650 3.479440
      vertex 10.855000 3.638130 3.477560
    endloop
  endfacet
  facet normal 0 0 0
    outer loop
      vertex 8.455000 3.638130 3.477560
      vertex 10.855000 3.638130 3.477560
      vertex 10.855000 3.636530 3.475760
    endloop
  endfacet
  facet normal 0 0 0
    outer loop
      vertex 8.455000 3.636530 3.475760
      vertex 8.455000 3.638130 3.477560
      vertex 10.855000 3.636530 3.475760
    endloop
  endfacet
  facet normal 0 0 0
    outer loop
      vertex 8.455000 3.636530 3.475760
      vertex 10.855000 3.636530 3.475760
      vertex 10.855000 3.634860 3.474060
    endloop
  endfacet
  facet normal 0 0 0
    outer loop
      vertex 8.455000 3.634860 3.474060
      vertex 8.455000 3.636530 3.475760
      vertex 10.855000 3.634860 3.474060
    endloop
  endfacet
  facet normal 0 0 0
    outer loop
      vertex 8.455000 3.633120 3.472440
      vertex 10.855000 3.633120 3.472440
      vertex 10.855000 3.631310 3.470920
    endloop
  endfacet
  facet normal 0 0 0
    outer loop
      vertex 8.455000 3.633120 3.472440
      vertex 10.855000 3.634860 3.474060
      vertex 10.855000 3.633120 3.472440
    endloop
  endfacet
  facet normal 0 0 0
    outer loop
      vertex 8.455000 3.633120 3.472440
      vertex 8.455000 3.634860 3.474060
      vertex 10.855000 3.634860 3.474060
    endloop
  endfacet
  facet normal 0 0 0
    outer loop
      vertex 8.455000 3.631310 3.470920
      vertex 8.455000 3.633120 3.472440
      vertex 10.855000 3.631310 3.470920
    endloop
  endfacet
  facet normal 0 0 0
    outer loop
      vertex 8.455000 3.631310 3.470920
      vertex 10.855000 3.631310 3.470920
      vertex 10.855000 3.629460 3.469500
    endloop
  endfacet
  facet normal 0 0 0
    outer loop
      vertex 8.455000 3.629460 3.469500
      vertex 8.455000 3.631310 3.470920
      vertex 10.855000 3.629460 3.469500
    endloop
  endfacet
  facet normal 0 0 0
    outer loop
      vertex 8.455000 3.629460 3.469500
      vertex 10.855000 3.629460 3.469500
      vertex 10.855000 3.627560 3.468180
    endloop
  endfacet
  facet normal 0 0 0
    outer loop
      vertex 8.455000 3.627560 3.468180
      vertex 8.455000 3.629460 3.469500
      vertex 10.855000 3.627560 3.468180
    endloop
  endfacet
  facet normal 0 0 0
    outer loop
      vertex 8.455000 3.625620 3.466960
      vertex 8.455000 3.627560 3.468180
      vertex 10.855000 3.627560 3.468180
    endloop
  endfacet
  facet normal 0 0 0
    outer loop
      vertex 8.455000 3.625620 3.466960
      vertex 10.855000 3.627560 3.468180
      vertex 10.855000 3.625620 3.466960
    endloop
  endfacet
  facet normal 0 0 0
    outer loop
      vertex 8.455000 3.623650 3.465850
      vertex 8.455000 3.625620 3.466960
      vertex 10.855000 3.625620 3.466960
    endloop
  endfacet
  facet normal 0 0 0
    outer loop
      vertex 8.455000 3.623650 3.465850
      vertex 10.855000 3.625620 3.466960
      vertex 10.855000 3.623650 3.465850
    endloop
  endfacet
  facet normal 0 0 0
    outer loop
      vertex 8.455000 3.621660 3.464840
      vertex 8.455000 3.623650 3.465850
      vertex 10.855000 3.623650 3.465850
    endloop
  endfacet
  facet normal 0 0 0
    outer loop
      vertex 8.455000 3.621660 3.464840
      vertex 10.855000 3.621660 3.464840
      vertex 10.855000 3.619660 3.463930
    endloop
  endfacet
  facet normal 0 0 0
    outer loop
      vertex 8.455000 3.621660 3.464840
      vertex 10.855000 3.623650 3.465850
      vertex 10.855000 3.621660 3.464840
    endloop
  endfacet
  facet normal 0 0 0
    outer loop
      vertex 8.455000 3.619660 3.463930
      vertex 8.455000 3.621660 3.464840
      vertex 10.855000 3.619660 3.463930
    endloop
  endfacet
  facet normal 0 0 0
    outer loop
      vertex 8.455000 3.619660 3.463930
      vertex 10.855000 3.619660 3.463930
      vertex 10.855000 3.617640 3.463120
    endloop
  endfacet
  facet normal 0 0 0
    outer loop
      vertex 8.455000 3.617640 3.463120
      vertex 8.455000 3.619660 3.463930
      vertex 10.855000 3.617640 3.463120
    endloop
  endfacet
  facet normal 0 0 0
    outer loop
      vertex 8.455000 3.617640 3.463120
      vertex 10.855000 3.617640 3.463120
      vertex 10.855000 3.615630 3.462400
    endloop
  endfacet
  facet normal 0 0 0
    outer loop
      vertex 8.455000 3.615630 3.462400
      vertex 8.455000 3.617640 3.463120
      vertex 10.855000 3.615630 3.462400
    endloop
  endfacet
  facet normal 0 0 0
    outer loop
      vertex 8.455000 3.613610 3.461790
      vertex 8.455000 3.615630 3.462400
      vertex 10.855000 3.615630 3.462400
    endloop
  endfacet
  facet normal 0 0 0
    outer loop
      vertex 8.455000 3.613610 3.461790
      vertex 10.855000 3.615630 3.462400
      vertex 10.855000 3.613610 3.461790
    endloop
  endfacet
  facet normal 0 0 0
    outer loop
      vertex 8.455000 3.611610 3.461270
      vertex 8.455000 3.613610 3.461790
      vertex 10.855000 3.613610 3.461790
    endloop
  endfacet
  facet normal 0 0 0
    outer loop
      vertex 8.455000 3.611610 3.461270
      vertex 10.855000 3.613610 3.461790
      vertex 10.855000 3.611610 3.461270
    endloop
  endfacet
  facet normal 0 0 0
    outer loop
      vertex 8.455000 3.609410 3.460790
      vertex 8.455000 3.611610 3.461270
      vertex 10.855000 3.611610 3.461270
    endloop
  endfacet
  facet normal 0 0 0
    outer loop
      vertex 8.455000 3.609410 3.460790
      vertex 10.855000 3.611610 3.461270
      vertex 10.855000 3.609410 3.460790
    endloop
  endfacet
  facet normal 0 0 0
    outer loop
      vertex 8.455000 3.606990 3.460390
      vertex 8.455000 3.609410 3.460790
      vertex 10.855000 3.609410 3.460790
    endloop
  endfacet
  facet normal 0 0 0
    outer loop
      vertex 8.455000 3.606990 3.460390
      vertex 10.855000 3.609410 3.460790
      vertex 10.855000 3.606990 3.460390
    endloop
  endfacet
  facet normal 0 0 0
    outer loop
      vertex 8.455000 3.604610 3.460110
      vertex 10.855000 3.606990 3.460390
      vertex 10.855000 3.604610 3.460110
    endloop
  endfacet
  facet normal 0 0 0
    outer loop
      vertex 8.455000 3.604610 3.460110
      vertex 8.455000 3.606990 3.460390
      vertex 10.855000 3.606990 3.460390
    endloop
  endfacet
  facet normal 0 0 0
    outer loop
      vertex 8.455000 3.602280 3.459950
      vertex 10.855000 3.604610 3.460110
      vertex 10.855000 3.602280 3.459950
    endloop
  endfacet
  facet normal 0 0 0
    outer loop
      vertex 8.455000 3.602280 3.459950
      vertex 8.455000 3.604610 3.460110
      vertex 10.855000 3.604610 3.460110
    endloop
  endfacet
  facet normal 0 0 0
    outer loop
      vertex 8.455000 3.600000 3.459900
      vertex 10.855000 3.602280 3.459950
      vertex 10.855000 3.600000 3.459900
    endloop
  endfacet
  facet normal 0 0 0
    outer loop
      vertex 8.455000 3.600000 3.459900
      vertex 8.455000 3.602280 3.459950
      vertex 10.855000 3.602280 3.459950
    endloop
  endfacet
  facet normal 0 0 0
    outer loop
      vertex 8.455000 3.563600 3.544180
      vertex 8.455000 3.560970 3.541150
      vertex 8.455000 3.562240 3.542680
    endloop
  endfacet
  facet normal 0 0 0
    outer loop
      vertex 8.455000 3.568200 3.548490
      vertex 8.455000 3.569910 3.549830
      vertex 8.455000 3.566580 3.547090
    endloop
  endfacet
  facet normal 0 0 0
    outer loop
      vertex 8.455000 3.566580 3.547090
      vertex 8.455000 3.569910 3.549830
      vertex 8.455000 3.565050 3.545660
    endloop
  endfacet
  facet normal 0 0 0
    outer loop
      vertex 8.455000 3.569910 3.549830
      vertex 8.455000 3.571690 3.551110
      vertex 8.455000 3.565050 3.545660
    endloop
  endfacet
  facet normal 0 0 0
    outer loop
      vertex 8.455000 3.563600 3.544180
      vertex 8.455000 3.558660 3.538030
      vertex 8.455000 3.560970 3.541150
    endloop
  endfacet
  facet normal 0 0 0
    outer loop
      vertex 8.455000 3.560970 3.541150
      vertex 8.455000 3.558660 3.538030
      vertex 8.455000 3.559770 3.539600
    endloop
  endfacet
  facet normal 0 0 0
    outer loop
      vertex 8.455000 3.563600 3.544180
      vertex 8.455000 3.554950 3.531590
      vertex 8.455000 3.558660 3.538030
    endloop
  endfacet
  facet normal 0 0 0
    outer loop
      vertex 8.455000 3.565050 3.545660
      vertex 8.455000 3.554950 3.531590
      vertex 8.455000 3.563600 3.544180
    endloop
  endfacet
  facet normal 0 0 0
    outer loop
      vertex 8.455000 3.558660 3.538030
      vertex 8.455000 3.554950 3.531590
      vertex 8.455000 3.557640 3.536460
    endloop
  endfacet
  facet normal 0 0 0
    outer loop
      vertex 8.455000 3.557640 3.536460
      vertex 8.455000 3.554950 3.531590
      vertex 8.455000 3.556690 3.534880
    endloop
  endfacet
  facet normal 0 0 0
    outer loop
      vertex 8.455000 3.556690 3.534880
      vertex 8.455000 3.554950 3.531590
      vertex 8.455000 3.555800 3.533270
    endloop
  endfacet
  facet normal 0 0 0
    outer loop
      vertex 8.455000 3.577520 3.554560
      vertex 8.455000 3.579610 3.555550
      vertex 8.455000 3.575500 3.553490
    endloop
  endfacet
  facet normal 0 0 0
    outer loop
      vertex 8.455000 3.575500 3.553490
      vertex 8.455000 3.579610 3.555550
      vertex 8.455000 3.573560 3.552340
    endloop
  endfacet
  facet normal 0 0 0
    outer loop
      vertex 8.455000 3.573560 3.552340
      vertex 8.455000 3.579610 3.555550
      vertex 8.455000 3.571690 3.551110
    endloop
  endfacet
  facet normal 0 0 0
    outer loop
      vertex 8.455000 3.579610 3.555550
      vertex 8.455000 3.581770 3.556460
      vertex 8.455000 3.571690 3.551110
    endloop
  endfacet
  facet normal 0 0 0
    outer loop
      vertex 8.455000 3.554950 3.531590
      vertex 8.455000 3.553410 3.528040
      vertex 8.455000 3.554150 3.529850
    endloop
  endfacet
  facet normal 0 0 0
    outer loop
      vertex 8.455000 3.553410 3.528040
      vertex 8.455000 3.552100 3.524230
      vertex 8.455000 3.552720 3.526160
    endloop
  endfacet
  facet normal 0 0 0
    outer loop
      vertex 8.455000 3.586250 3.557970
      vertex 8.455000 3.588560 3.558570
      vertex 8.455000 3.583980 3.557260
    endloop
  endfacet
  facet normal 0 0 0
    outer loop
      vertex 8.455000 3.551550 3.522240
      vertex 8.455000 3.550680 3.518090
      vertex 8.455000 3.551070 3.520190
    endloop
  endfacet
  facet normal 0 0 0
    outer loop
      vertex 8.455000 3.590910 3.559070
      vertex 8.455000 3.593300 3.559450
      vertex 8.455000 3.588560 3.558570
    endloop
  endfacet
  facet normal 0 0 0
    outer loop
      vertex 8.455000 3.588560 3.558570
      vertex 8.455000 3.593300 3.559450
      vertex 8.455000 3.583980 3.557260
    endloop
  endfacet
  facet normal 0 0 0
    outer loop
      vertex 8.455000 3.552100 3.524230
      vertex 8.455000 3.550370 3.515940
      vertex 8.455000 3.551550 3.522240
    endloop
  endfacet
  facet normal 0 0 0
    outer loop
      vertex 8.455000 3.551550 3.522240
      vertex 8.455000 3.550370 3.515940
      vertex 8.455000 3.550680 3.518090
    endloop
  endfacet
  facet normal 0 0 0
    outer loop
      vertex 8.455000 3.554950 3.531590
      vertex 8.455000 3.550370 3.515940
      vertex 8.455000 3.553410 3.528040
    endloop
  endfacet
  facet normal 0 0 0
    outer loop
      vertex 8.455000 3.553410 3.528040
      vertex 8.455000 3.550370 3.515940
      vertex 8.455000 3.552100 3.524230
    endloop
  endfacet
  facet normal 0 0 0
    outer loop
      vertex 8.455000 3.550370 3.515940
      vertex 8.455000 3.550030 3.511530
      vertex 8.455000 3.550150 3.513750
    endloop
  endfacet
  facet normal 0 0 0
    outer loop
      vertex 8.455000 3.600560 3.559900
      vertex 8.455000 3.602980 3.559810
      vertex 8.455000 3.598130 3.559860
    endloop
  endfacet
  facet normal 0 0 0
    outer loop
      vertex 8.455000 3.598130 3.559860
      vertex 8.455000 3.602980 3.559810
      vertex 8.455000 3.595700 3.559720
    endloop
  endfacet
  facet normal 0 0 0
    outer loop
      vertex 8.455000 3.595700 3.559720
      vertex 8.455000 3.602980 3.559810
      vertex 8.455000 3.593300 3.559450
    endloop
  endfacet
  facet normal 0 0 0
    outer loop
      vertex 8.455000 3.550000 3.509260
      vertex 8.455000 3.550270 3.504670
      vertex 8.455000 3.550090 3.506980
    endloop
  endfacet
  facet normal 0 0 0
    outer loop
      vertex 8.455000 3.550000 3.509260
      vertex 8.455000 3.550570 3.502360
      vertex 8.455000 3.550270 3.504670
    endloop
  endfacet
  facet normal 0 0 0
    outer loop
      vertex 8.455000 3.605400 3.559610
      vertex 8.455000 3.607800 3.559290
      vertex 8.455000 3.602980 3.559810
    endloop
  endfacet
  facet normal 0 0 0
    outer loop
      vertex 8.455000 3.550370 3.515940
      vertex 8.455000 3.550980 3.500040
      vertex 8.455000 3.550030 3.511530
    endloop
  endfacet
  facet normal 0 0 0
    outer loop
      vertex 8.455000 3.550030 3.511530
      vertex 8.455000 3.550980 3.500040
      vertex 8.455000 3.550000 3.509260
    endloop
  endfacet
  facet normal 0 0 0
    outer loop
      vertex 8.455000 3.550000 3.509260
      vertex 8.455000 3.550980 3.500040
      vertex 8.455000 3.550570 3.502360
    endloop
  endfacet
  facet normal 0 0 0
    outer loop
      vertex 8.455000 3.602980 3.559810
      vertex 8.455000 3.612500 3.558310
      vertex 8.455000 3.593300 3.559450
    endloop
  endfacet
  facet normal 0 0 0
    outer loop
      vertex 8.455000 3.607800 3.559290
      vertex 8.455000 3.612500 3.558310
      vertex 8.455000 3.602980 3.559810
    endloop
  endfacet
  facet normal 0 0 0
    outer loop
      vertex 8.455000 3.610170 3.558860
      vertex 8.455000 3.612500 3.558310
      vertex 8.455000 3.607800 3.559290
    endloop
  endfacet
  facet normal 0 0 0
    outer loop
      vertex 8.455000 3.550980 3.500040
      vertex 8.455000 3.552140 3.495420
      vertex 8.455000 3.551510 3.497720
    endloop
  endfacet
  facet normal 0 0 0
    outer loop
      vertex 8.455000 3.614800 3.557660
      vertex 8.455000 3.617040 3.556910
      vertex 8.455000 3.612500 3.558310
    endloop
  endfacet
  facet normal 0 0 0
    outer loop
      vertex 8.455000 3.617040 3.556910
      vertex 8.455000 3.619230 3.556060
      vertex 8.455000 3.612500 3.558310
    endloop
  endfacet
  facet normal 0 0 0
    outer loop
      vertex 8.455000 3.612500 3.558310
      vertex 8.455000 3.623410 3.554080
      vertex 8.455000 3.593300 3.559450
    endloop
  endfacet
  facet normal 0 0 0
    outer loop
      vertex 8.455000 3.619230 3.556060
      vertex 8.455000 3.623410 3.554080
      vertex 8.455000 3.612500 3.558310
    endloop
  endfacet
  facet normal 0 0 0
    outer loop
      vertex 8.455000 3.621350 3.555110
      vertex 8.455000 3.623410 3.554080
      vertex 8.455000 3.619230 3.556060
    endloop
  endfacet
  facet normal 0 0 0
    outer loop
      vertex 8.455000 3.553760 3.490880
      vertex 8.455000 3.555820 3.486490
      vertex 8.455000 3.554740 3.488660
    endloop
  endfacet
  facet normal 0 0 0
    outer loop
      vertex 8.455000 3.552140 3.495420
      vertex 8.455000 3.557010 3.484370
      vertex 8.455000 3.552900 3.493130
    endloop
  endfacet
  facet normal 0 0 0
    outer loop
      vertex 8.455000 3.552900 3.493130
      vertex 8.455000 3.557010 3.484370
      vertex 8.455000 3.553760 3.490880
    endloop
  endfacet
  facet normal 0 0 0
    outer loop
      vertex 8.455000 3.553760 3.490880
      vertex 8.455000 3.557010 3.484370
      vertex 8.455000 3.555820 3.486490
    endloop
  endfacet
  facet normal 0 0 0
    outer loop
      vertex 8.455000 3.550370 3.515940
      vertex 8.455000 3.558300 3.482310
      vertex 8.455000 3.550980 3.500040
    endloop
  endfacet
  facet normal 0 0 0
    outer loop
      vertex 8.455000 3.550980 3.500040
      vertex 8.455000 3.558300 3.482310
      vertex 8.455000 3.552140 3.495420
    endloop
  endfacet
  facet normal 0 0 0
    outer loop
      vertex 8.455000 3.552140 3.495420
      vertex 8.455000 3.558300 3.482310
      vertex 8.455000 3.557010 3.484370
    endloop
  endfacet
  facet normal 0 0 0
    outer loop
      vertex 8.455000 3.571690 3.551110
      vertex 8.455000 3.558300 3.482310
      vertex 8.455000 3.565050 3.545660
    endloop
  endfacet
  facet normal 0 0 0
    outer loop
      vertex 8.455000 3.565050 3.545660
      vertex 8.455000 3.558300 3.482310
      vertex 8.455000 3.554950 3.531590
    endloop
  endfacet
  facet normal 0 0 0
    outer loop
      vertex 8.455000 3.581770 3.556460
      vertex 8.455000 3.558300 3.482310
      vertex 8.455000 3.571690 3.551110
    endloop
  endfacet
  facet normal 0 0 0
    outer loop
      vertex 8.455000 3.554950 3.531590
      vertex 8.455000 3.558300 3.482310
      vertex 8.455000 3.550370 3.515940
    endloop
  endfacet
  facet normal 0 0 0
    outer loop
      vertex 8.455000 3.627300 3.551790
      vertex 8.455000 3.629130 3.550530
      vertex 8.455000 3.625390 3.552970
    endloop
  endfacet
  facet normal 0 0 0
    outer loop
      vertex 8.455000 3.625390 3.552970
      vertex 8.455000 3.629130 3.550530
      vertex 8.455000 3.623410 3.554080
    endloop
  endfacet
  facet normal 0 0 0
    outer loop
      vertex 8.455000 3.630880 3.549220
      vertex 8.455000 3.632550 3.547860
      vertex 8.455000 3.629130 3.550530
    endloop
  endfacet
  facet normal 0 0 0
    outer loop
      vertex 8.455000 3.629130 3.550530
      vertex 8.455000 3.632550 3.547860
      vertex 8.455000 3.623410 3.554080
    endloop
  endfacet
  facet normal 0 0 0
    outer loop
      vertex 8.455000 3.559690 3.480320
      vertex 8.455000 3.562730 3.476570
      vertex 8.455000 3.561160 3.478410
    endloop
  endfacet
  facet normal 0 0 0
    outer loop
      vertex 8.455000 3.558300 3.482310
      vertex 8.455000 3.566080 3.473170
      vertex 8.455000 3.559690 3.480320
    endloop
  endfacet
  facet normal 0 0 0
    outer loop
      vertex 8.455000 3.562730 3.476570
      vertex 8.455000 3.566080 3.473170
      vertex 8.455000 3.564370 3.474820
    endloop
  endfacet
  facet normal 0 0 0
    outer loop
      vertex 8.455000 3.559690 3.480320
      vertex 8.455000 3.566080 3.473170
      vertex 8.455000 3.562730 3.476570
    endloop
  endfacet
  facet normal 0 0 0
    outer loop
      vertex 8.455000 3.581770 3.556460
      vertex 8.455000 3.566080 3.473170
      vertex 8.455000 3.558300 3.482310
    endloop
  endfacet
  facet normal 0 0 0
    outer loop
      vertex 8.455000 3.583980 3.557260
      vertex 8.455000 3.566080 3.473170
      vertex 8.455000 3.581770 3.556460
    endloop
  endfacet
  facet normal 0 0 0
    outer loop
      vertex 8.455000 3.635620 3.544990
      vertex 8.455000 3.637030 3.543500
      vertex 8.455000 3.634130 3.546440
    endloop
  endfacet
  facet normal 0 0 0
    outer loop
      vertex 8.455000 3.634130 3.546440
      vertex 8.455000 3.638350 3.541980
      vertex 8.455000 3.632550 3.547860
    endloop
  endfacet
  facet normal 0 0 0
    outer loop
      vertex 8.455000 3.637030 3.543500
      vertex 8.455000 3.638350 3.541980
      vertex 8.455000 3.634130 3.546440
    endloop
  endfacet
  facet normal 0 0 0
    outer loop
      vertex 8.455000 3.639590 3.540440
      vertex 8.455000 3.640740 3.538880
      vertex 8.455000 3.638350 3.541980
    endloop
  endfacet
  facet normal 0 0 0
    outer loop
      vertex 8.455000 3.566080 3.473170
      vertex 8.455000 3.571570 3.468770
      vertex 8.455000 3.567850 3.471600
    endloop
  endfacet
  facet normal 0 0 0
    outer loop
      vertex 8.455000 3.567850 3.471600
      vertex 8.455000 3.571570 3.468770
      vertex 8.455000 3.569690 3.470140
    endloop
  endfacet
  facet normal 0 0 0
    outer loop
      vertex 8.455000 3.571570 3.468770
      vertex 8.455000 3.575450 3.466340
      vertex 8.455000 3.573490 3.467510
    endloop
  endfacet
  facet normal 0 0 0
    outer loop
      vertex 8.455000 3.583980 3.557260
      vertex 8.455000 3.575450 3.466340
      vertex 8.455000 3.566080 3.473170
    endloop
  endfacet
  facet normal 0 0 0
    outer loop
      vertex 8.455000 3.566080 3.473170
      vertex 8.455000 3.575450 3.466340
      vertex 8.455000 3.571570 3.468770
    endloop
  endfacet
  facet normal 0 0 0
    outer loop
      vertex 8.455000 3.642810 3.535740
      vertex 8.455000 3.643720 3.534150
      vertex 8.455000 3.641820 3.537310
    endloop
  endfacet
  facet normal 0 0 0
    outer loop
      vertex 8.455000 3.641820 3.537310
      vertex 8.455000 3.643720 3.534150
      vertex 8.455000 3.640740 3.538880
    endloop
  endfacet
  facet normal 0 0 0
    outer loop
      vertex 8.455000 3.644600 3.532510
      vertex 8.455000 3.645420 3.530800
      vertex 8.455000 3.643720 3.534150
    endloop
  endfacet
  facet normal 0 0 0
    outer loop
      vertex 8.455000 3.632550 3.547860
      vertex 8.455000 3.645420 3.530800
      vertex 8.455000 3.623410 3.554080
    endloop
  endfacet
  facet normal 0 0 0
    outer loop
      vertex 8.455000 3.643720 3.534150
      vertex 8.455000 3.645420 3.530800
      vertex 8.455000 3.640740 3.538880
    endloop
  endfacet
  facet normal 0 0 0
    outer loop
      vertex 8.455000 3.638350 3.541980
      vertex 8.455000 3.645420 3.530800
      vertex 8.455000 3.632550 3.547860
    endloop
  endfacet
  facet normal 0 0 0
    outer loop
      vertex 8.455000 3.640740 3.538880
      vertex 8.455000 3.645420 3.530800
      vertex 8.455000 3.638350 3.541980
    endloop
  endfacet
  facet normal 0 0 0
    outer loop
      vertex 8.455000 3.583980 3.557260
      vertex 8.455000 3.581440 3.463470
      vertex 8.455000 3.575450 3.466340
    endloop
  endfacet
  facet normal 0 0 0
    outer loop
      vertex 8.455000 3.575450 3.466340
      vertex 8.455000 3.581440 3.463470
      vertex 8.455000 3.577430 3.465290
    endloop
  endfacet
  facet normal 0 0 0
    outer loop
      vertex 8.455000 3.577430 3.465290
      vertex 8.455000 3.581440 3.463470
      vertex 8.455000 3.579430 3.464330
    endloop
  endfacet
  facet normal 0 0 0
    outer loop
      vertex 8.455000 3.646200 3.529030
      vertex 8.455000 3.646920 3.527190
      vertex 8.455000 3.645420 3.530800
    endloop
  endfacet
  facet normal 0 0 0
    outer loop
      vertex 8.455000 3.646920 3.527190
      vertex 8.455000 3.648160 3.523330
      vertex 8.455000 3.645420 3.530800
    endloop
  endfacet
  facet normal 0 0 0
    outer loop
      vertex 8.455000 3.647570 3.525290
      vertex 8.455000 3.648160 3.523330
      vertex 8.455000 3.646920 3.527190
    endloop
  endfacet
  facet normal 0 0 0
    outer loop
      vertex 8.455000 3.583980 3.557260
      vertex 8.455000 3.587470 3.461490
      vertex 8.455000 3.581440 3.463470
    endloop
  endfacet
  facet normal 0 0 0
    outer loop
      vertex 8.455000 3.581440 3.463470
      vertex 8.455000 3.587470 3.461490
      vertex 8.455000 3.583450 3.462720
    endloop
  endfacet
  facet normal 0 0 0
    outer loop
      vertex 8.455000 3.583450 3.462720
      vertex 8.455000 3.587470 3.461490
      vertex 8.455000 3.585470 3.462060
    endloop
  endfacet
  facet normal 0 0 0
    outer loop
      vertex 8.455000 3.648160 3.523330
      vertex 8.455000 3.649120 3.519240
      vertex 8.455000 3.645420 3.530800
    endloop
  endfacet
  facet normal 0 0 0
    outer loop
      vertex 8.455000 3.648680 3.521310
      vertex 8.455000 3.649120 3.519240
      vertex 8.455000 3.648160 3.523330
    endloop
  endfacet
  facet normal 0 0 0
    outer loop
      vertex 8.455000 3.587470 3.461490
      vertex 8.455000 3.591440 3.460640
      vertex 8.455000 3.589470 3.461020
    endloop
  endfacet
  facet normal 0 0 0
    outer loop
      vertex 8.455000 3.649920 3.512740
      vertex 8.455000 3.650000 3.510500
      vertex 8.455000 3.649740 3.514950
    endloop
  endfacet
  facet normal 0 0 0
    outer loop
      vertex 8.455000 3.649740 3.514950
      vertex 8.455000 3.650000 3.510500
      vertex 8.455000 3.649480 3.517120
    endloop
  endfacet
  facet normal 0 0 0
    outer loop
      vertex 8.455000 3.649480 3.517120
      vertex 8.455000 3.650000 3.510500
      vertex 8.455000 3.649120 3.519240
    endloop
  endfacet
  facet normal 0 0 0
    outer loop
      vertex 8.455000 3.597210 3.459980
      vertex 8.455000 3.600000 3.459900
      vertex 8.455000 3.598620 3.459920
    endloop
  endfacet
  facet normal 0 0 0
    outer loop
      vertex 8.455000 3.593300 3.559450
      vertex 8.455000 3.602280 3.459950
      vertex 8.455000 3.583980 3.557260
    endloop
  endfacet
  facet normal 0 0 0
    outer loop
      vertex 8.455000 3.583980 3.557260
      vertex 8.455000 3.602280 3.459950
      vertex 8.455000 3.587470 3.461490
    endloop
  endfacet
  facet normal 0 0 0
    outer loop
      vertex 8.455000 3.591440 3.460640
      vertex 8.455000 3.602280 3.459950
      vertex 8.455000 3.593390 3.460340
    endloop
  endfacet
  facet normal 0 0 0
    outer loop
      vertex 8.455000 3.593390 3.460340
      vertex 8.455000 3.602280 3.459950
      vertex 8.455000 3.595320 3.460120
    endloop
  endfacet
  facet normal 0 0 0
    outer loop
      vertex 8.455000 3.595320 3.460120
      vertex 8.455000 3.602280 3.459950
      vertex 8.455000 3.597210 3.459980
    endloop
  endfacet
  facet normal 0 0 0
    outer loop
      vertex 8.455000 3.587470 3.461490
      vertex 8.455000 3.602280 3.459950
      vertex 8.455000 3.591440 3.460640
    endloop
  endfacet
  facet normal 0 0 0
    outer loop
      vertex 8.455000 3.597210 3.459980
      vertex 8.455000 3.602280 3.459950
      vertex 8.455000 3.600000 3.459900
    endloop
  endfacet
  facet normal 0 0 0
    outer loop
      vertex 8.455000 3.623410 3.554080
      vertex 8.455000 3.604610 3.460110
      vertex 8.455000 3.593300 3.559450
    endloop
  endfacet
  facet normal 0 0 0
    outer loop
      vertex 8.455000 3.593300 3.559450
      vertex 8.455000 3.604610 3.460110
      vertex 8.455000 3.602280 3.459950
    endloop
  endfacet
  facet normal 0 0 0
    outer loop
      vertex 8.455000 3.649840 3.505930
      vertex 8.455000 3.649600 3.503620
      vertex 8.455000 3.649970 3.508220
    endloop
  endfacet
  facet normal 0 0 0
    outer loop
      vertex 8.455000 3.649970 3.508220
      vertex 8.455000 3.649600 3.503620
      vertex 8.455000 3.650000 3.510500
    endloop
  endfacet
  facet normal 0 0 0
    outer loop
      vertex 8.455000 3.650000 3.510500
      vertex 8.455000 3.649600 3.503620
      vertex 8.455000 3.649120 3.519240
    endloop
  endfacet
  facet normal 0 0 0
    outer loop
      vertex 8.455000 3.604610 3.460110
      vertex 8.455000 3.609410 3.460790
      vertex 8.455000 3.606990 3.460390
    endloop
  endfacet
  facet normal 0 0 0
    outer loop
      vertex 8.455000 3.604610 3.460110
      vertex 8.455000 3.611610 3.461270
      vertex 8.455000 3.609410 3.460790
    endloop
  endfacet
  facet normal 0 0 0
    outer loop
      vertex 8.455000 3.623410 3.554080
      vertex 8.455000 3.611610 3.461270
      vertex 8.455000 3.604610 3.460110
    endloop
  endfacet
  facet normal 0 0 0
    outer loop
      vertex 8.455000 3.648790 3.498980
      vertex 8.455000 3.648220 3.496660
      vertex 8.455000 3.649250 3.501300
    endloop
  endfacet
  facet normal 0 0 0
    outer loop
      vertex 8.455000 3.649250 3.501300
      vertex 8.455000 3.648220 3.496660
      vertex 8.455000 3.649600 3.503620
    endloop
  endfacet
  facet normal 0 0 0
    outer loop
      vertex 8.455000 3.611610 3.461270
      vertex 8.455000 3.615630 3.462400
      vertex 8.455000 3.613610 3.461790
    endloop
  endfacet
  facet normal 0 0 0
    outer loop
      vertex 8.455000 3.623410 3.554080
      vertex 8.455000 3.617640 3.463120
      vertex 8.455000 3.611610 3.461270
    endloop
  endfacet
  facet normal 0 0 0
    outer loop
      vertex 8.455000 3.611610 3.461270
      vertex 8.455000 3.617640 3.463120
      vertex 8.455000 3.615630 3.462400
    endloop
  endfacet
  facet normal 0 0 0
    outer loop
      vertex 8.455000 3.647530 3.494370
      vertex 8.455000 3.646720 3.492100
      vertex 8.455000 3.648220 3.496660
    endloop
  endfacet
  facet normal 0 0 0
    outer loop
      vertex 8.455000 3.645810 3.489860
      vertex 8.455000 3.644780 3.487660
      vertex 8.455000 3.646720 3.492100
    endloop
  endfacet
  facet normal 0 0 0
    outer loop
      vertex 8.455000 3.646720 3.492100
      vertex 8.455000 3.644780 3.487660
      vertex 8.455000 3.648220 3.496660
    endloop
  endfacet
  facet normal 0 0 0
    outer loop
      vertex 8.455000 3.621660 3.464840
      vertex 8.455000 3.625620 3.466960
      vertex 8.455000 3.623650 3.465850
    endloop
  endfacet
  facet normal 0 0 0
    outer loop
      vertex 8.455000 3.643650 3.485510
      vertex 8.455000 3.642410 3.483420
      vertex 8.455000 3.644780 3.487660
    endloop
  endfacet
  facet normal 0 0 0
    outer loop
      vertex 8.455000 3.649120 3.519240
      vertex 8.455000 3.642410 3.483420
      vertex 8.455000 3.645420 3.530800
    endloop
  endfacet
  facet normal 0 0 0
    outer loop
      vertex 8.455000 3.649600 3.503620
      vertex 8.455000 3.642410 3.483420
      vertex 8.455000 3.649120 3.519240
    endloop
  endfacet
  facet normal 0 0 0
    outer loop
      vertex 8.455000 3.648220 3.496660
      vertex 8.455000 3.642410 3.483420
      vertex 8.455000 3.649600 3.503620
    endloop
  endfacet
  facet normal 0 0 0
    outer loop
      vertex 8.455000 3.645420 3.530800
      vertex 8.455000 3.642410 3.483420
      vertex 8.455000 3.623410 3.554080
    endloop
  endfacet
  facet normal 0 0 0
    outer loop
      vertex 8.455000 3.644780 3.487660
      vertex 8.455000 3.642410 3.483420
      vertex 8.455000 3.648220 3.496660
    endloop
  endfacet
  facet normal 0 0 0
    outer loop
      vertex 8.455000 3.621660 3.464840
      vertex 8.455000 3.627560 3.468180
      vertex 8.455000 3.625620 3.466960
    endloop
  endfacet
  facet normal 0 0 0
    outer loop
      vertex 8.455000 3.617640 3.463120
      vertex 8.455000 3.629460 3.469500
      vertex 8.455000 3.619660 3.463930
    endloop
  endfacet
  facet normal 0 0 0
    outer loop
      vertex 8.455000 3.619660 3.463930
      vertex 8.455000 3.629460 3.469500
      vertex 8.455000 3.621660 3.464840
    endloop
  endfacet
  facet normal 0 0 0
    outer loop
      vertex 8.455000 3.621660 3.464840
      vertex 8.455000 3.629460 3.469500
      vertex 8.455000 3.627560 3.468180
    endloop
  endfacet
  facet normal 0 0 0
    outer loop
      vertex 8.455000 3.639650 3.479440
      vertex 8.455000 3.638130 3.477560
      vertex 8.455000 3.641080 3.481390
    endloop
  endfacet
  facet normal 0 0 0
    outer loop
      vertex 8.455000 3.642410 3.483420
      vertex 8.455000 3.633120 3.472440
      vertex 8.455000 3.623410 3.554080
    endloop
  endfacet
  facet normal 0 0 0
    outer loop
      vertex 8.455000 3.617640 3.463120
      vertex 8.455000 3.633120 3.472440
      vertex 8.455000 3.629460 3.469500
    endloop
  endfacet
  facet normal 0 0 0
    outer loop
      vertex 8.455000 3.629460 3.469500
      vertex 8.455000 3.633120 3.472440
      vertex 8.455000 3.631310 3.470920
    endloop
  endfacet
  facet normal 0 0 0
    outer loop
      vertex 8.455000 3.623410 3.554080
      vertex 8.455000 3.633120 3.472440
      vertex 8.455000 3.617640 3.463120
    endloop
  endfacet
  facet normal 0 0 0
    outer loop
      vertex 8.455000 3.638130 3.477560
      vertex 8.455000 3.636530 3.475760
      vertex 8.455000 3.641080 3.481390
    endloop
  endfacet
  facet normal 0 0 0
    outer loop
      vertex 8.455000 3.642410 3.483420
      vertex 8.455000 3.634860 3.474060
      vertex 8.455000 3.633120 3.472440
    endloop
  endfacet
  facet normal 0 0 0
    outer loop
      vertex 8.455000 3.641080 3.481390
      vertex 8.455000 3.634860 3.474060
      vertex 8.455000 3.642410 3.483420
    endloop
  endfacet
  facet normal 0 0 0
    outer loop
      vertex 8.455000 3.636530 3.475760
      vertex 8.455000 3.634860 3.474060
      vertex 8.455000 3.641080 3.481390
    endloop
  endfacet
  facet normal 0 0 0
    outer loop
      vertex 10.855000 3.562240 3.542680
      vertex 10.855000 3.565050 3.545660
      vertex 10.855000 3.563600 3.544180
    endloop
  endfacet
  facet normal 0 0 0
    outer loop
      vertex 10.855000 3.568200 3.548490
      vertex 10.855000 3.566580 3.547090
      vertex 10.855000 3.565050 3.545660
    endloop
  endfacet
  facet normal 0 0 0
    outer loop
      vertex 10.855000 3.559770 3.539600
      vertex 10.855000 3.565050 3.545660
      vertex 10.855000 3.562240 3.542680
    endloop
  endfacet
  facet normal 0 0 0
    outer loop
      vertex 10.855000 3.559770 3.539600
      vertex 10.855000 3.568200 3.548490
      vertex 10.855000 3.565050 3.545660
    endloop
  endfacet
  facet normal 0 0 0
    outer loop
      vertex 10.855000 3.559770 3.539600
      vertex 10.855000 3.562240 3.542680
      vertex 10.855000 3.560970 3.541150
    endloop
  endfacet
  facet normal 0 0 0
    outer loop
      vertex 10.855000 3.557640 3.536460
      vertex 10.855000 3.559770 3.539600
      vertex 10.855000 3.558660 3.538030
    endloop
  endfacet
  facet normal 0 0 0
    outer loop
      vertex 10.855000 3.573560 3.552340
      vertex 10.855000 3.571690 3.551110
      vertex 10.855000 3.569910 3.549830
    endloop
  endfacet
  facet normal 0 0 0
    outer loop
      vertex 10.855000 3.577520 3.554560
      vertex 10.855000 3.573560 3.552340
      vertex 10.855000 3.569910 3.549830
    endloop
  endfacet
  facet normal 0 0 0
    outer loop
      vertex 10.855000 3.577520 3.554560
      vertex 10.855000 3.575500 3.553490
      vertex 10.855000 3.573560 3.552340
    endloop
  endfacet
  facet normal 0 0 0
    outer loop
      vertex 10.855000 3.554950 3.531590
      vertex 10.855000 3.559770 3.539600
      vertex 10.855000 3.557640 3.536460
    endloop
  endfacet
  facet normal 0 0 0
    outer loop
      vertex 10.855000 3.554950 3.531590
      vertex 10.855000 3.557640 3.536460
      vertex 10.855000 3.556690 3.534880
    endloop
  endfacet
  facet normal 0 0 0
    outer loop
      vertex 10.855000 3.554950 3.531590
      vertex 10.855000 3.556690 3.534880
      vertex 10.855000 3.555800 3.533270
    endloop
  endfacet
  facet normal 0 0 0
    outer loop
      vertex 10.855000 3.552720 3.526160
      vertex 10.855000 3.559770 3.539600
      vertex 10.855000 3.554950 3.531590
    endloop
  endfacet
  facet normal 0 0 0
    outer loop
      vertex 10.855000 3.552720 3.526160
      vertex 10.855000 3.554950 3.531590
      vertex 10.855000 3.554150 3.529850
    endloop
  endfacet
  facet normal 0 0 0
    outer loop
      vertex 10.855000 3.552720 3.526160
      vertex 10.855000 3.554150 3.529850
      vertex 10.855000 3.553410 3.528040
    endloop
  endfacet
  facet normal 0 0 0
    outer loop
      vertex 10.855000 3.583980 3.557260
      vertex 10.855000 3.581770 3.556460
      vertex 10.855000 3.579610 3.555550
    endloop
  endfacet
  facet normal 0 0 0
    outer loop
      vertex 10.855000 3.583980 3.557260
      vertex 10.855000 3.579610 3.555550
      vertex 10.855000 3.577520 3.554560
    endloop
  endfacet
  facet normal 0 0 0
    outer loop
      vertex 10.855000 3.551550 3.522240
      vertex 10.855000 3.559770 3.539600
      vertex 10.855000 3.552720 3.526160
    endloop
  endfacet
  facet normal 0 0 0
    outer loop
      vertex 10.855000 3.551550 3.522240
      vertex 10.855000 3.552720 3.526160
      vertex 10.855000 3.552100 3.524230
    endloop
  endfacet
  facet normal 0 0 0
    outer loop
      vertex 10.855000 3.588560 3.558570
      vertex 10.855000 3.586250 3.557970
      vertex 10.855000 3.583980 3.557260
    endloop
  endfacet
  facet normal 0 0 0
    outer loop
      vertex 10.855000 3.588560 3.558570
      vertex 10.855000 3.583980 3.557260
      vertex 10.855000 3.577520 3.554560
    endloop
  endfacet
  facet normal 0 0 0
    outer loop
      vertex 10.855000 3.550680 3.518090
      vertex 10.855000 3.551550 3.522240
      vertex 10.855000 3.551070 3.520190
    endloop
  endfacet
  facet normal 0 0 0
    outer loop
      vertex 10.855000 3.550370 3.515940
      vertex 10.855000 3.551550 3.522240
      vertex 10.855000 3.550680 3.518090
    endloop
  endfacet
  facet normal 0 0 0
    outer loop
      vertex 10.855000 3.550150 3.513750
      vertex 10.855000 3.551550 3.522240
      vertex 10.855000 3.550370 3.515940
    endloop
  endfacet
  facet normal 0 0 0
    outer loop
      vertex 10.855000 3.550150 3.513750
      vertex 10.855000 3.568200 3.548490
      vertex 10.855000 3.559770 3.539600
    endloop
  endfacet
  facet normal 0 0 0
    outer loop
      vertex 10.855000 3.550150 3.513750
      vertex 10.855000 3.569910 3.549830
      vertex 10.855000 3.568200 3.548490
    endloop
  endfacet
  facet normal 0 0 0
    outer loop
      vertex 10.855000 3.550150 3.513750
      vertex 10.855000 3.559770 3.539600
      vertex 10.855000 3.551550 3.522240
    endloop
  endfacet
  facet normal 0 0 0
    outer loop
      vertex 10.855000 3.598130 3.559860
      vertex 10.855000 3.595700 3.559720
      vertex 10.855000 3.593300 3.559450
    endloop
  endfacet
  facet normal 0 0 0
    outer loop
      vertex 10.855000 3.598130 3.559860
      vertex 10.855000 3.593300 3.559450
      vertex 10.855000 3.590910 3.559070
    endloop
  endfacet
  facet normal 0 0 0
    outer loop
      vertex 10.855000 3.550090 3.506980
      vertex 10.855000 3.550030 3.511530
      vertex 10.855000 3.550000 3.509260
    endloop
  endfacet
  facet normal 0 0 0
    outer loop
      vertex 10.855000 3.602980 3.559810
      vertex 10.855000 3.600560 3.559900
      vertex 10.855000 3.598130 3.559860
    endloop
  endfacet
  facet normal 0 0 0
    outer loop
      vertex 10.855000 3.550570 3.502360
      vertex 10.855000 3.550150 3.513750
      vertex 10.855000 3.550030 3.511530
    endloop
  endfacet
  facet normal 0 0 0
    outer loop
      vertex 10.855000 3.550570 3.502360
      vertex 10.855000 3.550090 3.506980
      vertex 10.855000 3.550270 3.504670
    endloop
  endfacet
  facet normal 0 0 0
    outer loop
      vertex 10.855000 3.550570 3.502360
      vertex 10.855000 3.569910 3.549830
      vertex 10.855000 3.550150 3.513750
    endloop
  endfacet
  facet normal 0 0 0
    outer loop
      vertex 10.855000 3.550570 3.502360
      vertex 10.855000 3.577520 3.554560
      vertex 10.855000 3.569910 3.549830
    endloop
  endfacet
  facet normal 0 0 0
    outer loop
      vertex 10.855000 3.550570 3.502360
      vertex 10.855000 3.588560 3.558570
      vertex 10.855000 3.577520 3.554560
    endloop
  endfacet
  facet normal 0 0 0
    outer loop
      vertex 10.855000 3.550570 3.502360
      vertex 10.855000 3.550030 3.511530
      vertex 10.855000 3.550090 3.506980
    endloop
  endfacet
  facet normal 0 0 0
    outer loop
      vertex 10.855000 3.607800 3.559290
      vertex 10.855000 3.605400 3.559610
      vertex 10.855000 3.602980 3.559810
    endloop
  endfacet
  facet normal 0 0 0
    outer loop
      vertex 10.855000 3.551510 3.497720
      vertex 10.855000 3.550570 3.502360
      vertex 10.855000 3.550980 3.500040
    endloop
  endfacet
  facet normal 0 0 0
    outer loop
      vertex 10.855000 3.612500 3.558310
      vertex 10.855000 3.602980 3.559810
      vertex 10.855000 3.598130 3.559860
    endloop
  endfacet
  facet normal 0 0 0
    outer loop
      vertex 10.855000 3.612500 3.558310
      vertex 10.855000 3.598130 3.559860
      vertex 10.855000 3.590910 3.559070
    endloop
  endfacet
  facet normal 0 0 0
    outer loop
      vertex 10.855000 3.612500 3.558310
      vertex 10.855000 3.607800 3.559290
      vertex 10.855000 3.602980 3.559810
    endloop
  endfacet
  facet normal 0 0 0
    outer loop
      vertex 10.855000 3.612500 3.558310
      vertex 10.855000 3.610170 3.558860
      vertex 10.855000 3.607800 3.559290
    endloop
  endfacet
  facet normal 0 0 0
    outer loop
      vertex 10.855000 3.612500 3.558310
      vertex 10.855000 3.590910 3.559070
      vertex 10.855000 3.588560 3.558570
    endloop
  endfacet
  facet normal 0 0 0
    outer loop
      vertex 10.855000 3.552900 3.493130
      vertex 10.855000 3.551510 3.497720
      vertex 10.855000 3.552140 3.495420
    endloop
  endfacet
  facet normal 0 0 0
    outer loop
      vertex 10.855000 3.617040 3.556910
      vertex 10.855000 3.614800 3.557660
      vertex 10.855000 3.612500 3.558310
    endloop
  endfacet
  facet normal 0 0 0
    outer loop
      vertex 10.855000 3.553760 3.490880
      vertex 10.855000 3.588560 3.558570
      vertex 10.855000 3.550570 3.502360
    endloop
  endfacet
  facet normal 0 0 0
    outer loop
      vertex 10.855000 3.553760 3.490880
      vertex 10.855000 3.550570 3.502360
      vertex 10.855000 3.551510 3.497720
    endloop
  endfacet
  facet normal 0 0 0
    outer loop
      vertex 10.855000 3.553760 3.490880
      vertex 10.855000 3.612500 3.558310
      vertex 10.855000 3.588560 3.558570
    endloop
  endfacet
  facet normal 0 0 0
    outer loop
      vertex 10.855000 3.553760 3.490880
      vertex 10.855000 3.551510 3.497720
      vertex 10.855000 3.552900 3.493130
    endloop
  endfacet
  facet normal 0 0 0
    outer loop
      vertex 10.855000 3.623410 3.554080
      vertex 10.855000 3.621350 3.555110
      vertex 10.855000 3.619230 3.556060
    endloop
  endfacet
  facet normal 0 0 0
    outer loop
      vertex 10.855000 3.623410 3.554080
      vertex 10.855000 3.619230 3.556060
      vertex 10.855000 3.617040 3.556910
    endloop
  endfacet
  facet normal 0 0 0
    outer loop
      vertex 10.855000 3.625390 3.552970
      vertex 10.855000 3.553760 3.490880
      vertex 10.855000 3.554740 3.488660
    endloop
  endfacet
  facet normal 0 0 0
    outer loop
      vertex 10.855000 3.625390 3.552970
      vertex 10.855000 3.612500 3.558310
      vertex 10.855000 3.553760 3.490880
    endloop
  endfacet
  facet normal 0 0 0
    outer loop
      vertex 10.855000 3.625390 3.552970
      vertex 10.855000 3.617040 3.556910
      vertex 10.855000 3.612500 3.558310
    endloop
  endfacet
  facet normal 0 0 0
    outer loop
      vertex 10.855000 3.625390 3.552970
      vertex 10.855000 3.623410 3.554080
      vertex 10.855000 3.617040 3.556910
    endloop
  endfacet
  facet normal 0 0 0
    outer loop
      vertex 10.855000 3.557010 3.484370
      vertex 10.855000 3.554740 3.488660
      vertex 10.855000 3.555820 3.486490
    endloop
  endfacet
  facet normal 0 0 0
    outer loop
      vertex 10.855000 3.558300 3.482310
      vertex 10.855000 3.554740 3.488660
      vertex 10.855000 3.557010 3.484370
    endloop
  endfacet
  facet normal 0 0 0
    outer loop
      vertex 10.855000 3.629130 3.550530
      vertex 10.855000 3.627300 3.551790
      vertex 10.855000 3.625390 3.552970
    endloop
  endfacet
  facet normal 0 0 0
    outer loop
      vertex 10.855000 3.559690 3.480320
      vertex 10.855000 3.625390 3.552970
      vertex 10.855000 3.554740 3.488660
    endloop
  endfacet
  facet normal 0 0 0
    outer loop
      vertex 10.855000 3.559690 3.480320
      vertex 10.855000 3.554740 3.488660
      vertex 10.855000 3.558300 3.482310
    endloop
  endfacet
  facet normal 0 0 0
    outer loop
      vertex 10.855000 3.632550 3.547860
      vertex 10.855000 3.630880 3.549220
      vertex 10.855000 3.629130 3.550530
    endloop
  endfacet
  facet normal 0 0 0
    outer loop
      vertex 10.855000 3.562730 3.476570
      vertex 10.855000 3.559690 3.480320
      vertex 10.855000 3.561160 3.478410
    endloop
  endfacet
  facet normal 0 0 0
    outer loop
      vertex 10.855000 3.637030 3.543500
      vertex 10.855000 3.635620 3.544990
      vertex 10.855000 3.634130 3.546440
    endloop
  endfacet
  facet normal 0 0 0
    outer loop
      vertex 10.855000 3.567850 3.471600
      vertex 10.855000 3.562730 3.476570
      vertex 10.855000 3.564370 3.474820
    endloop
  endfacet
  facet normal 0 0 0
    outer loop
      vertex 10.855000 3.567850 3.471600
      vertex 10.855000 3.564370 3.474820
      vertex 10.855000 3.566080 3.473170
    endloop
  endfacet
  facet normal 0 0 0
    outer loop
      vertex 10.855000 3.567850 3.471600
      vertex 10.855000 3.559690 3.480320
      vertex 10.855000 3.562730 3.476570
    endloop
  endfacet
  facet normal 0 0 0
    outer loop
      vertex 10.855000 3.638350 3.541980
      vertex 10.855000 3.634130 3.546440
      vertex 10.855000 3.632550 3.547860
    endloop
  endfacet
  facet normal 0 0 0
    outer loop
      vertex 10.855000 3.638350 3.541980
      vertex 10.855000 3.632550 3.547860
      vertex 10.855000 3.629130 3.550530
    endloop
  endfacet
  facet normal 0 0 0
    outer loop
      vertex 10.855000 3.638350 3.541980
      vertex 10.855000 3.637030 3.543500
      vertex 10.855000 3.634130 3.546440
    endloop
  endfacet
  facet normal 0 0 0
    outer loop
      vertex 10.855000 3.639590 3.540440
      vertex 10.855000 3.638350 3.541980
      vertex 10.855000 3.629130 3.550530
    endloop
  endfacet
  facet normal 0 0 0
    outer loop
      vertex 10.855000 3.642810 3.535740
      vertex 10.855000 3.641820 3.537310
      vertex 10.855000 3.640740 3.538880
    endloop
  endfacet
  facet normal 0 0 0
    outer loop
      vertex 10.855000 3.642810 3.535740
      vertex 10.855000 3.640740 3.538880
      vertex 10.855000 3.639590 3.540440
    endloop
  endfacet
  facet normal 0 0 0
    outer loop
      vertex 10.855000 3.642810 3.535740
      vertex 10.855000 3.639590 3.540440
      vertex 10.855000 3.629130 3.550530
    endloop
  endfacet
  facet normal 0 0 0
    outer loop
      vertex 10.855000 3.575450 3.466340
      vertex 10.855000 3.567850 3.471600
      vertex 10.855000 3.569690 3.470140
    endloop
  endfacet
  facet normal 0 0 0
    outer loop
      vertex 10.855000 3.575450 3.466340
      vertex 10.855000 3.569690 3.470140
      vertex 10.855000 3.571570 3.468770
    endloop
  endfacet
  facet normal 0 0 0
    outer loop
      vertex 10.855000 3.575450 3.466340
      vertex 10.855000 3.571570 3.468770
      vertex 10.855000 3.573490 3.467510
    endloop
  endfacet
  facet normal 0 0 0
    outer loop
      vertex 10.855000 3.575450 3.466340
      vertex 10.855000 3.559690 3.480320
      vertex 10.855000 3.567850 3.471600
    endloop
  endfacet
  facet normal 0 0 0
    outer loop
      vertex 10.855000 3.643720 3.534150
      vertex 10.855000 3.642810 3.535740
      vertex 10.855000 3.629130 3.550530
    endloop
  endfacet
  facet normal 0 0 0
    outer loop
      vertex 10.855000 3.644600 3.532510
      vertex 10.855000 3.643720 3.534150
      vertex 10.855000 3.629130 3.550530
    endloop
  endfacet
  facet normal 0 0 0
    outer loop
      vertex 10.855000 3.581440 3.463470
      vertex 10.855000 3.575450 3.466340
      vertex 10.855000 3.577430 3.465290
    endloop
  endfacet
  facet normal 0 0 0
    outer loop
      vertex 10.855000 3.581440 3.463470
      vertex 10.855000 3.577430 3.465290
      vertex 10.855000 3.579430 3.464330
    endloop
  endfacet
  facet normal 0 0 0
    outer loop
      vertex 10.855000 3.647570 3.525290
      vertex 10.855000 3.646920 3.527190
      vertex 10.855000 3.646200 3.529030
    endloop
  endfacet
  facet normal 0 0 0
    outer loop
      vertex 10.855000 3.647570 3.525290
      vertex 10.855000 3.646200 3.529030
      vertex 10.855000 3.645420 3.530800
    endloop
  endfacet
  facet normal 0 0 0
    outer loop
      vertex 10.855000 3.585470 3.462060
      vertex 10.855000 3.581440 3.463470
      vertex 10.855000 3.583450 3.462720
    endloop
  endfacet
  facet normal 0 0 0
    outer loop
      vertex 10.855000 3.587470 3.461490
      vertex 10.855000 3.581440 3.463470
      vertex 10.855000 3.585470 3.462060
    endloop
  endfacet
  facet normal 0 0 0
    outer loop
      vertex 10.855000 3.649120 3.519240
      vertex 10.855000 3.647570 3.525290
      vertex 10.855000 3.645420 3.530800
    endloop
  endfacet
  facet normal 0 0 0
    outer loop
      vertex 10.855000 3.649120 3.519240
      vertex 10.855000 3.648680 3.521310
      vertex 10.855000 3.648160 3.523330
    endloop
  endfacet
  facet normal 0 0 0
    outer loop
      vertex 10.855000 3.649120 3.519240
      vertex 10.855000 3.648160 3.523330
      vertex 10.855000 3.647570 3.525290
    endloop
  endfacet
  facet normal 0 0 0
    outer loop
      vertex 10.855000 3.591440 3.460640
      vertex 10.855000 3.587470 3.461490
      vertex 10.855000 3.589470 3.461020
    endloop
  endfacet
  facet normal 0 0 0
    outer loop
      vertex 10.855000 3.649740 3.514950
      vertex 10.855000 3.649120 3.519240
      vertex 10.855000 3.645420 3.530800
    endloop
  endfacet
  facet normal 0 0 0
    outer loop
      vertex 10.855000 3.649740 3.514950
      vertex 10.855000 3.649480 3.517120
      vertex 10.855000 3.649120 3.519240
    endloop
  endfacet
  facet normal 0 0 0
    outer loop
      vertex 10.855000 3.595320 3.460120
      vertex 10.855000 3.591440 3.460640
      vertex 10.855000 3.593390 3.460340
    endloop
  endfacet
  facet normal 0 0 0
    outer loop
      vertex 10.855000 3.595320 3.460120
      vertex 10.855000 3.587470 3.461490
      vertex 10.855000 3.591440 3.460640
    endloop
  endfacet
  facet normal 0 0 0
    outer loop
      vertex 10.855000 3.597210 3.459980
      vertex 10.855000 3.559690 3.480320
      vertex 10.855000 3.575450 3.466340
    endloop
  endfacet
  facet normal 0 0 0
    outer loop
      vertex 10.855000 3.597210 3.459980
      vertex 10.855000 3.581440 3.463470
      vertex 10.855000 3.587470 3.461490
    endloop
  endfacet
  facet normal 0 0 0
    outer loop
      vertex 10.855000 3.597210 3.459980
      vertex 10.855000 3.575450 3.466340
      vertex 10.855000 3.581440 3.463470
    endloop
  endfacet
  facet normal 0 0 0
    outer loop
      vertex 10.855000 3.597210 3.459980
      vertex 10.855000 3.587470 3.461490
      vertex 10.855000 3.595320 3.460120
    endloop
  endfacet
  facet normal 0 0 0
    outer loop
      vertex 10.855000 3.597210 3.459980
      vertex 10.855000 3.625390 3.552970
      vertex 10.855000 3.559690 3.480320
    endloop
  endfacet
  facet normal 0 0 0
    outer loop
      vertex 10.855000 3.597210 3.459980
      vertex 10.855000 3.629130 3.550530
      vertex 10.855000 3.625390 3.552970
    endloop
  endfacet
  facet normal 0 0 0
    outer loop
      vertex 10.855000 3.650000 3.510500
      vertex 10.855000 3.649920 3.512740
      vertex 10.855000 3.649740 3.514950
    endloop
  endfacet
  facet normal 0 0 0
    outer loop
      vertex 10.855000 3.649840 3.505930
      vertex 10.855000 3.649970 3.508220
      vertex 10.855000 3.650000 3.510500
    endloop
  endfacet
  facet normal 0 0 0
    outer loop
      vertex 10.855000 3.604610 3.460110
      vertex 10.855000 3.600000 3.459900
      vertex 10.855000 3.602280 3.459950
    endloop
  endfacet
  facet normal 0 0 0
    outer loop
      vertex 10.855000 3.604610 3.460110
      vertex 10.855000 3.597210 3.459980
      vertex 10.855000 3.598620 3.459920
    endloop
  endfacet
  facet normal 0 0 0
    outer loop
      vertex 10.855000 3.604610 3.460110
      vertex 10.855000 3.598620 3.459920
      vertex 10.855000 3.600000 3.459900
    endloop
  endfacet
  facet normal 0 0 0
    outer loop
      vertex 10.855000 3.649600 3.503620
      vertex 10.855000 3.649840 3.505930
      vertex 10.855000 3.650000 3.510500
    endloop
  endfacet
  facet normal 0 0 0
    outer loop
      vertex 10.855000 3.609410 3.460790
      vertex 10.855000 3.604610 3.460110
      vertex 10.855000 3.606990 3.460390
    endloop
  endfacet
  facet normal 0 0 0
    outer loop
      vertex 10.855000 3.609410 3.460790
      vertex 10.855000 3.597210 3.459980
      vertex 10.855000 3.604610 3.460110
    endloop
  endfacet
  facet normal 0 0 0
    outer loop
      vertex 10.855000 3.611610 3.461270
      vertex 10.855000 3.644600 3.532510
      vertex 10.855000 3.629130 3.550530
    endloop
  endfacet
  facet normal 0 0 0
    outer loop
      vertex 10.855000 3.611610 3.461270
      vertex 10.855000 3.629130 3.550530
      vertex 10.855000 3.597210 3.459980
    endloop
  endfacet
  facet normal 0 0 0
    outer loop
      vertex 10.855000 3.611610 3.461270
      vertex 10.855000 3.597210 3.459980
      vertex 10.855000 3.609410 3.460790
    endloop
  endfacet
  facet normal 0 0 0
    outer loop
      vertex 10.855000 3.648220 3.496660
      vertex 10.855000 3.650000 3.510500
      vertex 10.855000 3.649740 3.514950
    endloop
  endfacet
  facet normal 0 0 0
    outer loop
      vertex 10.855000 3.648220 3.496660
      vertex 10.855000 3.648790 3.498980
      vertex 10.855000 3.649250 3.501300
    endloop
  endfacet
  facet normal 0 0 0
    outer loop
      vertex 10.855000 3.648220 3.496660
      vertex 10.855000 3.649250 3.501300
      vertex 10.855000 3.649600 3.503620
    endloop
  endfacet
  facet normal 0 0 0
    outer loop
      vertex 10.855000 3.648220 3.496660
      vertex 10.855000 3.649600 3.503620
      vertex 10.855000 3.650000 3.510500
    endloop
  endfacet
  facet normal 0 0 0
    outer loop
      vertex 10.855000 3.647530 3.494370
      vertex 10.855000 3.648220 3.496660
      vertex 10.855000 3.649740 3.514950
    endloop
  endfacet
  facet normal 0 0 0
    outer loop
      vertex 10.855000 3.615630 3.462400
      vertex 10.855000 3.611610 3.461270
      vertex 10.855000 3.613610 3.461790
    endloop
  endfacet
  facet normal 0 0 0
    outer loop
      vertex 10.855000 3.615630 3.462400
      vertex 10.855000 3.645420 3.530800
      vertex 10.855000 3.644600 3.532510
    endloop
  endfacet
  facet normal 0 0 0
    outer loop
      vertex 10.855000 3.615630 3.462400
      vertex 10.855000 3.644600 3.532510
      vertex 10.855000 3.611610 3.461270
    endloop
  endfacet
  facet normal 0 0 0
    outer loop
      vertex 10.855000 3.645810 3.489860
      vertex 10.855000 3.649740 3.514950
      vertex 10.855000 3.645420 3.530800
    endloop
  endfacet
  facet normal 0 0 0
    outer loop
      vertex 10.855000 3.645810 3.489860
      vertex 10.855000 3.646720 3.492100
      vertex 10.855000 3.647530 3.494370
    endloop
  endfacet
  facet normal 0 0 0
    outer loop
      vertex 10.855000 3.645810 3.489860
      vertex 10.855000 3.647530 3.494370
      vertex 10.855000 3.649740 3.514950
    endloop
  endfacet
  facet normal 0 0 0
    outer loop
      vertex 10.855000 3.621660 3.464840
      vertex 10.855000 3.615630 3.462400
      vertex 10.855000 3.617640 3.463120
    endloop
  endfacet
  facet normal 0 0 0
    outer loop
      vertex 10.855000 3.621660 3.464840
      vertex 10.855000 3.617640 3.463120
      vertex 10.855000 3.619660 3.463930
    endloop
  endfacet
  facet normal 0 0 0
    outer loop
      vertex 10.855000 3.642410 3.483420
      vertex 10.855000 3.643650 3.485510
      vertex 10.855000 3.644780 3.487660
    endloop
  endfacet
  facet normal 0 0 0
    outer loop
      vertex 10.855000 3.642410 3.483420
      vertex 10.855000 3.644780 3.487660
      vertex 10.855000 3.645810 3.489860
    endloop
  endfacet
  facet normal 0 0 0
    outer loop
      vertex 10.855000 3.642410 3.483420
      vertex 10.855000 3.645810 3.489860
      vertex 10.855000 3.645420 3.530800
    endloop
  endfacet
  facet normal 0 0 0
    outer loop
      vertex 10.855000 3.642410 3.483420
      vertex 10.855000 3.645420 3.530800
      vertex 10.855000 3.615630 3.462400
    endloop
  endfacet
  facet normal 0 0 0
    outer loop
      vertex 10.855000 3.627560 3.468180
      vertex 10.855000 3.621660 3.464840
      vertex 10.855000 3.623650 3.465850
    endloop
  endfacet
  facet normal 0 0 0
    outer loop
      vertex 10.855000 3.627560 3.468180
      vertex 10.855000 3.623650 3.465850
      vertex 10.855000 3.625620 3.466960
    endloop
  endfacet
  facet normal 0 0 0
    outer loop
      vertex 10.855000 3.631310 3.470920
      vertex 10.855000 3.621660 3.464840
      vertex 10.855000 3.627560 3.468180
    endloop
  endfacet
  facet normal 0 0 0
    outer loop
      vertex 10.855000 3.631310 3.470920
      vertex 10.855000 3.627560 3.468180
      vertex 10.855000 3.629460 3.469500
    endloop
  endfacet
  facet normal 0 0 0
    outer loop
      vertex 10.855000 3.631310 3.470920
      vertex 10.855000 3.615630 3.462400
      vertex 10.855000 3.621660 3.464840
    endloop
  endfacet
  facet normal 0 0 0
    outer loop
      vertex 10.855000 3.638130 3.477560
      vertex 10.855000 3.639650 3.479440
      vertex 10.855000 3.641080 3.481390
    endloop
  endfacet
  facet normal 0 0 0
    outer loop
      vertex 10.855000 3.636530 3.475760
      vertex 10.855000 3.642410 3.483420
      vertex 10.855000 3.615630 3.462400
    endloop
  endfacet
  facet normal 0 0 0
    outer loop
      vertex 10.855000 3.636530 3.475760
      vertex 10.855000 3.615630 3.462400
      vertex 10.855000 3.631310 3.470920
    endloop
  endfacet
  facet normal 0 0 0
    outer loop
      vertex 10.855000 3.636530 3.475760
      vertex 10.855000 3.638130 3.477560
      vertex 10.855000 3.641080 3.481390
    endloop
  endfacet
  facet normal 0 0 0
    outer loop
      vertex 10.855000 3.636530 3.475760
      vertex 10.855000 3.641080 3.481390
      vertex 10.855000 3.642410 3.483420
    endloop
  endfacet
  facet normal 0 0 0
    outer loop
      vertex 10.855000 3.634860 3.474060
      vertex 10.855000 3.631310 3.470920
      vertex 10.855000 3.633120 3.472440
    endloop
  endfacet
  facet normal 0 0 0
    outer loop
      vertex 10.855000 3.634860 3.474060
      vertex 10.855000 3.636530 3.475760
      vertex 10.855000 3.631310 3.470920
    endloop
  endfacet
  facet normal 0 0 0
    outer loop
      vertex 8.455000 4.600000 3.459900
      vertex 10.855000 4.600000 3.459900
      vertex 10.855000 4.598620 3.459920
    endloop
  endfacet
  facet normal 0 0 0
    outer loop
      vertex 8.455000 4.598620 3.459920
      vertex 8.455000 4.600000 3.459900
      vertex 10.855000 4.598620 3.459920
    endloop
  endfacet
  facet normal 0 0 0
    outer loop
      vertex 8.455000 4.597210 3.459980
      vertex 10.855000 4.597210 3.459980
      vertex 10.855000 4.595320 3.460120
    endloop
  endfacet
  facet normal 0 0 0
    outer loop
      vertex 8.455000 4.597210 3.459980
      vertex 10.855000 4.598620 3.459920
      vertex 10.855000 4.597210 3.459980
    endloop
  endfacet
  facet normal 0 0 0
    outer loop
      vertex 8.455000 4.597210 3.459980
      vertex 8.455000 4.598620 3.459920
      vertex 10.855000 4.598620 3.459920
    endloop
  endfacet
  facet normal 0 0 0
    outer loop
      vertex 8.455000 4.595320 3.460120
      vertex 10.855000 4.595320 3.460120
      vertex 10.855000 4.593390 3.460340
    endloop
  endfacet
  facet normal 0 0 0
    outer loop
      vertex 8.455000 4.595320 3.460120
      vertex 8.455000 4.597210 3.459980
      vertex 10.855000 4.595320 3.460120
    endloop
  endfacet
  facet normal 0 0 0
    outer loop
      vertex 8.455000 4.593390 3.460340
      vertex 10.855000 4.593390 3.460340
      vertex 10.855000 4.591440 3.460640
    endloop
  endfacet
  facet normal 0 0 0
    outer loop
      vertex 8.455000 4.593390 3.460340
      vertex 8.455000 4.595320 3.460120
      vertex 10.855000 4.593390 3.460340
    endloop
  endfacet
  facet normal 0 0 0
    outer loop
      vertex 8.455000 4.591440 3.460640
      vertex 10.855000 4.591440 3.460640
      vertex 10.855000 4.589470 3.461020
    endloop
  endfacet
  facet normal 0 0 0
    outer loop
      vertex 8.455000 4.591440 3.460640
      vertex 8.455000 4.593390 3.460340
      vertex 10.855000 4.591440 3.460640
    endloop
  endfacet
  facet normal 0 0 0
    outer loop
      vertex 8.455000 4.589470 3.461020
      vertex 8.455000 4.591440 3.460640
      vertex 10.855000 4.589470 3.461020
    endloop
  endfacet
  facet normal 0 0 0
    outer loop
      vertex 8.455000 4.587470 3.461490
      vertex 10.855000 4.587470 3.461490
      vertex 10.855000 4.585470 3.462060
    endloop
  endfacet
  facet normal 0 0 0
    outer loop
      vertex 8.455000 4.587470 3.461490
      vertex 10.855000 4.589470 3.461020
      vertex 10.855000 4.587470 3.461490
    endloop
  endfacet
  facet normal 0 0 0
    outer loop
      vertex 8.455000 4.587470 3.461490
      vertex 8.455000 4.589470 3.461020
      vertex 10.855000 4.589470 3.461020
    endloop
  endfacet
  facet normal 0 0 0
    outer loop
      vertex 8.455000 4.585470 3.462060
      vertex 10.855000 4.585470 3.462060
      vertex 10.855000 4.583450 3.462720
    endloop
  endfacet
  facet normal 0 0 0
    outer loop
      vertex 8.455000 4.585470 3.462060
      vertex 8.455000 4.587470 3.461490
      vertex 10.855000 4.585470 3.462060
    endloop
  endfacet
  facet normal 0 0 0
    outer loop
      vertex 8.455000 4.583450 3.462720
      vertex 10.855000 4.583450 3.462720
      vertex 10.855000 4.581440 3.463470
    endloop
  endfacet
  facet normal 0 0 0
    outer loop
      vertex 8.455000 4.583450 3.462720
      vertex 8.455000 4.585470 3.462060
      vertex 10.855000 4.583450 3.462720
    endloop
  endfacet
  facet normal 0 0 0
    outer loop
      vertex 8.455000 4.581440 3.463470
      vertex 10.855000 4.581440 3.463470
      vertex 10.855000 4.579430 3.464330
    endloop
  endfacet
  facet normal 0 0 0
    outer loop
      vertex 8.455000 4.581440 3.463470
      vertex 8.455000 4.583450 3.462720
      vertex 10.855000 4.581440 3.463470
    endloop
  endfacet
  facet normal 0 0 0
    outer loop
      vertex 8.455000 4.579430 3.464330
      vertex 8.455000 4.581440 3.463470
      vertex 10.855000 4.579430 3.464330
    endloop
  endfacet
  facet normal 0 0 0
    outer loop
      vertex 8.455000 4.577430 3.465290
      vertex 10.855000 4.579430 3.464330
      vertex 10.855000 4.577430 3.465290
    endloop
  endfacet
  facet normal 0 0 0
    outer loop
      vertex 8.455000 4.577430 3.465290
      vertex 8.455000 4.579430 3.464330
      vertex 10.855000 4.579430 3.464330
    endloop
  endfacet
  facet normal 0 0 0
    outer loop
      vertex 8.455000 4.575450 3.466340
      vertex 10.855000 4.575450 3.466340
      vertex 10.855000 4.573490 3.467510
    endloop
  endfacet
  facet normal 0 0 0
    outer loop
      vertex 8.455000 4.575450 3.466340
      vertex 10.855000 4.577430 3.465290
      vertex 10.855000 4.575450 3.466340
    endloop
  endfacet
  facet normal 0 0 0
    outer loop
      vertex 8.455000 4.575450 3.466340
      vertex 8.455000 4.577430 3.465290
      vertex 10.855000 4.577430 3.465290
    endloop
  endfacet
  facet normal 0 0 0
    outer loop
      vertex 8.455000 4.573490 3.467510
      vertex 8.455000 4.575450 3.466340
      vertex 10.855000 4.573490 3.467510
    endloop
  endfacet
  facet normal 0 0 0
    outer loop
      vertex 8.455000 4.571570 3.468770
      vertex 10.855000 4.571570 3.468770
      vertex 10.855000 4.569690 3.470140
    endloop
  endfacet
  facet normal 0 0 0
    outer loop
      vertex 8.455000 4.571570 3.468770
      vertex 10.855000 4.573490 3.467510
      vertex 10.855000 4.571570 3.468770
    endloop
  endfacet
  facet normal 0 0 0
    outer loop
      vertex 8.455000 4.571570 3.468770
      vertex 8.455000 4.573490 3.467510
      vertex 10.855000 4.573490 3.467510
    endloop
  endfacet
  facet normal 0 0 0
    outer loop
      vertex 8.455000 4.569690 3.470140
      vertex 8.455000 4.571570 3.468770
      vertex 10.855000 4.569690 3.470140
    endloop
  endfacet
  facet normal 0 0 0
    outer loop
      vertex 8.455000 4.567850 3.471600
      vertex 10.855000 4.569690 3.470140
      vertex 10.855000 4.567850 3.471600
    endloop
  endfacet
  facet normal 0 0 0
    outer loop
      vertex 8.455000 4.567850 3.471600
      vertex 8.455000 4.569690 3.470140
      vertex 10.855000 4.569690 3.470140
    endloop
  endfacet
  facet normal 0 0 0
    outer loop
      vertex 8.455000 4.566080 3.473170
      vertex 10.855000 4.567850 3.471600
      vertex 10.855000 4.566080 3.473170
    endloop
  endfacet
  facet normal 0 0 0
    outer loop
      vertex 8.455000 4.566080 3.473170
      vertex 8.455000 4.567850 3.471600
      vertex 10.855000 4.567850 3.471600
    endloop
  endfacet
  facet normal 0 0 0
    outer loop
      vertex 8.455000 4.564370 3.474820
      vertex 10.855000 4.566080 3.473170
      vertex 10.855000 4.564370 3.474820
    endloop
  endfacet
  facet normal 0 0 0
    outer loop
      vertex 8.455000 4.564370 3.474820
      vertex 8.455000 4.566080 3.473170
      vertex 10.855000 4.566080 3.473170
    endloop
  endfacet
  facet normal 0 0 0
    outer loop
      vertex 8.455000 4.562730 3.476570
      vertex 10.855000 4.562730 3.476570
      vertex 10.855000 4.561160 3.478410
    endloop
  endfacet
  facet normal 0 0 0
    outer loop
      vertex 8.455000 4.562730 3.476570
      vertex 10.855000 4.564370 3.474820
      vertex 10.855000 4.562730 3.476570
    endloop
  endfacet
  facet normal 0 0 0
    outer loop
      vertex 8.455000 4.562730 3.476570
      vertex 8.455000 4.564370 3.474820
      vertex 10.855000 4.564370 3.474820
    endloop
  endfacet
  facet normal 0 0 0
    outer loop
      vertex 8.455000 4.561160 3.478410
      vertex 10.855000 4.561160 3.478410
      vertex 10.855000 4.559690 3.480320
    endloop
  endfacet
  facet normal 0 0 0
    outer loop
      vertex 8.455000 4.561160 3.478410
      vertex 8.455000 4.562730 3.476570
      vertex 10.855000 4.561160 3.478410
    endloop
  endfacet
  facet normal 0 0 0
    outer loop
      vertex 8.455000 4.559690 3.480320
      vertex 8.455000 4.561160 3.478410
      vertex 10.855000 4.559690 3.480320
    endloop
  endfacet
  facet normal 0 0 0
    outer loop
      vertex 8.455000 4.558300 3.482310
      vertex 10.855000 4.558300 3.482310
      vertex 10.855000 4.557010 3.484370
    endloop
  endfacet
  facet normal 0 0 0
    outer loop
      vertex 8.455000 4.558300 3.482310
      vertex 10.855000 4.559690 3.480320
      vertex 10.855000 4.558300 3.482310
    endloop
  endfacet
  facet normal 0 0 0
    outer loop
      vertex 8.455000 4.558300 3.482310
      vertex 8.455000 4.559690 3.480320
      vertex 10.855000 4.559690 3.480320
    endloop
  endfacet
  facet normal 0 0 0
    outer loop
      vertex 8.455000 4.557010 3.484370
      vertex 8.455000 4.558300 3.482310
      vertex 10.855000 4.557010 3.484370
    endloop
  endfacet
  facet normal 0 0 0
    outer loop
      vertex 8.455000 4.555820 3.486490
      vertex 10.855000 4.557010 3.484370
      vertex 10.855000 4.555820 3.486490
    endloop
  endfacet
  facet normal 0 0 0
    outer loop
      vertex 8.455000 4.555820 3.486490
      vertex 8.455000 4.557010 3.484370
      vertex 10.855000 4.557010 3.484370
    endloop
  endfacet
  facet normal 0 0 0
    outer loop
      vertex 8.455000 4.554740 3.488660
      vertex 10.855000 4.555820 3.486490
      vertex 10.855000 4.554740 3.488660
    endloop
  endfacet
  facet normal 0 0 0
    outer loop
      vertex 8.455000 4.554740 3.488660
      vertex 8.455000 4.555820 3.486490
      vertex 10.855000 4.555820 3.486490
    endloop
  endfacet
  facet normal 0 0 0
    outer loop
      vertex 8.455000 4.553760 3.490880
      vertex 10.855000 4.553760 3.490880
      vertex 10.855000 4.552900 3.493130
    endloop
  endfacet
  facet normal 0 0 0
    outer loop
      vertex 8.455000 4.553760 3.490880
      vertex 10.855000 4.554740 3.488660
      vertex 10.855000 4.553760 3.490880
    endloop
  endfacet
  facet normal 0 0 0
    outer loop
      vertex 8.455000 4.553760 3.490880
      vertex 8.455000 4.554740 3.488660
      vertex 10.855000 4.554740 3.488660
    endloop
  endfacet
  facet normal 0 0 0
    outer loop
      vertex 8.455000 4.552900 3.493130
      vertex 10.855000 4.552900 3.493130
      vertex 10.855000 4.552140 3.495420
    endloop
  endfacet
  facet normal 0 0 0
    outer loop
      vertex 8.455000 4.552900 3.493130
      vertex 8.455000 4.553760 3.490880
      vertex 10.855000 4.552900 3.493130
    endloop
  endfacet
  facet normal 0 0 0
    outer loop
      vertex 8.455000 4.552140 3.495420
      vertex 8.455000 4.552900 3.493130
      vertex 10.855000 4.552140 3.495420
    endloop
  endfacet
  facet normal 0 0 0
    outer loop
      vertex 8.455000 4.551510 3.497720
      vertex 10.855000 4.551510 3.497720
      vertex 10.855000 4.550980 3.500040
    endloop
  endfacet
  facet normal 0 0 0
    outer loop
      vertex 8.455000 4.551510 3.497720
      vertex 10.855000 4.552140 3.495420
      vertex 10.855000 4.551510 3.497720
    endloop
  endfacet
  facet normal 0 0 0
    outer loop
      vertex 8.455000 4.551510 3.497720
      vertex 8.455000 4.552140 3.495420
      vertex 10.855000 4.552140 3.495420
    endloop
  endfacet
  facet normal 0 0 0
    outer loop
      vertex 8.455000 4.550980 3.500040
      vertex 8.455000 4.551510 3.497720
      vertex 10.855000 4.550980 3.500040
    endloop
  endfacet
  facet normal 0 0 0
    outer loop
      vertex 8.455000 4.550570 3.502360
      vertex 10.855000 4.550980 3.500040
      vertex 10.855000 4.550570 3.502360
    endloop
  endfacet
  facet normal 0 0 0
    outer loop
      vertex 8.455000 4.550570 3.502360
      vertex 8.455000 4.550980 3.500040
      vertex 10.855000 4.550980 3.500040
    endloop
  endfacet
  facet normal 0 0 0
    outer loop
      vertex 8.455000 4.550270 3.504670
      vertex 10.855000 4.550570 3.502360
      vertex 10.855000 4.550270 3.504670
    endloop
  endfacet
  facet normal 0 0 0
    outer loop
      vertex 8.455000 4.550270 3.504670
      vertex 8.455000 4.550570 3.502360
      vertex 10.855000 4.550570 3.502360
    endloop
  endfacet
  facet normal 0 0 0
    outer loop
      vertex 8.455000 4.550090 3.506980
      vertex 10.855000 4.550270 3.504670
      vertex 10.855000 4.550090 3.506980
    endloop
  endfacet
  facet normal 0 0 0
    outer loop
      vertex 8.455000 4.550090 3.506980
      vertex 8.455000 4.550270 3.504670
      vertex 10.855000 4.550270 3.504670
    endloop
  endfacet
  facet normal 0 0 0
    outer loop
      vertex 8.455000 4.550000 3.509260
      vertex 10.855000 4.550090 3.506980
      vertex 10.855000 4.550000 3.509260
    endloop
  endfacet
  facet normal 0 0 0
    outer loop
      vertex 8.455000 4.550000 3.509260
      vertex 8.455000 4.550090 3.506980
      vertex 10.855000 4.550090 3.506980
    endloop
  endfacet
  facet normal 0 0 0
    outer loop
      vertex 8.455000 4.550030 3.511530
      vertex 10.855000 4.550000 3.509260
      vertex 10.855000 4.550030 3.511530
    endloop
  endfacet
  facet normal 0 0 0
    outer loop
      vertex 8.455000 4.550030 3.511530
      vertex 8.455000 4.550000 3.509260
      vertex 10.855000 4.550000 3.509260
    endloop
  endfacet
  facet normal 0 0 0
    outer loop
      vertex 8.455000 4.550150 3.513750
      vertex 10.855000 4.550030 3.511530
      vertex 10.855000 4.550150 3.513750
    endloop
  endfacet
  facet normal 0 0 0
    outer loop
      vertex 8.455000 4.550150 3.513750
      vertex 8.455000 4.550030 3.511530
      vertex 10.855000 4.550030 3.511530
    endloop
  endfacet
  facet normal 0 0 0
    outer loop
      vertex 8.455000 4.550370 3.515940
      vertex 10.855000 4.550150 3.513750
      vertex 10.855000 4.550370 3.515940
    endloop
  endfacet
  facet normal 0 0 0
    outer loop
      vertex 8.455000 4.550370 3.515940
      vertex 8.455000 4.550150 3.513750
      vertex 10.855000 4.550150 3.513750
    endloop
  endfacet
  facet normal 0 0 0
    outer loop
      vertex 8.455000 4.550680 3.518090
      vertex 10.855000 4.550370 3.515940
      vertex 10.855000 4.550680 3.518090
    endloop
  endfacet
  facet normal 0 0 0
    outer loop
      vertex 8.455000 4.550680 3.518090
      vertex 8.455000 4.550370 3.515940
      vertex 10.855000 4.550370 3.515940
    endloop
  endfacet
  facet normal 0 0 0
    outer loop
      vertex 8.455000 4.551070 3.520190
      vertex 10.855000 4.550680 3.518090
      vertex 10.855000 4.551070 3.520190
    endloop
  endfacet
  facet normal 0 0 0
    outer loop
      vertex 8.455000 4.551070 3.520190
      vertex 8.455000 4.550680 3.518090
      vertex 10.855000 4.550680 3.518090
    endloop
  endfacet
  facet normal 0 0 0
    outer loop
      vertex 8.455000 4.551550 3.522240
      vertex 10.855000 4.551070 3.520190
      vertex 10.855000 4.551550 3.522240
    endloop
  endfacet
  facet normal 0 0 0
    outer loop
      vertex 8.455000 4.551550 3.522240
      vertex 8.455000 4.551070 3.520190
      vertex 10.855000 4.551070 3.520190
    endloop
  endfacet
  facet normal 0 0 0
    outer loop
      vertex 8.455000 4.552100 3.524230
      vertex 10.855000 4.551550 3.522240
      vertex 10.855000 4.552100 3.524230
    endloop
  endfacet
  facet normal 0 0 0
    outer loop
      vertex 8.455000 4.552100 3.524230
      vertex 8.455000 4.551550 3.522240
      vertex 10.855000 4.551550 3.522240
    endloop
  endfacet
  facet normal 0 0 0
    outer loop
      vertex 8.455000 4.552720 3.526160
      vertex 10.855000 4.552100 3.524230
      vertex 10.855000 4.552720 3.526160
    endloop
  endfacet
  facet normal 0 0 0
    outer loop
      vertex 8.455000 4.552720 3.526160
      vertex 8.455000 4.552100 3.524230
      vertex 10.855000 4.552100 3.524230
    endloop
  endfacet
  facet normal 0 0 0
    outer loop
      vertex 8.455000 4.553410 3.528040
      vertex 10.855000 4.553410 3.528040
      vertex 10.855000 4.554150 3.529850
    endloop
  endfacet
  facet normal 0 0 0
    outer loop
      vertex 8.455000 4.553410 3.528040
      vertex 10.855000 4.552720 3.526160
      vertex 10.855000 4.553410 3.528040
    endloop
  endfacet
  facet normal 0 0 0
    outer loop
      vertex 8.455000 4.553410 3.528040
      vertex 8.455000 4.552720 3.526160
      vertex 10.855000 4.552720 3.526160
    endloop
  endfacet
  facet normal 0 0 0
    outer loop
      vertex 8.455000 4.554150 3.529850
      vertex 10.855000 4.554150 3.529850
      vertex 10.855000 4.554950 3.531590
    endloop
  endfacet
  facet normal 0 0 0
    outer loop
      vertex 8.455000 4.554150 3.529850
      vertex 8.455000 4.553410 3.528040
      vertex 10.855000 4.554150 3.529850
    endloop
  endfacet
  facet normal 0 0 0
    outer loop
      vertex 8.455000 4.554950 3.531590
      vertex 10.855000 4.554950 3.531590
      vertex 10.855000 4.555800 3.533270
    endloop
  endfacet
  facet normal 0 0 0
    outer loop
      vertex 8.455000 4.554950 3.531590
      vertex 8.455000 4.554150 3.529850
      vertex 10.855000 4.554950 3.531590
    endloop
  endfacet
  facet normal 0 0 0
    outer loop
      vertex 8.455000 4.555800 3.533270
      vertex 10.855000 4.555800 3.533270
      vertex 10.855000 4.556690 3.534880
    endloop
  endfacet
  facet normal 0 0 0
    outer loop
      vertex 8.455000 4.555800 3.533270
      vertex 8.455000 4.554950 3.531590
      vertex 10.855000 4.555800 3.533270
    endloop
  endfacet
  facet normal 0 0 0
    outer loop
      vertex 8.455000 4.556690 3.534880
      vertex 10.855000 4.556690 3.534880
      vertex 10.855000 4.557640 3.536460
    endloop
  endfacet
  facet normal 0 0 0
    outer loop
      vertex 8.455000 4.556690 3.534880
      vertex 8.455000 4.555800 3.533270
      vertex 10.855000 4.556690 3.534880
    endloop
  endfacet
  facet normal 0 0 0
    outer loop
      vertex 8.455000 4.557640 3.536460
      vertex 8.455000 4.556690 3.534880
      vertex 10.855000 4.557640 3.536460
    endloop
  endfacet
  facet normal 0 0 0
    outer loop
      vertex 8.455000 4.558660 3.538030
      vertex 10.855000 4.558660 3.538030
      vertex 10.855000 4.559770 3.539600
    endloop
  endfacet
  facet normal 0 0 0
    outer loop
      vertex 8.455000 4.558660 3.538030
      vertex 10.855000 4.557640 3.536460
      vertex 10.855000 4.558660 3.538030
    endloop
  endfacet
  facet normal 0 0 0
    outer loop
      vertex 8.455000 4.558660 3.538030
      vertex 8.455000 4.557640 3.536460
      vertex 10.855000 4.557640 3.536460
    endloop
  endfacet
  facet normal 0 0 0
    outer loop
      vertex 8.455000 4.559770 3.539600
      vertex 10.855000 4.559770 3.539600
      vertex 10.855000 4.560970 3.541150
    endloop
  endfacet
  facet normal 0 0 0
    outer loop
      vertex 8.455000 4.559770 3.539600
      vertex 8.455000 4.558660 3.538030
      vertex 10.855000 4.559770 3.539600
    endloop
  endfacet
  facet normal 0 0 0
    outer loop
      vertex 8.455000 4.560970 3.541150
      vertex 8.455000 4.559770 3.539600
      vertex 10.855000 4.560970 3.541150
    endloop
  endfacet
  facet normal 0 0 0
    outer loop
      vertex 8.455000 4.562240 3.542680
      vertex 10.855000 4.560970 3.541150
      vertex 10.855000 4.562240 3.542680
    endloop
  endfacet
  facet normal 0 0 0
    outer loop
      vertex 8.455000 4.562240 3.542680
      vertex 8.455000 4.560970 3.541150
      vertex 10.855000 4.560970 3.541150
    endloop
  endfacet
  facet normal 0 0 0
    outer loop
      vertex 8.455000 4.563600 3.544180
      vertex 10.855000 4.563600 3.544180
      vertex 10.855000 4.565050 3.545660
    endloop
  endfacet
  facet normal 0 0 0
    outer loop
      vertex 8.455000 4.563600 3.544180
      vertex 10.855000 4.562240 3.542680
      vertex 10.855000 4.563600 3.544180
    endloop
  endfacet
  facet normal 0 0 0
    outer loop
      vertex 8.455000 4.563600 3.544180
      vertex 8.455000 4.562240 3.542680
      vertex 10.855000 4.562240 3.542680
    endloop
  endfacet
  facet normal 0 0 0
    outer loop
      vertex 8.455000 4.565050 3.545660
      vertex 10.855000 4.565050 3.545660
      vertex 10.855000 4.566580 3.547090
    endloop
  endfacet
  facet normal 0 0 0
    outer loop
      vertex 8.455000 4.565050 3.545660
      vertex 8.455000 4.563600 3.544180
      vertex 10.855000 4.565050 3.545660
    endloop
  endfacet
  facet normal 0 0 0
    outer loop
      vertex 8.455000 4.566580 3.547090
      vertex 10.855000 4.566580 3.547090
      vertex 10.855000 4.568200 3.548490
    endloop
  endfacet
  facet normal 0 0 0
    outer loop
      vertex 8.455000 4.566580 3.547090
      vertex 8.455000 4.565050 3.545660
      vertex 10.855000 4.566580 3.547090
    endloop
  endfacet
  facet normal 0 0 0
    outer loop
      vertex 8.455000 4.568200 3.548490
      vertex 8.455000 4.566580 3.547090
      vertex 10.855000 4.568200 3.548490
    endloop
  endfacet
  facet normal 0 0 0
    outer loop
      vertex 8.455000 4.569910 3.549830
      vertex 8.455000 4.568200 3.548490
      vertex 10.855000 4.568200 3.548490
    endloop
  endfacet
  facet normal 0 0 0
    outer loop
      vertex 8.455000 4.569910 3.549830
      vertex 10.855000 4.569910 3.549830
      vertex 10.855000 4.571690 3.551110
    endloop
  endfacet
  facet normal 0 0 0
    outer loop
      vertex 8.455000 4.569910 3.549830
      vertex 10.855000 4.568200 3.548490
      vertex 10.855000 4.569910 3.549830
    endloop
  endfacet
  facet normal 0 0 0
    outer loop
      vertex 8.455000 4.571690 3.551110
      vertex 8.455000 4.569910 3.549830
      vertex 10.855000 4.571690 3.551110
    endloop
  endfacet
  facet normal 0 0 0
    outer loop
      vertex 8.455000 4.571690 3.551110
      vertex 10.855000 4.571690 3.551110
      vertex 10.855000 4.573560 3.552340
    endloop
  endfacet
  facet normal 0 0 0
    outer loop
      vertex 8.455000 4.573560 3.552340
      vertex 8.455000 4.571690 3.551110
      vertex 10.855000 4.573560 3.552340
    endloop
  endfacet
  facet normal 0 0 0
    outer loop
      vertex 8.455000 4.575500 3.553490
      vertex 10.855000 4.575500 3.553490
      vertex 10.855000 4.577520 3.554560
    endloop
  endfacet
  facet normal 0 0 0
    outer loop
      vertex 8.455000 4.575500 3.553490
      vertex 10.855000 4.573560 3.552340
      vertex 10.855000 4.575500 3.553490
    endloop
  endfacet
  facet normal 0 0 0
    outer loop
      vertex 8.455000 4.575500 3.553490
      vertex 8.455000 4.573560 3.552340
      vertex 10.855000 4.573560 3.552340
    endloop
  endfacet
  facet normal 0 0 0
    outer loop
      vertex 8.455000 4.577520 3.554560
      vertex 10.855000 4.577520 3.554560
      vertex 10.855000 4.579610 3.555550
    endloop
  endfacet
  facet normal 0 0 0
    outer loop
      vertex 8.455000 4.577520 3.554560
      vertex 8.455000 4.575500 3.553490
      vertex 10.855000 4.577520 3.554560
    endloop
  endfacet
  facet normal 0 0 0
    outer loop
      vertex 8.455000 4.579610 3.555550
      vertex 10.855000 4.579610 3.555550
      vertex 10.855000 4.581770 3.556460
    endloop
  endfacet
  facet normal 0 0 0
    outer loop
      vertex 8.455000 4.579610 3.555550
      vertex 8.455000 4.577520 3.554560
      vertex 10.855000 4.579610 3.555550
    endloop
  endfacet
  facet normal 0 0 0
    outer loop
      vertex 8.455000 4.581770 3.556460
      vertex 10.855000 4.581770 3.556460
      vertex 10.855000 4.583980 3.557260
    endloop
  endfacet
  facet normal 0 0 0
    outer loop
      vertex 8.455000 4.581770 3.556460
      vertex 8.455000 4.579610 3.555550
      vertex 10.855000 4.581770 3.556460
    endloop
  endfacet
  facet normal 0 0 0
    outer loop
      vertex 8.455000 4.583980 3.557260
      vertex 8.455000 4.581770 3.556460
      vertex 10.855000 4.583980 3.557260
    endloop
  endfacet
  facet normal 0 0 0
    outer loop
      vertex 8.455000 4.586250 3.557970
      vertex 10.855000 4.586250 3.557970
      vertex 10.855000 4.588560 3.558570
    endloop
  endfacet
  facet normal 0 0 0
    outer loop
      vertex 8.455000 4.586250 3.557970
      vertex 10.855000 4.583980 3.557260
      vertex 10.855000 4.586250 3.557970
    endloop
  endfacet
  facet normal 0 0 0
    outer loop
      vertex 8.455000 4.586250 3.557970
      vertex 8.455000 4.583980 3.557260
      vertex 10.855000 4.583980 3.557260
    endloop
  endfacet
  facet normal 0 0 0
    outer loop
      vertex 8.455000 4.588560 3.558570
      vertex 8.455000 4.586250 3.557970
      vertex 10.855000 4.588560 3.558570
    endloop
  endfacet
  facet normal 0 0 0
    outer loop
      vertex 8.455000 4.590910 3.559070
      vertex 10.855000 4.590910 3.559070
      vertex 10.855000 4.593300 3.559450
    endloop
  endfacet
  facet normal 0 0 0
    outer loop
      vertex 8.455000 4.590910 3.559070
      vertex 10.855000 4.588560 3.558570
      vertex 10.855000 4.590910 3.559070
    endloop
  endfacet
  facet normal 0 0 0
    outer loop
      vertex 8.455000 4.590910 3.559070
      vertex 8.455000 4.588560 3.558570
      vertex 10.855000 4.588560 3.558570
    endloop
  endfacet
  facet normal 0 0 0
    outer loop
      vertex 8.455000 4.593300 3.559450
      vertex 8.455000 4.590910 3.559070
      vertex 10.855000 4.593300 3.559450
    endloop
  endfacet
  facet normal 0 0 0
    outer loop
      vertex 8.455000 4.595700 3.559720
      vertex 10.855000 4.595700 3.559720
      vertex 10.855000 4.598130 3.559860
    endloop
  endfacet
  facet normal 0 0 0
    outer loop
      vertex 8.455000 4.595700 3.559720
      vertex 10.855000 4.593300 3.559450
      vertex 10.855000 4.595700 3.559720
    endloop
  endfacet
  facet normal 0 0 0
    outer loop
      vertex 8.455000 4.595700 3.559720
      vertex 8.455000 4.593300 3.559450
      vertex 10.855000 4.593300 3.559450
    endloop
  endfacet
  facet normal 0 0 0
    outer loop
      vertex 8.455000 4.598130 3.559860
      vertex 8.455000 4.595700 3.559720
      vertex 10.855000 4.598130 3.559860
    endloop
  endfacet
  facet normal 0 0 0
    outer loop
      vertex 8.455000 4.600560 3.559900
      vertex 10.855000 4.600560 3.559900
      vertex 10.855000 4.602980 3.559810
    endloop
  endfacet
  facet normal 0 0 0
    outer loop
      vertex 8.455000 4.600560 3.559900
      vertex 10.855000 4.598130 3.559860
      vertex 10.855000 4.600560 3.559900
    endloop
  endfacet
  facet normal 0 0 0
    outer loop
      vertex 8.455000 4.600560 3.559900
      vertex 8.455000 4.598130 3.559860
      vertex 10.855000 4.598130 3.559860
    endloop
  endfacet
  facet normal 0 0 0
    outer loop
      vertex 8.455000 4.602980 3.559810
      vertex 8.455000 4.600560 3.559900
      vertex 10.855000 4.602980 3.559810
    endloop
  endfacet
  facet normal 0 0 0
    outer loop
      vertex 8.455000 4.605400 3.559610
      vertex 10.855000 4.605400 3.559610
      vertex 10.855000 4.607800 3.559290
    endloop
  endfacet
  facet normal 0 0 0
    outer loop
      vertex 8.455000 4.605400 3.559610
      vertex 10.855000 4.602980 3.559810
      vertex 10.855000 4.605400 3.559610
    endloop
  endfacet
  facet normal 0 0 0
    outer loop
      vertex 8.455000 4.605400 3.559610
      vertex 8.455000 4.602980 3.559810
      vertex 10.855000 4.602980 3.559810
    endloop
  endfacet
  facet normal 0 0 0
    outer loop
      vertex 8.455000 4.607800 3.559290
      vertex 8.455000 4.605400 3.559610
      vertex 10.855000 4.607800 3.559290
    endloop
  endfacet
  facet normal 0 0 0
    outer loop
      vertex 8.455000 4.610170 3.558860
      vertex 8.455000 4.607800 3.559290
      vertex 10.855000 4.607800 3.559290
    endloop
  endfacet
  facet normal 0 0 0
    outer loop
      vertex 8.455000 4.610170 3.558860
      vertex 10.855000 4.610170 3.558860
      vertex 10.855000 4.612500 3.558310
    endloop
  endfacet
  facet normal 0 0 0
    outer loop
      vertex 8.455000 4.610170 3.558860
      vertex 10.855000 4.607800 3.559290
      vertex 10.855000 4.610170 3.558860
    endloop
  endfacet
  facet normal 0 0 0
    outer loop
      vertex 8.455000 4.612500 3.558310
      vertex 8.455000 4.610170 3.558860
      vertex 10.855000 4.612500 3.558310
    endloop
  endfacet
  facet normal 0 0 0
    outer loop
      vertex 8.455000 4.614800 3.557660
      vertex 10.855000 4.612500 3.558310
      vertex 10.855000 4.614800 3.557660
    endloop
  endfacet
  facet normal 0 0 0
    outer loop
      vertex 8.455000 4.614800 3.557660
      vertex 8.455000 4.612500 3.558310
      vertex 10.855000 4.612500 3.558310
    endloop
  endfacet
  facet normal 0 0 0
    outer loop
      vertex 8.455000 4.617040 3.556910
      vertex 10.855000 4.614800 3.557660
      vertex 10.855000 4.617040 3.556910
    endloop
  endfacet
  facet normal 0 0 0
    outer loop
      vertex 8.455000 4.617040 3.556910
      vertex 8.455000 4.614800 3.557660
      vertex 10.855000 4.614800 3.557660
    endloop
  endfacet
  facet normal 0 0 0
    outer loop
      vertex 8.455000 4.619230 3.556060
      vertex 10.855000 4.619230 3.556060
      vertex 10.855000 4.621350 3.555110
    endloop
  endfacet
  facet normal 0 0 0
    outer loop
      vertex 8.455000 4.619230 3.556060
      vertex 10.855000 4.617040 3.556910
      vertex 10.855000 4.619230 3.556060
    endloop
  endfacet
  facet normal 0 0 0
    outer loop
      vertex 8.455000 4.619230 3.556060
      vertex 8.455000 4.617040 3.556910
      vertex 10.855000 4.617040 3.556910
    endloop
  endfacet
  facet normal 0 0 0
    outer loop
      vertex 8.455000 4.621350 3.555110
      vertex 8.455000 4.619230 3.556060
      vertex 10.855000 4.621350 3.555110
    endloop
  endfacet
  facet normal 0 0 0
    outer loop
      vertex 8.455000 4.623410 3.554080
      vertex 10.855000 4.623410 3.554080
      vertex 10.855000 4.625390 3.552970
    endloop
  endfacet
  facet normal 0 0 0
    outer loop
      vertex 8.455000 4.623410 3.554080
      vertex 10.855000 4.621350 3.555110
      vertex 10.855000 4.623410 3.554080
    endloop
  endfacet
  facet normal 0 0 0
    outer loop
      vertex 8.455000 4.623410 3.554080
      vertex 8.455000 4.621350 3.555110
      vertex 10.855000 4.621350 3.555110
    endloop
  endfacet
  facet normal 0 0 0
    outer loop
      vertex 8.455000 4.625390 3.552970
      vertex 8.455000 4.623410 3.554080
      vertex 10.855000 4.625390 3.552970
    endloop
  endfacet
  facet normal 0 0 0
    outer loop
      vertex 8.455000 4.627300 3.551790
      vertex 10.855000 4.625390 3.552970
      vertex 10.855000 4.627300 3.551790
    endloop
  endfacet
  facet normal 0 0 0
    outer loop
      vertex 8.455000 4.627300 3.551790
      vertex 8.455000 4.625390 3.552970
      vertex 10.855000 4.625390 3.552970
    endloop
  endfacet
  facet normal 0 0 0
    outer loop
      vertex 8.455000 4.629130 3.550530
      vertex 8.455000 4.627300 3.551790
      vertex 10.855000 4.627300 3.551790
    endloop
  endfacet
  facet normal 0 0 0
    outer loop
      vertex 8.455000 4.629130 3.550530
      vertex 10.855000 4.627300 3.551790
      vertex 10.855000 4.629130 3.550530
    endloop
  endfacet
  facet normal 0 0 0
    outer loop
      vertex 8.455000 4.630880 3.549220
      vertex 8.455000 4.629130 3.550530
      vertex 10.855000 4.629130 3.550530
    endloop
  endfacet
  facet normal 0 0 0
    outer loop
      vertex 8.455000 4.630880 3.549220
      vertex 10.855000 4.629130 3.550530
      vertex 10.855000 4.630880 3.549220
    endloop
  endfacet
  facet normal 0 0 0
    outer loop
      vertex 8.455000 4.632550 3.547860
      vertex 8.455000 4.630880 3.549220
      vertex 10.855000 4.630880 3.549220
    endloop
  endfacet
  facet normal 0 0 0
    outer loop
      vertex 8.455000 4.632550 3.547860
      vertex 10.855000 4.630880 3.549220
      vertex 10.855000 4.632550 3.547860
    endloop
  endfacet
  facet normal 0 0 0
    outer loop
      vertex 8.455000 4.634130 3.546440
      vertex 8.455000 4.632550 3.547860
      vertex 10.855000 4.632550 3.547860
    endloop
  endfacet
  facet normal 0 0 0
    outer loop
      vertex 8.455000 4.634130 3.546440
      vertex 10.855000 4.632550 3.547860
      vertex 10.855000 4.634130 3.546440
    endloop
  endfacet
  facet normal 0 0 0
    outer loop
      vertex 8.455000 4.635620 3.544990
      vertex 8.455000 4.634130 3.546440
      vertex 10.855000 4.634130 3.546440
    endloop
  endfacet
  facet normal 0 0 0
    outer loop
      vertex 8.455000 4.635620 3.544990
      vertex 10.855000 4.635620 3.544990
      vertex 10.855000 4.637030 3.543500
    endloop
  endfacet
  facet normal 0 0 0
    outer loop
      vertex 8.455000 4.635620 3.544990
      vertex 10.855000 4.634130 3.546440
      vertex 10.855000 4.635620 3.544990
    endloop
  endfacet
  facet normal 0 0 0
    outer loop
      vertex 8.455000 4.637030 3.543500
      vertex 8.455000 4.635620 3.544990
      vertex 10.855000 4.637030 3.543500
    endloop
  endfacet
  facet normal 0 0 0
    outer loop
      vertex 8.455000 4.638350 3.541980
      vertex 8.455000 4.637030 3.543500
      vertex 10.855000 4.637030 3.543500
    endloop
  endfacet
  facet normal 0 0 0
    outer loop
      vertex 8.455000 4.638350 3.541980
      vertex 10.855000 4.637030 3.543500
      vertex 10.855000 4.638350 3.541980
    endloop
  endfacet
  facet normal 0 0 0
    outer loop
      vertex 8.455000 4.639590 3.540440
      vertex 8.455000 4.638350 3.541980
      vertex 10.855000 4.638350 3.541980
    endloop
  endfacet
  facet normal 0 0 0
    outer loop
      vertex 8.455000 4.639590 3.540440
      vertex 10.855000 4.639590 3.540440
      vertex 10.855000 4.640740 3.538880
    endloop
  endfacet
  facet normal 0 0 0
    outer loop
      vertex 8.455000 4.639590 3.540440
      vertex 10.855000 4.638350 3.541980
      vertex 10.855000 4.639590 3.540440
    endloop
  endfacet
  facet normal 0 0 0
    outer loop
      vertex 8.455000 4.640740 3.538880
      vertex 8.455000 4.639590 3.540440
      vertex 10.855000 4.640740 3.538880
    endloop
  endfacet
  facet normal 0 0 0
    outer loop
      vertex 8.455000 4.641820 3.537310
      vertex 8.455000 4.640740 3.538880
      vertex 10.855000 4.640740 3.538880
    endloop
  endfacet
  facet normal 0 0 0
    outer loop
      vertex 8.455000 4.641820 3.537310
      vertex 10.855000 4.641820 3.537310
      vertex 10.855000 4.642810 3.535740
    endloop
  endfacet
  facet normal 0 0 0
    outer loop
      vertex 8.455000 4.641820 3.537310
      vertex 10.855000 4.640740 3.538880
      vertex 10.855000 4.641820 3.537310
    endloop
  endfacet
  facet normal 0 0 0
    outer loop
      vertex 8.455000 4.642810 3.535740
      vertex 8.455000 4.641820 3.537310
      vertex 10.855000 4.642810 3.535740
    endloop
  endfacet
  facet normal 0 0 0
    outer loop
      vertex 8.455000 4.643720 3.534150
      vertex 8.455000 4.642810 3.535740
      vertex 10.855000 4.642810 3.535740
    endloop
  endfacet
  facet normal 0 0 0
    outer loop
      vertex 8.455000 4.643720 3.534150
      vertex 10.855000 4.643720 3.534150
      vertex 10.855000 4.644600 3.532510
    endloop
  endfacet
  facet normal 0 0 0
    outer loop
      vertex 8.455000 4.643720 3.534150
      vertex 10.855000 4.642810 3.535740
      vertex 10.855000 4.643720 3.534150
    endloop
  endfacet
  facet normal 0 0 0
    outer loop
      vertex 8.455000 4.644600 3.532510
      vertex 8.455000 4.643720 3.534150
      vertex 10.855000 4.644600 3.532510
    endloop
  endfacet
  facet normal 0 0 0
    outer loop
      vertex 8.455000 4.645420 3.530800
      vertex 8.455000 4.644600 3.532510
      vertex 10.855000 4.644600 3.532510
    endloop
  endfacet
  facet normal 0 0 0
    outer loop
      vertex 8.455000 4.645420 3.530800
      vertex 10.855000 4.645420 3.530800
      vertex 10.855000 4.646200 3.529030
    endloop
  endfacet
  facet normal 0 0 0
    outer loop
      vertex 8.455000 4.645420 3.530800
      vertex 10.855000 4.644600 3.532510
      vertex 10.855000 4.645420 3.530800
    endloop
  endfacet
  facet normal 0 0 0
    outer loop
      vertex 8.455000 4.646200 3.529030
      vertex 8.455000 4.645420 3.530800
      vertex 10.855000 4.646200 3.529030
    endloop
  endfacet
  facet normal 0 0 0
    outer loop
      vertex 8.455000 4.646200 3.529030
      vertex 10.855000 4.646200 3.529030
      vertex 10.855000 4.646920 3.527190
    endloop
  endfacet
  facet normal 0 0 0
    outer loop
      vertex 8.455000 4.646920 3.527190
      vertex 8.455000 4.646200 3.529030
      vertex 10.855000 4.646920 3.527190
    endloop
  endfacet
  facet normal 0 0 0
    outer loop
      vertex 8.455000 4.647570 3.525290
      vertex 8.455000 4.646920 3.527190
      vertex 10.855000 4.646920 3.527190
    endloop
  endfacet
  facet normal 0 0 0
    outer loop
      vertex 8.455000 4.647570 3.525290
      vertex 10.855000 4.647570 3.525290
      vertex 10.855000 4.648160 3.523330
    endloop
  endfacet
  facet normal 0 0 0
    outer loop
      vertex 8.455000 4.647570 3.525290
      vertex 10.855000 4.646920 3.527190
      vertex 10.855000 4.647570 3.525290
    endloop
  endfacet
  facet normal 0 0 0
    outer loop
      vertex 8.455000 4.648160 3.523330
      vertex 8.455000 4.647570 3.525290
      vertex 10.855000 4.648160 3.523330
    endloop
  endfacet
  facet normal 0 0 0
    outer loop
      vertex 8.455000 4.648680 3.521310
      vertex 8.455000 4.648160 3.523330
      vertex 10.855000 4.648160 3.523330
    endloop
  endfacet
  facet normal 0 0 0
    outer loop
      vertex 8.455000 4.648680 3.521310
      vertex 10.855000 4.648680 3.521310
      vertex 10.855000 4.649120 3.519240
    endloop
  endfacet
  facet normal 0 0 0
    outer loop
      vertex 8.455000 4.648680 3.521310
      vertex 10.855000 4.648160 3.523330
      vertex 10.855000 4.648680 3.521310
    endloop
  endfacet
  facet normal 0 0 0
    outer loop
      vertex 8.455000 4.649120 3.519240
      vertex 8.455000 4.648680 3.521310
      vertex 10.855000 4.649120 3.519240
    endloop
  endfacet
  facet normal 0 0 0
    outer loop
      vertex 8.455000 4.649480 3.517120
      vertex 8.455000 4.649120 3.519240
      vertex 10.855000 4.649120 3.519240
    endloop
  endfacet
  facet normal 0 0 0
    outer loop
      vertex 8.455000 4.649480 3.517120
      vertex 10.855000 4.649480 3.517120
      vertex 10.855000 4.649740 3.514950
    endloop
  endfacet
  facet normal 0 0 0
    outer loop
      vertex 8.455000 4.649480 3.517120
      vertex 10.855000 4.649120 3.519240
      vertex 10.855000 4.649480 3.517120
    endloop
  endfacet
  facet normal 0 0 0
    outer loop
      vertex 8.455000 4.649740 3.514950
      vertex 8.455000 4.649480 3.517120
      vertex 10.855000 4.649740 3.514950
    endloop
  endfacet
  facet normal 0 0 0
    outer loop
      vertex 8.455000 4.649920 3.512740
      vertex 10.855000 4.649740 3.514950
      vertex 10.855000 4.649920 3.512740
    endloop
  endfacet
  facet normal 0 0 0
    outer loop
      vertex 8.455000 4.649920 3.512740
      vertex 8.455000 4.649740 3.514950
      vertex 10.855000 4.649740 3.514950
    endloop
  endfacet
  facet normal 0 0 0
    outer loop
      vertex 8.455000 4.650000 3.510500
      vertex 10.855000 4.649920 3.512740
      vertex 10.855000 4.650000 3.510500
    endloop
  endfacet
  facet normal 0 0 0
    outer loop
      vertex 8.455000 4.650000 3.510500
      vertex 8.455000 4.649920 3.512740
      vertex 10.855000 4.649920 3.512740
    endloop
  endfacet
  facet normal 0 0 0
    outer loop
      vertex 8.455000 4.649970 3.508220
      vertex 10.855000 4.650000 3.510500
      vertex 10.855000 4.649970 3.508220
    endloop
  endfacet
  facet normal 0 0 0
    outer loop
      vertex 8.455000 4.649970 3.508220
      vertex 8.455000 4.650000 3.510500
      vertex 10.855000 4.650000 3.510500
    endloop
  endfacet
  facet normal 0 0 0
    outer loop
      vertex 8.455000 4.649840 3.505930
      vertex 10.855000 4.649840 3.505930
      vertex 10.855000 4.649600 3.503620
    endloop
  endfacet
  facet normal 0 0 0
    outer loop
      vertex 8.455000 4.649840 3.505930
      vertex 10.855000 4.649970 3.508220
      vertex 10.855000 4.649840 3.505930
    endloop
  endfacet
  facet normal 0 0 0
    outer loop
      vertex 8.455000 4.649840 3.505930
      vertex 8.455000 4.649970 3.508220
      vertex 10.855000 4.649970 3.508220
    endloop
  endfacet
  facet normal 0 0 0
    outer loop
      vertex 8.455000 4.649600 3.503620
      vertex 8.455000 4.649840 3.505930
      vertex 10.855000 4.649600 3.503620
    endloop
  endfacet
  facet normal 0 0 0
    outer loop
      vertex 8.455000 4.649600 3.503620
      vertex 10.855000 4.649600 3.503620
      vertex 10.855000 4.649250 3.501300
    endloop
  endfacet
  facet normal 0 0 0
    outer loop
      vertex 8.455000 4.649250 3.501300
      vertex 10.855000 4.649250 3.501300
      vertex 10.855000 4.648790 3.498980
    endloop
  endfacet
  facet normal 0 0 0
    outer loop
      vertex 8.455000 4.649250 3.501300
      vertex 8.455000 4.649600 3.503620
      vertex 10.855000 4.649250 3.501300
    endloop
  endfacet
  facet normal 0 0 0
    outer loop
      vertex 8.455000 4.648790 3.498980
      vertex 8.455000 4.649250 3.501300
      vertex 10.855000 4.648790 3.498980
    endloop
  endfacet
  facet normal 0 0 0
    outer loop
      vertex 8.455000 4.648220 3.496660
      vertex 8.455000 4.648790 3.498980
      vertex 10.855000 4.648790 3.498980
    endloop
  endfacet
  facet normal 0 0 0
    outer loop
      vertex 8.455000 4.648220 3.496660
      vertex 10.855000 4.648220 3.496660
      vertex 10.855000 4.647530 3.494370
    endloop
  endfacet
  facet normal 0 0 0
    outer loop
      vertex 8.455000 4.648220 3.496660
      vertex 10.855000 4.648790 3.498980
      vertex 10.855000 4.648220 3.496660
    endloop
  endfacet
  facet normal 0 0 0
    outer loop
      vertex 8.455000 4.647530 3.494370
      vertex 8.455000 4.648220 3.496660
      vertex 10.855000 4.647530 3.494370
    endloop
  endfacet
  facet normal 0 0 0
    outer loop
      vertex 8.455000 4.646720 3.492100
      vertex 10.855000 4.647530 3.494370
      vertex 10.855000 4.646720 3.492100
    endloop
  endfacet
  facet normal 0 0 0
    outer loop
      vertex 8.455000 4.646720 3.492100
      vertex 8.455000 4.647530 3.494370
      vertex 10.855000 4.647530 3.494370
    endloop
  endfacet
  facet normal 0 0 0
    outer loop
      vertex 8.455000 4.645810 3.489860
      vertex 8.455000 4.646720 3.492100
      vertex 10.855000 4.646720 3.492100
    endloop
  endfacet
  facet normal 0 0 0
    outer loop
      vertex 8.455000 4.645810 3.489860
      vertex 10.855000 4.646720 3.492100
      vertex 10.855000 4.645810 3.489860
    endloop
  endfacet
  facet normal 0 0 0
    outer loop
      vertex 8.455000 4.644780 3.487660
      vertex 8.455000 4.645810 3.489860
      vertex 10.855000 4.645810 3.489860
    endloop
  endfacet
  facet normal 0 0 0
    outer loop
      vertex 8.455000 4.644780 3.487660
      vertex 10.855000 4.644780 3.487660
      vertex 10.855000 4.643650 3.485510
    endloop
  endfacet
  facet normal 0 0 0
    outer loop
      vertex 8.455000 4.644780 3.487660
      vertex 10.855000 4.645810 3.489860
      vertex 10.855000 4.644780 3.487660
    endloop
  endfacet
  facet normal 0 0 0
    outer loop
      vertex 8.455000 4.643650 3.485510
      vertex 8.455000 4.644780 3.487660
      vertex 10.855000 4.643650 3.485510
    endloop
  endfacet
  facet normal 0 0 0
    outer loop
      vertex 8.455000 4.643650 3.485510
      vertex 10.855000 4.643650 3.485510
      vertex 10.855000 4.642410 3.483420
    endloop
  endfacet
  facet normal 0 0 0
    outer loop
      vertex 8.455000 4.642410 3.483420
      vertex 8.455000 4.643650 3.485510
      vertex 10.855000 4.642410 3.483420
    endloop
  endfacet
  facet normal 0 0 0
    outer loop
      vertex 8.455000 4.641080 3.481390
      vertex 10.855000 4.642410 3.483420
      vertex 10.855000 4.641080 3.481390
    endloop
  endfacet
  facet normal 0 0 0
    outer loop
      vertex 8.455000 4.641080 3.481390
      vertex 8.455000 4.642410 3.483420
      vertex 10.855000 4.642410 3.483420
    endloop
  endfacet
  facet normal 0 0 0
    outer loop
      vertex 8.455000 4.639650 3.479440
      vertex 8.455000 4.641080 3.481390
      vertex 10.855000 4.641080 3.481390
    endloop
  endfacet
  facet normal 0 0 0
    outer loop
      vertex 8.455000 4.639650 3.479440
      vertex 10.855000 4.641080 3.481390
      vertex 10.855000 4.639650 3.479440
    endloop
  endfacet
  facet normal 0 0 0
    outer loop
      vertex 8.455000 4.638130 3.477560
      vertex 8.455000 4.639650 3.479440
      vertex 10.855000 4.639650 3.479440
    endloop
  endfacet
  facet normal 0 0 0
    outer loop
      vertex 8.455000 4.638130 3.477560
      vertex 10.855000 4.638130 3.477560
      vertex 10.855000 4.636530 3.475760
    endloop
  endfacet
  facet normal 0 0 0
    outer loop
      vertex 8.455000 4.638130 3.477560
      vertex 10.855000 4.639650 3.479440
      vertex 10.855000 4.638130 3.477560
    endloop
  endfacet
  facet normal 0 0 0
    outer loop
      vertex 8.455000 4.636530 3.475760
      vertex 8.455000 4.638130 3.477560
      vertex 10.855000 4.636530 3.475760
    endloop
  endfacet
  facet normal 0 0 0
    outer loop
      vertex 8.455000 4.636530 3.475760
      vertex 10.855000 4.636530 3.475760
      vertex 10.855000 4.634860 3.474060
    endloop
  endfacet
  facet normal 0 0 0
    outer loop
      vertex 8.455000 4.634860 3.474060
      vertex 8.455000 4.636530 3.475760
      vertex 10.855000 4.634860 3.474060
    endloop
  endfacet
  facet normal 0 0 0
    outer loop
      vertex 8.455000 4.634860 3.474060
      vertex 10.855000 4.634860 3.474060
      vertex 10.855000 4.633120 3.472440
    endloop
  endfacet
  facet normal 0 0 0
    outer loop
      vertex 8.455000 4.633120 3.472440
      vertex 8.455000 4.634860 3.474060
      vertex 10.855000 4.633120 3.472440
    endloop
  endfacet
  facet normal 0 0 0
    outer loop
      vertex 8.455000 4.633120 3.472440
      vertex 10.855000 4.633120 3.472440
      vertex 10.855000 4.631310 3.470920
    endloop
  endfacet
  facet normal 0 0 0
    outer loop
      vertex 8.455000 4.631310 3.470920
      vertex 8.455000 4.633120 3.472440
      vertex 10.855000 4.631310 3.470920
    endloop
  endfacet
  facet normal 0 0 0
    outer loop
      vertex 8.455000 4.629460 3.469500
      vertex 10.855000 4.631310 3.470920
      vertex 10.855000 4.629460 3.469500
    endloop
  endfacet
  facet normal 0 0 0
    outer loop
      vertex 8.455000 4.629460 3.469500
      vertex 8.455000 4.631310 3.470920
      vertex 10.855000 4.631310 3.470920
    endloop
  endfacet
  facet normal 0 0 0
    outer loop
      vertex 8.455000 4.627560 3.468180
      vertex 8.455000 4.629460 3.469500
      vertex 10.855000 4.629460 3.469500
    endloop
  endfacet
  facet normal 0 0 0
    outer loop
      vertex 8.455000 4.627560 3.468180
      vertex 10.855000 4.627560 3.468180
      vertex 10.855000 4.625620 3.466960
    endloop
  endfacet
  facet normal 0 0 0
    outer loop
      vertex 8.455000 4.627560 3.468180
      vertex 10.855000 4.629460 3.469500
      vertex 10.855000 4.627560 3.468180
    endloop
  endfacet
  facet normal 0 0 0
    outer loop
      vertex 8.455000 4.625620 3.466960
      vertex 8.455000 4.627560 3.468180
      vertex 10.855000 4.625620 3.466960
    endloop
  endfacet
  facet normal 0 0 0
    outer loop
      vertex 8.455000 4.623650 3.465850
      vertex 8.455000 4.625620 3.466960
      vertex 10.855000 4.625620 3.466960
    endloop
  endfacet
  facet normal 0 0 0
    outer loop
      vertex 8.455000 4.623650 3.465850
      vertex 10.855000 4.623650 3.465850
      vertex 10.855000 4.621660 3.464840
    endloop
  endfacet
  facet normal 0 0 0
    outer loop
      vertex 8.455000 4.623650 3.465850
      vertex 10.855000 4.625620 3.466960
      vertex 10.855000 4.623650 3.465850
    endloop
  endfacet
  facet normal 0 0 0
    outer loop
      vertex 8.455000 4.621660 3.464840
      vertex 8.455000 4.623650 3.465850
      vertex 10.855000 4.621660 3.464840
    endloop
  endfacet
  facet normal 0 0 0
    outer loop
      vertex 8.455000 4.621660 3.464840
      vertex 10.855000 4.621660 3.464840
      vertex 10.855000 4.619660 3.463930
    endloop
  endfacet
  facet normal 0 0 0
    outer loop
      vertex 8.455000 4.619660 3.463930
      vertex 8.455000 4.621660 3.464840
      vertex 10.855000 4.619660 3.463930
    endloop
  endfacet
  facet normal 0 0 0
    outer loop
      vertex 8.455000 4.619660 3.463930
      vertex 10.855000 4.619660 3.463930
      vertex 10.855000 4.617640 3.463120
    endloop
  endfacet
  facet normal 0 0 0
    outer loop
      vertex 8.455000 4.617640 3.463120
      vertex 8.455000 4.619660 3.463930
      vertex 10.855000 4.617640 3.463120
    endloop
  endfacet
  facet normal 0 0 0
    outer loop
      vertex 8.455000 4.615630 3.462400
      vertex 8.455000 4.617640 3.463120
      vertex 10.855000 4.617640 3.463120
    endloop
  endfacet
  facet normal 0 0 0
    outer loop
      vertex 8.455000 4.615630 3.462400
      vertex 10.855000 4.617640 3.463120
      vertex 10.855000 4.615630 3.462400
    endloop
  endfacet
  facet normal 0 0 0
    outer loop
      vertex 8.455000 4.613610 3.461790
      vertex 8.455000 4.615630 3.462400
      vertex 10.855000 4.615630 3.462400
    endloop
  endfacet
  facet normal 0 0 0
    outer loop
      vertex 8.455000 4.613610 3.461790
      vertex 10.855000 4.615630 3.462400
      vertex 10.855000 4.613610 3.461790
    endloop
  endfacet
  facet normal 0 0 0
    outer loop
      vertex 8.455000 4.611610 3.461270
      vertex 8.455000 4.613610 3.461790
      vertex 10.855000 4.613610 3.461790
    endloop
  endfacet
  facet normal 0 0 0
    outer loop
      vertex 8.455000 4.611610 3.461270
      vertex 10.855000 4.613610 3.461790
      vertex 10.855000 4.611610 3.461270
    endloop
  endfacet
  facet normal 0 0 0
    outer loop
      vertex 8.455000 4.609410 3.460790
      vertex 8.455000 4.611610 3.461270
      vertex 10.855000 4.611610 3.461270
    endloop
  endfacet
  facet normal 0 0 0
    outer loop
      vertex 8.455000 4.609410 3.460790
      vertex 10.855000 4.611610 3.461270
      vertex 10.855000 4.609410 3.460790
    endloop
  endfacet
  facet normal 0 0 0
    outer loop
      vertex 8.455000 4.606990 3.460390
      vertex 8.455000 4.609410 3.460790
      vertex 10.855000 4.609410 3.460790
    endloop
  endfacet
  facet normal 0 0 0
    outer loop
      vertex 8.455000 4.606990 3.460390
      vertex 10.855000 4.606990 3.460390
      vertex 10.855000 4.604610 3.460110
    endloop
  endfacet
  facet normal 0 0 0
    outer loop
      vertex 8.455000 4.606990 3.460390
      vertex 10.855000 4.609410 3.460790
      vertex 10.855000 4.606990 3.460390
    endloop
  endfacet
  facet normal 0 0 0
    outer loop
      vertex 8.455000 4.604610 3.460110
      vertex 8.455000 4.606990 3.460390
      vertex 10.855000 4.604610 3.460110
    endloop
  endfacet
  facet normal 0 0 0
    outer loop
      vertex 8.455000 4.602280 3.459950
      vertex 10.855000 4.604610 3.460110
      vertex 10.855000 4.602280 3.459950
    endloop
  endfacet
  facet normal 0 0 0
    outer loop
      vertex 8.455000 4.602280 3.459950
      vertex 8.455000 4.604610 3.460110
      vertex 10.855000 4.604610 3.460110
    endloop
  endfacet
  facet normal 0 0 0
    outer loop
      vertex 8.455000 4.600000 3.459900
      vertex 10.855000 4.602280 3.459950
      vertex 10.855000 4.600000 3.459900
    endloop
  endfacet
  facet normal 0 0 0
    outer loop
      vertex 8.455000 4.600000 3.459900
      vertex 8.455000 4.602280 3.459950
      vertex 10.855000 4.602280 3.459950
    endloop
  endfacet
  facet normal 0 0 0
    outer loop
      vertex 8.455000 4.565050 3.545660
      vertex 8.455000 4.562240 3.542680
      vertex 8.455000 4.563600 3.544180
    endloop
  endfacet
  facet normal 0 0 0
    outer loop
      vertex 8.455000 4.566580 3.547090
      vertex 8.455000 4.568200 3.548490
      vertex 8.455000 4.565050 3.545660
    endloop
  endfacet
  facet normal 0 0 0
    outer loop
      vertex 8.455000 4.568200 3.548490
      vertex 8.455000 4.569910 3.549830
      vertex 8.455000 4.565050 3.545660
    endloop
  endfacet
  facet normal 0 0 0
    outer loop
      vertex 8.455000 4.569910 3.549830
      vertex 8.455000 4.571690 3.551110
      vertex 8.455000 4.565050 3.545660
    endloop
  endfacet
  facet normal 0 0 0
    outer loop
      vertex 8.455000 4.560970 3.541150
      vertex 8.455000 4.558660 3.538030
      vertex 8.455000 4.559770 3.539600
    endloop
  endfacet
  facet normal 0 0 0
    outer loop
      vertex 8.455000 4.560970 3.541150
      vertex 8.455000 4.555800 3.533270
      vertex 8.455000 4.558660 3.538030
    endloop
  endfacet
  facet normal 0 0 0
    outer loop
      vertex 8.455000 4.558660 3.538030
      vertex 8.455000 4.555800 3.533270
      vertex 8.455000 4.557640 3.536460
    endloop
  endfacet
  facet normal 0 0 0
    outer loop
      vertex 8.455000 4.557640 3.536460
      vertex 8.455000 4.555800 3.533270
      vertex 8.455000 4.556690 3.534880
    endloop
  endfacet
  facet normal 0 0 0
    outer loop
      vertex 8.455000 4.575500 3.553490
      vertex 8.455000 4.577520 3.554560
      vertex 8.455000 4.573560 3.552340
    endloop
  endfacet
  facet normal 0 0 0
    outer loop
      vertex 8.455000 4.573560 3.552340
      vertex 8.455000 4.577520 3.554560
      vertex 8.455000 4.571690 3.551110
    endloop
  endfacet
  facet normal 0 0 0
    outer loop
      vertex 8.455000 4.560970 3.541150
      vertex 8.455000 4.554950 3.531590
      vertex 8.455000 4.555800 3.533270
    endloop
  endfacet
  facet normal 0 0 0
    outer loop
      vertex 8.455000 4.577520 3.554560
      vertex 8.455000 4.579610 3.555550
      vertex 8.455000 4.571690 3.551110
    endloop
  endfacet
  facet normal 0 0 0
    outer loop
      vertex 8.455000 4.560970 3.541150
      vertex 8.455000 4.554150 3.529850
      vertex 8.455000 4.554950 3.531590
    endloop
  endfacet
  facet normal 0 0 0
    outer loop
      vertex 8.455000 4.560970 3.541150
      vertex 8.455000 4.553410 3.528040
      vertex 8.455000 4.554150 3.529850
    endloop
  endfacet
  facet normal 0 0 0
    outer loop
      vertex 8.455000 4.562240 3.542680
      vertex 8.455000 4.553410 3.528040
      vertex 8.455000 4.560970 3.541150
    endloop
  endfacet
  facet normal 0 0 0
    outer loop
      vertex 8.455000 4.562240 3.542680
      vertex 8.455000 4.552720 3.526160
      vertex 8.455000 4.553410 3.528040
    endloop
  endfacet
  facet normal 0 0 0
    outer loop
      vertex 8.455000 4.581770 3.556460
      vertex 8.455000 4.583980 3.557260
      vertex 8.455000 4.579610 3.555550
    endloop
  endfacet
  facet normal 0 0 0
    outer loop
      vertex 8.455000 4.565050 3.545660
      vertex 8.455000 4.551550 3.522240
      vertex 8.455000 4.562240 3.542680
    endloop
  endfacet
  facet normal 0 0 0
    outer loop
      vertex 8.455000 4.562240 3.542680
      vertex 8.455000 4.551550 3.522240
      vertex 8.455000 4.552720 3.526160
    endloop
  endfacet
  facet normal 0 0 0
    outer loop
      vertex 8.455000 4.552720 3.526160
      vertex 8.455000 4.551550 3.522240
      vertex 8.455000 4.552100 3.524230
    endloop
  endfacet
  facet normal 0 0 0
    outer loop
      vertex 8.455000 4.586250 3.557970
      vertex 8.455000 4.588560 3.558570
      vertex 8.455000 4.583980 3.557260
    endloop
  endfacet
  facet normal 0 0 0
    outer loop
      vertex 8.455000 4.565050 3.545660
      vertex 8.455000 4.551070 3.520190
      vertex 8.455000 4.551550 3.522240
    endloop
  endfacet
  facet normal 0 0 0
    outer loop
      vertex 8.455000 4.551070 3.520190
      vertex 8.455000 4.550370 3.515940
      vertex 8.455000 4.550680 3.518090
    endloop
  endfacet
  facet normal 0 0 0
    outer loop
      vertex 8.455000 4.550370 3.515940
      vertex 8.455000 4.550030 3.511530
      vertex 8.455000 4.550150 3.513750
    endloop
  endfacet
  facet normal 0 0 0
    outer loop
      vertex 8.455000 4.571690 3.551110
      vertex 8.455000 4.550030 3.511530
      vertex 8.455000 4.565050 3.545660
    endloop
  endfacet
  facet normal 0 0 0
    outer loop
      vertex 8.455000 4.565050 3.545660
      vertex 8.455000 4.550030 3.511530
      vertex 8.455000 4.551070 3.520190
    endloop
  endfacet
  facet normal 0 0 0
    outer loop
      vertex 8.455000 4.551070 3.520190
      vertex 8.455000 4.550030 3.511530
      vertex 8.455000 4.550370 3.515940
    endloop
  endfacet
  facet normal 0 0 0
    outer loop
      vertex 8.455000 4.598130 3.559860
      vertex 8.455000 4.600560 3.559900
      vertex 8.455000 4.595700 3.559720
    endloop
  endfacet
  facet normal 0 0 0
    outer loop
      vertex 8.455000 4.550030 3.511530
      vertex 8.455000 4.550270 3.504670
      vertex 8.455000 4.550000 3.509260
    endloop
  endfacet
  facet normal 0 0 0
    outer loop
      vertex 8.455000 4.550000 3.509260
      vertex 8.455000 4.550270 3.504670
      vertex 8.455000 4.550090 3.506980
    endloop
  endfacet
  facet normal 0 0 0
    outer loop
      vertex 8.455000 4.602980 3.559810
      vertex 8.455000 4.605400 3.559610
      vertex 8.455000 4.600560 3.559900
    endloop
  endfacet
  facet normal 0 0 0
    outer loop
      vertex 8.455000 4.550270 3.504670
      vertex 8.455000 4.551510 3.497720
      vertex 8.455000 4.550570 3.502360
    endloop
  endfacet
  facet normal 0 0 0
    outer loop
      vertex 8.455000 4.550570 3.502360
      vertex 8.455000 4.551510 3.497720
      vertex 8.455000 4.550980 3.500040
    endloop
  endfacet
  facet normal 0 0 0
    outer loop
      vertex 8.455000 4.550030 3.511530
      vertex 8.455000 4.551510 3.497720
      vertex 8.455000 4.550270 3.504670
    endloop
  endfacet
  facet normal 0 0 0
    outer loop
      vertex 8.455000 4.610170 3.558860
      vertex 8.455000 4.612500 3.558310
      vertex 8.455000 4.607800 3.559290
    endloop
  endfacet
  facet normal 0 0 0
    outer loop
      vertex 8.455000 4.571690 3.551110
      vertex 8.455000 4.552140 3.495420
      vertex 8.455000 4.550030 3.511530
    endloop
  endfacet
  facet normal 0 0 0
    outer loop
      vertex 8.455000 4.550030 3.511530
      vertex 8.455000 4.552140 3.495420
      vertex 8.455000 4.551510 3.497720
    endloop
  endfacet
  facet normal 0 0 0
    outer loop
      vertex 8.455000 4.579610 3.555550
      vertex 8.455000 4.552140 3.495420
      vertex 8.455000 4.571690 3.551110
    endloop
  endfacet
  facet normal 0 0 0
    outer loop
      vertex 8.455000 4.552140 3.495420
      vertex 8.455000 4.554740 3.488660
      vertex 8.455000 4.552900 3.493130
    endloop
  endfacet
  facet normal 0 0 0
    outer loop
      vertex 8.455000 4.552900 3.493130
      vertex 8.455000 4.554740 3.488660
      vertex 8.455000 4.553760 3.490880
    endloop
  endfacet
  facet normal 0 0 0
    outer loop
      vertex 8.455000 4.579610 3.555550
      vertex 8.455000 4.554740 3.488660
      vertex 8.455000 4.552140 3.495420
    endloop
  endfacet
  facet normal 0 0 0
    outer loop
      vertex 8.455000 4.612500 3.558310
      vertex 8.455000 4.621350 3.555110
      vertex 8.455000 4.607800 3.559290
    endloop
  endfacet
  facet normal 0 0 0
    outer loop
      vertex 8.455000 4.619230 3.556060
      vertex 8.455000 4.621350 3.555110
      vertex 8.455000 4.617040 3.556910
    endloop
  endfacet
  facet normal 0 0 0
    outer loop
      vertex 8.455000 4.617040 3.556910
      vertex 8.455000 4.621350 3.555110
      vertex 8.455000 4.614800 3.557660
    endloop
  endfacet
  facet normal 0 0 0
    outer loop
      vertex 8.455000 4.614800 3.557660
      vertex 8.455000 4.621350 3.555110
      vertex 8.455000 4.612500 3.558310
    endloop
  endfacet
  facet normal 0 0 0
    outer loop
      vertex 8.455000 4.607800 3.559290
      vertex 8.455000 4.621350 3.555110
      vertex 8.455000 4.605400 3.559610
    endloop
  endfacet
  facet normal 0 0 0
    outer loop
      vertex 8.455000 4.621350 3.555110
      vertex 8.455000 4.623410 3.554080
      vertex 8.455000 4.605400 3.559610
    endloop
  endfacet
  facet normal 0 0 0
    outer loop
      vertex 8.455000 4.627300 3.551790
      vertex 8.455000 4.629130 3.550530
      vertex 8.455000 4.625390 3.552970
    endloop
  endfacet
  facet normal 0 0 0
    outer loop
      vertex 8.455000 4.625390 3.552970
      vertex 8.455000 4.630880 3.549220
      vertex 8.455000 4.623410 3.554080
    endloop
  endfacet
  facet normal 0 0 0
    outer loop
      vertex 8.455000 4.629130 3.550530
      vertex 8.455000 4.630880 3.549220
      vertex 8.455000 4.625390 3.552970
    endloop
  endfacet
  facet normal 0 0 0
    outer loop
      vertex 8.455000 4.554740 3.488660
      vertex 8.455000 4.561160 3.478410
      vertex 8.455000 4.555820 3.486490
    endloop
  endfacet
  facet normal 0 0 0
    outer loop
      vertex 8.455000 4.555820 3.486490
      vertex 8.455000 4.561160 3.478410
      vertex 8.455000 4.557010 3.484370
    endloop
  endfacet
  facet normal 0 0 0
    outer loop
      vertex 8.455000 4.557010 3.484370
      vertex 8.455000 4.561160 3.478410
      vertex 8.455000 4.558300 3.482310
    endloop
  endfacet
  facet normal 0 0 0
    outer loop
      vertex 8.455000 4.558300 3.482310
      vertex 8.455000 4.561160 3.478410
      vertex 8.455000 4.559690 3.480320
    endloop
  endfacet
  facet normal 0 0 0
    outer loop
      vertex 8.455000 4.579610 3.555550
      vertex 8.455000 4.561160 3.478410
      vertex 8.455000 4.554740 3.488660
    endloop
  endfacet
  facet normal 0 0 0
    outer loop
      vertex 8.455000 4.579610 3.555550
      vertex 8.455000 4.562730 3.476570
      vertex 8.455000 4.561160 3.478410
    endloop
  endfacet
  facet normal 0 0 0
    outer loop
      vertex 8.455000 4.583980 3.557260
      vertex 8.455000 4.562730 3.476570
      vertex 8.455000 4.579610 3.555550
    endloop
  endfacet
  facet normal 0 0 0
    outer loop
      vertex 8.455000 4.632550 3.547860
      vertex 8.455000 4.634130 3.546440
      vertex 8.455000 4.630880 3.549220
    endloop
  endfacet
  facet normal 0 0 0
    outer loop
      vertex 8.455000 4.562730 3.476570
      vertex 8.455000 4.566080 3.473170
      vertex 8.455000 4.564370 3.474820
    endloop
  endfacet
  facet normal 0 0 0
    outer loop
      vertex 8.455000 4.583980 3.557260
      vertex 8.455000 4.566080 3.473170
      vertex 8.455000 4.562730 3.476570
    endloop
  endfacet
  facet normal 0 0 0
    outer loop
      vertex 8.455000 4.588560 3.558570
      vertex 8.455000 4.566080 3.473170
      vertex 8.455000 4.583980 3.557260
    endloop
  endfacet
  facet normal 0 0 0
    outer loop
      vertex 8.455000 4.635620 3.544990
      vertex 8.455000 4.637030 3.543500
      vertex 8.455000 4.634130 3.546440
    endloop
  endfacet
  facet normal 0 0 0
    outer loop
      vertex 8.455000 4.634130 3.546440
      vertex 8.455000 4.637030 3.543500
      vertex 8.455000 4.630880 3.549220
    endloop
  endfacet
  facet normal 0 0 0
    outer loop
      vertex 8.455000 4.638350 3.541980
      vertex 8.455000 4.639590 3.540440
      vertex 8.455000 4.637030 3.543500
    endloop
  endfacet
  facet normal 0 0 0
    outer loop
      vertex 8.455000 4.566080 3.473170
      vertex 8.455000 4.569690 3.470140
      vertex 8.455000 4.567850 3.471600
    endloop
  endfacet
  facet normal 0 0 0
    outer loop
      vertex 8.455000 4.588560 3.558570
      vertex 8.455000 4.569690 3.470140
      vertex 8.455000 4.566080 3.473170
    endloop
  endfacet
  facet normal 0 0 0
    outer loop
      vertex 8.455000 4.639590 3.540440
      vertex 8.455000 4.640740 3.538880
      vertex 8.455000 4.637030 3.543500
    endloop
  endfacet
  facet normal 0 0 0
    outer loop
      vertex 8.455000 4.569690 3.470140
      vertex 8.455000 4.573490 3.467510
      vertex 8.455000 4.571570 3.468770
    endloop
  endfacet
  facet normal 0 0 0
    outer loop
      vertex 8.455000 4.593300 3.559450
      vertex 8.455000 4.573490 3.467510
      vertex 8.455000 4.590910 3.559070
    endloop
  endfacet
  facet normal 0 0 0
    outer loop
      vertex 8.455000 4.590910 3.559070
      vertex 8.455000 4.573490 3.467510
      vertex 8.455000 4.588560 3.558570
    endloop
  endfacet
  facet normal 0 0 0
    outer loop
      vertex 8.455000 4.588560 3.558570
      vertex 8.455000 4.573490 3.467510
      vertex 8.455000 4.569690 3.470140
    endloop
  endfacet
  facet normal 0 0 0
    outer loop
      vertex 8.455000 4.641820 3.537310
      vertex 8.455000 4.642810 3.535740
      vertex 8.455000 4.640740 3.538880
    endloop
  endfacet
  facet normal 0 0 0
    outer loop
      vertex 8.455000 4.593300 3.559450
      vertex 8.455000 4.575450 3.466340
      vertex 8.455000 4.573490 3.467510
    endloop
  endfacet
  facet normal 0 0 0
    outer loop
      vertex 8.455000 4.642810 3.535740
      vertex 8.455000 4.643720 3.534150
      vertex 8.455000 4.640740 3.538880
    endloop
  endfacet
  facet normal 0 0 0
    outer loop
      vertex 8.455000 4.643720 3.534150
      vertex 8.455000 4.645420 3.530800
      vertex 8.455000 4.640740 3.538880
    endloop
  endfacet
  facet normal 0 0 0
    outer loop
      vertex 8.455000 4.630880 3.549220
      vertex 8.455000 4.645420 3.530800
      vertex 8.455000 4.623410 3.554080
    endloop
  endfacet
  facet normal 0 0 0
    outer loop
      vertex 8.455000 4.644600 3.532510
      vertex 8.455000 4.645420 3.530800
      vertex 8.455000 4.643720 3.534150
    endloop
  endfacet
  facet normal 0 0 0
    outer loop
      vertex 8.455000 4.637030 3.543500
      vertex 8.455000 4.645420 3.530800
      vertex 8.455000 4.630880 3.549220
    endloop
  endfacet
  facet normal 0 0 0
    outer loop
      vertex 8.455000 4.640740 3.538880
      vertex 8.455000 4.645420 3.530800
      vertex 8.455000 4.637030 3.543500
    endloop
  endfacet
  facet normal 0 0 0
    outer loop
      vertex 8.455000 4.575450 3.466340
      vertex 8.455000 4.579430 3.464330
      vertex 8.455000 4.577430 3.465290
    endloop
  endfacet
  facet normal 0 0 0
    outer loop
      vertex 8.455000 4.645420 3.530800
      vertex 8.455000 4.646200 3.529030
      vertex 8.455000 4.623410 3.554080
    endloop
  endfacet
  facet normal 0 0 0
    outer loop
      vertex 8.455000 4.593300 3.559450
      vertex 8.455000 4.585470 3.462060
      vertex 8.455000 4.575450 3.466340
    endloop
  endfacet
  facet normal 0 0 0
    outer loop
      vertex 8.455000 4.600560 3.559900
      vertex 8.455000 4.585470 3.462060
      vertex 8.455000 4.595700 3.559720
    endloop
  endfacet
  facet normal 0 0 0
    outer loop
      vertex 8.455000 4.579430 3.464330
      vertex 8.455000 4.585470 3.462060
      vertex 8.455000 4.581440 3.463470
    endloop
  endfacet
  facet normal 0 0 0
    outer loop
      vertex 8.455000 4.581440 3.463470
      vertex 8.455000 4.585470 3.462060
      vertex 8.455000 4.583450 3.462720
    endloop
  endfacet
  facet normal 0 0 0
    outer loop
      vertex 8.455000 4.595700 3.559720
      vertex 8.455000 4.585470 3.462060
      vertex 8.455000 4.593300 3.559450
    endloop
  endfacet
  facet normal 0 0 0
    outer loop
      vertex 8.455000 4.575450 3.466340
      vertex 8.455000 4.585470 3.462060
      vertex 8.455000 4.579430 3.464330
    endloop
  endfacet
  facet normal 0 0 0
    outer loop
      vertex 8.455000 4.647570 3.525290
      vertex 8.455000 4.648160 3.523330
      vertex 8.455000 4.646920 3.527190
    endloop
  endfacet
  facet normal 0 0 0
    outer loop
      vertex 8.455000 4.646920 3.527190
      vertex 8.455000 4.648160 3.523330
      vertex 8.455000 4.646200 3.529030
    endloop
  endfacet
  facet normal 0 0 0
    outer loop
      vertex 8.455000 4.646200 3.529030
      vertex 8.455000 4.648680 3.521310
      vertex 8.455000 4.623410 3.554080
    endloop
  endfacet
  facet normal 0 0 0
    outer loop
      vertex 8.455000 4.648160 3.523330
      vertex 8.455000 4.648680 3.521310
      vertex 8.455000 4.646200 3.529030
    endloop
  endfacet
  facet normal 0 0 0
    outer loop
      vertex 8.455000 4.585470 3.462060
      vertex 8.455000 4.591440 3.460640
      vertex 8.455000 4.587470 3.461490
    endloop
  endfacet
  facet normal 0 0 0
    outer loop
      vertex 8.455000 4.587470 3.461490
      vertex 8.455000 4.591440 3.460640
      vertex 8.455000 4.589470 3.461020
    endloop
  endfacet
  facet normal 0 0 0
    outer loop
      vertex 8.455000 4.649120 3.519240
      vertex 8.455000 4.649480 3.517120
      vertex 8.455000 4.648680 3.521310
    endloop
  endfacet
  facet normal 0 0 0
    outer loop
      vertex 8.455000 4.585470 3.462060
      vertex 8.455000 4.593390 3.460340
      vertex 8.455000 4.591440 3.460640
    endloop
  endfacet
  facet normal 0 0 0
    outer loop
      vertex 8.455000 4.600560 3.559900
      vertex 8.455000 4.593390 3.460340
      vertex 8.455000 4.585470 3.462060
    endloop
  endfacet
  facet normal 0 0 0
    outer loop
      vertex 8.455000 4.593390 3.460340
      vertex 8.455000 4.597210 3.459980
      vertex 8.455000 4.595320 3.460120
    endloop
  endfacet
  facet normal 0 0 0
    outer loop
      vertex 8.455000 4.649480 3.517120
      vertex 8.455000 4.650000 3.510500
      vertex 8.455000 4.648680 3.521310
    endloop
  endfacet
  facet normal 0 0 0
    outer loop
      vertex 8.455000 4.649920 3.512740
      vertex 8.455000 4.650000 3.510500
      vertex 8.455000 4.649740 3.514950
    endloop
  endfacet
  facet normal 0 0 0
    outer loop
      vertex 8.455000 4.649740 3.514950
      vertex 8.455000 4.650000 3.510500
      vertex 8.455000 4.649480 3.517120
    endloop
  endfacet
  facet normal 0 0 0
    outer loop
      vertex 8.455000 4.597210 3.459980
      vertex 8.455000 4.600000 3.459900
      vertex 8.455000 4.598620 3.459920
    endloop
  endfacet
  facet normal 0 0 0
    outer loop
      vertex 8.455000 4.593390 3.460340
      vertex 8.455000 4.600000 3.459900
      vertex 8.455000 4.597210 3.459980
    endloop
  endfacet
  facet normal 0 0 0
    outer loop
      vertex 8.455000 4.600000 3.459900
      vertex 8.455000 4.604610 3.460110
      vertex 8.455000 4.602280 3.459950
    endloop
  endfacet
  facet normal 0 0 0
    outer loop
      vertex 8.455000 4.600560 3.559900
      vertex 8.455000 4.604610 3.460110
      vertex 8.455000 4.593390 3.460340
    endloop
  endfacet
  facet normal 0 0 0
    outer loop
      vertex 8.455000 4.593390 3.460340
      vertex 8.455000 4.604610 3.460110
      vertex 8.455000 4.600000 3.459900
    endloop
  endfacet
  facet normal 0 0 0
    outer loop
      vertex 8.455000 4.649600 3.503620
      vertex 8.455000 4.649250 3.501300
      vertex 8.455000 4.649840 3.505930
    endloop
  endfacet
  facet normal 0 0 0
    outer loop
      vertex 8.455000 4.649840 3.505930
      vertex 8.455000 4.649250 3.501300
      vertex 8.455000 4.649970 3.508220
    endloop
  endfacet
  facet normal 0 0 0
    outer loop
      vertex 8.455000 4.649970 3.508220
      vertex 8.455000 4.649250 3.501300
      vertex 8.455000 4.650000 3.510500
    endloop
  endfacet
  facet normal 0 0 0
    outer loop
      vertex 8.455000 4.604610 3.460110
      vertex 8.455000 4.609410 3.460790
      vertex 8.455000 4.606990 3.460390
    endloop
  endfacet
  facet normal 0 0 0
    outer loop
      vertex 8.455000 4.605400 3.559610
      vertex 8.455000 4.609410 3.460790
      vertex 8.455000 4.600560 3.559900
    endloop
  endfacet
  facet normal 0 0 0
    outer loop
      vertex 8.455000 4.600560 3.559900
      vertex 8.455000 4.609410 3.460790
      vertex 8.455000 4.604610 3.460110
    endloop
  endfacet
  facet normal 0 0 0
    outer loop
      vertex 8.455000 4.648790 3.498980
      vertex 8.455000 4.648220 3.496660
      vertex 8.455000 4.649250 3.501300
    endloop
  endfacet
  facet normal 0 0 0
    outer loop
      vertex 8.455000 4.648680 3.521310
      vertex 8.455000 4.648220 3.496660
      vertex 8.455000 4.623410 3.554080
    endloop
  endfacet
  facet normal 0 0 0
    outer loop
      vertex 8.455000 4.650000 3.510500
      vertex 8.455000 4.648220 3.496660
      vertex 8.455000 4.648680 3.521310
    endloop
  endfacet
  facet normal 0 0 0
    outer loop
      vertex 8.455000 4.649250 3.501300
      vertex 8.455000 4.648220 3.496660
      vertex 8.455000 4.650000 3.510500
    endloop
  endfacet
  facet normal 0 0 0
    outer loop
      vertex 8.455000 4.609410 3.460790
      vertex 8.455000 4.613610 3.461790
      vertex 8.455000 4.611610 3.461270
    endloop
  endfacet
  facet normal 0 0 0
    outer loop
      vertex 8.455000 4.647530 3.494370
      vertex 8.455000 4.646720 3.492100
      vertex 8.455000 4.648220 3.496660
    endloop
  endfacet
  facet normal 0 0 0
    outer loop
      vertex 8.455000 4.613610 3.461790
      vertex 8.455000 4.619660 3.463930
      vertex 8.455000 4.615630 3.462400
    endloop
  endfacet
  facet normal 0 0 0
    outer loop
      vertex 8.455000 4.615630 3.462400
      vertex 8.455000 4.619660 3.463930
      vertex 8.455000 4.617640 3.463120
    endloop
  endfacet
  facet normal 0 0 0
    outer loop
      vertex 8.455000 4.646720 3.492100
      vertex 8.455000 4.645810 3.489860
      vertex 8.455000 4.648220 3.496660
    endloop
  endfacet
  facet normal 0 0 0
    outer loop
      vertex 8.455000 4.648220 3.496660
      vertex 8.455000 4.644780 3.487660
      vertex 8.455000 4.623410 3.554080
    endloop
  endfacet
  facet normal 0 0 0
    outer loop
      vertex 8.455000 4.645810 3.489860
      vertex 8.455000 4.644780 3.487660
      vertex 8.455000 4.648220 3.496660
    endloop
  endfacet
  facet normal 0 0 0
    outer loop
      vertex 8.455000 4.619660 3.463930
      vertex 8.455000 4.623650 3.465850
      vertex 8.455000 4.621660 3.464840
    endloop
  endfacet
  facet normal 0 0 0
    outer loop
      vertex 8.455000 4.613610 3.461790
      vertex 8.455000 4.623650 3.465850
      vertex 8.455000 4.619660 3.463930
    endloop
  endfacet
  facet normal 0 0 0
    outer loop
      vertex 8.455000 4.613610 3.461790
      vertex 8.455000 4.625620 3.466960
      vertex 8.455000 4.623650 3.465850
    endloop
  endfacet
  facet normal 0 0 0
    outer loop
      vertex 8.455000 4.642410 3.483420
      vertex 8.455000 4.641080 3.481390
      vertex 8.455000 4.643650 3.485510
    endloop
  endfacet
  facet normal 0 0 0
    outer loop
      vertex 8.455000 4.643650 3.485510
      vertex 8.455000 4.641080 3.481390
      vertex 8.455000 4.644780 3.487660
    endloop
  endfacet
  facet normal 0 0 0
    outer loop
      vertex 8.455000 4.613610 3.461790
      vertex 8.455000 4.629460 3.469500
      vertex 8.455000 4.625620 3.466960
    endloop
  endfacet
  facet normal 0 0 0
    outer loop
      vertex 8.455000 4.625620 3.466960
      vertex 8.455000 4.629460 3.469500
      vertex 8.455000 4.627560 3.468180
    endloop
  endfacet
  facet normal 0 0 0
    outer loop
      vertex 8.455000 4.609410 3.460790
      vertex 8.455000 4.629460 3.469500
      vertex 8.455000 4.613610 3.461790
    endloop
  endfacet
  facet normal 0 0 0
    outer loop
      vertex 8.455000 4.641080 3.481390
      vertex 8.455000 4.639650 3.479440
      vertex 8.455000 4.644780 3.487660
    endloop
  endfacet
  facet normal 0 0 0
    outer loop
      vertex 8.455000 4.609410 3.460790
      vertex 8.455000 4.631310 3.470920
      vertex 8.455000 4.629460 3.469500
    endloop
  endfacet
  facet normal 0 0 0
    outer loop
      vertex 8.455000 4.605400 3.559610
      vertex 8.455000 4.631310 3.470920
      vertex 8.455000 4.609410 3.460790
    endloop
  endfacet
  facet normal 0 0 0
    outer loop
      vertex 8.455000 4.639650 3.479440
      vertex 8.455000 4.634860 3.474060
      vertex 8.455000 4.644780 3.487660
    endloop
  endfacet
  facet normal 0 0 0
    outer loop
      vertex 8.455000 4.631310 3.470920
      vertex 8.455000 4.634860 3.474060
      vertex 8.455000 4.633120 3.472440
    endloop
  endfacet
  facet normal 0 0 0
    outer loop
      vertex 8.455000 4.605400 3.559610
      vertex 8.455000 4.634860 3.474060
      vertex 8.455000 4.631310 3.470920
    endloop
  endfacet
  facet normal 0 0 0
    outer loop
      vertex 8.455000 4.636530 3.475760
      vertex 8.455000 4.634860 3.474060
      vertex 8.455000 4.638130 3.477560
    endloop
  endfacet
  facet normal 0 0 0
    outer loop
      vertex 8.455000 4.638130 3.477560
      vertex 8.455000 4.634860 3.474060
      vertex 8.455000 4.639650 3.479440
    endloop
  endfacet
  facet normal 0 0 0
    outer loop
      vertex 8.455000 4.623410 3.554080
      vertex 8.455000 4.634860 3.474060
      vertex 8.455000 4.605400 3.559610
    endloop
  endfacet
  facet normal 0 0 0
    outer loop
      vertex 8.455000 4.644780 3.487660
      vertex 8.455000 4.634860 3.474060
      vertex 8.455000 4.623410 3.554080
    endloop
  endfacet
  facet normal 0 0 0
    outer loop
      vertex 10.855000 4.562240 3.542680
      vertex 10.855000 4.565050 3.545660
      vertex 10.855000 4.563600 3.544180
    endloop
  endfacet
  facet normal 0 0 0
    outer loop
      vertex 10.855000 4.557640 3.536460
      vertex 10.855000 4.559770 3.539600
      vertex 10.855000 4.558660 3.538030
    endloop
  endfacet
  facet normal 0 0 0
    outer loop
      vertex 10.855000 4.573560 3.552340
      vertex 10.855000 4.571690 3.551110
      vertex 10.855000 4.569910 3.549830
    endloop
  endfacet
  facet normal 0 0 0
    outer loop
      vertex 10.855000 4.556690 3.534880
      vertex 10.855000 4.559770 3.539600
      vertex 10.855000 4.557640 3.536460
    endloop
  endfacet
  facet normal 0 0 0
    outer loop
      vertex 10.855000 4.577520 3.554560
      vertex 10.855000 4.575500 3.553490
      vertex 10.855000 4.573560 3.552340
    endloop
  endfacet
  facet normal 0 0 0
    outer loop
      vertex 10.855000 4.554950 3.531590
      vertex 10.855000 4.559770 3.539600
      vertex 10.855000 4.556690 3.534880
    endloop
  endfacet
  facet normal 0 0 0
    outer loop
      vertex 10.855000 4.554950 3.531590
      vertex 10.855000 4.556690 3.534880
      vertex 10.855000 4.555800 3.533270
    endloop
  endfacet
  facet normal 0 0 0
    outer loop
      vertex 10.855000 4.581770 3.556460
      vertex 10.855000 4.579610 3.555550
      vertex 10.855000 4.577520 3.554560
    endloop
  endfacet
  facet normal 0 0 0
    outer loop
      vertex 10.855000 4.552720 3.526160
      vertex 10.855000 4.559770 3.539600
      vertex 10.855000 4.554950 3.531590
    endloop
  endfacet
  facet normal 0 0 0
    outer loop
      vertex 10.855000 4.552720 3.526160
      vertex 10.855000 4.554950 3.531590
      vertex 10.855000 4.554150 3.529850
    endloop
  endfacet
  facet normal 0 0 0
    outer loop
      vertex 10.855000 4.552720 3.526160
      vertex 10.855000 4.554150 3.529850
      vertex 10.855000 4.553410 3.528040
    endloop
  endfacet
  facet normal 0 0 0
    outer loop
      vertex 10.855000 4.551550 3.522240
      vertex 10.855000 4.559770 3.539600
      vertex 10.855000 4.552720 3.526160
    endloop
  endfacet
  facet normal 0 0 0
    outer loop
      vertex 10.855000 4.551550 3.522240
      vertex 10.855000 4.562240 3.542680
      vertex 10.855000 4.560970 3.541150
    endloop
  endfacet
  facet normal 0 0 0
    outer loop
      vertex 10.855000 4.551550 3.522240
      vertex 10.855000 4.560970 3.541150
      vertex 10.855000 4.559770 3.539600
    endloop
  endfacet
  facet normal 0 0 0
    outer loop
      vertex 10.855000 4.551550 3.522240
      vertex 10.855000 4.552720 3.526160
      vertex 10.855000 4.552100 3.524230
    endloop
  endfacet
  facet normal 0 0 0
    outer loop
      vertex 10.855000 4.588560 3.558570
      vertex 10.855000 4.586250 3.557970
      vertex 10.855000 4.583980 3.557260
    endloop
  endfacet
  facet normal 0 0 0
    outer loop
      vertex 10.855000 4.588560 3.558570
      vertex 10.855000 4.583980 3.557260
      vertex 10.855000 4.581770 3.556460
    endloop
  endfacet
  facet normal 0 0 0
    outer loop
      vertex 10.855000 4.588560 3.558570
      vertex 10.855000 4.581770 3.556460
      vertex 10.855000 4.577520 3.554560
    endloop
  endfacet
  facet normal 0 0 0
    outer loop
      vertex 10.855000 4.550680 3.518090
      vertex 10.855000 4.551550 3.522240
      vertex 10.855000 4.551070 3.520190
    endloop
  endfacet
  facet normal 0 0 0
    outer loop
      vertex 10.855000 4.550370 3.515940
      vertex 10.855000 4.565050 3.545660
      vertex 10.855000 4.562240 3.542680
    endloop
  endfacet
  facet normal 0 0 0
    outer loop
      vertex 10.855000 4.550370 3.515940
      vertex 10.855000 4.562240 3.542680
      vertex 10.855000 4.551550 3.522240
    endloop
  endfacet
  facet normal 0 0 0
    outer loop
      vertex 10.855000 4.550370 3.515940
      vertex 10.855000 4.551550 3.522240
      vertex 10.855000 4.550680 3.518090
    endloop
  endfacet
  facet normal 0 0 0
    outer loop
      vertex 10.855000 4.550150 3.513750
      vertex 10.855000 4.565050 3.545660
      vertex 10.855000 4.550370 3.515940
    endloop
  endfacet
  facet normal 0 0 0
    outer loop
      vertex 10.855000 4.550150 3.513750
      vertex 10.855000 4.568200 3.548490
      vertex 10.855000 4.566580 3.547090
    endloop
  endfacet
  facet normal 0 0 0
    outer loop
      vertex 10.855000 4.550150 3.513750
      vertex 10.855000 4.566580 3.547090
      vertex 10.855000 4.565050 3.545660
    endloop
  endfacet
  facet normal 0 0 0
    outer loop
      vertex 10.855000 4.598130 3.559860
      vertex 10.855000 4.595700 3.559720
      vertex 10.855000 4.593300 3.559450
    endloop
  endfacet
  facet normal 0 0 0
    outer loop
      vertex 10.855000 4.598130 3.559860
      vertex 10.855000 4.593300 3.559450
      vertex 10.855000 4.590910 3.559070
    endloop
  endfacet
  facet normal 0 0 0
    outer loop
      vertex 10.855000 4.598130 3.559860
      vertex 10.855000 4.590910 3.559070
      vertex 10.855000 4.588560 3.558570
    endloop
  endfacet
  facet normal 0 0 0
    outer loop
      vertex 10.855000 4.550090 3.506980
      vertex 10.855000 4.550150 3.513750
      vertex 10.855000 4.550030 3.511530
    endloop
  endfacet
  facet normal 0 0 0
    outer loop
      vertex 10.855000 4.550090 3.506980
      vertex 10.855000 4.550030 3.511530
      vertex 10.855000 4.550000 3.509260
    endloop
  endfacet
  facet normal 0 0 0
    outer loop
      vertex 10.855000 4.550090 3.506980
      vertex 10.855000 4.568200 3.548490
      vertex 10.855000 4.550150 3.513750
    endloop
  endfacet
  facet normal 0 0 0
    outer loop
      vertex 10.855000 4.550090 3.506980
      vertex 10.855000 4.569910 3.549830
      vertex 10.855000 4.568200 3.548490
    endloop
  endfacet
  facet normal 0 0 0
    outer loop
      vertex 10.855000 4.602980 3.559810
      vertex 10.855000 4.600560 3.559900
      vertex 10.855000 4.598130 3.559860
    endloop
  endfacet
  facet normal 0 0 0
    outer loop
      vertex 10.855000 4.550570 3.502360
      vertex 10.855000 4.550090 3.506980
      vertex 10.855000 4.550270 3.504670
    endloop
  endfacet
  facet normal 0 0 0
    outer loop
      vertex 10.855000 4.607800 3.559290
      vertex 10.855000 4.605400 3.559610
      vertex 10.855000 4.602980 3.559810
    endloop
  endfacet
  facet normal 0 0 0
    outer loop
      vertex 10.855000 4.551510 3.497720
      vertex 10.855000 4.550570 3.502360
      vertex 10.855000 4.550980 3.500040
    endloop
  endfacet
  facet normal 0 0 0
    outer loop
      vertex 10.855000 4.551510 3.497720
      vertex 10.855000 4.569910 3.549830
      vertex 10.855000 4.550090 3.506980
    endloop
  endfacet
  facet normal 0 0 0
    outer loop
      vertex 10.855000 4.551510 3.497720
      vertex 10.855000 4.550090 3.506980
      vertex 10.855000 4.550570 3.502360
    endloop
  endfacet
  facet normal 0 0 0
    outer loop
      vertex 10.855000 4.551510 3.497720
      vertex 10.855000 4.573560 3.552340
      vertex 10.855000 4.569910 3.549830
    endloop
  endfacet
  facet normal 0 0 0
    outer loop
      vertex 10.855000 4.612500 3.558310
      vertex 10.855000 4.602980 3.559810
      vertex 10.855000 4.598130 3.559860
    endloop
  endfacet
  facet normal 0 0 0
    outer loop
      vertex 10.855000 4.612500 3.558310
      vertex 10.855000 4.607800 3.559290
      vertex 10.855000 4.602980 3.559810
    endloop
  endfacet
  facet normal 0 0 0
    outer loop
      vertex 10.855000 4.612500 3.558310
      vertex 10.855000 4.610170 3.558860
      vertex 10.855000 4.607800 3.559290
    endloop
  endfacet
  facet normal 0 0 0
    outer loop
      vertex 10.855000 4.617040 3.556910
      vertex 10.855000 4.614800 3.557660
      vertex 10.855000 4.612500 3.558310
    endloop
  endfacet
  facet normal 0 0 0
    outer loop
      vertex 10.855000 4.553760 3.490880
      vertex 10.855000 4.552140 3.495420
      vertex 10.855000 4.552900 3.493130
    endloop
  endfacet
  facet normal 0 0 0
    outer loop
      vertex 10.855000 4.554740 3.488660
      vertex 10.855000 4.551510 3.497720
      vertex 10.855000 4.552140 3.495420
    endloop
  endfacet
  facet normal 0 0 0
    outer loop
      vertex 10.855000 4.554740 3.488660
      vertex 10.855000 4.573560 3.552340
      vertex 10.855000 4.551510 3.497720
    endloop
  endfacet
  facet normal 0 0 0
    outer loop
      vertex 10.855000 4.554740 3.488660
      vertex 10.855000 4.552140 3.495420
      vertex 10.855000 4.553760 3.490880
    endloop
  endfacet
  facet normal 0 0 0
    outer loop
      vertex 10.855000 4.554740 3.488660
      vertex 10.855000 4.577520 3.554560
      vertex 10.855000 4.573560 3.552340
    endloop
  endfacet
  facet normal 0 0 0
    outer loop
      vertex 10.855000 4.621350 3.555110
      vertex 10.855000 4.617040 3.556910
      vertex 10.855000 4.612500 3.558310
    endloop
  endfacet
  facet normal 0 0 0
    outer loop
      vertex 10.855000 4.621350 3.555110
      vertex 10.855000 4.619230 3.556060
      vertex 10.855000 4.617040 3.556910
    endloop
  endfacet
  facet normal 0 0 0
    outer loop
      vertex 10.855000 4.558300 3.482310
      vertex 10.855000 4.554740 3.488660
      vertex 10.855000 4.555820 3.486490
    endloop
  endfacet
  facet normal 0 0 0
    outer loop
      vertex 10.855000 4.558300 3.482310
      vertex 10.855000 4.555820 3.486490
      vertex 10.855000 4.557010 3.484370
    endloop
  endfacet
  facet normal 0 0 0
    outer loop
      vertex 10.855000 4.629130 3.550530
      vertex 10.855000 4.627300 3.551790
      vertex 10.855000 4.625390 3.552970
    endloop
  endfacet
  facet normal 0 0 0
    outer loop
      vertex 10.855000 4.629130 3.550530
      vertex 10.855000 4.625390 3.552970
      vertex 10.855000 4.623410 3.554080
    endloop
  endfacet
  facet normal 0 0 0
    outer loop
      vertex 10.855000 4.629130 3.550530
      vertex 10.855000 4.623410 3.554080
      vertex 10.855000 4.621350 3.555110
    endloop
  endfacet
  facet normal 0 0 0
    outer loop
      vertex 10.855000 4.559690 3.480320
      vertex 10.855000 4.577520 3.554560
      vertex 10.855000 4.554740 3.488660
    endloop
  endfacet
  facet normal 0 0 0
    outer loop
      vertex 10.855000 4.559690 3.480320
      vertex 10.855000 4.554740 3.488660
      vertex 10.855000 4.558300 3.482310
    endloop
  endfacet
  facet normal 0 0 0
    outer loop
      vertex 10.855000 4.561160 3.478410
      vertex 10.855000 4.577520 3.554560
      vertex 10.855000 4.559690 3.480320
    endloop
  endfacet
  facet normal 0 0 0
    outer loop
      vertex 10.855000 4.632550 3.547860
      vertex 10.855000 4.630880 3.549220
      vertex 10.855000 4.629130 3.550530
    endloop
  endfacet
  facet normal 0 0 0
    outer loop
      vertex 10.855000 4.634130 3.546440
      vertex 10.855000 4.632550 3.547860
      vertex 10.855000 4.629130 3.550530
    endloop
  endfacet
  facet normal 0 0 0
    outer loop
      vertex 10.855000 4.566080 3.473170
      vertex 10.855000 4.561160 3.478410
      vertex 10.855000 4.562730 3.476570
    endloop
  endfacet
  facet normal 0 0 0
    outer loop
      vertex 10.855000 4.566080 3.473170
      vertex 10.855000 4.562730 3.476570
      vertex 10.855000 4.564370 3.474820
    endloop
  endfacet
  facet normal 0 0 0
    outer loop
      vertex 10.855000 4.566080 3.473170
      vertex 10.855000 4.577520 3.554560
      vertex 10.855000 4.561160 3.478410
    endloop
  endfacet
  facet normal 0 0 0
    outer loop
      vertex 10.855000 4.566080 3.473170
      vertex 10.855000 4.588560 3.558570
      vertex 10.855000 4.577520 3.554560
    endloop
  endfacet
  facet normal 0 0 0
    outer loop
      vertex 10.855000 4.637030 3.543500
      vertex 10.855000 4.635620 3.544990
      vertex 10.855000 4.634130 3.546440
    endloop
  endfacet
  facet normal 0 0 0
    outer loop
      vertex 10.855000 4.638350 3.541980
      vertex 10.855000 4.637030 3.543500
      vertex 10.855000 4.634130 3.546440
    endloop
  endfacet
  facet normal 0 0 0
    outer loop
      vertex 10.855000 4.640740 3.538880
      vertex 10.855000 4.639590 3.540440
      vertex 10.855000 4.638350 3.541980
    endloop
  endfacet
  facet normal 0 0 0
    outer loop
      vertex 10.855000 4.573490 3.467510
      vertex 10.855000 4.566080 3.473170
      vertex 10.855000 4.567850 3.471600
    endloop
  endfacet
  facet normal 0 0 0
    outer loop
      vertex 10.855000 4.573490 3.467510
      vertex 10.855000 4.567850 3.471600
      vertex 10.855000 4.569690 3.470140
    endloop
  endfacet
  facet normal 0 0 0
    outer loop
      vertex 10.855000 4.573490 3.467510
      vertex 10.855000 4.569690 3.470140
      vertex 10.855000 4.571570 3.468770
    endloop
  endfacet
  facet normal 0 0 0
    outer loop
      vertex 10.855000 4.642810 3.535740
      vertex 10.855000 4.641820 3.537310
      vertex 10.855000 4.640740 3.538880
    endloop
  endfacet
  facet normal 0 0 0
    outer loop
      vertex 10.855000 4.575450 3.466340
      vertex 10.855000 4.588560 3.558570
      vertex 10.855000 4.566080 3.473170
    endloop
  endfacet
  facet normal 0 0 0
    outer loop
      vertex 10.855000 4.575450 3.466340
      vertex 10.855000 4.566080 3.473170
      vertex 10.855000 4.573490 3.467510
    endloop
  endfacet
  facet normal 0 0 0
    outer loop
      vertex 10.855000 4.644600 3.532510
      vertex 10.855000 4.642810 3.535740
      vertex 10.855000 4.640740 3.538880
    endloop
  endfacet
  facet normal 0 0 0
    outer loop
      vertex 10.855000 4.644600 3.532510
      vertex 10.855000 4.643720 3.534150
      vertex 10.855000 4.642810 3.535740
    endloop
  endfacet
  facet normal 0 0 0
    outer loop
      vertex 10.855000 4.644600 3.532510
      vertex 10.855000 4.640740 3.538880
      vertex 10.855000 4.638350 3.541980
    endloop
  endfacet
  facet normal 0 0 0
    outer loop
      vertex 10.855000 4.644600 3.532510
      vertex 10.855000 4.638350 3.541980
      vertex 10.855000 4.634130 3.546440
    endloop
  endfacet
  facet normal 0 0 0
    outer loop
      vertex 10.855000 4.646200 3.529030
      vertex 10.855000 4.644600 3.532510
      vertex 10.855000 4.634130 3.546440
    endloop
  endfacet
  facet normal 0 0 0
    outer loop
      vertex 10.855000 4.646200 3.529030
      vertex 10.855000 4.645420 3.530800
      vertex 10.855000 4.644600 3.532510
    endloop
  endfacet
  facet normal 0 0 0
    outer loop
      vertex 10.855000 4.581440 3.463470
      vertex 10.855000 4.588560 3.558570
      vertex 10.855000 4.575450 3.466340
    endloop
  endfacet
  facet normal 0 0 0
    outer loop
      vertex 10.855000 4.581440 3.463470
      vertex 10.855000 4.575450 3.466340
      vertex 10.855000 4.577430 3.465290
    endloop
  endfacet
  facet normal 0 0 0
    outer loop
      vertex 10.855000 4.581440 3.463470
      vertex 10.855000 4.577430 3.465290
      vertex 10.855000 4.579430 3.464330
    endloop
  endfacet
  facet normal 0 0 0
    outer loop
      vertex 10.855000 4.585470 3.462060
      vertex 10.855000 4.598130 3.559860
      vertex 10.855000 4.588560 3.558570
    endloop
  endfacet
  facet normal 0 0 0
    outer loop
      vertex 10.855000 4.585470 3.462060
      vertex 10.855000 4.588560 3.558570
      vertex 10.855000 4.581440 3.463470
    endloop
  endfacet
  facet normal 0 0 0
    outer loop
      vertex 10.855000 4.585470 3.462060
      vertex 10.855000 4.612500 3.558310
      vertex 10.855000 4.598130 3.559860
    endloop
  endfacet
  facet normal 0 0 0
    outer loop
      vertex 10.855000 4.585470 3.462060
      vertex 10.855000 4.581440 3.463470
      vertex 10.855000 4.583450 3.462720
    endloop
  endfacet
  facet normal 0 0 0
    outer loop
      vertex 10.855000 4.648160 3.523330
      vertex 10.855000 4.647570 3.525290
      vertex 10.855000 4.646920 3.527190
    endloop
  endfacet
  facet normal 0 0 0
    outer loop
      vertex 10.855000 4.648160 3.523330
      vertex 10.855000 4.646920 3.527190
      vertex 10.855000 4.646200 3.529030
    endloop
  endfacet
  facet normal 0 0 0
    outer loop
      vertex 10.855000 4.648160 3.523330
      vertex 10.855000 4.646200 3.529030
      vertex 10.855000 4.634130 3.546440
    endloop
  endfacet
  facet normal 0 0 0
    outer loop
      vertex 10.855000 4.587470 3.461490
      vertex 10.855000 4.612500 3.558310
      vertex 10.855000 4.585470 3.462060
    endloop
  endfacet
  facet normal 0 0 0
    outer loop
      vertex 10.855000 4.649120 3.519240
      vertex 10.855000 4.648160 3.523330
      vertex 10.855000 4.634130 3.546440
    endloop
  endfacet
  facet normal 0 0 0
    outer loop
      vertex 10.855000 4.649120 3.519240
      vertex 10.855000 4.648680 3.521310
      vertex 10.855000 4.648160 3.523330
    endloop
  endfacet
  facet normal 0 0 0
    outer loop
      vertex 10.855000 4.591440 3.460640
      vertex 10.855000 4.587470 3.461490
      vertex 10.855000 4.589470 3.461020
    endloop
  endfacet
  facet normal 0 0 0
    outer loop
      vertex 10.855000 4.593390 3.460340
      vertex 10.855000 4.587470 3.461490
      vertex 10.855000 4.591440 3.460640
    endloop
  endfacet
  facet normal 0 0 0
    outer loop
      vertex 10.855000 4.597210 3.459980
      vertex 10.855000 4.593390 3.460340
      vertex 10.855000 4.595320 3.460120
    endloop
  endfacet
  facet normal 0 0 0
    outer loop
      vertex 10.855000 4.597210 3.459980
      vertex 10.855000 4.587470 3.461490
      vertex 10.855000 4.593390 3.460340
    endloop
  endfacet
  facet normal 0 0 0
    outer loop
      vertex 10.855000 4.598620 3.459920
      vertex 10.855000 4.587470 3.461490
      vertex 10.855000 4.597210 3.459980
    endloop
  endfacet
  facet normal 0 0 0
    outer loop
      vertex 10.855000 4.650000 3.510500
      vertex 10.855000 4.649920 3.512740
      vertex 10.855000 4.649740 3.514950
    endloop
  endfacet
  facet normal 0 0 0
    outer loop
      vertex 10.855000 4.650000 3.510500
      vertex 10.855000 4.649740 3.514950
      vertex 10.855000 4.649480 3.517120
    endloop
  endfacet
  facet normal 0 0 0
    outer loop
      vertex 10.855000 4.600000 3.459900
      vertex 10.855000 4.612500 3.558310
      vertex 10.855000 4.587470 3.461490
    endloop
  endfacet
  facet normal 0 0 0
    outer loop
      vertex 10.855000 4.600000 3.459900
      vertex 10.855000 4.587470 3.461490
      vertex 10.855000 4.598620 3.459920
    endloop
  endfacet
  facet normal 0 0 0
    outer loop
      vertex 10.855000 4.649840 3.505930
      vertex 10.855000 4.649970 3.508220
      vertex 10.855000 4.650000 3.510500
    endloop
  endfacet
  facet normal 0 0 0
    outer loop
      vertex 10.855000 4.649840 3.505930
      vertex 10.855000 4.649120 3.519240
      vertex 10.855000 4.634130 3.546440
    endloop
  endfacet
  facet normal 0 0 0
    outer loop
      vertex 10.855000 4.649840 3.505930
      vertex 10.855000 4.649480 3.517120
      vertex 10.855000 4.649120 3.519240
    endloop
  endfacet
  facet normal 0 0 0
    outer loop
      vertex 10.855000 4.649840 3.505930
      vertex 10.855000 4.650000 3.510500
      vertex 10.855000 4.649480 3.517120
    endloop
  endfacet
  facet normal 0 0 0
    outer loop
      vertex 10.855000 4.606990 3.460390
      vertex 10.855000 4.600000 3.459900
      vertex 10.855000 4.602280 3.459950
    endloop
  endfacet
  facet normal 0 0 0
    outer loop
      vertex 10.855000 4.606990 3.460390
      vertex 10.855000 4.602280 3.459950
      vertex 10.855000 4.604610 3.460110
    endloop
  endfacet
  facet normal 0 0 0
    outer loop
      vertex 10.855000 4.648790 3.498980
      vertex 10.855000 4.649250 3.501300
      vertex 10.855000 4.649600 3.503620
    endloop
  endfacet
  facet normal 0 0 0
    outer loop
      vertex 10.855000 4.648790 3.498980
      vertex 10.855000 4.649600 3.503620
      vertex 10.855000 4.649840 3.505930
    endloop
  endfacet
  facet normal 0 0 0
    outer loop
      vertex 10.855000 4.611610 3.461270
      vertex 10.855000 4.606990 3.460390
      vertex 10.855000 4.609410 3.460790
    endloop
  endfacet
  facet normal 0 0 0
    outer loop
      vertex 10.855000 4.611610 3.461270
      vertex 10.855000 4.600000 3.459900
      vertex 10.855000 4.606990 3.460390
    endloop
  endfacet
  facet normal 0 0 0
    outer loop
      vertex 10.855000 4.615630 3.462400
      vertex 10.855000 4.611610 3.461270
      vertex 10.855000 4.613610 3.461790
    endloop
  endfacet
  facet normal 0 0 0
    outer loop
      vertex 10.855000 4.646720 3.492100
      vertex 10.855000 4.647530 3.494370
      vertex 10.855000 4.648220 3.496660
    endloop
  endfacet
  facet normal 0 0 0
    outer loop
      vertex 10.855000 4.646720 3.492100
      vertex 10.855000 4.648220 3.496660
      vertex 10.855000 4.648790 3.498980
    endloop
  endfacet
  facet normal 0 0 0
    outer loop
      vertex 10.855000 4.645810 3.489860
      vertex 10.855000 4.634130 3.546440
      vertex 10.855000 4.629130 3.550530
    endloop
  endfacet
  facet normal 0 0 0
    outer loop
      vertex 10.855000 4.645810 3.489860
      vertex 10.855000 4.649840 3.505930
      vertex 10.855000 4.634130 3.546440
    endloop
  endfacet
  facet normal 0 0 0
    outer loop
      vertex 10.855000 4.645810 3.489860
      vertex 10.855000 4.648790 3.498980
      vertex 10.855000 4.649840 3.505930
    endloop
  endfacet
  facet normal 0 0 0
    outer loop
      vertex 10.855000 4.645810 3.489860
      vertex 10.855000 4.646720 3.492100
      vertex 10.855000 4.648790 3.498980
    endloop
  endfacet
  facet normal 0 0 0
    outer loop
      vertex 10.855000 4.625620 3.466960
      vertex 10.855000 4.621660 3.464840
      vertex 10.855000 4.623650 3.465850
    endloop
  endfacet
  facet normal 0 0 0
    outer loop
      vertex 10.855000 4.627560 3.468180
      vertex 10.855000 4.621660 3.464840
      vertex 10.855000 4.625620 3.466960
    endloop
  endfacet
  facet normal 0 0 0
    outer loop
      vertex 10.855000 4.627560 3.468180
      vertex 10.855000 4.615630 3.462400
      vertex 10.855000 4.617640 3.463120
    endloop
  endfacet
  facet normal 0 0 0
    outer loop
      vertex 10.855000 4.627560 3.468180
      vertex 10.855000 4.617640 3.463120
      vertex 10.855000 4.619660 3.463930
    endloop
  endfacet
  facet normal 0 0 0
    outer loop
      vertex 10.855000 4.627560 3.468180
      vertex 10.855000 4.619660 3.463930
      vertex 10.855000 4.621660 3.464840
    endloop
  endfacet
  facet normal 0 0 0
    outer loop
      vertex 10.855000 4.627560 3.468180
      vertex 10.855000 4.612500 3.558310
      vertex 10.855000 4.600000 3.459900
    endloop
  endfacet
  facet normal 0 0 0
    outer loop
      vertex 10.855000 4.627560 3.468180
      vertex 10.855000 4.600000 3.459900
      vertex 10.855000 4.611610 3.461270
    endloop
  endfacet
  facet normal 0 0 0
    outer loop
      vertex 10.855000 4.627560 3.468180
      vertex 10.855000 4.611610 3.461270
      vertex 10.855000 4.615630 3.462400
    endloop
  endfacet
  facet normal 0 0 0
    outer loop
      vertex 10.855000 4.641080 3.481390
      vertex 10.855000 4.642410 3.483420
      vertex 10.855000 4.643650 3.485510
    endloop
  endfacet
  facet normal 0 0 0
    outer loop
      vertex 10.855000 4.641080 3.481390
      vertex 10.855000 4.643650 3.485510
      vertex 10.855000 4.644780 3.487660
    endloop
  endfacet
  facet normal 0 0 0
    outer loop
      vertex 10.855000 4.641080 3.481390
      vertex 10.855000 4.644780 3.487660
      vertex 10.855000 4.645810 3.489860
    endloop
  endfacet
  facet normal 0 0 0
    outer loop
      vertex 10.855000 4.641080 3.481390
      vertex 10.855000 4.621350 3.555110
      vertex 10.855000 4.612500 3.558310
    endloop
  endfacet
  facet normal 0 0 0
    outer loop
      vertex 10.855000 4.641080 3.481390
      vertex 10.855000 4.645810 3.489860
      vertex 10.855000 4.629130 3.550530
    endloop
  endfacet
  facet normal 0 0 0
    outer loop
      vertex 10.855000 4.641080 3.481390
      vertex 10.855000 4.629130 3.550530
      vertex 10.855000 4.621350 3.555110
    endloop
  endfacet
  facet normal 0 0 0
    outer loop
      vertex 10.855000 4.638130 3.477560
      vertex 10.855000 4.639650 3.479440
      vertex 10.855000 4.641080 3.481390
    endloop
  endfacet
  facet normal 0 0 0
    outer loop
      vertex 10.855000 4.633120 3.472440
      vertex 10.855000 4.627560 3.468180
      vertex 10.855000 4.629460 3.469500
    endloop
  endfacet
  facet normal 0 0 0
    outer loop
      vertex 10.855000 4.633120 3.472440
      vertex 10.855000 4.629460 3.469500
      vertex 10.855000 4.631310 3.470920
    endloop
  endfacet
  facet normal 0 0 0
    outer loop
      vertex 10.855000 4.636530 3.475760
      vertex 10.855000 4.641080 3.481390
      vertex 10.855000 4.612500 3.558310
    endloop
  endfacet
  facet normal 0 0 0
    outer loop
      vertex 10.855000 4.636530 3.475760
      vertex 10.855000 4.638130 3.477560
      vertex 10.855000 4.641080 3.481390
    endloop
  endfacet
  facet normal 0 0 0
    outer loop
      vertex 10.855000 4.636530 3.475760
      vertex 10.855000 4.612500 3.558310
      vertex 10.855000 4.627560 3.468180
    endloop
  endfacet
  facet normal 0 0 0
    outer loop
      vertex 10.855000 4.634860 3.474060
      vertex 10.855000 4.627560 3.468180
      vertex 10.855000 4.633120 3.472440
    endloop
  endfacet
  facet normal 0 0 0
    outer loop
      vertex 10.855000 4.634860 3.474060
      vertex 10.855000 4.636530 3.475760
      vertex 10.855000 4.627560 3.468180
    endloop
  endfacet
  facet normal 0 0 0
    outer loop
      vertex 10.895000 3.600000 3.459900
      vertex 13.295000 3.600000 3.459900
      vertex 13.295000 3.598620 3.459920
    endloop
  endfacet
  facet normal 0 0 0
    outer loop
      vertex 10.895000 3.598620 3.459920
      vertex 13.295000 3.598620 3.459920
      vertex 13.295000 3.597210 3.459980
    endloop
  endfacet
  facet normal 0 0 0
    outer loop
      vertex 10.895000 3.598620 3.459920
      vertex 10.895000 3.600000 3.459900
      vertex 13.295000 3.598620 3.459920
    endloop
  endfacet
  facet normal 0 0 0
    outer loop
      vertex 10.895000 3.597210 3.459980
      vertex 13.295000 3.597210 3.459980
      vertex 13.295000 3.595320 3.460120
    endloop
  endfacet
  facet normal 0 0 0
    outer loop
      vertex 10.895000 3.597210 3.459980
      vertex 10.895000 3.598620 3.459920
      vertex 13.295000 3.597210 3.459980
    endloop
  endfacet
  facet normal 0 0 0
    outer loop
      vertex 10.895000 3.595320 3.460120
      vertex 13.295000 3.595320 3.460120
      vertex 13.295000 3.593390 3.460340
    endloop
  endfacet
  facet normal 0 0 0
    outer loop
      vertex 10.895000 3.595320 3.460120
      vertex 10.895000 3.597210 3.459980
      vertex 13.295000 3.595320 3.460120
    endloop
  endfacet
  facet normal 0 0 0
    outer loop
      vertex 10.895000 3.593390 3.460340
      vertex 13.295000 3.593390 3.460340
      vertex 13.295000 3.591440 3.460640
    endloop
  endfacet
  facet normal 0 0 0
    outer loop
      vertex 10.895000 3.593390 3.460340
      vertex 10.895000 3.595320 3.460120
      vertex 13.295000 3.593390 3.460340
    endloop
  endfacet
  facet normal 0 0 0
    outer loop
      vertex 10.895000 3.591440 3.460640
      vertex 13.295000 3.591440 3.460640
      vertex 13.295000 3.589470 3.461020
    endloop
  endfacet
  facet normal 0 0 0
    outer loop
      vertex 10.895000 3.591440 3.460640
      vertex 10.895000 3.593390 3.460340
      vertex 13.295000 3.591440 3.460640
    endloop
  endfacet
  facet normal 0 0 0
    outer loop
      vertex 10.895000 3.589470 3.461020
      vertex 13.295000 3.589470 3.461020
      vertex 13.295000 3.587470 3.461490
    endloop
  endfacet
  facet normal 0 0 0
    outer loop
      vertex 10.895000 3.589470 3.461020
      vertex 10.895000 3.591440 3.460640
      vertex 13.295000 3.589470 3.461020
    endloop
  endfacet
  facet normal 0 0 0
    outer loop
      vertex 10.895000 3.587470 3.461490
      vertex 10.895000 3.589470 3.461020
      vertex 13.295000 3.587470 3.461490
    endloop
  endfacet
  facet normal 0 0 0
    outer loop
      vertex 10.895000 3.585470 3.462060
      vertex 13.295000 3.587470 3.461490
      vertex 13.295000 3.585470 3.462060
    endloop
  endfacet
  facet normal 0 0 0
    outer loop
      vertex 10.895000 3.585470 3.462060
      vertex 10.895000 3.587470 3.461490
      vertex 13.295000 3.587470 3.461490
    endloop
  endfacet
  facet normal 0 0 0
    outer loop
      vertex 10.895000 3.583450 3.462720
      vertex 13.295000 3.583450 3.462720
      vertex 13.295000 3.581440 3.463470
    endloop
  endfacet
  facet normal 0 0 0
    outer loop
      vertex 10.895000 3.583450 3.462720
      vertex 13.295000 3.585470 3.462060
      vertex 13.295000 3.583450 3.462720
    endloop
  endfacet
  facet normal 0 0 0
    outer loop
      vertex 10.895000 3.583450 3.462720
      vertex 10.895000 3.585470 3.462060
      vertex 13.295000 3.585470 3.462060
    endloop
  endfacet
  facet normal 0 0 0
    outer loop
      vertex 10.895000 3.581440 3.463470
      vertex 10.895000 3.583450 3.462720
      vertex 13.295000 3.581440 3.463470
    endloop
  endfacet
  facet normal 0 0 0
    outer loop
      vertex 10.895000 3.579430 3.464330
      vertex 13.295000 3.579430 3.464330
      vertex 13.295000 3.577430 3.465290
    endloop
  endfacet
  facet normal 0 0 0
    outer loop
      vertex 10.895000 3.579430 3.464330
      vertex 13.295000 3.581440 3.463470
      vertex 13.295000 3.579430 3.464330
    endloop
  endfacet
  facet normal 0 0 0
    outer loop
      vertex 10.895000 3.579430 3.464330
      vertex 10.895000 3.581440 3.463470
      vertex 13.295000 3.581440 3.463470
    endloop
  endfacet
  facet normal 0 0 0
    outer loop
      vertex 10.895000 3.577430 3.465290
      vertex 13.295000 3.577430 3.465290
      vertex 13.295000 3.575450 3.466340
    endloop
  endfacet
  facet normal 0 0 0
    outer loop
      vertex 10.895000 3.577430 3.465290
      vertex 10.895000 3.579430 3.464330
      vertex 13.295000 3.577430 3.465290
    endloop
  endfacet
  facet normal 0 0 0
    outer loop
      vertex 10.895000 3.575450 3.466340
      vertex 13.295000 3.575450 3.466340
      vertex 13.295000 3.573490 3.467510
    endloop
  endfacet
  facet normal 0 0 0
    outer loop
      vertex 10.895000 3.575450 3.466340
      vertex 10.895000 3.577430 3.465290
      vertex 13.295000 3.575450 3.466340
    endloop
  endfacet
  facet normal 0 0 0
    outer loop
      vertex 10.895000 3.573490 3.467510
      vertex 13.295000 3.573490 3.467510
      vertex 13.295000 3.571570 3.468770
    endloop
  endfacet
  facet normal 0 0 0
    outer loop
      vertex 10.895000 3.573490 3.467510
      vertex 10.895000 3.575450 3.466340
      vertex 13.295000 3.573490 3.467510
    endloop
  endfacet
  facet normal 0 0 0
    outer loop
      vertex 10.895000 3.571570 3.468770
      vertex 10.895000 3.573490 3.467510
      vertex 13.295000 3.571570 3.468770
    endloop
  endfacet
  facet normal 0 0 0
    outer loop
      vertex 10.895000 3.569690 3.470140
      vertex 13.295000 3.571570 3.468770
      vertex 13.295000 3.569690 3.470140
    endloop
  endfacet
  facet normal 0 0 0
    outer loop
      vertex 10.895000 3.569690 3.470140
      vertex 10.895000 3.571570 3.468770
      vertex 13.295000 3.571570 3.468770
    endloop
  endfacet
  facet normal 0 0 0
    outer loop
      vertex 10.895000 3.567850 3.471600
      vertex 13.295000 3.567850 3.471600
      vertex 13.295000 3.566080 3.473170
    endloop
  endfacet
  facet normal 0 0 0
    outer loop
      vertex 10.895000 3.567850 3.471600
      vertex 13.295000 3.569690 3.470140
      vertex 13.295000 3.567850 3.471600
    endloop
  endfacet
  facet normal 0 0 0
    outer loop
      vertex 10.895000 3.567850 3.471600
      vertex 10.895000 3.569690 3.470140
      vertex 13.295000 3.569690 3.470140
    endloop
  endfacet
  facet normal 0 0 0
    outer loop
      vertex 10.895000 3.566080 3.473170
      vertex 13.295000 3.566080 3.473170
      vertex 13.295000 3.564370 3.474820
    endloop
  endfacet
  facet normal 0 0 0
    outer loop
      vertex 10.895000 3.566080 3.473170
      vertex 10.895000 3.567850 3.471600
      vertex 13.295000 3.566080 3.473170
    endloop
  endfacet
  facet normal 0 0 0
    outer loop
      vertex 10.895000 3.564370 3.474820
      vertex 13.295000 3.564370 3.474820
      vertex 13.295000 3.562730 3.476570
    endloop
  endfacet
  facet normal 0 0 0
    outer loop
      vertex 10.895000 3.564370 3.474820
      vertex 10.895000 3.566080 3.473170
      vertex 13.295000 3.564370 3.474820
    endloop
  endfacet
  facet normal 0 0 0
    outer loop
      vertex 10.895000 3.562730 3.476570
      vertex 13.295000 3.562730 3.476570
      vertex 13.295000 3.561160 3.478410
    endloop
  endfacet
  facet normal 0 0 0
    outer loop
      vertex 10.895000 3.562730 3.476570
      vertex 10.895000 3.564370 3.474820
      vertex 13.295000 3.562730 3.476570
    endloop
  endfacet
  facet normal 0 0 0
    outer loop
      vertex 10.895000 3.561160 3.478410
      vertex 13.295000 3.561160 3.478410
      vertex 13.295000 3.559690 3.480320
    endloop
  endfacet
  facet normal 0 0 0
    outer loop
      vertex 10.895000 3.561160 3.478410
      vertex 10.895000 3.562730 3.476570
      vertex 13.295000 3.561160 3.478410
    endloop
  endfacet
  facet normal 0 0 0
    outer loop
      vertex 10.895000 3.559690 3.480320
      vertex 13.295000 3.559690 3.480320
      vertex 13.295000 3.558300 3.482310
    endloop
  endfacet
  facet normal 0 0 0
    outer loop
      vertex 10.895000 3.559690 3.480320
      vertex 10.895000 3.561160 3.478410
      vertex 13.295000 3.559690 3.480320
    endloop
  endfacet
  facet normal 0 0 0
    outer loop
      vertex 10.895000 3.558300 3.482310
      vertex 13.295000 3.558300 3.482310
      vertex 13.295000 3.557010 3.484370
    endloop
  endfacet
  facet normal 0 0 0
    outer loop
      vertex 10.895000 3.558300 3.482310
      vertex 10.895000 3.559690 3.480320
      vertex 13.295000 3.558300 3.482310
    endloop
  endfacet
  facet normal 0 0 0
    outer loop
      vertex 10.895000 3.557010 3.484370
      vertex 10.895000 3.558300 3.482310
      vertex 13.295000 3.557010 3.484370
    endloop
  endfacet
  facet normal 0 0 0
    outer loop
      vertex 10.895000 3.555820 3.486490
      vertex 13.295000 3.557010 3.484370
      vertex 13.295000 3.555820 3.486490
    endloop
  endfacet
  facet normal 0 0 0
    outer loop
      vertex 10.895000 3.555820 3.486490
      vertex 10.895000 3.557010 3.484370
      vertex 13.295000 3.557010 3.484370
    endloop
  endfacet
  facet normal 0 0 0
    outer loop
      vertex 10.895000 3.554740 3.488660
      vertex 13.295000 3.554740 3.488660
      vertex 13.295000 3.553760 3.490880
    endloop
  endfacet
  facet normal 0 0 0
    outer loop
      vertex 10.895000 3.554740 3.488660
      vertex 13.295000 3.555820 3.486490
      vertex 13.295000 3.554740 3.488660
    endloop
  endfacet
  facet normal 0 0 0
    outer loop
      vertex 10.895000 3.554740 3.488660
      vertex 10.895000 3.555820 3.486490
      vertex 13.295000 3.555820 3.486490
    endloop
  endfacet
  facet normal 0 0 0
    outer loop
      vertex 10.895000 3.553760 3.490880
      vertex 13.295000 3.553760 3.490880
      vertex 13.295000 3.552900 3.493130
    endloop
  endfacet
  facet normal 0 0 0
    outer loop
      vertex 10.895000 3.553760 3.490880
      vertex 10.895000 3.554740 3.488660
      vertex 13.295000 3.553760 3.490880
    endloop
  endfacet
  facet normal 0 0 0
    outer loop
      vertex 10.895000 3.552900 3.493130
      vertex 13.295000 3.552900 3.493130
      vertex 13.295000 3.552140 3.495420
    endloop
  endfacet
  facet normal 0 0 0
    outer loop
      vertex 10.895000 3.552900 3.493130
      vertex 10.895000 3.553760 3.490880
      vertex 13.295000 3.552900 3.493130
    endloop
  endfacet
  facet normal 0 0 0
    outer loop
      vertex 10.895000 3.552140 3.495420
      vertex 10.895000 3.552900 3.493130
      vertex 13.295000 3.552140 3.495420
    endloop
  endfacet
  facet normal 0 0 0
    outer loop
      vertex 10.895000 3.551510 3.497720
      vertex 13.295000 3.552140 3.495420
      vertex 13.295000 3.551510 3.497720
    endloop
  endfacet
  facet normal 0 0 0
    outer loop
      vertex 10.895000 3.551510 3.497720
      vertex 10.895000 3.552140 3.495420
      vertex 13.295000 3.552140 3.495420
    endloop
  endfacet
  facet normal 0 0 0
    outer loop
      vertex 10.895000 3.550980 3.500040
      vertex 13.295000 3.550980 3.500040
      vertex 13.295000 3.550570 3.502360
    endloop
  endfacet
  facet normal 0 0 0
    outer loop
      vertex 10.895000 3.550980 3.500040
      vertex 13.295000 3.551510 3.497720
      vertex 13.295000 3.550980 3.500040
    endloop
  endfacet
  facet normal 0 0 0
    outer loop
      vertex 10.895000 3.550980 3.500040
      vertex 10.895000 3.551510 3.497720
      vertex 13.295000 3.551510 3.497720
    endloop
  endfacet
  facet normal 0 0 0
    outer loop
      vertex 10.895000 3.550570 3.502360
      vertex 10.895000 3.550980 3.500040
      vertex 13.295000 3.550570 3.502360
    endloop
  endfacet
  facet normal 0 0 0
    outer loop
      vertex 10.895000 3.550270 3.504670
      vertex 13.295000 3.550270 3.504670
      vertex 13.295000 3.550090 3.506980
    endloop
  endfacet
  facet normal 0 0 0
    outer loop
      vertex 10.895000 3.550270 3.504670
      vertex 13.295000 3.550570 3.502360
      vertex 13.295000 3.550270 3.504670
    endloop
  endfacet
  facet normal 0 0 0
    outer loop
      vertex 10.895000 3.550270 3.504670
      vertex 10.895000 3.550570 3.502360
      vertex 13.295000 3.550570 3.502360
    endloop
  endfacet
  facet normal 0 0 0
    outer loop
      vertex 10.895000 3.550090 3.506980
      vertex 10.895000 3.550270 3.504670
      vertex 13.295000 3.550090 3.506980
    endloop
  endfacet
  facet normal 0 0 0
    outer loop
      vertex 10.895000 3.550000 3.509260
      vertex 13.295000 3.550090 3.506980
      vertex 13.295000 3.550000 3.509260
    endloop
  endfacet
  facet normal 0 0 0
    outer loop
      vertex 10.895000 3.550000 3.509260
      vertex 10.895000 3.550090 3.506980
      vertex 13.295000 3.550090 3.506980
    endloop
  endfacet
  facet normal 0 0 0
    outer loop
      vertex 10.895000 3.550030 3.511530
      vertex 13.295000 3.550000 3.509260
      vertex 13.295000 3.550030 3.511530
    endloop
  endfacet
  facet normal 0 0 0
    outer loop
      vertex 10.895000 3.550030 3.511530
      vertex 10.895000 3.550000 3.509260
      vertex 13.295000 3.550000 3.509260
    endloop
  endfacet
  facet normal 0 0 0
    outer loop
      vertex 10.895000 3.550150 3.513750
      vertex 13.295000 3.550030 3.511530
      vertex 13.295000 3.550150 3.513750
    endloop
  endfacet
  facet normal 0 0 0
    outer loop
      vertex 10.895000 3.550150 3.513750
      vertex 10.895000 3.550030 3.511530
      vertex 13.295000 3.550030 3.511530
    endloop
  endfacet
  facet normal 0 0 0
    outer loop
      vertex 10.895000 3.550370 3.515940
      vertex 13.295000 3.550150 3.513750
      vertex 13.295000 3.550370 3.515940
    endloop
  endfacet
  facet normal 0 0 0
    outer loop
      vertex 10.895000 3.550370 3.515940
      vertex 10.895000 3.550150 3.513750
      vertex 13.295000 3.550150 3.513750
    endloop
  endfacet
  facet normal 0 0 0
    outer loop
      vertex 10.895000 3.550680 3.518090
      vertex 13.295000 3.550680 3.518090
      vertex 13.295000 3.551070 3.520190
    endloop
  endfacet
  facet normal 0 0 0
    outer loop
      vertex 10.895000 3.550680 3.518090
      vertex 13.295000 3.550370 3.515940
      vertex 13.295000 3.550680 3.518090
    endloop
  endfacet
  facet normal 0 0 0
    outer loop
      vertex 10.895000 3.550680 3.518090
      vertex 10.895000 3.550370 3.515940
      vertex 13.295000 3.550370 3.515940
    endloop
  endfacet
  facet normal 0 0 0
    outer loop
      vertex 10.895000 3.551070 3.520190
      vertex 13.295000 3.551070 3.520190
      vertex 13.295000 3.551550 3.522240
    endloop
  endfacet
  facet normal 0 0 0
    outer loop
      vertex 10.895000 3.551070 3.520190
      vertex 10.895000 3.550680 3.518090
      vertex 13.295000 3.551070 3.520190
    endloop
  endfacet
  facet normal 0 0 0
    outer loop
      vertex 10.895000 3.551550 3.522240
      vertex 10.895000 3.551070 3.520190
      vertex 13.295000 3.551550 3.522240
    endloop
  endfacet
  facet normal 0 0 0
    outer loop
      vertex 10.895000 3.552100 3.524230
      vertex 13.295000 3.552100 3.524230
      vertex 13.295000 3.552720 3.526160
    endloop
  endfacet
  facet normal 0 0 0
    outer loop
      vertex 10.895000 3.552100 3.524230
      vertex 13.295000 3.551550 3.522240
      vertex 13.295000 3.552100 3.524230
    endloop
  endfacet
  facet normal 0 0 0
    outer loop
      vertex 10.895000 3.552100 3.524230
      vertex 10.895000 3.551550 3.522240
      vertex 13.295000 3.551550 3.522240
    endloop
  endfacet
  facet normal 0 0 0
    outer loop
      vertex 10.895000 3.552720 3.526160
      vertex 10.895000 3.552100 3.524230
      vertex 13.295000 3.552720 3.526160
    endloop
  endfacet
  facet normal 0 0 0
    outer loop
      vertex 10.895000 3.553410 3.528040
      vertex 13.295000 3.552720 3.526160
      vertex 13.295000 3.553410 3.528040
    endloop
  endfacet
  facet normal 0 0 0
    outer loop
      vertex 10.895000 3.553410 3.528040
      vertex 10.895000 3.552720 3.526160
      vertex 13.295000 3.552720 3.526160
    endloop
  endfacet
  facet normal 0 0 0
    outer loop
      vertex 10.895000 3.554150 3.529850
      vertex 13.295000 3.554150 3.529850
      vertex 13.295000 3.554950 3.531590
    endloop
  endfacet
  facet normal 0 0 0
    outer loop
      vertex 10.895000 3.554150 3.529850
      vertex 13.295000 3.553410 3.528040
      vertex 13.295000 3.554150 3.529850
    endloop
  endfacet
  facet normal 0 0 0
    outer loop
      vertex 10.895000 3.554150 3.529850
      vertex 10.895000 3.553410 3.528040
      vertex 13.295000 3.553410 3.528040
    endloop
  endfacet
  facet normal 0 0 0
    outer loop
      vertex 10.895000 3.554950 3.531590
      vertex 13.295000 3.554950 3.531590
      vertex 13.295000 3.555800 3.533270
    endloop
  endfacet
  facet normal 0 0 0
    outer loop
      vertex 10.895000 3.554950 3.531590
      vertex 10.895000 3.554150 3.529850
      vertex 13.295000 3.554950 3.531590
    endloop
  endfacet
  facet normal 0 0 0
    outer loop
      vertex 10.895000 3.555800 3.533270
      vertex 13.295000 3.555800 3.533270
      vertex 13.295000 3.556690 3.534880
    endloop
  endfacet
  facet normal 0 0 0
    outer loop
      vertex 10.895000 3.555800 3.533270
      vertex 10.895000 3.554950 3.531590
      vertex 13.295000 3.555800 3.533270
    endloop
  endfacet
  facet normal 0 0 0
    outer loop
      vertex 10.895000 3.556690 3.534880
      vertex 13.295000 3.556690 3.534880
      vertex 13.295000 3.557640 3.536460
    endloop
  endfacet
  facet normal 0 0 0
    outer loop
      vertex 10.895000 3.556690 3.534880
      vertex 10.895000 3.555800 3.533270
      vertex 13.295000 3.556690 3.534880
    endloop
  endfacet
  facet normal 0 0 0
    outer loop
      vertex 10.895000 3.557640 3.536460
      vertex 10.895000 3.556690 3.534880
      vertex 13.295000 3.557640 3.536460
    endloop
  endfacet
  facet normal 0 0 0
    outer loop
      vertex 10.895000 3.557640 3.536460
      vertex 13.295000 3.557640 3.536460
      vertex 13.295000 3.558660 3.538030
    endloop
  endfacet
  facet normal 0 0 0
    outer loop
      vertex 10.895000 3.558660 3.538030
      vertex 10.895000 3.557640 3.536460
      vertex 13.295000 3.558660 3.538030
    endloop
  endfacet
  facet normal 0 0 0
    outer loop
      vertex 10.895000 3.558660 3.538030
      vertex 13.295000 3.558660 3.538030
      vertex 13.295000 3.559770 3.539600
    endloop
  endfacet
  facet normal 0 0 0
    outer loop
      vertex 10.895000 3.559770 3.539600
      vertex 13.295000 3.559770 3.539600
      vertex 13.295000 3.560970 3.541150
    endloop
  endfacet
  facet normal 0 0 0
    outer loop
      vertex 10.895000 3.559770 3.539600
      vertex 10.895000 3.558660 3.538030
      vertex 13.295000 3.559770 3.539600
    endloop
  endfacet
  facet normal 0 0 0
    outer loop
      vertex 10.895000 3.560970 3.541150
      vertex 10.895000 3.559770 3.539600
      vertex 13.295000 3.560970 3.541150
    endloop
  endfacet
  facet normal 0 0 0
    outer loop
      vertex 10.895000 3.562240 3.542680
      vertex 13.295000 3.560970 3.541150
      vertex 13.295000 3.562240 3.542680
    endloop
  endfacet
  facet normal 0 0 0
    outer loop
      vertex 10.895000 3.562240 3.542680
      vertex 10.895000 3.560970 3.541150
      vertex 13.295000 3.560970 3.541150
    endloop
  endfacet
  facet normal 0 0 0
    outer loop
      vertex 10.895000 3.563600 3.544180
      vertex 13.295000 3.562240 3.542680
      vertex 13.295000 3.563600 3.544180
    endloop
  endfacet
  facet normal 0 0 0
    outer loop
      vertex 10.895000 3.563600 3.544180
      vertex 10.895000 3.562240 3.542680
      vertex 13.295000 3.562240 3.542680
    endloop
  endfacet
  facet normal 0 0 0
    outer loop
      vertex 10.895000 3.565050 3.545660
      vertex 13.295000 3.565050 3.545660
      vertex 13.295000 3.566580 3.547090
    endloop
  endfacet
  facet normal 0 0 0
    outer loop
      vertex 10.895000 3.565050 3.545660
      vertex 13.295000 3.563600 3.544180
      vertex 13.295000 3.565050 3.545660
    endloop
  endfacet
  facet normal 0 0 0
    outer loop
      vertex 10.895000 3.565050 3.545660
      vertex 10.895000 3.563600 3.544180
      vertex 13.295000 3.563600 3.544180
    endloop
  endfacet
  facet normal 0 0 0
    outer loop
      vertex 10.895000 3.566580 3.547090
      vertex 10.895000 3.565050 3.545660
      vertex 13.295000 3.566580 3.547090
    endloop
  endfacet
  facet normal 0 0 0
    outer loop
      vertex 10.895000 3.568200 3.548490
      vertex 13.295000 3.566580 3.547090
      vertex 13.295000 3.568200 3.548490
    endloop
  endfacet
  facet normal 0 0 0
    outer loop
      vertex 10.895000 3.568200 3.548490
      vertex 10.895000 3.566580 3.547090
      vertex 13.295000 3.566580 3.547090
    endloop
  endfacet
  facet normal 0 0 0
    outer loop
      vertex 10.895000 3.569910 3.549830
      vertex 10.895000 3.568200 3.548490
      vertex 13.295000 3.568200 3.548490
    endloop
  endfacet
  facet normal 0 0 0
    outer loop
      vertex 10.895000 3.569910 3.549830
      vertex 13.295000 3.568200 3.548490
      vertex 13.295000 3.569910 3.549830
    endloop
  endfacet
  facet normal 0 0 0
    outer loop
      vertex 10.895000 3.571690 3.551110
      vertex 10.895000 3.569910 3.549830
      vertex 13.295000 3.569910 3.549830
    endloop
  endfacet
  facet normal 0 0 0
    outer loop
      vertex 10.895000 3.571690 3.551110
      vertex 13.295000 3.569910 3.549830
      vertex 13.295000 3.571690 3.551110
    endloop
  endfacet
  facet normal 0 0 0
    outer loop
      vertex 10.895000 3.573560 3.552340
      vertex 13.295000 3.571690 3.551110
      vertex 13.295000 3.573560 3.552340
    endloop
  endfacet
  facet normal 0 0 0
    outer loop
      vertex 10.895000 3.573560 3.552340
      vertex 10.895000 3.571690 3.551110
      vertex 13.295000 3.571690 3.551110
    endloop
  endfacet
  facet normal 0 0 0
    outer loop
      vertex 10.895000 3.575500 3.553490
      vertex 10.895000 3.573560 3.552340
      vertex 13.295000 3.573560 3.552340
    endloop
  endfacet
  facet normal 0 0 0
    outer loop
      vertex 10.895000 3.575500 3.553490
      vertex 13.295000 3.575500 3.553490
      vertex 13.295000 3.577520 3.554560
    endloop
  endfacet
  facet normal 0 0 0
    outer loop
      vertex 10.895000 3.575500 3.553490
      vertex 13.295000 3.573560 3.552340
      vertex 13.295000 3.575500 3.553490
    endloop
  endfacet
  facet normal 0 0 0
    outer loop
      vertex 10.895000 3.577520 3.554560
      vertex 13.295000 3.577520 3.554560
      vertex 13.295000 3.579610 3.555550
    endloop
  endfacet
  facet normal 0 0 0
    outer loop
      vertex 10.895000 3.577520 3.554560
      vertex 10.895000 3.575500 3.553490
      vertex 13.295000 3.577520 3.554560
    endloop
  endfacet
  facet normal 0 0 0
    outer loop
      vertex 10.895000 3.579610 3.555550
      vertex 10.895000 3.577520 3.554560
      vertex 13.295000 3.579610 3.555550
    endloop
  endfacet
  facet normal 0 0 0
    outer loop
      vertex 10.895000 3.581770 3.556460
      vertex 13.295000 3.579610 3.555550
      vertex 13.295000 3.581770 3.556460
    endloop
  endfacet
  facet normal 0 0 0
    outer loop
      vertex 10.895000 3.581770 3.556460
      vertex 10.895000 3.579610 3.555550
      vertex 13.295000 3.579610 3.555550
    endloop
  endfacet
  facet normal 0 0 0
    outer loop
      vertex 10.895000 3.583980 3.557260
      vertex 13.295000 3.583980 3.557260
      vertex 13.295000 3.586250 3.557970
    endloop
  endfacet
  facet normal 0 0 0
    outer loop
      vertex 10.895000 3.583980 3.557260
      vertex 13.295000 3.581770 3.556460
      vertex 13.295000 3.583980 3.557260
    endloop
  endfacet
  facet normal 0 0 0
    outer loop
      vertex 10.895000 3.583980 3.557260
      vertex 10.895000 3.581770 3.556460
      vertex 13.295000 3.581770 3.556460
    endloop
  endfacet
  facet normal 0 0 0
    outer loop
      vertex 10.895000 3.586250 3.557970
      vertex 10.895000 3.583980 3.557260
      vertex 13.295000 3.586250 3.557970
    endloop
  endfacet
  facet normal 0 0 0
    outer loop
      vertex 10.895000 3.588560 3.558570
      vertex 13.295000 3.586250 3.557970
      vertex 13.295000 3.588560 3.558570
    endloop
  endfacet
  facet normal 0 0 0
    outer loop
      vertex 10.895000 3.588560 3.558570
      vertex 10.895000 3.586250 3.557970
      vertex 13.295000 3.586250 3.557970
    endloop
  endfacet
  facet normal 0 0 0
    outer loop
      vertex 10.895000 3.590910 3.559070
      vertex 13.295000 3.590910 3.559070
      vertex 13.295000 3.593300 3.559450
    endloop
  endfacet
  facet normal 0 0 0
    outer loop
      vertex 10.895000 3.590910 3.559070
      vertex 13.295000 3.588560 3.558570
      vertex 13.295000 3.590910 3.559070
    endloop
  endfacet
  facet normal 0 0 0
    outer loop
      vertex 10.895000 3.590910 3.559070
      vertex 10.895000 3.588560 3.558570
      vertex 13.295000 3.588560 3.558570
    endloop
  endfacet
  facet normal 0 0 0
    outer loop
      vertex 10.895000 3.593300 3.559450
      vertex 10.895000 3.590910 3.559070
      vertex 13.295000 3.593300 3.559450
    endloop
  endfacet
  facet normal 0 0 0
    outer loop
      vertex 10.895000 3.593300 3.559450
      vertex 13.295000 3.593300 3.559450
      vertex 13.295000 3.595700 3.559720
    endloop
  endfacet
  facet normal 0 0 0
    outer loop
      vertex 10.895000 3.595700 3.559720
      vertex 10.895000 3.593300 3.559450
      vertex 13.295000 3.595700 3.559720
    endloop
  endfacet
  facet normal 0 0 0
    outer loop
      vertex 10.895000 3.598130 3.559860
      vertex 13.295000 3.598130 3.559860
      vertex 13.295000 3.600560 3.559900
    endloop
  endfacet
  facet normal 0 0 0
    outer loop
      vertex 10.895000 3.598130 3.559860
      vertex 13.295000 3.595700 3.559720
      vertex 13.295000 3.598130 3.559860
    endloop
  endfacet
  facet normal 0 0 0
    outer loop
      vertex 10.895000 3.598130 3.559860
      vertex 10.895000 3.595700 3.559720
      vertex 13.295000 3.595700 3.559720
    endloop
  endfacet
  facet normal 0 0 0
    outer loop
      vertex 10.895000 3.600560 3.559900
      vertex 10.895000 3.598130 3.559860
      vertex 13.295000 3.600560 3.559900
    endloop
  endfacet
  facet normal 0 0 0
    outer loop
      vertex 10.895000 3.602980 3.559810
      vertex 13.295000 3.602980 3.559810
      vertex 13.295000 3.605400 3.559610
    endloop
  endfacet
  facet normal 0 0 0
    outer loop
      vertex 10.895000 3.602980 3.559810
      vertex 13.295000 3.600560 3.559900
      vertex 13.295000 3.602980 3.559810
    endloop
  endfacet
  facet normal 0 0 0
    outer loop
      vertex 10.895000 3.602980 3.559810
      vertex 10.895000 3.600560 3.559900
      vertex 13.295000 3.600560 3.559900
    endloop
  endfacet
  facet normal 0 0 0
    outer loop
      vertex 10.895000 3.605400 3.559610
      vertex 13.295000 3.605400 3.559610
      vertex 13.295000 3.607800 3.559290
    endloop
  endfacet
  facet normal 0 0 0
    outer loop
      vertex 10.895000 3.605400 3.559610
      vertex 10.895000 3.602980 3.559810
      vertex 13.295000 3.605400 3.559610
    endloop
  endfacet
  facet normal 0 0 0
    outer loop
      vertex 10.895000 3.607800 3.559290
      vertex 10.895000 3.605400 3.559610
      vertex 13.295000 3.607800 3.559290
    endloop
  endfacet
  facet normal 0 0 0
    outer loop
      vertex 10.895000 3.610170 3.558860
      vertex 10.895000 3.607800 3.559290
      vertex 13.295000 3.607800 3.559290
    endloop
  endfacet
  facet normal 0 0 0
    outer loop
      vertex 10.895000 3.610170 3.558860
      vertex 13.295000 3.610170 3.558860
      vertex 13.295000 3.612500 3.558310
    endloop
  endfacet
  facet normal 0 0 0
    outer loop
      vertex 10.895000 3.610170 3.558860
      vertex 13.295000 3.607800 3.559290
      vertex 13.295000 3.610170 3.558860
    endloop
  endfacet
  facet normal 0 0 0
    outer loop
      vertex 10.895000 3.612500 3.558310
      vertex 10.895000 3.610170 3.558860
      vertex 13.295000 3.612500 3.558310
    endloop
  endfacet
  facet normal 0 0 0
    outer loop
      vertex 10.895000 3.614800 3.557660
      vertex 13.295000 3.612500 3.558310
      vertex 13.295000 3.614800 3.557660
    endloop
  endfacet
  facet normal 0 0 0
    outer loop
      vertex 10.895000 3.614800 3.557660
      vertex 10.895000 3.612500 3.558310
      vertex 13.295000 3.612500 3.558310
    endloop
  endfacet
  facet normal 0 0 0
    outer loop
      vertex 10.895000 3.617040 3.556910
      vertex 13.295000 3.614800 3.557660
      vertex 13.295000 3.617040 3.556910
    endloop
  endfacet
  facet normal 0 0 0
    outer loop
      vertex 10.895000 3.617040 3.556910
      vertex 10.895000 3.614800 3.557660
      vertex 13.295000 3.614800 3.557660
    endloop
  endfacet
  facet normal 0 0 0
    outer loop
      vertex 10.895000 3.619230 3.556060
      vertex 13.295000 3.619230 3.556060
      vertex 13.295000 3.621350 3.555110
    endloop
  endfacet
  facet normal 0 0 0
    outer loop
      vertex 10.895000 3.619230 3.556060
      vertex 13.295000 3.617040 3.556910
      vertex 13.295000 3.619230 3.556060
    endloop
  endfacet
  facet normal 0 0 0
    outer loop
      vertex 10.895000 3.619230 3.556060
      vertex 10.895000 3.617040 3.556910
      vertex 13.295000 3.617040 3.556910
    endloop
  endfacet
  facet normal 0 0 0
    outer loop
      vertex 10.895000 3.621350 3.555110
      vertex 10.895000 3.619230 3.556060
      vertex 13.295000 3.621350 3.555110
    endloop
  endfacet
  facet normal 0 0 0
    outer loop
      vertex 10.895000 3.623410 3.554080
      vertex 13.295000 3.623410 3.554080
      vertex 13.295000 3.625390 3.552970
    endloop
  endfacet
  facet normal 0 0 0
    outer loop
      vertex 10.895000 3.623410 3.554080
      vertex 13.295000 3.621350 3.555110
      vertex 13.295000 3.623410 3.554080
    endloop
  endfacet
  facet normal 0 0 0
    outer loop
      vertex 10.895000 3.623410 3.554080
      vertex 10.895000 3.621350 3.555110
      vertex 13.295000 3.621350 3.555110
    endloop
  endfacet
  facet normal 0 0 0
    outer loop
      vertex 10.895000 3.625390 3.552970
      vertex 10.895000 3.623410 3.554080
      vertex 13.295000 3.625390 3.552970
    endloop
  endfacet
  facet normal 0 0 0
    outer loop
      vertex 10.895000 3.627300 3.551790
      vertex 13.295000 3.625390 3.552970
      vertex 13.295000 3.627300 3.551790
    endloop
  endfacet
  facet normal 0 0 0
    outer loop
      vertex 10.895000 3.627300 3.551790
      vertex 10.895000 3.625390 3.552970
      vertex 13.295000 3.625390 3.552970
    endloop
  endfacet
  facet normal 0 0 0
    outer loop
      vertex 10.895000 3.627300 3.551790
      vertex 13.295000 3.627300 3.551790
      vertex 13.295000 3.629130 3.550530
    endloop
  endfacet
  facet normal 0 0 0
    outer loop
      vertex 10.895000 3.629130 3.550530
      vertex 10.895000 3.627300 3.551790
      vertex 13.295000 3.629130 3.550530
    endloop
  endfacet
  facet normal 0 0 0
    outer loop
      vertex 10.895000 3.630880 3.549220
      vertex 10.895000 3.629130 3.550530
      vertex 13.295000 3.629130 3.550530
    endloop
  endfacet
  facet normal 0 0 0
    outer loop
      vertex 10.895000 3.630880 3.549220
      vertex 13.295000 3.629130 3.550530
      vertex 13.295000 3.630880 3.549220
    endloop
  endfacet
  facet normal 0 0 0
    outer loop
      vertex 10.895000 3.632550 3.547860
      vertex 10.895000 3.630880 3.549220
      vertex 13.295000 3.630880 3.549220
    endloop
  endfacet
  facet normal 0 0 0
    outer loop
      vertex 10.895000 3.632550 3.547860
      vertex 13.295000 3.632550 3.547860
      vertex 13.295000 3.634130 3.546440
    endloop
  endfacet
  facet normal 0 0 0
    outer loop
      vertex 10.895000 3.632550 3.547860
      vertex 13.295000 3.630880 3.549220
      vertex 13.295000 3.632550 3.547860
    endloop
  endfacet
  facet normal 0 0 0
    outer loop
      vertex 10.895000 3.634130 3.546440
      vertex 10.895000 3.632550 3.547860
      vertex 13.295000 3.634130 3.546440
    endloop
  endfacet
  facet normal 0 0 0
    outer loop
      vertex 10.895000 3.635620 3.544990
      vertex 10.895000 3.634130 3.546440
      vertex 13.295000 3.634130 3.546440
    endloop
  endfacet
  facet normal 0 0 0
    outer loop
      vertex 10.895000 3.635620 3.544990
      vertex 13.295000 3.634130 3.546440
      vertex 13.295000 3.635620 3.544990
    endloop
  endfacet
  facet normal 0 0 0
    outer loop
      vertex 10.895000 3.637030 3.543500
      vertex 10.895000 3.635620 3.544990
      vertex 13.295000 3.635620 3.544990
    endloop
  endfacet
  facet normal 0 0 0
    outer loop
      vertex 10.895000 3.637030 3.543500
      vertex 13.295000 3.635620 3.544990
      vertex 13.295000 3.637030 3.543500
    endloop
  endfacet
  facet normal 0 0 0
    outer loop
      vertex 10.895000 3.638350 3.541980
      vertex 10.895000 3.637030 3.543500
      vertex 13.295000 3.637030 3.543500
    endloop
  endfacet
  facet normal 0 0 0
    outer loop
      vertex 10.895000 3.638350 3.541980
      vertex 13.295000 3.638350 3.541980
      vertex 13.295000 3.639590 3.540440
    endloop
  endfacet
  facet normal 0 0 0
    outer loop
      vertex 10.895000 3.638350 3.541980
      vertex 13.295000 3.637030 3.543500
      vertex 13.295000 3.638350 3.541980
    endloop
  endfacet
  facet normal 0 0 0
    outer loop
      vertex 10.895000 3.639590 3.540440
      vertex 10.895000 3.638350 3.541980
      vertex 13.295000 3.639590 3.540440
    endloop
  endfacet
  facet normal 0 0 0
    outer loop
      vertex 10.895000 3.640740 3.538880
      vertex 10.895000 3.639590 3.540440
      vertex 13.295000 3.639590 3.540440
    endloop
  endfacet
  facet normal 0 0 0
    outer loop
      vertex 10.895000 3.640740 3.538880
      vertex 13.295000 3.639590 3.540440
      vertex 13.295000 3.640740 3.538880
    endloop
  endfacet
  facet normal 0 0 0
    outer loop
      vertex 10.895000 3.641820 3.537310
      vertex 10.895000 3.640740 3.538880
      vertex 13.295000 3.640740 3.538880
    endloop
  endfacet
  facet normal 0 0 0
    outer loop
      vertex 10.895000 3.641820 3.537310
      vertex 13.295000 3.640740 3.538880
      vertex 13.295000 3.641820 3.537310
    endloop
  endfacet
  facet normal 0 0 0
    outer loop
      vertex 10.895000 3.642810 3.535740
      vertex 10.895000 3.641820 3.537310
      vertex 13.295000 3.641820 3.537310
    endloop
  endfacet
  facet normal 0 0 0
    outer loop
      vertex 10.895000 3.642810 3.535740
      vertex 13.295000 3.642810 3.535740
      vertex 13.295000 3.643720 3.534150
    endloop
  endfacet
  facet normal 0 0 0
    outer loop
      vertex 10.895000 3.642810 3.535740
      vertex 13.295000 3.641820 3.537310
      vertex 13.295000 3.642810 3.535740
    endloop
  endfacet
  facet normal 0 0 0
    outer loop
      vertex 10.895000 3.643720 3.534150
      vertex 10.895000 3.642810 3.535740
      vertex 13.295000 3.643720 3.534150
    endloop
  endfacet
  facet normal 0 0 0
    outer loop
      vertex 10.895000 3.643720 3.534150
      vertex 13.295000 3.643720 3.534150
      vertex 13.295000 3.644600 3.532510
    endloop
  endfacet
  facet normal 0 0 0
    outer loop
      vertex 10.895000 3.644600 3.532510
      vertex 10.895000 3.643720 3.534150
      vertex 13.295000 3.644600 3.532510
    endloop
  endfacet
  facet normal 0 0 0
    outer loop
      vertex 10.895000 3.645420 3.530800
      vertex 10.895000 3.644600 3.532510
      vertex 13.295000 3.644600 3.532510
    endloop
  endfacet
  facet normal 0 0 0
    outer loop
      vertex 10.895000 3.645420 3.530800
      vertex 13.295000 3.645420 3.530800
      vertex 13.295000 3.646200 3.529030
    endloop
  endfacet
  facet normal 0 0 0
    outer loop
      vertex 10.895000 3.645420 3.530800
      vertex 13.295000 3.644600 3.532510
      vertex 13.295000 3.645420 3.530800
    endloop
  endfacet
  facet normal 0 0 0
    outer loop
      vertex 10.895000 3.646200 3.529030
      vertex 10.895000 3.645420 3.530800
      vertex 13.295000 3.646200 3.529030
    endloop
  endfacet
  facet normal 0 0 0
    outer loop
      vertex 10.895000 3.646200 3.529030
      vertex 13.295000 3.646200 3.529030
      vertex 13.295000 3.646920 3.527190
    endloop
  endfacet
  facet normal 0 0 0
    outer loop
      vertex 10.895000 3.646920 3.527190
      vertex 10.895000 3.646200 3.529030
      vertex 13.295000 3.646920 3.527190
    endloop
  endfacet
  facet normal 0 0 0
    outer loop
      vertex 10.895000 3.647570 3.525290
      vertex 10.895000 3.646920 3.527190
      vertex 13.295000 3.646920 3.527190
    endloop
  endfacet
  facet normal 0 0 0
    outer loop
      vertex 10.895000 3.647570 3.525290
      vertex 13.295000 3.647570 3.525290
      vertex 13.295000 3.648160 3.523330
    endloop
  endfacet
  facet normal 0 0 0
    outer loop
      vertex 10.895000 3.647570 3.525290
      vertex 13.295000 3.646920 3.527190
      vertex 13.295000 3.647570 3.525290
    endloop
  endfacet
  facet normal 0 0 0
    outer loop
      vertex 10.895000 3.648160 3.523330
      vertex 10.895000 3.647570 3.525290
      vertex 13.295000 3.648160 3.523330
    endloop
  endfacet
  facet normal 0 0 0
    outer loop
      vertex 10.895000 3.648680 3.521310
      vertex 10.895000 3.648160 3.523330
      vertex 13.295000 3.648160 3.523330
    endloop
  endfacet
  facet normal 0 0 0
    outer loop
      vertex 10.895000 3.648680 3.521310
      vertex 13.295000 3.648680 3.521310
      vertex 13.295000 3.649120 3.519240
    endloop
  endfacet
  facet normal 0 0 0
    outer loop
      vertex 10.895000 3.648680 3.521310
      vertex 13.295000 3.648160 3.523330
      vertex 13.295000 3.648680 3.521310
    endloop
  endfacet
  facet normal 0 0 0
    outer loop
      vertex 10.895000 3.649120 3.519240
      vertex 10.895000 3.648680 3.521310
      vertex 13.295000 3.649120 3.519240
    endloop
  endfacet
  facet normal 0 0 0
    outer loop
      vertex 10.895000 3.649480 3.517120
      vertex 10.895000 3.649120 3.519240
      vertex 13.295000 3.649120 3.519240
    endloop
  endfacet
  facet normal 0 0 0
    outer loop
      vertex 10.895000 3.649480 3.517120
      vertex 13.295000 3.649480 3.517120
      vertex 13.295000 3.649740 3.514950
    endloop
  endfacet
  facet normal 0 0 0
    outer loop
      vertex 10.895000 3.649480 3.517120
      vertex 13.295000 3.649120 3.519240
      vertex 13.295000 3.649480 3.517120
    endloop
  endfacet
  facet normal 0 0 0
    outer loop
      vertex 10.895000 3.649740 3.514950
      vertex 13.295000 3.649740 3.514950
      vertex 13.295000 3.649920 3.512740
    endloop
  endfacet
  facet normal 0 0 0
    outer loop
      vertex 10.895000 3.649740 3.514950
      vertex 10.895000 3.649480 3.517120
      vertex 13.295000 3.649740 3.514950
    endloop
  endfacet
  facet normal 0 0 0
    outer loop
      vertex 10.895000 3.649920 3.512740
      vertex 13.295000 3.649920 3.512740
      vertex 13.295000 3.650000 3.510500
    endloop
  endfacet
  facet normal 0 0 0
    outer loop
      vertex 10.895000 3.649920 3.512740
      vertex 10.895000 3.649740 3.514950
      vertex 13.295000 3.649920 3.512740
    endloop
  endfacet
  facet normal 0 0 0
    outer loop
      vertex 10.895000 3.650000 3.510500
      vertex 10.895000 3.649920 3.512740
      vertex 13.295000 3.650000 3.510500
    endloop
  endfacet
  facet normal 0 0 0
    outer loop
      vertex 10.895000 3.649970 3.508220
      vertex 13.295000 3.650000 3.510500
      vertex 13.295000 3.649970 3.508220
    endloop
  endfacet
  facet normal 0 0 0
    outer loop
      vertex 10.895000 3.649970 3.508220
      vertex 10.895000 3.650000 3.510500
      vertex 13.295000 3.650000 3.510500
    endloop
  endfacet
  facet normal 0 0 0
    outer loop
      vertex 10.895000 3.649840 3.505930
      vertex 13.295000 3.649970 3.508220
      vertex 13.295000 3.649840 3.505930
    endloop
  endfacet
  facet normal 0 0 0
    outer loop
      vertex 10.895000 3.649840 3.505930
      vertex 10.895000 3.649970 3.508220
      vertex 13.295000 3.649970 3.508220
    endloop
  endfacet
  facet normal 0 0 0
    outer loop
      vertex 10.895000 3.649600 3.503620
      vertex 13.295000 3.649840 3.505930
      vertex 13.295000 3.649600 3.503620
    endloop
  endfacet
  facet normal 0 0 0
    outer loop
      vertex 10.895000 3.649600 3.503620
      vertex 10.895000 3.649840 3.505930
      vertex 13.295000 3.649840 3.505930
    endloop
  endfacet
  facet normal 0 0 0
    outer loop
      vertex 10.895000 3.649250 3.501300
      vertex 10.895000 3.649600 3.503620
      vertex 13.295000 3.649600 3.503620
    endloop
  endfacet
  facet normal 0 0 0
    outer loop
      vertex 10.895000 3.649250 3.501300
      vertex 13.295000 3.649250 3.501300
      vertex 13.295000 3.648790 3.498980
    endloop
  endfacet
  facet normal 0 0 0
    outer loop
      vertex 10.895000 3.649250 3.501300
      vertex 13.295000 3.649600 3.503620
      vertex 13.295000 3.649250 3.501300
    endloop
  endfacet
  facet normal 0 0 0
    outer loop
      vertex 10.895000 3.648790 3.498980
      vertex 10.895000 3.649250 3.501300
      vertex 13.295000 3.648790 3.498980
    endloop
  endfacet
  facet normal 0 0 0
    outer loop
      vertex 10.895000 3.648790 3.498980
      vertex 13.295000 3.648790 3.498980
      vertex 13.295000 3.648220 3.496660
    endloop
  endfacet
  facet normal 0 0 0
    outer loop
      vertex 10.895000 3.648220 3.496660
      vertex 10.895000 3.648790 3.498980
      vertex 13.295000 3.648220 3.496660
    endloop
  endfacet
  facet normal 0 0 0
    outer loop
      vertex 10.895000 3.647530 3.494370
      vertex 13.295000 3.647530 3.494370
      vertex 13.295000 3.646720 3.492100
    endloop
  endfacet
  facet normal 0 0 0
    outer loop
      vertex 10.895000 3.647530 3.494370
      vertex 13.295000 3.648220 3.496660
      vertex 13.295000 3.647530 3.494370
    endloop
  endfacet
  facet normal 0 0 0
    outer loop
      vertex 10.895000 3.647530 3.494370
      vertex 10.895000 3.648220 3.496660
      vertex 13.295000 3.648220 3.496660
    endloop
  endfacet
  facet normal 0 0 0
    outer loop
      vertex 10.895000 3.646720 3.492100
      vertex 10.895000 3.647530 3.494370
      vertex 13.295000 3.646720 3.492100
    endloop
  endfacet
  facet normal 0 0 0
    outer loop
      vertex 10.895000 3.645810 3.489860
      vertex 13.295000 3.646720 3.492100
      vertex 13.295000 3.645810 3.489860
    endloop
  endfacet
  facet normal 0 0 0
    outer loop
      vertex 10.895000 3.645810 3.489860
      vertex 10.895000 3.646720 3.492100
      vertex 13.295000 3.646720 3.492100
    endloop
  endfacet
  facet normal 0 0 0
    outer loop
      vertex 10.895000 3.644780 3.487660
      vertex 10.895000 3.645810 3.489860
      vertex 13.295000 3.645810 3.489860
    endloop
  endfacet
  facet normal 0 0 0
    outer loop
      vertex 10.895000 3.644780 3.487660
      vertex 13.295000 3.645810 3.489860
      vertex 13.295000 3.644780 3.487660
    endloop
  endfacet
  facet normal 0 0 0
    outer loop
      vertex 10.895000 3.643650 3.485510
      vertex 10.895000 3.644780 3.487660
      vertex 13.295000 3.644780 3.487660
    endloop
  endfacet
  facet normal 0 0 0
    outer loop
      vertex 10.895000 3.643650 3.485510
      vertex 13.295000 3.644780 3.487660
      vertex 13.295000 3.643650 3.485510
    endloop
  endfacet
  facet normal 0 0 0
    outer loop
      vertex 10.895000 3.642410 3.483420
      vertex 10.895000 3.643650 3.485510
      vertex 13.295000 3.643650 3.485510
    endloop
  endfacet
  facet normal 0 0 0
    outer loop
      vertex 10.895000 3.642410 3.483420
      vertex 13.295000 3.643650 3.485510
      vertex 13.295000 3.642410 3.483420
    endloop
  endfacet
  facet normal 0 0 0
    outer loop
      vertex 10.895000 3.641080 3.481390
      vertex 10.895000 3.642410 3.483420
      vertex 13.295000 3.642410 3.483420
    endloop
  endfacet
  facet normal 0 0 0
    outer loop
      vertex 10.895000 3.641080 3.481390
      vertex 13.295000 3.641080 3.481390
      vertex 13.295000 3.639650 3.479440
    endloop
  endfacet
  facet normal 0 0 0
    outer loop
      vertex 10.895000 3.641080 3.481390
      vertex 13.295000 3.642410 3.483420
      vertex 13.295000 3.641080 3.481390
    endloop
  endfacet
  facet normal 0 0 0
    outer loop
      vertex 10.895000 3.639650 3.479440
      vertex 10.895000 3.641080 3.481390
      vertex 13.295000 3.639650 3.479440
    endloop
  endfacet
  facet normal 0 0 0
    outer loop
      vertex 10.895000 3.639650 3.479440
      vertex 13.295000 3.639650 3.479440
      vertex 13.295000 3.638130 3.477560
    endloop
  endfacet
  facet normal 0 0 0
    outer loop
      vertex 10.895000 3.638130 3.477560
      vertex 10.895000 3.639650 3.479440
      vertex 13.295000 3.638130 3.477560
    endloop
  endfacet
  facet normal 0 0 0
    outer loop
      vertex 10.895000 3.638130 3.477560
      vertex 13.295000 3.638130 3.477560
      vertex 13.295000 3.636530 3.475760
    endloop
  endfacet
  facet normal 0 0 0
    outer loop
      vertex 10.895000 3.636530 3.475760
      vertex 10.895000 3.638130 3.477560
      vertex 13.295000 3.636530 3.475760
    endloop
  endfacet
  facet normal 0 0 0
    outer loop
      vertex 10.895000 3.636530 3.475760
      vertex 13.295000 3.636530 3.475760
      vertex 13.295000 3.634860 3.474060
    endloop
  endfacet
  facet normal 0 0 0
    outer loop
      vertex 10.895000 3.634860 3.474060
      vertex 10.895000 3.636530 3.475760
      vertex 13.295000 3.634860 3.474060
    endloop
  endfacet
  facet normal 0 0 0
    outer loop
      vertex 10.895000 3.633120 3.472440
      vertex 10.895000 3.634860 3.474060
      vertex 13.295000 3.634860 3.474060
    endloop
  endfacet
  facet normal 0 0 0
    outer loop
      vertex 10.895000 3.633120 3.472440
      vertex 13.295000 3.633120 3.472440
      vertex 13.295000 3.631310 3.470920
    endloop
  endfacet
  facet normal 0 0 0
    outer loop
      vertex 10.895000 3.633120 3.472440
      vertex 13.295000 3.634860 3.474060
      vertex 13.295000 3.633120 3.472440
    endloop
  endfacet
  facet normal 0 0 0
    outer loop
      vertex 10.895000 3.631310 3.470920
      vertex 10.895000 3.633120 3.472440
      vertex 13.295000 3.631310 3.470920
    endloop
  endfacet
  facet normal 0 0 0
    outer loop
      vertex 10.895000 3.631310 3.470920
      vertex 13.295000 3.631310 3.470920
      vertex 13.295000 3.629460 3.469500
    endloop
  endfacet
  facet normal 0 0 0
    outer loop
      vertex 10.895000 3.629460 3.469500
      vertex 10.895000 3.631310 3.470920
      vertex 13.295000 3.629460 3.469500
    endloop
  endfacet
  facet normal 0 0 0
    outer loop
      vertex 10.895000 3.629460 3.469500
      vertex 13.295000 3.629460 3.469500
      vertex 13.295000 3.627560 3.468180
    endloop
  endfacet
  facet normal 0 0 0
    outer loop
      vertex 10.895000 3.627560 3.468180
      vertex 10.895000 3.629460 3.469500
      vertex 13.295000 3.627560 3.468180
    endloop
  endfacet
  facet normal 0 0 0
    outer loop
      vertex 10.895000 3.625620 3.466960
      vertex 13.295000 3.627560 3.468180
      vertex 13.295000 3.625620 3.466960
    endloop
  endfacet
  facet normal 0 0 0
    outer loop
      vertex 10.895000 3.625620 3.466960
      vertex 10.895000 3.627560 3.468180
      vertex 13.295000 3.627560 3.468180
    endloop
  endfacet
  facet normal 0 0 0
    outer loop
      vertex 10.895000 3.623650 3.465850
      vertex 10.895000 3.625620 3.466960
      vertex 13.295000 3.625620 3.466960
    endloop
  endfacet
  facet normal 0 0 0
    outer loop
      vertex 10.895000 3.623650 3.465850
      vertex 13.295000 3.625620 3.466960
      vertex 13.295000 3.623650 3.465850
    endloop
  endfacet
  facet normal 0 0 0
    outer loop
      vertex 10.895000 3.621660 3.464840
      vertex 10.895000 3.623650 3.465850
      vertex 13.295000 3.623650 3.465850
    endloop
  endfacet
  facet normal 0 0 0
    outer loop
      vertex 10.895000 3.621660 3.464840
      vertex 13.295000 3.621660 3.464840
      vertex 13.295000 3.619660 3.463930
    endloop
  endfacet
  facet normal 0 0 0
    outer loop
      vertex 10.895000 3.621660 3.464840
      vertex 13.295000 3.623650 3.465850
      vertex 13.295000 3.621660 3.464840
    endloop
  endfacet
  facet normal 0 0 0
    outer loop
      vertex 10.895000 3.619660 3.463930
      vertex 13.295000 3.619660 3.463930
      vertex 13.295000 3.617640 3.463120
    endloop
  endfacet
  facet normal 0 0 0
    outer loop
      vertex 10.895000 3.619660 3.463930
      vertex 10.895000 3.621660 3.464840
      vertex 13.295000 3.619660 3.463930
    endloop
  endfacet
  facet normal 0 0 0
    outer loop
      vertex 10.895000 3.617640 3.463120
      vertex 10.895000 3.619660 3.463930
      vertex 13.295000 3.617640 3.463120
    endloop
  endfacet
  facet normal 0 0 0
    outer loop
      vertex 10.895000 3.617640 3.463120
      vertex 13.295000 3.617640 3.463120
      vertex 13.295000 3.615630 3.462400
    endloop
  endfacet
  facet normal 0 0 0
    outer loop
      vertex 10.895000 3.615630 3.462400
      vertex 10.895000 3.617640 3.463120
      vertex 13.295000 3.615630 3.462400
    endloop
  endfacet
  facet normal 0 0 0
    outer loop
      vertex 10.895000 3.613610 3.461790
      vertex 10.895000 3.615630 3.462400
      vertex 13.295000 3.615630 3.462400
    endloop
  endfacet
  facet normal 0 0 0
    outer loop
      vertex 10.895000 3.613610 3.461790
      vertex 13.295000 3.615630 3.462400
      vertex 13.295000 3.613610 3.461790
    endloop
  endfacet
  facet normal 0 0 0
    outer loop
      vertex 10.895000 3.611610 3.461270
      vertex 10.895000 3.613610 3.461790
      vertex 13.295000 3.613610 3.461790
    endloop
  endfacet
  facet normal 0 0 0
    outer loop
      vertex 10.895000 3.611610 3.461270
      vertex 13.295000 3.613610 3.461790
      vertex 13.295000 3.611610 3.461270
    endloop
  endfacet
  facet normal 0 0 0
    outer loop
      vertex 10.895000 3.609410 3.460790
      vertex 10.895000 3.611610 3.461270
      vertex 13.295000 3.611610 3.461270
    endloop
  endfacet
  facet normal 0 0 0
    outer loop
      vertex 10.895000 3.609410 3.460790
      vertex 13.295000 3.611610 3.461270
      vertex 13.295000 3.609410 3.460790
    endloop
  endfacet
  facet normal 0 0 0
    outer loop
      vertex 10.895000 3.606990 3.460390
      vertex 10.895000 3.609410 3.460790
      vertex 13.295000 3.609410 3.460790
    endloop
  endfacet
  facet normal 0 0 0
    outer loop
      vertex 10.895000 3.606990 3.460390
      vertex 13.295000 3.609410 3.460790
      vertex 13.295000 3.606990 3.460390
    endloop
  endfacet
  facet normal 0 0 0
    outer loop
      vertex 10.895000 3.604610 3.460110
      vertex 13.295000 3.606990 3.460390
      vertex 13.295000 3.604610 3.460110
    endloop
  endfacet
  facet normal 0 0 0
    outer loop
      vertex 10.895000 3.604610 3.460110
      vertex 10.895000 3.606990 3.460390
      vertex 13.295000 3.606990 3.460390
    endloop
  endfacet
  facet normal 0 0 0
    outer loop
      vertex 10.895000 3.602280 3.459950
      vertex 13.295000 3.604610 3.460110
      vertex 13.295000 3.602280 3.459950
    endloop
  endfacet
  facet normal 0 0 0
    outer loop
      vertex 10.895000 3.602280 3.459950
      vertex 10.895000 3.604610 3.460110
      vertex 13.295000 3.604610 3.460110
    endloop
  endfacet
  facet normal 0 0 0
    outer loop
      vertex 10.895000 3.600000 3.459900
      vertex 13.295000 3.602280 3.459950
      vertex 13.295000 3.600000 3.459900
    endloop
  endfacet
  facet normal 0 0 0
    outer loop
      vertex 10.895000 3.600000 3.459900
      vertex 10.895000 3.602280 3.459950
      vertex 13.295000 3.602280 3.459950
    endloop
  endfacet
  facet normal 0 0 0
    outer loop
      vertex 10.895000 3.563600 3.544180
      vertex 10.895000 3.560970 3.541150
      vertex 10.895000 3.562240 3.542680
    endloop
  endfacet
  facet normal 0 0 0
    outer loop
      vertex 10.895000 3.568200 3.548490
      vertex 10.895000 3.569910 3.549830
      vertex 10.895000 3.566580 3.547090
    endloop
  endfacet
  facet normal 0 0 0
    outer loop
      vertex 10.895000 3.566580 3.547090
      vertex 10.895000 3.569910 3.549830
      vertex 10.895000 3.565050 3.545660
    endloop
  endfacet
  facet normal 0 0 0
    outer loop
      vertex 10.895000 3.569910 3.549830
      vertex 10.895000 3.571690 3.551110
      vertex 10.895000 3.565050 3.545660
    endloop
  endfacet
  facet normal 0 0 0
    outer loop
      vertex 10.895000 3.563600 3.544180
      vertex 10.895000 3.558660 3.538030
      vertex 10.895000 3.560970 3.541150
    endloop
  endfacet
  facet normal 0 0 0
    outer loop
      vertex 10.895000 3.560970 3.541150
      vertex 10.895000 3.558660 3.538030
      vertex 10.895000 3.559770 3.539600
    endloop
  endfacet
  facet normal 0 0 0
    outer loop
      vertex 10.895000 3.563600 3.544180
      vertex 10.895000 3.554950 3.531590
      vertex 10.895000 3.558660 3.538030
    endloop
  endfacet
  facet normal 0 0 0
    outer loop
      vertex 10.895000 3.565050 3.545660
      vertex 10.895000 3.554950 3.531590
      vertex 10.895000 3.563600 3.544180
    endloop
  endfacet
  facet normal 0 0 0
    outer loop
      vertex 10.895000 3.558660 3.538030
      vertex 10.895000 3.554950 3.531590
      vertex 10.895000 3.557640 3.536460
    endloop
  endfacet
  facet normal 0 0 0
    outer loop
      vertex 10.895000 3.557640 3.536460
      vertex 10.895000 3.554950 3.531590
      vertex 10.895000 3.556690 3.534880
    endloop
  endfacet
  facet normal 0 0 0
    outer loop
      vertex 10.895000 3.556690 3.534880
      vertex 10.895000 3.554950 3.531590
      vertex 10.895000 3.555800 3.533270
    endloop
  endfacet
  facet normal 0 0 0
    outer loop
      vertex 10.895000 3.577520 3.554560
      vertex 10.895000 3.579610 3.555550
      vertex 10.895000 3.575500 3.553490
    endloop
  endfacet
  facet normal 0 0 0
    outer loop
      vertex 10.895000 3.575500 3.553490
      vertex 10.895000 3.579610 3.555550
      vertex 10.895000 3.573560 3.552340
    endloop
  endfacet
  facet normal 0 0 0
    outer loop
      vertex 10.895000 3.573560 3.552340
      vertex 10.895000 3.579610 3.555550
      vertex 10.895000 3.571690 3.551110
    endloop
  endfacet
  facet normal 0 0 0
    outer loop
      vertex 10.895000 3.579610 3.555550
      vertex 10.895000 3.581770 3.556460
      vertex 10.895000 3.571690 3.551110
    endloop
  endfacet
  facet normal 0 0 0
    outer loop
      vertex 10.895000 3.554950 3.531590
      vertex 10.895000 3.553410 3.528040
      vertex 10.895000 3.554150 3.529850
    endloop
  endfacet
  facet normal 0 0 0
    outer loop
      vertex 10.895000 3.553410 3.528040
      vertex 10.895000 3.552100 3.524230
      vertex 10.895000 3.552720 3.526160
    endloop
  endfacet
  facet normal 0 0 0
    outer loop
      vertex 10.895000 3.586250 3.557970
      vertex 10.895000 3.588560 3.558570
      vertex 10.895000 3.583980 3.557260
    endloop
  endfacet
  facet normal 0 0 0
    outer loop
      vertex 10.895000 3.551550 3.522240
      vertex 10.895000 3.550680 3.518090
      vertex 10.895000 3.551070 3.520190
    endloop
  endfacet
  facet normal 0 0 0
    outer loop
      vertex 10.895000 3.590910 3.559070
      vertex 10.895000 3.593300 3.559450
      vertex 10.895000 3.588560 3.558570
    endloop
  endfacet
  facet normal 0 0 0
    outer loop
      vertex 10.895000 3.588560 3.558570
      vertex 10.895000 3.593300 3.559450
      vertex 10.895000 3.583980 3.557260
    endloop
  endfacet
  facet normal 0 0 0
    outer loop
      vertex 10.895000 3.552100 3.524230
      vertex 10.895000 3.550370 3.515940
      vertex 10.895000 3.551550 3.522240
    endloop
  endfacet
  facet normal 0 0 0
    outer loop
      vertex 10.895000 3.551550 3.522240
      vertex 10.895000 3.550370 3.515940
      vertex 10.895000 3.550680 3.518090
    endloop
  endfacet
  facet normal 0 0 0
    outer loop
      vertex 10.895000 3.554950 3.531590
      vertex 10.895000 3.550370 3.515940
      vertex 10.895000 3.553410 3.528040
    endloop
  endfacet
  facet normal 0 0 0
    outer loop
      vertex 10.895000 3.553410 3.528040
      vertex 10.895000 3.550370 3.515940
      vertex 10.895000 3.552100 3.524230
    endloop
  endfacet
  facet normal 0 0 0
    outer loop
      vertex 10.895000 3.550370 3.515940
      vertex 10.895000 3.550030 3.511530
      vertex 10.895000 3.550150 3.513750
    endloop
  endfacet
  facet normal 0 0 0
    outer loop
      vertex 10.895000 3.600560 3.559900
      vertex 10.895000 3.602980 3.559810
      vertex 10.895000 3.598130 3.559860
    endloop
  endfacet
  facet normal 0 0 0
    outer loop
      vertex 10.895000 3.598130 3.559860
      vertex 10.895000 3.602980 3.559810
      vertex 10.895000 3.595700 3.559720
    endloop
  endfacet
  facet normal 0 0 0
    outer loop
      vertex 10.895000 3.595700 3.559720
      vertex 10.895000 3.602980 3.559810
      vertex 10.895000 3.593300 3.559450
    endloop
  endfacet
  facet normal 0 0 0
    outer loop
      vertex 10.895000 3.550000 3.509260
      vertex 10.895000 3.550270 3.504670
      vertex 10.895000 3.550090 3.506980
    endloop
  endfacet
  facet normal 0 0 0
    outer loop
      vertex 10.895000 3.550000 3.509260
      vertex 10.895000 3.550570 3.502360
      vertex 10.895000 3.550270 3.504670
    endloop
  endfacet
  facet normal 0 0 0
    outer loop
      vertex 10.895000 3.605400 3.559610
      vertex 10.895000 3.607800 3.559290
      vertex 10.895000 3.602980 3.559810
    endloop
  endfacet
  facet normal 0 0 0
    outer loop
      vertex 10.895000 3.550370 3.515940
      vertex 10.895000 3.550980 3.500040
      vertex 10.895000 3.550030 3.511530
    endloop
  endfacet
  facet normal 0 0 0
    outer loop
      vertex 10.895000 3.550030 3.511530
      vertex 10.895000 3.550980 3.500040
      vertex 10.895000 3.550000 3.509260
    endloop
  endfacet
  facet normal 0 0 0
    outer loop
      vertex 10.895000 3.550000 3.509260
      vertex 10.895000 3.550980 3.500040
      vertex 10.895000 3.550570 3.502360
    endloop
  endfacet
  facet normal 0 0 0
    outer loop
      vertex 10.895000 3.602980 3.559810
      vertex 10.895000 3.612500 3.558310
      vertex 10.895000 3.593300 3.559450
    endloop
  endfacet
  facet normal 0 0 0
    outer loop
      vertex 10.895000 3.607800 3.559290
      vertex 10.895000 3.612500 3.558310
      vertex 10.895000 3.602980 3.559810
    endloop
  endfacet
  facet normal 0 0 0
    outer loop
      vertex 10.895000 3.610170 3.558860
      vertex 10.895000 3.612500 3.558310
      vertex 10.895000 3.607800 3.559290
    endloop
  endfacet
  facet normal 0 0 0
    outer loop
      vertex 10.895000 3.550980 3.500040
      vertex 10.895000 3.552140 3.495420
      vertex 10.895000 3.551510 3.497720
    endloop
  endfacet
  facet normal 0 0 0
    outer loop
      vertex 10.895000 3.614800 3.557660
      vertex 10.895000 3.617040 3.556910
      vertex 10.895000 3.612500 3.558310
    endloop
  endfacet
  facet normal 0 0 0
    outer loop
      vertex 10.895000 3.617040 3.556910
      vertex 10.895000 3.619230 3.556060
      vertex 10.895000 3.612500 3.558310
    endloop
  endfacet
  facet normal 0 0 0
    outer loop
      vertex 10.895000 3.612500 3.558310
      vertex 10.895000 3.623410 3.554080
      vertex 10.895000 3.593300 3.559450
    endloop
  endfacet
  facet normal 0 0 0
    outer loop
      vertex 10.895000 3.619230 3.556060
      vertex 10.895000 3.623410 3.554080
      vertex 10.895000 3.612500 3.558310
    endloop
  endfacet
  facet normal 0 0 0
    outer loop
      vertex 10.895000 3.621350 3.555110
      vertex 10.895000 3.623410 3.554080
      vertex 10.895000 3.619230 3.556060
    endloop
  endfacet
  facet normal 0 0 0
    outer loop
      vertex 10.895000 3.553760 3.490880
      vertex 10.895000 3.555820 3.486490
      vertex 10.895000 3.554740 3.488660
    endloop
  endfacet
  facet normal 0 0 0
    outer loop
      vertex 10.895000 3.552140 3.495420
      vertex 10.895000 3.557010 3.484370
      vertex 10.895000 3.552900 3.493130
    endloop
  endfacet
  facet normal 0 0 0
    outer loop
      vertex 10.895000 3.552900 3.493130
      vertex 10.895000 3.557010 3.484370
      vertex 10.895000 3.553760 3.490880
    endloop
  endfacet
  facet normal 0 0 0
    outer loop
      vertex 10.895000 3.553760 3.490880
      vertex 10.895000 3.557010 3.484370
      vertex 10.895000 3.555820 3.486490
    endloop
  endfacet
  facet normal 0 0 0
    outer loop
      vertex 10.895000 3.550370 3.515940
      vertex 10.895000 3.558300 3.482310
      vertex 10.895000 3.550980 3.500040
    endloop
  endfacet
  facet normal 0 0 0
    outer loop
      vertex 10.895000 3.550980 3.500040
      vertex 10.895000 3.558300 3.482310
      vertex 10.895000 3.552140 3.495420
    endloop
  endfacet
  facet normal 0 0 0
    outer loop
      vertex 10.895000 3.552140 3.495420
      vertex 10.895000 3.558300 3.482310
      vertex 10.895000 3.557010 3.484370
    endloop
  endfacet
  facet normal 0 0 0
    outer loop
      vertex 10.895000 3.571690 3.551110
      vertex 10.895000 3.558300 3.482310
      vertex 10.895000 3.565050 3.545660
    endloop
  endfacet
  facet normal 0 0 0
    outer loop
      vertex 10.895000 3.565050 3.545660
      vertex 10.895000 3.558300 3.482310
      vertex 10.895000 3.554950 3.531590
    endloop
  endfacet
  facet normal 0 0 0
    outer loop
      vertex 10.895000 3.581770 3.556460
      vertex 10.895000 3.558300 3.482310
      vertex 10.895000 3.571690 3.551110
    endloop
  endfacet
  facet normal 0 0 0
    outer loop
      vertex 10.895000 3.554950 3.531590
      vertex 10.895000 3.558300 3.482310
      vertex 10.895000 3.550370 3.515940
    endloop
  endfacet
  facet normal 0 0 0
    outer loop
      vertex 10.895000 3.627300 3.551790
      vertex 10.895000 3.629130 3.550530
      vertex 10.895000 3.625390 3.552970
    endloop
  endfacet
  facet normal 0 0 0
    outer loop
      vertex 10.895000 3.625390 3.552970
      vertex 10.895000 3.629130 3.550530
      vertex 10.895000 3.623410 3.554080
    endloop
  endfacet
  facet normal 0 0 0
    outer loop
      vertex 10.895000 3.630880 3.549220
      vertex 10.895000 3.632550 3.547860
      vertex 10.895000 3.629130 3.550530
    endloop
  endfacet
  facet normal 0 0 0
    outer loop
      vertex 10.895000 3.629130 3.550530
      vertex 10.895000 3.632550 3.547860
      vertex 10.895000 3.623410 3.554080
    endloop
  endfacet
  facet normal 0 0 0
    outer loop
      vertex 10.895000 3.559690 3.480320
      vertex 10.895000 3.562730 3.476570
      vertex 10.895000 3.561160 3.478410
    endloop
  endfacet
  facet normal 0 0 0
    outer loop
      vertex 10.895000 3.558300 3.482310
      vertex 10.895000 3.566080 3.473170
      vertex 10.895000 3.559690 3.480320
    endloop
  endfacet
  facet normal 0 0 0
    outer loop
      vertex 10.895000 3.562730 3.476570
      vertex 10.895000 3.566080 3.473170
      vertex 10.895000 3.564370 3.474820
    endloop
  endfacet
  facet normal 0 0 0
    outer loop
      vertex 10.895000 3.559690 3.480320
      vertex 10.895000 3.566080 3.473170
      vertex 10.895000 3.562730 3.476570
    endloop
  endfacet
  facet normal 0 0 0
    outer loop
      vertex 10.895000 3.581770 3.556460
      vertex 10.895000 3.566080 3.473170
      vertex 10.895000 3.558300 3.482310
    endloop
  endfacet
  facet normal 0 0 0
    outer loop
      vertex 10.895000 3.583980 3.557260
      vertex 10.895000 3.566080 3.473170
      vertex 10.895000 3.581770 3.556460
    endloop
  endfacet
  facet normal 0 0 0
    outer loop
      vertex 10.895000 3.635620 3.544990
      vertex 10.895000 3.637030 3.543500
      vertex 10.895000 3.634130 3.546440
    endloop
  endfacet
  facet normal 0 0 0
    outer loop
      vertex 10.895000 3.634130 3.546440
      vertex 10.895000 3.638350 3.541980
      vertex 10.895000 3.632550 3.547860
    endloop
  endfacet
  facet normal 0 0 0
    outer loop
      vertex 10.895000 3.637030 3.543500
      vertex 10.895000 3.638350 3.541980
      vertex 10.895000 3.634130 3.546440
    endloop
  endfacet
  facet normal 0 0 0
    outer loop
      vertex 10.895000 3.639590 3.540440
      vertex 10.895000 3.640740 3.538880
      vertex 10.895000 3.638350 3.541980
    endloop
  endfacet
  facet normal 0 0 0
    outer loop
      vertex 10.895000 3.566080 3.473170
      vertex 10.895000 3.571570 3.468770
      vertex 10.895000 3.567850 3.471600
    endloop
  endfacet
  facet normal 0 0 0
    outer loop
      vertex 10.895000 3.567850 3.471600
      vertex 10.895000 3.571570 3.468770
      vertex 10.895000 3.569690 3.470140
    endloop
  endfacet
  facet normal 0 0 0
    outer loop
      vertex 10.895000 3.571570 3.468770
      vertex 10.895000 3.575450 3.466340
      vertex 10.895000 3.573490 3.467510
    endloop
  endfacet
  facet normal 0 0 0
    outer loop
      vertex 10.895000 3.583980 3.557260
      vertex 10.895000 3.575450 3.466340
      vertex 10.895000 3.566080 3.473170
    endloop
  endfacet
  facet normal 0 0 0
    outer loop
      vertex 10.895000 3.566080 3.473170
      vertex 10.895000 3.575450 3.466340
      vertex 10.895000 3.571570 3.468770
    endloop
  endfacet
  facet normal 0 0 0
    outer loop
      vertex 10.895000 3.642810 3.535740
      vertex 10.895000 3.643720 3.534150
      vertex 10.895000 3.641820 3.537310
    endloop
  endfacet
  facet normal 0 0 0
    outer loop
      vertex 10.895000 3.641820 3.537310
      vertex 10.895000 3.643720 3.534150
      vertex 10.895000 3.640740 3.538880
    endloop
  endfacet
  facet normal 0 0 0
    outer loop
      vertex 10.895000 3.644600 3.532510
      vertex 10.895000 3.645420 3.530800
      vertex 10.895000 3.643720 3.534150
    endloop
  endfacet
  facet normal 0 0 0
    outer loop
      vertex 10.895000 3.632550 3.547860
      vertex 10.895000 3.645420 3.530800
      vertex 10.895000 3.623410 3.554080
    endloop
  endfacet
  facet normal 0 0 0
    outer loop
      vertex 10.895000 3.643720 3.534150
      vertex 10.895000 3.645420 3.530800
      vertex 10.895000 3.640740 3.538880
    endloop
  endfacet
  facet normal 0 0 0
    outer loop
      vertex 10.895000 3.638350 3.541980
      vertex 10.895000 3.645420 3.530800
      vertex 10.895000 3.632550 3.547860
    endloop
  endfacet
  facet normal 0 0 0
    outer loop
      vertex 10.895000 3.640740 3.538880
      vertex 10.895000 3.645420 3.530800
      vertex 10.895000 3.638350 3.541980
    endloop
  endfacet
  facet normal 0 0 0
    outer loop
      vertex 10.895000 3.583980 3.557260
      vertex 10.895000 3.581440 3.463470
      vertex 10.895000 3.575450 3.466340
    endloop
  endfacet
  facet normal 0 0 0
    outer loop
      vertex 10.895000 3.575450 3.466340
      vertex 10.895000 3.581440 3.463470
      vertex 10.895000 3.577430 3.465290
    endloop
  endfacet
  facet normal 0 0 0
    outer loop
      vertex 10.895000 3.577430 3.465290
      vertex 10.895000 3.581440 3.463470
      vertex 10.895000 3.579430 3.464330
    endloop
  endfacet
  facet normal 0 0 0
    outer loop
      vertex 10.895000 3.646200 3.529030
      vertex 10.895000 3.646920 3.527190
      vertex 10.895000 3.645420 3.530800
    endloop
  endfacet
  facet normal 0 0 0
    outer loop
      vertex 10.895000 3.646920 3.527190
      vertex 10.895000 3.648160 3.523330
      vertex 10.895000 3.645420 3.530800
    endloop
  endfacet
  facet normal 0 0 0
    outer loop
      vertex 10.895000 3.647570 3.525290
      vertex 10.895000 3.648160 3.523330
      vertex 10.895000 3.646920 3.527190
    endloop
  endfacet
  facet normal 0 0 0
    outer loop
      vertex 10.895000 3.583980 3.557260
      vertex 10.895000 3.587470 3.461490
      vertex 10.895000 3.581440 3.463470
    endloop
  endfacet
  facet normal 0 0 0
    outer loop
      vertex 10.895000 3.581440 3.463470
      vertex 10.895000 3.587470 3.461490
      vertex 10.895000 3.583450 3.462720
    endloop
  endfacet
  facet normal 0 0 0
    outer loop
      vertex 10.895000 3.583450 3.462720
      vertex 10.895000 3.587470 3.461490
      vertex 10.895000 3.585470 3.462060
    endloop
  endfacet
  facet normal 0 0 0
    outer loop
      vertex 10.895000 3.648160 3.523330
      vertex 10.895000 3.649120 3.519240
      vertex 10.895000 3.645420 3.530800
    endloop
  endfacet
  facet normal 0 0 0
    outer loop
      vertex 10.895000 3.648680 3.521310
      vertex 10.895000 3.649120 3.519240
      vertex 10.895000 3.648160 3.523330
    endloop
  endfacet
  facet normal 0 0 0
    outer loop
      vertex 10.895000 3.587470 3.461490
      vertex 10.895000 3.591440 3.460640
      vertex 10.895000 3.589470 3.461020
    endloop
  endfacet
  facet normal 0 0 0
    outer loop
      vertex 10.895000 3.649920 3.512740
      vertex 10.895000 3.650000 3.510500
      vertex 10.895000 3.649740 3.514950
    endloop
  endfacet
  facet normal 0 0 0
    outer loop
      vertex 10.895000 3.649740 3.514950
      vertex 10.895000 3.650000 3.510500
      vertex 10.895000 3.649480 3.517120
    endloop
  endfacet
  facet normal 0 0 0
    outer loop
      vertex 10.895000 3.649480 3.517120
      vertex 10.895000 3.650000 3.510500
      vertex 10.895000 3.649120 3.519240
    endloop
  endfacet
  facet normal 0 0 0
    outer loop
      vertex 10.895000 3.597210 3.459980
      vertex 10.895000 3.600000 3.459900
      vertex 10.895000 3.598620 3.459920
    endloop
  endfacet
  facet normal 0 0 0
    outer loop
      vertex 10.895000 3.593300 3.559450
      vertex 10.895000 3.602280 3.459950
      vertex 10.895000 3.583980 3.557260
    endloop
  endfacet
  facet normal 0 0 0
    outer loop
      vertex 10.895000 3.583980 3.557260
      vertex 10.895000 3.602280 3.459950
      vertex 10.895000 3.587470 3.461490
    endloop
  endfacet
  facet normal 0 0 0
    outer loop
      vertex 10.895000 3.591440 3.460640
      vertex 10.895000 3.602280 3.459950
      vertex 10.895000 3.593390 3.460340
    endloop
  endfacet
  facet normal 0 0 0
    outer loop
      vertex 10.895000 3.593390 3.460340
      vertex 10.895000 3.602280 3.459950
      vertex 10.895000 3.595320 3.460120
    endloop
  endfacet
  facet normal 0 0 0
    outer loop
      vertex 10.895000 3.595320 3.460120
      vertex 10.895000 3.602280 3.459950
      vertex 10.895000 3.597210 3.459980
    endloop
  endfacet
  facet normal 0 0 0
    outer loop
      vertex 10.895000 3.587470 3.461490
      vertex 10.895000 3.602280 3.459950
      vertex 10.895000 3.591440 3.460640
    endloop
  endfacet
  facet normal 0 0 0
    outer loop
      vertex 10.895000 3.597210 3.459980
      vertex 10.895000 3.602280 3.459950
      vertex 10.895000 3.600000 3.459900
    endloop
  endfacet
  facet normal 0 0 0
    outer loop
      vertex 10.895000 3.623410 3.554080
      vertex 10.895000 3.604610 3.460110
      vertex 10.895000 3.593300 3.559450
    endloop
  endfacet
  facet normal 0 0 0
    outer loop
      vertex 10.895000 3.593300 3.559450
      vertex 10.895000 3.604610 3.460110
      vertex 10.895000 3.602280 3.459950
    endloop
  endfacet
  facet normal 0 0 0
    outer loop
      vertex 10.895000 3.649840 3.505930
      vertex 10.895000 3.649600 3.503620
      vertex 10.895000 3.649970 3.508220
    endloop
  endfacet
  facet normal 0 0 0
    outer loop
      vertex 10.895000 3.649970 3.508220
      vertex 10.895000 3.649600 3.503620
      vertex 10.895000 3.650000 3.510500
    endloop
  endfacet
  facet normal 0 0 0
    outer loop
      vertex 10.895000 3.650000 3.510500
      vertex 10.895000 3.649600 3.503620
      vertex 10.895000 3.649120 3.519240
    endloop
  endfacet
  facet normal 0 0 0
    outer loop
      vertex 10.895000 3.604610 3.460110
      vertex 10.895000 3.609410 3.460790
      vertex 10.895000 3.606990 3.460390
    endloop
  endfacet
  facet normal 0 0 0
    outer loop
      vertex 10.895000 3.604610 3.460110
      vertex 10.895000 3.611610 3.461270
      vertex 10.895000 3.609410 3.460790
    endloop
  endfacet
  facet normal 0 0 0
    outer loop
      vertex 10.895000 3.623410 3.554080
      vertex 10.895000 3.611610 3.461270
      vertex 10.895000 3.604610 3.460110
    endloop
  endfacet
  facet normal 0 0 0
    outer loop
      vertex 10.895000 3.648790 3.498980
      vertex 10.895000 3.648220 3.496660
      vertex 10.895000 3.649250 3.501300
    endloop
  endfacet
  facet normal 0 0 0
    outer loop
      vertex 10.895000 3.649250 3.501300
      vertex 10.895000 3.648220 3.496660
      vertex 10.895000 3.649600 3.503620
    endloop
  endfacet
  facet normal 0 0 0
    outer loop
      vertex 10.895000 3.611610 3.461270
      vertex 10.895000 3.615630 3.462400
      vertex 10.895000 3.613610 3.461790
    endloop
  endfacet
  facet normal 0 0 0
    outer loop
      vertex 10.895000 3.623410 3.554080
      vertex 10.895000 3.617640 3.463120
      vertex 10.895000 3.611610 3.461270
    endloop
  endfacet
  facet normal 0 0 0
    outer loop
      vertex 10.895000 3.611610 3.461270
      vertex 10.895000 3.617640 3.463120
      vertex 10.895000 3.615630 3.462400
    endloop
  endfacet
  facet normal 0 0 0
    outer loop
      vertex 10.895000 3.647530 3.494370
      vertex 10.895000 3.646720 3.492100
      vertex 10.895000 3.648220 3.496660
    endloop
  endfacet
  facet normal 0 0 0
    outer loop
      vertex 10.895000 3.645810 3.489860
      vertex 10.895000 3.644780 3.487660
      vertex 10.895000 3.646720 3.492100
    endloop
  endfacet
  facet normal 0 0 0
    outer loop
      vertex 10.895000 3.646720 3.492100
      vertex 10.895000 3.644780 3.487660
      vertex 10.895000 3.648220 3.496660
    endloop
  endfacet
  facet normal 0 0 0
    outer loop
      vertex 10.895000 3.621660 3.464840
      vertex 10.895000 3.625620 3.466960
      vertex 10.895000 3.623650 3.465850
    endloop
  endfacet
  facet normal 0 0 0
    outer loop
      vertex 10.895000 3.643650 3.485510
      vertex 10.895000 3.642410 3.483420
      vertex 10.895000 3.644780 3.487660
    endloop
  endfacet
  facet normal 0 0 0
    outer loop
      vertex 10.895000 3.649120 3.519240
      vertex 10.895000 3.642410 3.483420
      vertex 10.895000 3.645420 3.530800
    endloop
  endfacet
  facet normal 0 0 0
    outer loop
      vertex 10.895000 3.649600 3.503620
      vertex 10.895000 3.642410 3.483420
      vertex 10.895000 3.649120 3.519240
    endloop
  endfacet
  facet normal 0 0 0
    outer loop
      vertex 10.895000 3.648220 3.496660
      vertex 10.895000 3.642410 3.483420
      vertex 10.895000 3.649600 3.503620
    endloop
  endfacet
  facet normal 0 0 0
    outer loop
      vertex 10.895000 3.645420 3.530800
      vertex 10.895000 3.642410 3.483420
      vertex 10.895000 3.623410 3.554080
    endloop
  endfacet
  facet normal 0 0 0
    outer loop
      vertex 10.895000 3.644780 3.487660
      vertex 10.895000 3.642410 3.483420
      vertex 10.895000 3.648220 3.496660
    endloop
  endfacet
  facet normal 0 0 0
    outer loop
      vertex 10.895000 3.621660 3.464840
      vertex 10.895000 3.627560 3.468180
      vertex 10.895000 3.625620 3.466960
    endloop
  endfacet
  facet normal 0 0 0
    outer loop
      vertex 10.895000 3.617640 3.463120
      vertex 10.895000 3.629460 3.469500
      vertex 10.895000 3.619660 3.463930
    endloop
  endfacet
  facet normal 0 0 0
    outer loop
      vertex 10.895000 3.619660 3.463930
      vertex 10.895000 3.629460 3.469500
      vertex 10.895000 3.621660 3.464840
    endloop
  endfacet
  facet normal 0 0 0
    outer loop
      vertex 10.895000 3.621660 3.464840
      vertex 10.895000 3.629460 3.469500
      vertex 10.895000 3.627560 3.468180
    endloop
  endfacet
  facet normal 0 0 0
    outer loop
      vertex 10.895000 3.639650 3.479440
      vertex 10.895000 3.638130 3.477560
      vertex 10.895000 3.641080 3.481390
    endloop
  endfacet
  facet normal 0 0 0
    outer loop
      vertex 10.895000 3.642410 3.483420
      vertex 10.895000 3.633120 3.472440
      vertex 10.895000 3.623410 3.554080
    endloop
  endfacet
  facet normal 0 0 0
    outer loop
      vertex 10.895000 3.617640 3.463120
      vertex 10.895000 3.633120 3.472440
      vertex 10.895000 3.629460 3.469500
    endloop
  endfacet
  facet normal 0 0 0
    outer loop
      vertex 10.895000 3.629460 3.469500
      vertex 10.895000 3.633120 3.472440
      vertex 10.895000 3.631310 3.470920
    endloop
  endfacet
  facet normal 0 0 0
    outer loop
      vertex 10.895000 3.623410 3.554080
      vertex 10.895000 3.633120 3.472440
      vertex 10.895000 3.617640 3.463120
    endloop
  endfacet
  facet normal 0 0 0
    outer loop
      vertex 10.895000 3.638130 3.477560
      vertex 10.895000 3.636530 3.475760
      vertex 10.895000 3.641080 3.481390
    endloop
  endfacet
  facet normal 0 0 0
    outer loop
      vertex 10.895000 3.642410 3.483420
      vertex 10.895000 3.634860 3.474060
      vertex 10.895000 3.633120 3.472440
    endloop
  endfacet
  facet normal 0 0 0
    outer loop
      vertex 10.895000 3.641080 3.481390
      vertex 10.895000 3.634860 3.474060
      vertex 10.895000 3.642410 3.483420
    endloop
  endfacet
  facet normal 0 0 0
    outer loop
      vertex 10.895000 3.636530 3.475760
      vertex 10.895000 3.634860 3.474060
      vertex 10.895000 3.641080 3.481390
    endloop
  endfacet
  facet normal 0 0 0
    outer loop
      vertex 13.295000 3.562240 3.542680
      vertex 13.295000 3.565050 3.545660
      vertex 13.295000 3.563600 3.544180
    endloop
  endfacet
  facet normal 0 0 0
    outer loop
      vertex 13.295000 3.568200 3.548490
      vertex 13.295000 3.566580 3.547090
      vertex 13.295000 3.565050 3.545660
    endloop
  endfacet
  facet normal 0 0 0
    outer loop
      vertex 13.295000 3.559770 3.539600
      vertex 13.295000 3.565050 3.545660
      vertex 13.295000 3.562240 3.542680
    endloop
  endfacet
  facet normal 0 0 0
    outer loop
      vertex 13.295000 3.559770 3.539600
      vertex 13.295000 3.568200 3.548490
      vertex 13.295000 3.565050 3.545660
    endloop
  endfacet
  facet normal 0 0 0
    outer loop
      vertex 13.295000 3.559770 3.539600
      vertex 13.295000 3.562240 3.542680
      vertex 13.295000 3.560970 3.541150
    endloop
  endfacet
  facet normal 0 0 0
    outer loop
      vertex 13.295000 3.557640 3.536460
      vertex 13.295000 3.559770 3.539600
      vertex 13.295000 3.558660 3.538030
    endloop
  endfacet
  facet normal 0 0 0
    outer loop
      vertex 13.295000 3.573560 3.552340
      vertex 13.295000 3.571690 3.551110
      vertex 13.295000 3.569910 3.549830
    endloop
  endfacet
  facet normal 0 0 0
    outer loop
      vertex 13.295000 3.577520 3.554560
      vertex 13.295000 3.573560 3.552340
      vertex 13.295000 3.569910 3.549830
    endloop
  endfacet
  facet normal 0 0 0
    outer loop
      vertex 13.295000 3.577520 3.554560
      vertex 13.295000 3.575500 3.553490
      vertex 13.295000 3.573560 3.552340
    endloop
  endfacet
  facet normal 0 0 0
    outer loop
      vertex 13.295000 3.554950 3.531590
      vertex 13.295000 3.559770 3.539600
      vertex 13.295000 3.557640 3.536460
    endloop
  endfacet
  facet normal 0 0 0
    outer loop
      vertex 13.295000 3.554950 3.531590
      vertex 13.295000 3.557640 3.536460
      vertex 13.295000 3.556690 3.534880
    endloop
  endfacet
  facet normal 0 0 0
    outer loop
      vertex 13.295000 3.554950 3.531590
      vertex 13.295000 3.556690 3.534880
      vertex 13.295000 3.555800 3.533270
    endloop
  endfacet
  facet normal 0 0 0
    outer loop
      vertex 13.295000 3.552720 3.526160
      vertex 13.295000 3.559770 3.539600
      vertex 13.295000 3.554950 3.531590
    endloop
  endfacet
  facet normal 0 0 0
    outer loop
      vertex 13.295000 3.552720 3.526160
      vertex 13.295000 3.554950 3.531590
      vertex 13.295000 3.554150 3.529850
    endloop
  endfacet
  facet normal 0 0 0
    outer loop
      vertex 13.295000 3.552720 3.526160
      vertex 13.295000 3.554150 3.529850
      vertex 13.295000 3.553410 3.528040
    endloop
  endfacet
  facet normal 0 0 0
    outer loop
      vertex 13.295000 3.583980 3.557260
      vertex 13.295000 3.581770 3.556460
      vertex 13.295000 3.579610 3.555550
    endloop
  endfacet
  facet normal 0 0 0
    outer loop
      vertex 13.295000 3.583980 3.557260
      vertex 13.295000 3.579610 3.555550
      vertex 13.295000 3.577520 3.554560
    endloop
  endfacet
  facet normal 0 0 0
    outer loop
      vertex 13.295000 3.551550 3.522240
      vertex 13.295000 3.559770 3.539600
      vertex 13.295000 3.552720 3.526160
    endloop
  endfacet
  facet normal 0 0 0
    outer loop
      vertex 13.295000 3.551550 3.522240
      vertex 13.295000 3.552720 3.526160
      vertex 13.295000 3.552100 3.524230
    endloop
  endfacet
  facet normal 0 0 0
    outer loop
      vertex 13.295000 3.588560 3.558570
      vertex 13.295000 3.586250 3.557970
      vertex 13.295000 3.583980 3.557260
    endloop
  endfacet
  facet normal 0 0 0
    outer loop
      vertex 13.295000 3.588560 3.558570
      vertex 13.295000 3.583980 3.557260
      vertex 13.295000 3.577520 3.554560
    endloop
  endfacet
  facet normal 0 0 0
    outer loop
      vertex 13.295000 3.550680 3.518090
      vertex 13.295000 3.551550 3.522240
      vertex 13.295000 3.551070 3.520190
    endloop
  endfacet
  facet normal 0 0 0
    outer loop
      vertex 13.295000 3.550370 3.515940
      vertex 13.295000 3.551550 3.522240
      vertex 13.295000 3.550680 3.518090
    endloop
  endfacet
  facet normal 0 0 0
    outer loop
      vertex 13.295000 3.550150 3.513750
      vertex 13.295000 3.551550 3.522240
      vertex 13.295000 3.550370 3.515940
    endloop
  endfacet
  facet normal 0 0 0
    outer loop
      vertex 13.295000 3.550150 3.513750
      vertex 13.295000 3.568200 3.548490
      vertex 13.295000 3.559770 3.539600
    endloop
  endfacet
  facet normal 0 0 0
    outer loop
      vertex 13.295000 3.550150 3.513750
      vertex 13.295000 3.569910 3.549830
      vertex 13.295000 3.568200 3.548490
    endloop
  endfacet
  facet normal 0 0 0
    outer loop
      vertex 13.295000 3.550150 3.513750
      vertex 13.295000 3.559770 3.539600
      vertex 13.295000 3.551550 3.522240
    endloop
  endfacet
  facet normal 0 0 0
    outer loop
      vertex 13.295000 3.598130 3.559860
      vertex 13.295000 3.595700 3.559720
      vertex 13.295000 3.593300 3.559450
    endloop
  endfacet
  facet normal 0 0 0
    outer loop
      vertex 13.295000 3.598130 3.559860
      vertex 13.295000 3.593300 3.559450
      vertex 13.295000 3.590910 3.559070
    endloop
  endfacet
  facet normal 0 0 0
    outer loop
      vertex 13.295000 3.550090 3.506980
      vertex 13.295000 3.550030 3.511530
      vertex 13.295000 3.550000 3.509260
    endloop
  endfacet
  facet normal 0 0 0
    outer loop
      vertex 13.295000 3.602980 3.559810
      vertex 13.295000 3.600560 3.559900
      vertex 13.295000 3.598130 3.559860
    endloop
  endfacet
  facet normal 0 0 0
    outer loop
      vertex 13.295000 3.550570 3.502360
      vertex 13.295000 3.550150 3.513750
      vertex 13.295000 3.550030 3.511530
    endloop
  endfacet
  facet normal 0 0 0
    outer loop
      vertex 13.295000 3.550570 3.502360
      vertex 13.295000 3.550090 3.506980
      vertex 13.295000 3.550270 3.504670
    endloop
  endfacet
  facet normal 0 0 0
    outer loop
      vertex 13.295000 3.550570 3.502360
      vertex 13.295000 3.569910 3.549830
      vertex 13.295000 3.550150 3.513750
    endloop
  endfacet
  facet normal 0 0 0
    outer loop
      vertex 13.295000 3.550570 3.502360
      vertex 13.295000 3.577520 3.554560
      vertex 13.295000 3.569910 3.549830
    endloop
  endfacet
  facet normal 0 0 0
    outer loop
      vertex 13.295000 3.550570 3.502360
      vertex 13.295000 3.588560 3.558570
      vertex 13.295000 3.577520 3.554560
    endloop
  endfacet
  facet normal 0 0 0
    outer loop
      vertex 13.295000 3.550570 3.502360
      vertex 13.295000 3.550030 3.511530
      vertex 13.295000 3.550090 3.506980
    endloop
  endfacet
  facet normal 0 0 0
    outer loop
      vertex 13.295000 3.607800 3.559290
      vertex 13.295000 3.605400 3.559610
      vertex 13.295000 3.602980 3.559810
    endloop
  endfacet
  facet normal 0 0 0
    outer loop
      vertex 13.295000 3.551510 3.497720
      vertex 13.295000 3.550570 3.502360
      vertex 13.295000 3.550980 3.500040
    endloop
  endfacet
  facet normal 0 0 0
    outer loop
      vertex 13.295000 3.612500 3.558310
      vertex 13.295000 3.602980 3.559810
      vertex 13.295000 3.598130 3.559860
    endloop
  endfacet
  facet normal 0 0 0
    outer loop
      vertex 13.295000 3.612500 3.558310
      vertex 13.295000 3.598130 3.559860
      vertex 13.295000 3.590910 3.559070
    endloop
  endfacet
  facet normal 0 0 0
    outer loop
      vertex 13.295000 3.612500 3.558310
      vertex 13.295000 3.607800 3.559290
      vertex 13.295000 3.602980 3.559810
    endloop
  endfacet
  facet normal 0 0 0
    outer loop
      vertex 13.295000 3.612500 3.558310
      vertex 13.295000 3.610170 3.558860
      vertex 13.295000 3.607800 3.559290
    endloop
  endfacet
  facet normal 0 0 0
    outer loop
      vertex 13.295000 3.612500 3.558310
      vertex 13.295000 3.590910 3.559070
      vertex 13.295000 3.588560 3.558570
    endloop
  endfacet
  facet normal 0 0 0
    outer loop
      vertex 13.295000 3.552900 3.493130
      vertex 13.295000 3.551510 3.497720
      vertex 13.295000 3.552140 3.495420
    endloop
  endfacet
  facet normal 0 0 0
    outer loop
      vertex 13.295000 3.617040 3.556910
      vertex 13.295000 3.614800 3.557660
      vertex 13.295000 3.612500 3.558310
    endloop
  endfacet
  facet normal 0 0 0
    outer loop
      vertex 13.295000 3.553760 3.490880
      vertex 13.295000 3.588560 3.558570
      vertex 13.295000 3.550570 3.502360
    endloop
  endfacet
  facet normal 0 0 0
    outer loop
      vertex 13.295000 3.553760 3.490880
      vertex 13.295000 3.550570 3.502360
      vertex 13.295000 3.551510 3.497720
    endloop
  endfacet
  facet normal 0 0 0
    outer loop
      vertex 13.295000 3.553760 3.490880
      vertex 13.295000 3.612500 3.558310
      vertex 13.295000 3.588560 3.558570
    endloop
  endfacet
  facet normal 0 0 0
    outer loop
      vertex 13.295000 3.553760 3.490880
      vertex 13.295000 3.551510 3.497720
      vertex 13.295000 3.552900 3.493130
    endloop
  endfacet
  facet normal 0 0 0
    outer loop
      vertex 13.295000 3.623410 3.554080
      vertex 13.295000 3.621350 3.555110
      vertex 13.295000 3.619230 3.556060
    endloop
  endfacet
  facet normal 0 0 0
    outer loop
      vertex 13.295000 3.623410 3.554080
      vertex 13.295000 3.619230 3.556060
      vertex 13.295000 3.617040 3.556910
    endloop
  endfacet
  facet normal 0 0 0
    outer loop
      vertex 13.295000 3.625390 3.552970
      vertex 13.295000 3.553760 3.490880
      vertex 13.295000 3.554740 3.488660
    endloop
  endfacet
  facet normal 0 0 0
    outer loop
      vertex 13.295000 3.625390 3.552970
      vertex 13.295000 3.612500 3.558310
      vertex 13.295000 3.553760 3.490880
    endloop
  endfacet
  facet normal 0 0 0
    outer loop
      vertex 13.295000 3.625390 3.552970
      vertex 13.295000 3.617040 3.556910
      vertex 13.295000 3.612500 3.558310
    endloop
  endfacet
  facet normal 0 0 0
    outer loop
      vertex 13.295000 3.625390 3.552970
      vertex 13.295000 3.623410 3.554080
      vertex 13.295000 3.617040 3.556910
    endloop
  endfacet
  facet normal 0 0 0
    outer loop
      vertex 13.295000 3.557010 3.484370
      vertex 13.295000 3.554740 3.488660
      vertex 13.295000 3.555820 3.486490
    endloop
  endfacet
  facet normal 0 0 0
    outer loop
      vertex 13.295000 3.558300 3.482310
      vertex 13.295000 3.554740 3.488660
      vertex 13.295000 3.557010 3.484370
    endloop
  endfacet
  facet normal 0 0 0
    outer loop
      vertex 13.295000 3.629130 3.550530
      vertex 13.295000 3.627300 3.551790
      vertex 13.295000 3.625390 3.552970
    endloop
  endfacet
  facet normal 0 0 0
    outer loop
      vertex 13.295000 3.559690 3.480320
      vertex 13.295000 3.625390 3.552970
      vertex 13.295000 3.554740 3.488660
    endloop
  endfacet
  facet normal 0 0 0
    outer loop
      vertex 13.295000 3.559690 3.480320
      vertex 13.295000 3.554740 3.488660
      vertex 13.295000 3.558300 3.482310
    endloop
  endfacet
  facet normal 0 0 0
    outer loop
      vertex 13.295000 3.632550 3.547860
      vertex 13.295000 3.630880 3.549220
      vertex 13.295000 3.629130 3.550530
    endloop
  endfacet
  facet normal 0 0 0
    outer loop
      vertex 13.295000 3.562730 3.476570
      vertex 13.295000 3.559690 3.480320
      vertex 13.295000 3.561160 3.478410
    endloop
  endfacet
  facet normal 0 0 0
    outer loop
      vertex 13.295000 3.637030 3.543500
      vertex 13.295000 3.635620 3.544990
      vertex 13.295000 3.634130 3.546440
    endloop
  endfacet
  facet normal 0 0 0
    outer loop
      vertex 13.295000 3.567850 3.471600
      vertex 13.295000 3.562730 3.476570
      vertex 13.295000 3.564370 3.474820
    endloop
  endfacet
  facet normal 0 0 0
    outer loop
      vertex 13.295000 3.567850 3.471600
      vertex 13.295000 3.564370 3.474820
      vertex 13.295000 3.566080 3.473170
    endloop
  endfacet
  facet normal 0 0 0
    outer loop
      vertex 13.295000 3.567850 3.471600
      vertex 13.295000 3.559690 3.480320
      vertex 13.295000 3.562730 3.476570
    endloop
  endfacet
  facet normal 0 0 0
    outer loop
      vertex 13.295000 3.638350 3.541980
      vertex 13.295000 3.634130 3.546440
      vertex 13.295000 3.632550 3.547860
    endloop
  endfacet
  facet normal 0 0 0
    outer loop
      vertex 13.295000 3.638350 3.541980
      vertex 13.295000 3.632550 3.547860
      vertex 13.295000 3.629130 3.550530
    endloop
  endfacet
  facet normal 0 0 0
    outer loop
      vertex 13.295000 3.638350 3.541980
      vertex 13.295000 3.637030 3.543500
      vertex 13.295000 3.634130 3.546440
    endloop
  endfacet
  facet normal 0 0 0
    outer loop
      vertex 13.295000 3.639590 3.540440
      vertex 13.295000 3.638350 3.541980
      vertex 13.295000 3.629130 3.550530
    endloop
  endfacet
  facet normal 0 0 0
    outer loop
      vertex 13.295000 3.642810 3.535740
      vertex 13.295000 3.641820 3.537310
      vertex 13.295000 3.640740 3.538880
    endloop
  endfacet
  facet normal 0 0 0
    outer loop
      vertex 13.295000 3.642810 3.535740
      vertex 13.295000 3.640740 3.538880
      vertex 13.295000 3.639590 3.540440
    endloop
  endfacet
  facet normal 0 0 0
    outer loop
      vertex 13.295000 3.642810 3.535740
      vertex 13.295000 3.639590 3.540440
      vertex 13.295000 3.629130 3.550530
    endloop
  endfacet
  facet normal 0 0 0
    outer loop
      vertex 13.295000 3.575450 3.466340
      vertex 13.295000 3.567850 3.471600
      vertex 13.295000 3.569690 3.470140
    endloop
  endfacet
  facet normal 0 0 0
    outer loop
      vertex 13.295000 3.575450 3.466340
      vertex 13.295000 3.569690 3.470140
      vertex 13.295000 3.571570 3.468770
    endloop
  endfacet
  facet normal 0 0 0
    outer loop
      vertex 13.295000 3.575450 3.466340
      vertex 13.295000 3.571570 3.468770
      vertex 13.295000 3.573490 3.467510
    endloop
  endfacet
  facet normal 0 0 0
    outer loop
      vertex 13.295000 3.575450 3.466340
      vertex 13.295000 3.559690 3.480320
      vertex 13.295000 3.567850 3.471600
    endloop
  endfacet
  facet normal 0 0 0
    outer loop
      vertex 13.295000 3.643720 3.534150
      vertex 13.295000 3.642810 3.535740
      vertex 13.295000 3.629130 3.550530
    endloop
  endfacet
  facet normal 0 0 0
    outer loop
      vertex 13.295000 3.644600 3.532510
      vertex 13.295000 3.643720 3.534150
      vertex 13.295000 3.629130 3.550530
    endloop
  endfacet
  facet normal 0 0 0
    outer loop
      vertex 13.295000 3.581440 3.463470
      vertex 13.295000 3.575450 3.466340
      vertex 13.295000 3.577430 3.465290
    endloop
  endfacet
  facet normal 0 0 0
    outer loop
      vertex 13.295000 3.581440 3.463470
      vertex 13.295000 3.577430 3.465290
      vertex 13.295000 3.579430 3.464330
    endloop
  endfacet
  facet normal 0 0 0
    outer loop
      vertex 13.295000 3.647570 3.525290
      vertex 13.295000 3.646920 3.527190
      vertex 13.295000 3.646200 3.529030
    endloop
  endfacet
  facet normal 0 0 0
    outer loop
      vertex 13.295000 3.647570 3.525290
      vertex 13.295000 3.646200 3.529030
      vertex 13.295000 3.645420 3.530800
    endloop
  endfacet
  facet normal 0 0 0
    outer loop
      vertex 13.295000 3.585470 3.462060
      vertex 13.295000 3.581440 3.463470
      vertex 13.295000 3.583450 3.462720
    endloop
  endfacet
  facet normal 0 0 0
    outer loop
      vertex 13.295000 3.587470 3.461490
      vertex 13.295000 3.581440 3.463470
      vertex 13.295000 3.585470 3.462060
    endloop
  endfacet
  facet normal 0 0 0
    outer loop
      vertex 13.295000 3.649120 3.519240
      vertex 13.295000 3.647570 3.525290
      vertex 13.295000 3.645420 3.530800
    endloop
  endfacet
  facet normal 0 0 0
    outer loop
      vertex 13.295000 3.649120 3.519240
      vertex 13.295000 3.648680 3.521310
      vertex 13.295000 3.648160 3.523330
    endloop
  endfacet
  facet normal 0 0 0
    outer loop
      vertex 13.295000 3.649120 3.519240
      vertex 13.295000 3.648160 3.523330
      vertex 13.295000 3.647570 3.525290
    endloop
  endfacet
  facet normal 0 0 0
    outer loop
      vertex 13.295000 3.591440 3.460640
      vertex 13.295000 3.587470 3.461490
      vertex 13.295000 3.589470 3.461020
    endloop
  endfacet
  facet normal 0 0 0
    outer loop
      vertex 13.295000 3.649740 3.514950
      vertex 13.295000 3.649120 3.519240
      vertex 13.295000 3.645420 3.530800
    endloop
  endfacet
  facet normal 0 0 0
    outer loop
      vertex 13.295000 3.649740 3.514950
      vertex 13.295000 3.649480 3.517120
      vertex 13.295000 3.649120 3.519240
    endloop
  endfacet
  facet normal 0 0 0
    outer loop
      vertex 13.295000 3.595320 3.460120
      vertex 13.295000 3.591440 3.460640
      vertex 13.295000 3.593390 3.460340
    endloop
  endfacet
  facet normal 0 0 0
    outer loop
      vertex 13.295000 3.595320 3.460120
      vertex 13.295000 3.587470 3.461490
      vertex 13.295000 3.591440 3.460640
    endloop
  endfacet
  facet normal 0 0 0
    outer loop
      vertex 13.295000 3.597210 3.459980
      vertex 13.295000 3.559690 3.480320
      vertex 13.295000 3.575450 3.466340
    endloop
  endfacet
  facet normal 0 0 0
    outer loop
      vertex 13.295000 3.597210 3.459980
      vertex 13.295000 3.581440 3.463470
      vertex 13.295000 3.587470 3.461490
    endloop
  endfacet
  facet normal 0 0 0
    outer loop
      vertex 13.295000 3.597210 3.459980
      vertex 13.295000 3.575450 3.466340
      vertex 13.295000 3.581440 3.463470
    endloop
  endfacet
  facet normal 0 0 0
    outer loop
      vertex 13.295000 3.597210 3.459980
      vertex 13.295000 3.587470 3.461490
      vertex 13.295000 3.595320 3.460120
    endloop
  endfacet
  facet normal 0 0 0
    outer loop
      vertex 13.295000 3.597210 3.459980
      vertex 13.295000 3.625390 3.552970
      vertex 13.295000 3.559690 3.480320
    endloop
  endfacet
  facet normal 0 0 0
    outer loop
      vertex 13.295000 3.597210 3.459980
      vertex 13.295000 3.629130 3.550530
      vertex 13.295000 3.625390 3.552970
    endloop
  endfacet
  facet normal 0 0 0
    outer loop
      vertex 13.295000 3.650000 3.510500
      vertex 13.295000 3.649920 3.512740
      vertex 13.295000 3.649740 3.514950
    endloop
  endfacet
  facet normal 0 0 0
    outer loop
      vertex 13.295000 3.649840 3.505930
      vertex 13.295000 3.649970 3.508220
      vertex 13.295000 3.650000 3.510500
    endloop
  endfacet
  facet normal 0 0 0
    outer loop
      vertex 13.295000 3.604610 3.460110
      vertex 13.295000 3.600000 3.459900
      vertex 13.295000 3.602280 3.459950
    endloop
  endfacet
  facet normal 0 0 0
    outer loop
      vertex 13.295000 3.604610 3.460110
      vertex 13.295000 3.597210 3.459980
      vertex 13.295000 3.598620 3.459920
    endloop
  endfacet
  facet normal 0 0 0
    outer loop
      vertex 13.295000 3.604610 3.460110
      vertex 13.295000 3.598620 3.459920
      vertex 13.295000 3.600000 3.459900
    endloop
  endfacet
  facet normal 0 0 0
    outer loop
      vertex 13.295000 3.649600 3.503620
      vertex 13.295000 3.649840 3.505930
      vertex 13.295000 3.650000 3.510500
    endloop
  endfacet
  facet normal 0 0 0
    outer loop
      vertex 13.295000 3.609410 3.460790
      vertex 13.295000 3.604610 3.460110
      vertex 13.295000 3.606990 3.460390
    endloop
  endfacet
  facet normal 0 0 0
    outer loop
      vertex 13.295000 3.609410 3.460790
      vertex 13.295000 3.597210 3.459980
      vertex 13.295000 3.604610 3.460110
    endloop
  endfacet
  facet normal 0 0 0
    outer loop
      vertex 13.295000 3.611610 3.461270
      vertex 13.295000 3.644600 3.532510
      vertex 13.295000 3.629130 3.550530
    endloop
  endfacet
  facet normal 0 0 0
    outer loop
      vertex 13.295000 3.611610 3.461270
      vertex 13.295000 3.629130 3.550530
      vertex 13.295000 3.597210 3.459980
    endloop
  endfacet
  facet normal 0 0 0
    outer loop
      vertex 13.295000 3.611610 3.461270
      vertex 13.295000 3.597210 3.459980
      vertex 13.295000 3.609410 3.460790
    endloop
  endfacet
  facet normal 0 0 0
    outer loop
      vertex 13.295000 3.648220 3.496660
      vertex 13.295000 3.650000 3.510500
      vertex 13.295000 3.649740 3.514950
    endloop
  endfacet
  facet normal 0 0 0
    outer loop
      vertex 13.295000 3.648220 3.496660
      vertex 13.295000 3.648790 3.498980
      vertex 13.295000 3.649250 3.501300
    endloop
  endfacet
  facet normal 0 0 0
    outer loop
      vertex 13.295000 3.648220 3.496660
      vertex 13.295000 3.649250 3.501300
      vertex 13.295000 3.649600 3.503620
    endloop
  endfacet
  facet normal 0 0 0
    outer loop
      vertex 13.295000 3.648220 3.496660
      vertex 13.295000 3.649600 3.503620
      vertex 13.295000 3.650000 3.510500
    endloop
  endfacet
  facet normal 0 0 0
    outer loop
      vertex 13.295000 3.647530 3.494370
      vertex 13.295000 3.648220 3.496660
      vertex 13.295000 3.649740 3.514950
    endloop
  endfacet
  facet normal 0 0 0
    outer loop
      vertex 13.295000 3.615630 3.462400
      vertex 13.295000 3.611610 3.461270
      vertex 13.295000 3.613610 3.461790
    endloop
  endfacet
  facet normal 0 0 0
    outer loop
      vertex 13.295000 3.615630 3.462400
      vertex 13.295000 3.645420 3.530800
      vertex 13.295000 3.644600 3.532510
    endloop
  endfacet
  facet normal 0 0 0
    outer loop
      vertex 13.295000 3.615630 3.462400
      vertex 13.295000 3.644600 3.532510
      vertex 13.295000 3.611610 3.461270
    endloop
  endfacet
  facet normal 0 0 0
    outer loop
      vertex 13.295000 3.645810 3.489860
      vertex 13.295000 3.649740 3.514950
      vertex 13.295000 3.645420 3.530800
    endloop
  endfacet
  facet normal 0 0 0
    outer loop
      vertex 13.295000 3.645810 3.489860
      vertex 13.295000 3.646720 3.492100
      vertex 13.295000 3.647530 3.494370
    endloop
  endfacet
  facet normal 0 0 0
    outer loop
      vertex 13.295000 3.645810 3.489860
      vertex 13.295000 3.647530 3.494370
      vertex 13.295000 3.649740 3.514950
    endloop
  endfacet
  facet normal 0 0 0
    outer loop
      vertex 13.295000 3.621660 3.464840
      vertex 13.295000 3.615630 3.462400
      vertex 13.295000 3.617640 3.463120
    endloop
  endfacet
  facet normal 0 0 0
    outer loop
      vertex 13.295000 3.621660 3.464840
      vertex 13.295000 3.617640 3.463120
      vertex 13.295000 3.619660 3.463930
    endloop
  endfacet
  facet normal 0 0 0
    outer loop
      vertex 13.295000 3.642410 3.483420
      vertex 13.295000 3.643650 3.485510
      vertex 13.295000 3.644780 3.487660
    endloop
  endfacet
  facet normal 0 0 0
    outer loop
      vertex 13.295000 3.642410 3.483420
      vertex 13.295000 3.644780 3.487660
      vertex 13.295000 3.645810 3.489860
    endloop
  endfacet
  facet normal 0 0 0
    outer loop
      vertex 13.295000 3.642410 3.483420
      vertex 13.295000 3.645810 3.489860
      vertex 13.295000 3.645420 3.530800
    endloop
  endfacet
  facet normal 0 0 0
    outer loop
      vertex 13.295000 3.642410 3.483420
      vertex 13.295000 3.645420 3.530800
      vertex 13.295000 3.615630 3.462400
    endloop
  endfacet
  facet normal 0 0 0
    outer loop
      vertex 13.295000 3.627560 3.468180
      vertex 13.295000 3.621660 3.464840
      vertex 13.295000 3.623650 3.465850
    endloop
  endfacet
  facet normal 0 0 0
    outer loop
      vertex 13.295000 3.627560 3.468180
      vertex 13.295000 3.623650 3.465850
      vertex 13.295000 3.625620 3.466960
    endloop
  endfacet
  facet normal 0 0 0
    outer loop
      vertex 13.295000 3.631310 3.470920
      vertex 13.295000 3.621660 3.464840
      vertex 13.295000 3.627560 3.468180
    endloop
  endfacet
  facet normal 0 0 0
    outer loop
      vertex 13.295000 3.631310 3.470920
      vertex 13.295000 3.627560 3.468180
      vertex 13.295000 3.629460 3.469500
    endloop
  endfacet
  facet normal 0 0 0
    outer loop
      vertex 13.295000 3.631310 3.470920
      vertex 13.295000 3.615630 3.462400
      vertex 13.295000 3.621660 3.464840
    endloop
  endfacet
  facet normal 0 0 0
    outer loop
      vertex 13.295000 3.638130 3.477560
      vertex 13.295000 3.639650 3.479440
      vertex 13.295000 3.641080 3.481390
    endloop
  endfacet
  facet normal 0 0 0
    outer loop
      vertex 13.295000 3.636530 3.475760
      vertex 13.295000 3.642410 3.483420
      vertex 13.295000 3.615630 3.462400
    endloop
  endfacet
  facet normal 0 0 0
    outer loop
      vertex 13.295000 3.636530 3.475760
      vertex 13.295000 3.615630 3.462400
      vertex 13.295000 3.631310 3.470920
    endloop
  endfacet
  facet normal 0 0 0
    outer loop
      vertex 13.295000 3.636530 3.475760
      vertex 13.295000 3.638130 3.477560
      vertex 13.295000 3.641080 3.481390
    endloop
  endfacet
  facet normal 0 0 0
    outer loop
      vertex 13.295000 3.636530 3.475760
      vertex 13.295000 3.641080 3.481390
      vertex 13.295000 3.642410 3.483420
    endloop
  endfacet
  facet normal 0 0 0
    outer loop
      vertex 13.295000 3.634860 3.474060
      vertex 13.295000 3.631310 3.470920
      vertex 13.295000 3.633120 3.472440
    endloop
  endfacet
  facet normal 0 0 0
    outer loop
      vertex 13.295000 3.634860 3.474060
      vertex 13.295000 3.636530 3.475760
      vertex 13.295000 3.631310 3.470920
    endloop
  endfacet
  facet normal 0 0 0
    outer loop
      vertex 10.895000 4.598620 3.459920
      vertex 10.895000 4.600000 3.459900
      vertex 13.295000 4.600000 3.459900
    endloop
  endfacet
  facet normal 0 0 0
    outer loop
      vertex 10.895000 4.598620 3.459920
      vertex 13.295000 4.600000 3.459900
      vertex 13.295000 4.598620 3.459920
    endloop
  endfacet
  facet normal 0 0 0
    outer loop
      vertex 10.895000 4.597210 3.459980
      vertex 13.295000 4.597210 3.459980
      vertex 13.295000 4.595320 3.460120
    endloop
  endfacet
  facet normal 0 0 0
    outer loop
      vertex 10.895000 4.597210 3.459980
      vertex 13.295000 4.598620 3.459920
      vertex 13.295000 4.597210 3.459980
    endloop
  endfacet
  facet normal 0 0 0
    outer loop
      vertex 10.895000 4.597210 3.459980
      vertex 10.895000 4.598620 3.459920
      vertex 13.295000 4.598620 3.459920
    endloop
  endfacet
  facet normal 0 0 0
    outer loop
      vertex 10.895000 4.595320 3.460120
      vertex 13.295000 4.595320 3.460120
      vertex 13.295000 4.593390 3.460340
    endloop
  endfacet
  facet normal 0 0 0
    outer loop
      vertex 10.895000 4.595320 3.460120
      vertex 10.895000 4.597210 3.459980
      vertex 13.295000 4.595320 3.460120
    endloop
  endfacet
  facet normal 0 0 0
    outer loop
      vertex 10.895000 4.593390 3.460340
      vertex 13.295000 4.593390 3.460340
      vertex 13.295000 4.591440 3.460640
    endloop
  endfacet
  facet normal 0 0 0
    outer loop
      vertex 10.895000 4.593390 3.460340
      vertex 10.895000 4.595320 3.460120
      vertex 13.295000 4.593390 3.460340
    endloop
  endfacet
  facet normal 0 0 0
    outer loop
      vertex 10.895000 4.591440 3.460640
      vertex 13.295000 4.591440 3.460640
      vertex 13.295000 4.589470 3.461020
    endloop
  endfacet
  facet normal 0 0 0
    outer loop
      vertex 10.895000 4.591440 3.460640
      vertex 10.895000 4.593390 3.460340
      vertex 13.295000 4.591440 3.460640
    endloop
  endfacet
  facet normal 0 0 0
    outer loop
      vertex 10.895000 4.589470 3.461020
      vertex 10.895000 4.591440 3.460640
      vertex 13.295000 4.589470 3.461020
    endloop
  endfacet
  facet normal 0 0 0
    outer loop
      vertex 10.895000 4.587470 3.461490
      vertex 13.295000 4.587470 3.461490
      vertex 13.295000 4.585470 3.462060
    endloop
  endfacet
  facet normal 0 0 0
    outer loop
      vertex 10.895000 4.587470 3.461490
      vertex 13.295000 4.589470 3.461020
      vertex 13.295000 4.587470 3.461490
    endloop
  endfacet
  facet normal 0 0 0
    outer loop
      vertex 10.895000 4.587470 3.461490
      vertex 10.895000 4.589470 3.461020
      vertex 13.295000 4.589470 3.461020
    endloop
  endfacet
  facet normal 0 0 0
    outer loop
      vertex 10.895000 4.585470 3.462060
      vertex 13.295000 4.585470 3.462060
      vertex 13.295000 4.583450 3.462720
    endloop
  endfacet
  facet normal 0 0 0
    outer loop
      vertex 10.895000 4.585470 3.462060
      vertex 10.895000 4.587470 3.461490
      vertex 13.295000 4.585470 3.462060
    endloop
  endfacet
  facet normal 0 0 0
    outer loop
      vertex 10.895000 4.583450 3.462720
      vertex 10.895000 4.585470 3.462060
      vertex 13.295000 4.583450 3.462720
    endloop
  endfacet
  facet normal 0 0 0
    outer loop
      vertex 10.895000 4.581440 3.463470
      vertex 13.295000 4.583450 3.462720
      vertex 13.295000 4.581440 3.463470
    endloop
  endfacet
  facet normal 0 0 0
    outer loop
      vertex 10.895000 4.581440 3.463470
      vertex 10.895000 4.583450 3.462720
      vertex 13.295000 4.583450 3.462720
    endloop
  endfacet
  facet normal 0 0 0
    outer loop
      vertex 10.895000 4.579430 3.464330
      vertex 13.295000 4.579430 3.464330
      vertex 13.295000 4.577430 3.465290
    endloop
  endfacet
  facet normal 0 0 0
    outer loop
      vertex 10.895000 4.579430 3.464330
      vertex 13.295000 4.581440 3.463470
      vertex 13.295000 4.579430 3.464330
    endloop
  endfacet
  facet normal 0 0 0
    outer loop
      vertex 10.895000 4.579430 3.464330
      vertex 10.895000 4.581440 3.463470
      vertex 13.295000 4.581440 3.463470
    endloop
  endfacet
  facet normal 0 0 0
    outer loop
      vertex 10.895000 4.577430 3.465290
      vertex 13.295000 4.577430 3.465290
      vertex 13.295000 4.575450 3.466340
    endloop
  endfacet
  facet normal 0 0 0
    outer loop
      vertex 10.895000 4.577430 3.465290
      vertex 10.895000 4.579430 3.464330
      vertex 13.295000 4.577430 3.465290
    endloop
  endfacet
  facet normal 0 0 0
    outer loop
      vertex 10.895000 4.575450 3.466340
      vertex 10.895000 4.577430 3.465290
      vertex 13.295000 4.575450 3.466340
    endloop
  endfacet
  facet normal 0 0 0
    outer loop
      vertex 10.895000 4.573490 3.467510
      vertex 13.295000 4.573490 3.467510
      vertex 13.295000 4.571570 3.468770
    endloop
  endfacet
  facet normal 0 0 0
    outer loop
      vertex 10.895000 4.573490 3.467510
      vertex 13.295000 4.575450 3.466340
      vertex 13.295000 4.573490 3.467510
    endloop
  endfacet
  facet normal 0 0 0
    outer loop
      vertex 10.895000 4.573490 3.467510
      vertex 10.895000 4.575450 3.466340
      vertex 13.295000 4.575450 3.466340
    endloop
  endfacet
  facet normal 0 0 0
    outer loop
      vertex 10.895000 4.571570 3.468770
      vertex 13.295000 4.571570 3.468770
      vertex 13.295000 4.569690 3.470140
    endloop
  endfacet
  facet normal 0 0 0
    outer loop
      vertex 10.895000 4.571570 3.468770
      vertex 10.895000 4.573490 3.467510
      vertex 13.295000 4.571570 3.468770
    endloop
  endfacet
  facet normal 0 0 0
    outer loop
      vertex 10.895000 4.569690 3.470140
      vertex 13.295000 4.569690 3.470140
      vertex 13.295000 4.567850 3.471600
    endloop
  endfacet
  facet normal 0 0 0
    outer loop
      vertex 10.895000 4.569690 3.470140
      vertex 10.895000 4.571570 3.468770
      vertex 13.295000 4.569690 3.470140
    endloop
  endfacet
  facet normal 0 0 0
    outer loop
      vertex 10.895000 4.567850 3.471600
      vertex 10.895000 4.569690 3.470140
      vertex 13.295000 4.567850 3.471600
    endloop
  endfacet
  facet normal 0 0 0
    outer loop
      vertex 10.895000 4.566080 3.473170
      vertex 13.295000 4.566080 3.473170
      vertex 13.295000 4.564370 3.474820
    endloop
  endfacet
  facet normal 0 0 0
    outer loop
      vertex 10.895000 4.566080 3.473170
      vertex 13.295000 4.567850 3.471600
      vertex 13.295000 4.566080 3.473170
    endloop
  endfacet
  facet normal 0 0 0
    outer loop
      vertex 10.895000 4.566080 3.473170
      vertex 10.895000 4.567850 3.471600
      vertex 13.295000 4.567850 3.471600
    endloop
  endfacet
  facet normal 0 0 0
    outer loop
      vertex 10.895000 4.564370 3.474820
      vertex 13.295000 4.564370 3.474820
      vertex 13.295000 4.562730 3.476570
    endloop
  endfacet
  facet normal 0 0 0
    outer loop
      vertex 10.895000 4.564370 3.474820
      vertex 10.895000 4.566080 3.473170
      vertex 13.295000 4.564370 3.474820
    endloop
  endfacet
  facet normal 0 0 0
    outer loop
      vertex 10.895000 4.562730 3.476570
      vertex 10.895000 4.564370 3.474820
      vertex 13.295000 4.562730 3.476570
    endloop
  endfacet
  facet normal 0 0 0
    outer loop
      vertex 10.895000 4.561160 3.478410
      vertex 13.295000 4.561160 3.478410
      vertex 13.295000 4.559690 3.480320
    endloop
  endfacet
  facet normal 0 0 0
    outer loop
      vertex 10.895000 4.561160 3.478410
      vertex 13.295000 4.562730 3.476570
      vertex 13.295000 4.561160 3.478410
    endloop
  endfacet
  facet normal 0 0 0
    outer loop
      vertex 10.895000 4.561160 3.478410
      vertex 10.895000 4.562730 3.476570
      vertex 13.295000 4.562730 3.476570
    endloop
  endfacet
  facet normal 0 0 0
    outer loop
      vertex 10.895000 4.559690 3.480320
      vertex 13.295000 4.559690 3.480320
      vertex 13.295000 4.558300 3.482310
    endloop
  endfacet
  facet normal 0 0 0
    outer loop
      vertex 10.895000 4.559690 3.480320
      vertex 10.895000 4.561160 3.478410
      vertex 13.295000 4.559690 3.480320
    endloop
  endfacet
  facet normal 0 0 0
    outer loop
      vertex 10.895000 4.558300 3.482310
      vertex 13.295000 4.558300 3.482310
      vertex 13.295000 4.557010 3.484370
    endloop
  endfacet
  facet normal 0 0 0
    outer loop
      vertex 10.895000 4.558300 3.482310
      vertex 10.895000 4.559690 3.480320
      vertex 13.295000 4.558300 3.482310
    endloop
  endfacet
  facet normal 0 0 0
    outer loop
      vertex 10.895000 4.557010 3.484370
      vertex 10.895000 4.558300 3.482310
      vertex 13.295000 4.557010 3.484370
    endloop
  endfacet
  facet normal 0 0 0
    outer loop
      vertex 10.895000 4.555820 3.486490
      vertex 13.295000 4.555820 3.486490
      vertex 13.295000 4.554740 3.488660
    endloop
  endfacet
  facet normal 0 0 0
    outer loop
      vertex 10.895000 4.555820 3.486490
      vertex 13.295000 4.557010 3.484370
      vertex 13.295000 4.555820 3.486490
    endloop
  endfacet
  facet normal 0 0 0
    outer loop
      vertex 10.895000 4.555820 3.486490
      vertex 10.895000 4.557010 3.484370
      vertex 13.295000 4.557010 3.484370
    endloop
  endfacet
  facet normal 0 0 0
    outer loop
      vertex 10.895000 4.554740 3.488660
      vertex 10.895000 4.555820 3.486490
      vertex 13.295000 4.554740 3.488660
    endloop
  endfacet
  facet normal 0 0 0
    outer loop
      vertex 10.895000 4.553760 3.490880
      vertex 13.295000 4.553760 3.490880
      vertex 13.295000 4.552900 3.493130
    endloop
  endfacet
  facet normal 0 0 0
    outer loop
      vertex 10.895000 4.553760 3.490880
      vertex 13.295000 4.554740 3.488660
      vertex 13.295000 4.553760 3.490880
    endloop
  endfacet
  facet normal 0 0 0
    outer loop
      vertex 10.895000 4.553760 3.490880
      vertex 10.895000 4.554740 3.488660
      vertex 13.295000 4.554740 3.488660
    endloop
  endfacet
  facet normal 0 0 0
    outer loop
      vertex 10.895000 4.552900 3.493130
      vertex 13.295000 4.552900 3.493130
      vertex 13.295000 4.552140 3.495420
    endloop
  endfacet
  facet normal 0 0 0
    outer loop
      vertex 10.895000 4.552900 3.493130
      vertex 10.895000 4.553760 3.490880
      vertex 13.295000 4.552900 3.493130
    endloop
  endfacet
  facet normal 0 0 0
    outer loop
      vertex 10.895000 4.552140 3.495420
      vertex 13.295000 4.552140 3.495420
      vertex 13.295000 4.551510 3.497720
    endloop
  endfacet
  facet normal 0 0 0
    outer loop
      vertex 10.895000 4.552140 3.495420
      vertex 10.895000 4.552900 3.493130
      vertex 13.295000 4.552140 3.495420
    endloop
  endfacet
  facet normal 0 0 0
    outer loop
      vertex 10.895000 4.551510 3.497720
      vertex 10.895000 4.552140 3.495420
      vertex 13.295000 4.551510 3.497720
    endloop
  endfacet
  facet normal 0 0 0
    outer loop
      vertex 10.895000 4.550980 3.500040
      vertex 13.295000 4.550980 3.500040
      vertex 13.295000 4.550570 3.502360
    endloop
  endfacet
  facet normal 0 0 0
    outer loop
      vertex 10.895000 4.550980 3.500040
      vertex 13.295000 4.551510 3.497720
      vertex 13.295000 4.550980 3.500040
    endloop
  endfacet
  facet normal 0 0 0
    outer loop
      vertex 10.895000 4.550980 3.500040
      vertex 10.895000 4.551510 3.497720
      vertex 13.295000 4.551510 3.497720
    endloop
  endfacet
  facet normal 0 0 0
    outer loop
      vertex 10.895000 4.550570 3.502360
      vertex 13.295000 4.550570 3.502360
      vertex 13.295000 4.550270 3.504670
    endloop
  endfacet
  facet normal 0 0 0
    outer loop
      vertex 10.895000 4.550570 3.502360
      vertex 10.895000 4.550980 3.500040
      vertex 13.295000 4.550570 3.502360
    endloop
  endfacet
  facet normal 0 0 0
    outer loop
      vertex 10.895000 4.550270 3.504670
      vertex 10.895000 4.550570 3.502360
      vertex 13.295000 4.550270 3.504670
    endloop
  endfacet
  facet normal 0 0 0
    outer loop
      vertex 10.895000 4.550090 3.506980
      vertex 13.295000 4.550270 3.504670
      vertex 13.295000 4.550090 3.506980
    endloop
  endfacet
  facet normal 0 0 0
    outer loop
      vertex 10.895000 4.550090 3.506980
      vertex 10.895000 4.550270 3.504670
      vertex 13.295000 4.550270 3.504670
    endloop
  endfacet
  facet normal 0 0 0
    outer loop
      vertex 10.895000 4.550000 3.509260
      vertex 13.295000 4.550090 3.506980
      vertex 13.295000 4.550000 3.509260
    endloop
  endfacet
  facet normal 0 0 0
    outer loop
      vertex 10.895000 4.550000 3.509260
      vertex 10.895000 4.550090 3.506980
      vertex 13.295000 4.550090 3.506980
    endloop
  endfacet
  facet normal 0 0 0
    outer loop
      vertex 10.895000 4.550030 3.511530
      vertex 13.295000 4.550030 3.511530
      vertex 13.295000 4.550150 3.513750
    endloop
  endfacet
  facet normal 0 0 0
    outer loop
      vertex 10.895000 4.550030 3.511530
      vertex 13.295000 4.550000 3.509260
      vertex 13.295000 4.550030 3.511530
    endloop
  endfacet
  facet normal 0 0 0
    outer loop
      vertex 10.895000 4.550030 3.511530
      vertex 10.895000 4.550000 3.509260
      vertex 13.295000 4.550000 3.509260
    endloop
  endfacet
  facet normal 0 0 0
    outer loop
      vertex 10.895000 4.550150 3.513750
      vertex 10.895000 4.550030 3.511530
      vertex 13.295000 4.550150 3.513750
    endloop
  endfacet
  facet normal 0 0 0
    outer loop
      vertex 10.895000 4.550370 3.515940
      vertex 13.295000 4.550370 3.515940
      vertex 13.295000 4.550680 3.518090
    endloop
  endfacet
  facet normal 0 0 0
    outer loop
      vertex 10.895000 4.550370 3.515940
      vertex 13.295000 4.550150 3.513750
      vertex 13.295000 4.550370 3.515940
    endloop
  endfacet
  facet normal 0 0 0
    outer loop
      vertex 10.895000 4.550370 3.515940
      vertex 10.895000 4.550150 3.513750
      vertex 13.295000 4.550150 3.513750
    endloop
  endfacet
  facet normal 0 0 0
    outer loop
      vertex 10.895000 4.550680 3.518090
      vertex 13.295000 4.550680 3.518090
      vertex 13.295000 4.551070 3.520190
    endloop
  endfacet
  facet normal 0 0 0
    outer loop
      vertex 10.895000 4.550680 3.518090
      vertex 10.895000 4.550370 3.515940
      vertex 13.295000 4.550680 3.518090
    endloop
  endfacet
  facet normal 0 0 0
    outer loop
      vertex 10.895000 4.551070 3.520190
      vertex 10.895000 4.550680 3.518090
      vertex 13.295000 4.551070 3.520190
    endloop
  endfacet
  facet normal 0 0 0
    outer loop
      vertex 10.895000 4.551550 3.522240
      vertex 13.295000 4.551070 3.520190
      vertex 13.295000 4.551550 3.522240
    endloop
  endfacet
  facet normal 0 0 0
    outer loop
      vertex 10.895000 4.551550 3.522240
      vertex 10.895000 4.551070 3.520190
      vertex 13.295000 4.551070 3.520190
    endloop
  endfacet
  facet normal 0 0 0
    outer loop
      vertex 10.895000 4.552100 3.524230
      vertex 13.295000 4.551550 3.522240
      vertex 13.295000 4.552100 3.524230
    endloop
  endfacet
  facet normal 0 0 0
    outer loop
      vertex 10.895000 4.552100 3.524230
      vertex 10.895000 4.551550 3.522240
      vertex 13.295000 4.551550 3.522240
    endloop
  endfacet
  facet normal 0 0 0
    outer loop
      vertex 10.895000 4.552720 3.526160
      vertex 13.295000 4.552720 3.526160
      vertex 13.295000 4.553410 3.528040
    endloop
  endfacet
  facet normal 0 0 0
    outer loop
      vertex 10.895000 4.552720 3.526160
      vertex 13.295000 4.552100 3.524230
      vertex 13.295000 4.552720 3.526160
    endloop
  endfacet
  facet normal 0 0 0
    outer loop
      vertex 10.895000 4.552720 3.526160
      vertex 10.895000 4.552100 3.524230
      vertex 13.295000 4.552100 3.524230
    endloop
  endfacet
  facet normal 0 0 0
    outer loop
      vertex 10.895000 4.553410 3.528040
      vertex 10.895000 4.552720 3.526160
      vertex 13.295000 4.553410 3.528040
    endloop
  endfacet
  facet normal 0 0 0
    outer loop
      vertex 10.895000 4.554150 3.529850
      vertex 13.295000 4.554150 3.529850
      vertex 13.295000 4.554950 3.531590
    endloop
  endfacet
  facet normal 0 0 0
    outer loop
      vertex 10.895000 4.554150 3.529850
      vertex 13.295000 4.553410 3.528040
      vertex 13.295000 4.554150 3.529850
    endloop
  endfacet
  facet normal 0 0 0
    outer loop
      vertex 10.895000 4.554150 3.529850
      vertex 10.895000 4.553410 3.528040
      vertex 13.295000 4.553410 3.528040
    endloop
  endfacet
  facet normal 0 0 0
    outer loop
      vertex 10.895000 4.554950 3.531590
      vertex 13.295000 4.554950 3.531590
      vertex 13.295000 4.555800 3.533270
    endloop
  endfacet
  facet normal 0 0 0
    outer loop
      vertex 10.895000 4.554950 3.531590
      vertex 10.895000 4.554150 3.529850
      vertex 13.295000 4.554950 3.531590
    endloop
  endfacet
  facet normal 0 0 0
    outer loop
      vertex 10.895000 4.555800 3.533270
      vertex 10.895000 4.554950 3.531590
      vertex 13.295000 4.555800 3.533270
    endloop
  endfacet
  facet normal 0 0 0
    outer loop
      vertex 10.895000 4.556690 3.534880
      vertex 13.295000 4.555800 3.533270
      vertex 13.295000 4.556690 3.534880
    endloop
  endfacet
  facet normal 0 0 0
    outer loop
      vertex 10.895000 4.556690 3.534880
      vertex 10.895000 4.555800 3.533270
      vertex 13.295000 4.555800 3.533270
    endloop
  endfacet
  facet normal 0 0 0
    outer loop
      vertex 10.895000 4.557640 3.536460
      vertex 10.895000 4.556690 3.534880
      vertex 13.295000 4.556690 3.534880
    endloop
  endfacet
  facet normal 0 0 0
    outer loop
      vertex 10.895000 4.557640 3.536460
      vertex 13.295000 4.556690 3.534880
      vertex 13.295000 4.557640 3.536460
    endloop
  endfacet
  facet normal 0 0 0
    outer loop
      vertex 10.895000 4.558660 3.538030
      vertex 10.895000 4.557640 3.536460
      vertex 13.295000 4.557640 3.536460
    endloop
  endfacet
  facet normal 0 0 0
    outer loop
      vertex 10.895000 4.558660 3.538030
      vertex 13.295000 4.557640 3.536460
      vertex 13.295000 4.558660 3.538030
    endloop
  endfacet
  facet normal 0 0 0
    outer loop
      vertex 10.895000 4.559770 3.539600
      vertex 13.295000 4.558660 3.538030
      vertex 13.295000 4.559770 3.539600
    endloop
  endfacet
  facet normal 0 0 0
    outer loop
      vertex 10.895000 4.559770 3.539600
      vertex 10.895000 4.558660 3.538030
      vertex 13.295000 4.558660 3.538030
    endloop
  endfacet
  facet normal 0 0 0
    outer loop
      vertex 10.895000 4.560970 3.541150
      vertex 10.895000 4.559770 3.539600
      vertex 13.295000 4.559770 3.539600
    endloop
  endfacet
  facet normal 0 0 0
    outer loop
      vertex 10.895000 4.560970 3.541150
      vertex 13.295000 4.560970 3.541150
      vertex 13.295000 4.562240 3.542680
    endloop
  endfacet
  facet normal 0 0 0
    outer loop
      vertex 10.895000 4.560970 3.541150
      vertex 13.295000 4.559770 3.539600
      vertex 13.295000 4.560970 3.541150
    endloop
  endfacet
  facet normal 0 0 0
    outer loop
      vertex 10.895000 4.562240 3.542680
      vertex 10.895000 4.560970 3.541150
      vertex 13.295000 4.562240 3.542680
    endloop
  endfacet
  facet normal 0 0 0
    outer loop
      vertex 10.895000 4.563600 3.544180
      vertex 13.295000 4.562240 3.542680
      vertex 13.295000 4.563600 3.544180
    endloop
  endfacet
  facet normal 0 0 0
    outer loop
      vertex 10.895000 4.563600 3.544180
      vertex 10.895000 4.562240 3.542680
      vertex 13.295000 4.562240 3.542680
    endloop
  endfacet
  facet normal 0 0 0
    outer loop
      vertex 10.895000 4.565050 3.545660
      vertex 13.295000 4.565050 3.545660
      vertex 13.295000 4.566580 3.547090
    endloop
  endfacet
  facet normal 0 0 0
    outer loop
      vertex 10.895000 4.565050 3.545660
      vertex 13.295000 4.563600 3.544180
      vertex 13.295000 4.565050 3.545660
    endloop
  endfacet
  facet normal 0 0 0
    outer loop
      vertex 10.895000 4.565050 3.545660
      vertex 10.895000 4.563600 3.544180
      vertex 13.295000 4.563600 3.544180
    endloop
  endfacet
  facet normal 0 0 0
    outer loop
      vertex 10.895000 4.566580 3.547090
      vertex 10.895000 4.565050 3.545660
      vertex 13.295000 4.566580 3.547090
    endloop
  endfacet
  facet normal 0 0 0
    outer loop
      vertex 10.895000 4.568200 3.548490
      vertex 13.295000 4.568200 3.548490
      vertex 13.295000 4.569910 3.549830
    endloop
  endfacet
  facet normal 0 0 0
    outer loop
      vertex 10.895000 4.568200 3.548490
      vertex 13.295000 4.566580 3.547090
      vertex 13.295000 4.568200 3.548490
    endloop
  endfacet
  facet normal 0 0 0
    outer loop
      vertex 10.895000 4.568200 3.548490
      vertex 10.895000 4.566580 3.547090
      vertex 13.295000 4.566580 3.547090
    endloop
  endfacet
  facet normal 0 0 0
    outer loop
      vertex 10.895000 4.569910 3.549830
      vertex 10.895000 4.568200 3.548490
      vertex 13.295000 4.569910 3.549830
    endloop
  endfacet
  facet normal 0 0 0
    outer loop
      vertex 10.895000 4.569910 3.549830
      vertex 13.295000 4.569910 3.549830
      vertex 13.295000 4.571690 3.551110
    endloop
  endfacet
  facet normal 0 0 0
    outer loop
      vertex 10.895000 4.571690 3.551110
      vertex 13.295000 4.571690 3.551110
      vertex 13.295000 4.573560 3.552340
    endloop
  endfacet
  facet normal 0 0 0
    outer loop
      vertex 10.895000 4.571690 3.551110
      vertex 10.895000 4.569910 3.549830
      vertex 13.295000 4.571690 3.551110
    endloop
  endfacet
  facet normal 0 0 0
    outer loop
      vertex 10.895000 4.573560 3.552340
      vertex 10.895000 4.571690 3.551110
      vertex 13.295000 4.573560 3.552340
    endloop
  endfacet
  facet normal 0 0 0
    outer loop
      vertex 10.895000 4.575500 3.553490
      vertex 10.895000 4.573560 3.552340
      vertex 13.295000 4.573560 3.552340
    endloop
  endfacet
  facet normal 0 0 0
    outer loop
      vertex 10.895000 4.575500 3.553490
      vertex 13.295000 4.573560 3.552340
      vertex 13.295000 4.575500 3.553490
    endloop
  endfacet
  facet normal 0 0 0
    outer loop
      vertex 10.895000 4.577520 3.554560
      vertex 13.295000 4.575500 3.553490
      vertex 13.295000 4.577520 3.554560
    endloop
  endfacet
  facet normal 0 0 0
    outer loop
      vertex 10.895000 4.577520 3.554560
      vertex 10.895000 4.575500 3.553490
      vertex 13.295000 4.575500 3.553490
    endloop
  endfacet
  facet normal 0 0 0
    outer loop
      vertex 10.895000 4.579610 3.555550
      vertex 13.295000 4.579610 3.555550
      vertex 13.295000 4.581770 3.556460
    endloop
  endfacet
  facet normal 0 0 0
    outer loop
      vertex 10.895000 4.579610 3.555550
      vertex 13.295000 4.577520 3.554560
      vertex 13.295000 4.579610 3.555550
    endloop
  endfacet
  facet normal 0 0 0
    outer loop
      vertex 10.895000 4.579610 3.555550
      vertex 10.895000 4.577520 3.554560
      vertex 13.295000 4.577520 3.554560
    endloop
  endfacet
  facet normal 0 0 0
    outer loop
      vertex 10.895000 4.581770 3.556460
      vertex 13.295000 4.581770 3.556460
      vertex 13.295000 4.583980 3.557260
    endloop
  endfacet
  facet normal 0 0 0
    outer loop
      vertex 10.895000 4.581770 3.556460
      vertex 10.895000 4.579610 3.555550
      vertex 13.295000 4.581770 3.556460
    endloop
  endfacet
  facet normal 0 0 0
    outer loop
      vertex 10.895000 4.583980 3.557260
      vertex 10.895000 4.581770 3.556460
      vertex 13.295000 4.583980 3.557260
    endloop
  endfacet
  facet normal 0 0 0
    outer loop
      vertex 10.895000 4.586250 3.557970
      vertex 13.295000 4.583980 3.557260
      vertex 13.295000 4.586250 3.557970
    endloop
  endfacet
  facet normal 0 0 0
    outer loop
      vertex 10.895000 4.586250 3.557970
      vertex 10.895000 4.583980 3.557260
      vertex 13.295000 4.583980 3.557260
    endloop
  endfacet
  facet normal 0 0 0
    outer loop
      vertex 10.895000 4.588560 3.558570
      vertex 13.295000 4.586250 3.557970
      vertex 13.295000 4.588560 3.558570
    endloop
  endfacet
  facet normal 0 0 0
    outer loop
      vertex 10.895000 4.588560 3.558570
      vertex 10.895000 4.586250 3.557970
      vertex 13.295000 4.586250 3.557970
    endloop
  endfacet
  facet normal 0 0 0
    outer loop
      vertex 10.895000 4.590910 3.559070
      vertex 13.295000 4.590910 3.559070
      vertex 13.295000 4.593300 3.559450
    endloop
  endfacet
  facet normal 0 0 0
    outer loop
      vertex 10.895000 4.590910 3.559070
      vertex 13.295000 4.588560 3.558570
      vertex 13.295000 4.590910 3.559070
    endloop
  endfacet
  facet normal 0 0 0
    outer loop
      vertex 10.895000 4.590910 3.559070
      vertex 10.895000 4.588560 3.558570
      vertex 13.295000 4.588560 3.558570
    endloop
  endfacet
  facet normal 0 0 0
    outer loop
      vertex 10.895000 4.593300 3.559450
      vertex 10.895000 4.590910 3.559070
      vertex 13.295000 4.593300 3.559450
    endloop
  endfacet
  facet normal 0 0 0
    outer loop
      vertex 10.895000 4.595700 3.559720
      vertex 13.295000 4.593300 3.559450
      vertex 13.295000 4.595700 3.559720
    endloop
  endfacet
  facet normal 0 0 0
    outer loop
      vertex 10.895000 4.595700 3.559720
      vertex 10.895000 4.593300 3.559450
      vertex 13.295000 4.593300 3.559450
    endloop
  endfacet
  facet normal 0 0 0
    outer loop
      vertex 10.895000 4.598130 3.559860
      vertex 13.295000 4.598130 3.559860
      vertex 13.295000 4.600560 3.559900
    endloop
  endfacet
  facet normal 0 0 0
    outer loop
      vertex 10.895000 4.598130 3.559860
      vertex 13.295000 4.595700 3.559720
      vertex 13.295000 4.598130 3.559860
    endloop
  endfacet
  facet normal 0 0 0
    outer loop
      vertex 10.895000 4.598130 3.559860
      vertex 10.895000 4.595700 3.559720
      vertex 13.295000 4.595700 3.559720
    endloop
  endfacet
  facet normal 0 0 0
    outer loop
      vertex 10.895000 4.600560 3.559900
      vertex 10.895000 4.598130 3.559860
      vertex 13.295000 4.600560 3.559900
    endloop
  endfacet
  facet normal 0 0 0
    outer loop
      vertex 10.895000 4.602980 3.559810
      vertex 10.895000 4.600560 3.559900
      vertex 13.295000 4.600560 3.559900
    endloop
  endfacet
  facet normal 0 0 0
    outer loop
      vertex 10.895000 4.602980 3.559810
      vertex 13.295000 4.602980 3.559810
      vertex 13.295000 4.605400 3.559610
    endloop
  endfacet
  facet normal 0 0 0
    outer loop
      vertex 10.895000 4.602980 3.559810
      vertex 13.295000 4.600560 3.559900
      vertex 13.295000 4.602980 3.559810
    endloop
  endfacet
  facet normal 0 0 0
    outer loop
      vertex 10.895000 4.605400 3.559610
      vertex 13.295000 4.605400 3.559610
      vertex 13.295000 4.607800 3.559290
    endloop
  endfacet
  facet normal 0 0 0
    outer loop
      vertex 10.895000 4.605400 3.559610
      vertex 10.895000 4.602980 3.559810
      vertex 13.295000 4.605400 3.559610
    endloop
  endfacet
  facet normal 0 0 0
    outer loop
      vertex 10.895000 4.607800 3.559290
      vertex 10.895000 4.605400 3.559610
      vertex 13.295000 4.607800 3.559290
    endloop
  endfacet
  facet normal 0 0 0
    outer loop
      vertex 10.895000 4.610170 3.558860
      vertex 10.895000 4.607800 3.559290
      vertex 13.295000 4.607800 3.559290
    endloop
  endfacet
  facet normal 0 0 0
    outer loop
      vertex 10.895000 4.610170 3.558860
      vertex 13.295000 4.610170 3.558860
      vertex 13.295000 4.612500 3.558310
    endloop
  endfacet
  facet normal 0 0 0
    outer loop
      vertex 10.895000 4.610170 3.558860
      vertex 13.295000 4.607800 3.559290
      vertex 13.295000 4.610170 3.558860
    endloop
  endfacet
  facet normal 0 0 0
    outer loop
      vertex 10.895000 4.612500 3.558310
      vertex 10.895000 4.610170 3.558860
      vertex 13.295000 4.612500 3.558310
    endloop
  endfacet
  facet normal 0 0 0
    outer loop
      vertex 10.895000 4.614800 3.557660
      vertex 13.295000 4.612500 3.558310
      vertex 13.295000 4.614800 3.557660
    endloop
  endfacet
  facet normal 0 0 0
    outer loop
      vertex 10.895000 4.614800 3.557660
      vertex 10.895000 4.612500 3.558310
      vertex 13.295000 4.612500 3.558310
    endloop
  endfacet
  facet normal 0 0 0
    outer loop
      vertex 10.895000 4.617040 3.556910
      vertex 10.895000 4.614800 3.557660
      vertex 13.295000 4.614800 3.557660
    endloop
  endfacet
  facet normal 0 0 0
    outer loop
      vertex 10.895000 4.617040 3.556910
      vertex 13.295000 4.614800 3.557660
      vertex 13.295000 4.617040 3.556910
    endloop
  endfacet
  facet normal 0 0 0
    outer loop
      vertex 10.895000 4.619230 3.556060
      vertex 13.295000 4.619230 3.556060
      vertex 13.295000 4.621350 3.555110
    endloop
  endfacet
  facet normal 0 0 0
    outer loop
      vertex 10.895000 4.619230 3.556060
      vertex 13.295000 4.617040 3.556910
      vertex 13.295000 4.619230 3.556060
    endloop
  endfacet
  facet normal 0 0 0
    outer loop
      vertex 10.895000 4.619230 3.556060
      vertex 10.895000 4.617040 3.556910
      vertex 13.295000 4.617040 3.556910
    endloop
  endfacet
  facet normal 0 0 0
    outer loop
      vertex 10.895000 4.621350 3.555110
      vertex 10.895000 4.619230 3.556060
      vertex 13.295000 4.621350 3.555110
    endloop
  endfacet
  facet normal 0 0 0
    outer loop
      vertex 10.895000 4.623410 3.554080
      vertex 13.295000 4.623410 3.554080
      vertex 13.295000 4.625390 3.552970
    endloop
  endfacet
  facet normal 0 0 0
    outer loop
      vertex 10.895000 4.623410 3.554080
      vertex 13.295000 4.621350 3.555110
      vertex 13.295000 4.623410 3.554080
    endloop
  endfacet
  facet normal 0 0 0
    outer loop
      vertex 10.895000 4.623410 3.554080
      vertex 10.895000 4.621350 3.555110
      vertex 13.295000 4.621350 3.555110
    endloop
  endfacet
  facet normal 0 0 0
    outer loop
      vertex 10.895000 4.625390 3.552970
      vertex 10.895000 4.623410 3.554080
      vertex 13.295000 4.625390 3.552970
    endloop
  endfacet
  facet normal 0 0 0
    outer loop
      vertex 10.895000 4.627300 3.551790
      vertex 13.295000 4.625390 3.552970
      vertex 13.295000 4.627300 3.551790
    endloop
  endfacet
  facet normal 0 0 0
    outer loop
      vertex 10.895000 4.627300 3.551790
      vertex 10.895000 4.625390 3.552970
      vertex 13.295000 4.625390 3.552970
    endloop
  endfacet
  facet normal 0 0 0
    outer loop
      vertex 10.895000 4.629130 3.550530
      vertex 10.895000 4.627300 3.551790
      vertex 13.295000 4.627300 3.551790
    endloop
  endfacet
  facet normal 0 0 0
    outer loop
      vertex 10.895000 4.629130 3.550530
      vertex 13.295000 4.627300 3.551790
      vertex 13.295000 4.629130 3.550530
    endloop
  endfacet
  facet normal 0 0 0
    outer loop
      vertex 10.895000 4.630880 3.549220
      vertex 10.895000 4.629130 3.550530
      vertex 13.295000 4.629130 3.550530
    endloop
  endfacet
  facet normal 0 0 0
    outer loop
      vertex 10.895000 4.630880 3.549220
      vertex 13.295000 4.630880 3.549220
      vertex 13.295000 4.632550 3.547860
    endloop
  endfacet
  facet normal 0 0 0
    outer loop
      vertex 10.895000 4.630880 3.549220
      vertex 13.295000 4.629130 3.550530
      vertex 13.295000 4.630880 3.549220
    endloop
  endfacet
  facet normal 0 0 0
    outer loop
      vertex 10.895000 4.632550 3.547860
      vertex 10.895000 4.630880 3.549220
      vertex 13.295000 4.632550 3.547860
    endloop
  endfacet
  facet normal 0 0 0
    outer loop
      vertex 10.895000 4.634130 3.546440
      vertex 10.895000 4.632550 3.547860
      vertex 13.295000 4.632550 3.547860
    endloop
  endfacet
  facet normal 0 0 0
    outer loop
      vertex 10.895000 4.634130 3.546440
      vertex 13.295000 4.632550 3.547860
      vertex 13.295000 4.634130 3.546440
    endloop
  endfacet
  facet normal 0 0 0
    outer loop
      vertex 10.895000 4.635620 3.544990
      vertex 10.895000 4.634130 3.546440
      vertex 13.295000 4.634130 3.546440
    endloop
  endfacet
  facet normal 0 0 0
    outer loop
      vertex 10.895000 4.635620 3.544990
      vertex 13.295000 4.634130 3.546440
      vertex 13.295000 4.635620 3.544990
    endloop
  endfacet
  facet normal 0 0 0
    outer loop
      vertex 10.895000 4.637030 3.543500
      vertex 10.895000 4.635620 3.544990
      vertex 13.295000 4.635620 3.544990
    endloop
  endfacet
  facet normal 0 0 0
    outer loop
      vertex 10.895000 4.637030 3.543500
      vertex 13.295000 4.635620 3.544990
      vertex 13.295000 4.637030 3.543500
    endloop
  endfacet
  facet normal 0 0 0
    outer loop
      vertex 10.895000 4.638350 3.541980
      vertex 10.895000 4.637030 3.543500
      vertex 13.295000 4.637030 3.543500
    endloop
  endfacet
  facet normal 0 0 0
    outer loop
      vertex 10.895000 4.638350 3.541980
      vertex 13.295000 4.637030 3.543500
      vertex 13.295000 4.638350 3.541980
    endloop
  endfacet
  facet normal 0 0 0
    outer loop
      vertex 10.895000 4.639590 3.540440
      vertex 10.895000 4.638350 3.541980
      vertex 13.295000 4.638350 3.541980
    endloop
  endfacet
  facet normal 0 0 0
    outer loop
      vertex 10.895000 4.639590 3.540440
      vertex 13.295000 4.639590 3.540440
      vertex 13.295000 4.640740 3.538880
    endloop
  endfacet
  facet normal 0 0 0
    outer loop
      vertex 10.895000 4.639590 3.540440
      vertex 13.295000 4.638350 3.541980
      vertex 13.295000 4.639590 3.540440
    endloop
  endfacet
  facet normal 0 0 0
    outer loop
      vertex 10.895000 4.640740 3.538880
      vertex 10.895000 4.639590 3.540440
      vertex 13.295000 4.640740 3.538880
    endloop
  endfacet
  facet normal 0 0 0
    outer loop
      vertex 10.895000 4.641820 3.537310
      vertex 10.895000 4.640740 3.538880
      vertex 13.295000 4.640740 3.538880
    endloop
  endfacet
  facet normal 0 0 0
    outer loop
      vertex 10.895000 4.641820 3.537310
      vertex 13.295000 4.641820 3.537310
      vertex 13.295000 4.642810 3.535740
    endloop
  endfacet
  facet normal 0 0 0
    outer loop
      vertex 10.895000 4.641820 3.537310
      vertex 13.295000 4.640740 3.538880
      vertex 13.295000 4.641820 3.537310
    endloop
  endfacet
  facet normal 0 0 0
    outer loop
      vertex 10.895000 4.642810 3.535740
      vertex 10.895000 4.641820 3.537310
      vertex 13.295000 4.642810 3.535740
    endloop
  endfacet
  facet normal 0 0 0
    outer loop
      vertex 10.895000 4.642810 3.535740
      vertex 13.295000 4.642810 3.535740
      vertex 13.295000 4.643720 3.534150
    endloop
  endfacet
  facet normal 0 0 0
    outer loop
      vertex 10.895000 4.643720 3.534150
      vertex 10.895000 4.642810 3.535740
      vertex 13.295000 4.643720 3.534150
    endloop
  endfacet
  facet normal 0 0 0
    outer loop
      vertex 10.895000 4.643720 3.534150
      vertex 13.295000 4.643720 3.534150
      vertex 13.295000 4.644600 3.532510
    endloop
  endfacet
  facet normal 0 0 0
    outer loop
      vertex 10.895000 4.644600 3.532510
      vertex 10.895000 4.643720 3.534150
      vertex 13.295000 4.644600 3.532510
    endloop
  endfacet
  facet normal 0 0 0
    outer loop
      vertex 10.895000 4.644600 3.532510
      vertex 13.295000 4.644600 3.532510
      vertex 13.295000 4.645420 3.530800
    endloop
  endfacet
  facet normal 0 0 0
    outer loop
      vertex 10.895000 4.645420 3.530800
      vertex 10.895000 4.644600 3.532510
      vertex 13.295000 4.645420 3.530800
    endloop
  endfacet
  facet normal 0 0 0
    outer loop
      vertex 10.895000 4.645420 3.530800
      vertex 13.295000 4.645420 3.530800
      vertex 13.295000 4.646200 3.529030
    endloop
  endfacet
  facet normal 0 0 0
    outer loop
      vertex 10.895000 4.646200 3.529030
      vertex 10.895000 4.645420 3.530800
      vertex 13.295000 4.646200 3.529030
    endloop
  endfacet
  facet normal 0 0 0
    outer loop
      vertex 10.895000 4.646920 3.527190
      vertex 10.895000 4.646200 3.529030
      vertex 13.295000 4.646200 3.529030
    endloop
  endfacet
  facet normal 0 0 0
    outer loop
      vertex 10.895000 4.646920 3.527190
      vertex 13.295000 4.646920 3.527190
      vertex 13.295000 4.647570 3.525290
    endloop
  endfacet
  facet normal 0 0 0
    outer loop
      vertex 10.895000 4.646920 3.527190
      vertex 13.295000 4.646200 3.529030
      vertex 13.295000 4.646920 3.527190
    endloop
  endfacet
  facet normal 0 0 0
    outer loop
      vertex 10.895000 4.647570 3.525290
      vertex 10.895000 4.646920 3.527190
      vertex 13.295000 4.647570 3.525290
    endloop
  endfacet
  facet normal 0 0 0
    outer loop
      vertex 10.895000 4.647570 3.525290
      vertex 13.295000 4.647570 3.525290
      vertex 13.295000 4.648160 3.523330
    endloop
  endfacet
  facet normal 0 0 0
    outer loop
      vertex 10.895000 4.648160 3.523330
      vertex 10.895000 4.647570 3.525290
      vertex 13.295000 4.648160 3.523330
    endloop
  endfacet
  facet normal 0 0 0
    outer loop
      vertex 10.895000 4.648680 3.521310
      vertex 10.895000 4.648160 3.523330
      vertex 13.295000 4.648160 3.523330
    endloop
  endfacet
  facet normal 0 0 0
    outer loop
      vertex 10.895000 4.648680 3.521310
      vertex 13.295000 4.648680 3.521310
      vertex 13.295000 4.649120 3.519240
    endloop
  endfacet
  facet normal 0 0 0
    outer loop
      vertex 10.895000 4.648680 3.521310
      vertex 13.295000 4.648160 3.523330
      vertex 13.295000 4.648680 3.521310
    endloop
  endfacet
  facet normal 0 0 0
    outer loop
      vertex 10.895000 4.649120 3.519240
      vertex 10.895000 4.648680 3.521310
      vertex 13.295000 4.649120 3.519240
    endloop
  endfacet
  facet normal 0 0 0
    outer loop
      vertex 10.895000 4.649120 3.519240
      vertex 13.295000 4.649120 3.519240
      vertex 13.295000 4.649480 3.517120
    endloop
  endfacet
  facet normal 0 0 0
    outer loop
      vertex 10.895000 4.649480 3.517120
      vertex 13.295000 4.649480 3.517120
      vertex 13.295000 4.649740 3.514950
    endloop
  endfacet
  facet normal 0 0 0
    outer loop
      vertex 10.895000 4.649480 3.517120
      vertex 10.895000 4.649120 3.519240
      vertex 13.295000 4.649480 3.517120
    endloop
  endfacet
  facet normal 0 0 0
    outer loop
      vertex 10.895000 4.649740 3.514950
      vertex 13.295000 4.649740 3.514950
      vertex 13.295000 4.649920 3.512740
    endloop
  endfacet
  facet normal 0 0 0
    outer loop
      vertex 10.895000 4.649740 3.514950
      vertex 10.895000 4.649480 3.517120
      vertex 13.295000 4.649740 3.514950
    endloop
  endfacet
  facet normal 0 0 0
    outer loop
      vertex 10.895000 4.649920 3.512740
      vertex 10.895000 4.649740 3.514950
      vertex 13.295000 4.649920 3.512740
    endloop
  endfacet
  facet normal 0 0 0
    outer loop
      vertex 10.895000 4.650000 3.510500
      vertex 10.895000 4.649920 3.512740
      vertex 13.295000 4.649920 3.512740
    endloop
  endfacet
  facet normal 0 0 0
    outer loop
      vertex 10.895000 4.650000 3.510500
      vertex 13.295000 4.649920 3.512740
      vertex 13.295000 4.650000 3.510500
    endloop
  endfacet
  facet normal 0 0 0
    outer loop
      vertex 10.895000 4.649970 3.508220
      vertex 13.295000 4.650000 3.510500
      vertex 13.295000 4.649970 3.508220
    endloop
  endfacet
  facet normal 0 0 0
    outer loop
      vertex 10.895000 4.649970 3.508220
      vertex 10.895000 4.650000 3.510500
      vertex 13.295000 4.650000 3.510500
    endloop
  endfacet
  facet normal 0 0 0
    outer loop
      vertex 10.895000 4.649840 3.505930
      vertex 13.295000 4.649840 3.505930
      vertex 13.295000 4.649600 3.503620
    endloop
  endfacet
  facet normal 0 0 0
    outer loop
      vertex 10.895000 4.649840 3.505930
      vertex 13.295000 4.649970 3.508220
      vertex 13.295000 4.649840 3.505930
    endloop
  endfacet
  facet normal 0 0 0
    outer loop
      vertex 10.895000 4.649840 3.505930
      vertex 10.895000 4.649970 3.508220
      vertex 13.295000 4.649970 3.508220
    endloop
  endfacet
  facet normal 0 0 0
    outer loop
      vertex 10.895000 4.649600 3.503620
      vertex 10.895000 4.649840 3.505930
      vertex 13.295000 4.649600 3.503620
    endloop
  endfacet
  facet normal 0 0 0
    outer loop
      vertex 10.895000 4.649600 3.503620
      vertex 13.295000 4.649600 3.503620
      vertex 13.295000 4.649250 3.501300
    endloop
  endfacet
  facet normal 0 0 0
    outer loop
      vertex 10.895000 4.649250 3.501300
      vertex 13.295000 4.649250 3.501300
      vertex 13.295000 4.648790 3.498980
    endloop
  endfacet
  facet normal 0 0 0
    outer loop
      vertex 10.895000 4.649250 3.501300
      vertex 10.895000 4.649600 3.503620
      vertex 13.295000 4.649250 3.501300
    endloop
  endfacet
  facet normal 0 0 0
    outer loop
      vertex 10.895000 4.648790 3.498980
      vertex 10.895000 4.649250 3.501300
      vertex 13.295000 4.648790 3.498980
    endloop
  endfacet
  facet normal 0 0 0
    outer loop
      vertex 10.895000 4.648220 3.496660
      vertex 13.295000 4.648220 3.496660
      vertex 13.295000 4.647530 3.494370
    endloop
  endfacet
  facet normal 0 0 0
    outer loop
      vertex 10.895000 4.648220 3.496660
      vertex 13.295000 4.648790 3.498980
      vertex 13.295000 4.648220 3.496660
    endloop
  endfacet
  facet normal 0 0 0
    outer loop
      vertex 10.895000 4.648220 3.496660
      vertex 10.895000 4.648790 3.498980
      vertex 13.295000 4.648790 3.498980
    endloop
  endfacet
  facet normal 0 0 0
    outer loop
      vertex 10.895000 4.647530 3.494370
      vertex 10.895000 4.648220 3.496660
      vertex 13.295000 4.647530 3.494370
    endloop
  endfacet
  facet normal 0 0 0
    outer loop
      vertex 10.895000 4.646720 3.492100
      vertex 10.895000 4.647530 3.494370
      vertex 13.295000 4.647530 3.494370
    endloop
  endfacet
  facet normal 0 0 0
    outer loop
      vertex 10.895000 4.646720 3.492100
      vertex 13.295000 4.647530 3.494370
      vertex 13.295000 4.646720 3.492100
    endloop
  endfacet
  facet normal 0 0 0
    outer loop
      vertex 10.895000 4.645810 3.489860
      vertex 10.895000 4.646720 3.492100
      vertex 13.295000 4.646720 3.492100
    endloop
  endfacet
  facet normal 0 0 0
    outer loop
      vertex 10.895000 4.645810 3.489860
      vertex 13.295000 4.646720 3.492100
      vertex 13.295000 4.645810 3.489860
    endloop
  endfacet
  facet normal 0 0 0
    outer loop
      vertex 10.895000 4.644780 3.487660
      vertex 10.895000 4.645810 3.489860
      vertex 13.295000 4.645810 3.489860
    endloop
  endfacet
  facet normal 0 0 0
    outer loop
      vertex 10.895000 4.644780 3.487660
      vertex 13.295000 4.644780 3.487660
      vertex 13.295000 4.643650 3.485510
    endloop
  endfacet
  facet normal 0 0 0
    outer loop
      vertex 10.895000 4.644780 3.487660
      vertex 13.295000 4.645810 3.489860
      vertex 13.295000 4.644780 3.487660
    endloop
  endfacet
  facet normal 0 0 0
    outer loop
      vertex 10.895000 4.643650 3.485510
      vertex 13.295000 4.643650 3.485510
      vertex 13.295000 4.642410 3.483420
    endloop
  endfacet
  facet normal 0 0 0
    outer loop
      vertex 10.895000 4.643650 3.485510
      vertex 10.895000 4.644780 3.487660
      vertex 13.295000 4.643650 3.485510
    endloop
  endfacet
  facet normal 0 0 0
    outer loop
      vertex 10.895000 4.642410 3.483420
      vertex 10.895000 4.643650 3.485510
      vertex 13.295000 4.642410 3.483420
    endloop
  endfacet
  facet normal 0 0 0
    outer loop
      vertex 10.895000 4.641080 3.481390
      vertex 10.895000 4.642410 3.483420
      vertex 13.295000 4.642410 3.483420
    endloop
  endfacet
  facet normal 0 0 0
    outer loop
      vertex 10.895000 4.641080 3.481390
      vertex 13.295000 4.642410 3.483420
      vertex 13.295000 4.641080 3.481390
    endloop
  endfacet
  facet normal 0 0 0
    outer loop
      vertex 10.895000 4.639650 3.479440
      vertex 10.895000 4.641080 3.481390
      vertex 13.295000 4.641080 3.481390
    endloop
  endfacet
  facet normal 0 0 0
    outer loop
      vertex 10.895000 4.639650 3.479440
      vertex 13.295000 4.641080 3.481390
      vertex 13.295000 4.639650 3.479440
    endloop
  endfacet
  facet normal 0 0 0
    outer loop
      vertex 10.895000 4.638130 3.477560
      vertex 10.895000 4.639650 3.479440
      vertex 13.295000 4.639650 3.479440
    endloop
  endfacet
  facet normal 0 0 0
    outer loop
      vertex 10.895000 4.638130 3.477560
      vertex 13.295000 4.638130 3.477560
      vertex 13.295000 4.636530 3.475760
    endloop
  endfacet
  facet normal 0 0 0
    outer loop
      vertex 10.895000 4.638130 3.477560
      vertex 13.295000 4.639650 3.479440
      vertex 13.295000 4.638130 3.477560
    endloop
  endfacet
  facet normal 0 0 0
    outer loop
      vertex 10.895000 4.636530 3.475760
      vertex 10.895000 4.638130 3.477560
      vertex 13.295000 4.636530 3.475760
    endloop
  endfacet
  facet normal 0 0 0
    outer loop
      vertex 10.895000 4.636530 3.475760
      vertex 13.295000 4.636530 3.475760
      vertex 13.295000 4.634860 3.474060
    endloop
  endfacet
  facet normal 0 0 0
    outer loop
      vertex 10.895000 4.634860 3.474060
      vertex 10.895000 4.636530 3.475760
      vertex 13.295000 4.634860 3.474060
    endloop
  endfacet
  facet normal 0 0 0
    outer loop
      vertex 10.895000 4.634860 3.474060
      vertex 13.295000 4.634860 3.474060
      vertex 13.295000 4.633120 3.472440
    endloop
  endfacet
  facet normal 0 0 0
    outer loop
      vertex 10.895000 4.633120 3.472440
      vertex 10.895000 4.634860 3.474060
      vertex 13.295000 4.633120 3.472440
    endloop
  endfacet
  facet normal 0 0 0
    outer loop
      vertex 10.895000 4.633120 3.472440
      vertex 13.295000 4.633120 3.472440
      vertex 13.295000 4.631310 3.470920
    endloop
  endfacet
  facet normal 0 0 0
    outer loop
      vertex 10.895000 4.631310 3.470920
      vertex 10.895000 4.633120 3.472440
      vertex 13.295000 4.631310 3.470920
    endloop
  endfacet
  facet normal 0 0 0
    outer loop
      vertex 10.895000 4.629460 3.469500
      vertex 10.895000 4.631310 3.470920
      vertex 13.295000 4.631310 3.470920
    endloop
  endfacet
  facet normal 0 0 0
    outer loop
      vertex 10.895000 4.629460 3.469500
      vertex 13.295000 4.631310 3.470920
      vertex 13.295000 4.629460 3.469500
    endloop
  endfacet
  facet normal 0 0 0
    outer loop
      vertex 10.895000 4.627560 3.468180
      vertex 10.895000 4.629460 3.469500
      vertex 13.295000 4.629460 3.469500
    endloop
  endfacet
  facet normal 0 0 0
    outer loop
      vertex 10.895000 4.627560 3.468180
      vertex 13.295000 4.627560 3.468180
      vertex 13.295000 4.625620 3.466960
    endloop
  endfacet
  facet normal 0 0 0
    outer loop
      vertex 10.895000 4.627560 3.468180
      vertex 13.295000 4.629460 3.469500
      vertex 13.295000 4.627560 3.468180
    endloop
  endfacet
  facet normal 0 0 0
    outer loop
      vertex 10.895000 4.625620 3.466960
      vertex 10.895000 4.627560 3.468180
      vertex 13.295000 4.625620 3.466960
    endloop
  endfacet
  facet normal 0 0 0
    outer loop
      vertex 10.895000 4.623650 3.465850
      vertex 10.895000 4.625620 3.466960
      vertex 13.295000 4.625620 3.466960
    endloop
  endfacet
  facet normal 0 0 0
    outer loop
      vertex 10.895000 4.623650 3.465850
      vertex 13.295000 4.623650 3.465850
      vertex 13.295000 4.621660 3.464840
    endloop
  endfacet
  facet normal 0 0 0
    outer loop
      vertex 10.895000 4.623650 3.465850
      vertex 13.295000 4.625620 3.466960
      vertex 13.295000 4.623650 3.465850
    endloop
  endfacet
  facet normal 0 0 0
    outer loop
      vertex 10.895000 4.621660 3.464840
      vertex 13.295000 4.621660 3.464840
      vertex 13.295000 4.619660 3.463930
    endloop
  endfacet
  facet normal 0 0 0
    outer loop
      vertex 10.895000 4.621660 3.464840
      vertex 10.895000 4.623650 3.465850
      vertex 13.295000 4.621660 3.464840
    endloop
  endfacet
  facet normal 0 0 0
    outer loop
      vertex 10.895000 4.619660 3.463930
      vertex 13.295000 4.619660 3.463930
      vertex 13.295000 4.617640 3.463120
    endloop
  endfacet
  facet normal 0 0 0
    outer loop
      vertex 10.895000 4.619660 3.463930
      vertex 10.895000 4.621660 3.464840
      vertex 13.295000 4.619660 3.463930
    endloop
  endfacet
  facet normal 0 0 0
    outer loop
      vertex 10.895000 4.617640 3.463120
      vertex 10.895000 4.619660 3.463930
      vertex 13.295000 4.617640 3.463120
    endloop
  endfacet
  facet normal 0 0 0
    outer loop
      vertex 10.895000 4.615630 3.462400
      vertex 10.895000 4.617640 3.463120
      vertex 13.295000 4.617640 3.463120
    endloop
  endfacet
  facet normal 0 0 0
    outer loop
      vertex 10.895000 4.615630 3.462400
      vertex 13.295000 4.617640 3.463120
      vertex 13.295000 4.615630 3.462400
    endloop
  endfacet
  facet normal 0 0 0
    outer loop
      vertex 10.895000 4.613610 3.461790
      vertex 10.895000 4.615630 3.462400
      vertex 13.295000 4.615630 3.462400
    endloop
  endfacet
  facet normal 0 0 0
    outer loop
      vertex 10.895000 4.613610 3.461790
      vertex 13.295000 4.613610 3.461790
      vertex 13.295000 4.611610 3.461270
    endloop
  endfacet
  facet normal 0 0 0
    outer loop
      vertex 10.895000 4.613610 3.461790
      vertex 13.295000 4.615630 3.462400
      vertex 13.295000 4.613610 3.461790
    endloop
  endfacet
  facet normal 0 0 0
    outer loop
      vertex 10.895000 4.611610 3.461270
      vertex 10.895000 4.613610 3.461790
      vertex 13.295000 4.611610 3.461270
    endloop
  endfacet
  facet normal 0 0 0
    outer loop
      vertex 10.895000 4.609410 3.460790
      vertex 10.895000 4.611610 3.461270
      vertex 13.295000 4.611610 3.461270
    endloop
  endfacet
  facet normal 0 0 0
    outer loop
      vertex 10.895000 4.609410 3.460790
      vertex 13.295000 4.611610 3.461270
      vertex 13.295000 4.609410 3.460790
    endloop
  endfacet
  facet normal 0 0 0
    outer loop
      vertex 10.895000 4.606990 3.460390
      vertex 10.895000 4.609410 3.460790
      vertex 13.295000 4.609410 3.460790
    endloop
  endfacet
  facet normal 0 0 0
    outer loop
      vertex 10.895000 4.606990 3.460390
      vertex 13.295000 4.609410 3.460790
      vertex 13.295000 4.606990 3.460390
    endloop
  endfacet
  facet normal 0 0 0
    outer loop
      vertex 10.895000 4.604610 3.460110
      vertex 13.295000 4.606990 3.460390
      vertex 13.295000 4.604610 3.460110
    endloop
  endfacet
  facet normal 0 0 0
    outer loop
      vertex 10.895000 4.604610 3.460110
      vertex 10.895000 4.606990 3.460390
      vertex 13.295000 4.606990 3.460390
    endloop
  endfacet
  facet normal 0 0 0
    outer loop
      vertex 10.895000 4.602280 3.459950
      vertex 13.295000 4.604610 3.460110
      vertex 13.295000 4.602280 3.459950
    endloop
  endfacet
  facet normal 0 0 0
    outer loop
      vertex 10.895000 4.602280 3.459950
      vertex 10.895000 4.604610 3.460110
      vertex 13.295000 4.604610 3.460110
    endloop
  endfacet
  facet normal 0 0 0
    outer loop
      vertex 10.895000 4.600000 3.459900
      vertex 13.295000 4.602280 3.459950
      vertex 13.295000 4.600000 3.459900
    endloop
  endfacet
  facet normal 0 0 0
    outer loop
      vertex 10.895000 4.600000 3.459900
      vertex 10.895000 4.602280 3.459950
      vertex 13.295000 4.602280 3.459950
    endloop
  endfacet
  facet normal 0 0 0
    outer loop
      vertex 10.895000 4.565050 3.545660
      vertex 10.895000 4.562240 3.542680
      vertex 10.895000 4.563600 3.544180
    endloop
  endfacet
  facet normal 0 0 0
    outer loop
      vertex 10.895000 4.566580 3.547090
      vertex 10.895000 4.568200 3.548490
      vertex 10.895000 4.565050 3.545660
    endloop
  endfacet
  facet normal 0 0 0
    outer loop
      vertex 10.895000 4.568200 3.548490
      vertex 10.895000 4.569910 3.549830
      vertex 10.895000 4.565050 3.545660
    endloop
  endfacet
  facet normal 0 0 0
    outer loop
      vertex 10.895000 4.569910 3.549830
      vertex 10.895000 4.571690 3.551110
      vertex 10.895000 4.565050 3.545660
    endloop
  endfacet
  facet normal 0 0 0
    outer loop
      vertex 10.895000 4.560970 3.541150
      vertex 10.895000 4.558660 3.538030
      vertex 10.895000 4.559770 3.539600
    endloop
  endfacet
  facet normal 0 0 0
    outer loop
      vertex 10.895000 4.560970 3.541150
      vertex 10.895000 4.555800 3.533270
      vertex 10.895000 4.558660 3.538030
    endloop
  endfacet
  facet normal 0 0 0
    outer loop
      vertex 10.895000 4.558660 3.538030
      vertex 10.895000 4.555800 3.533270
      vertex 10.895000 4.557640 3.536460
    endloop
  endfacet
  facet normal 0 0 0
    outer loop
      vertex 10.895000 4.557640 3.536460
      vertex 10.895000 4.555800 3.533270
      vertex 10.895000 4.556690 3.534880
    endloop
  endfacet
  facet normal 0 0 0
    outer loop
      vertex 10.895000 4.575500 3.553490
      vertex 10.895000 4.577520 3.554560
      vertex 10.895000 4.573560 3.552340
    endloop
  endfacet
  facet normal 0 0 0
    outer loop
      vertex 10.895000 4.573560 3.552340
      vertex 10.895000 4.577520 3.554560
      vertex 10.895000 4.571690 3.551110
    endloop
  endfacet
  facet normal 0 0 0
    outer loop
      vertex 10.895000 4.560970 3.541150
      vertex 10.895000 4.554950 3.531590
      vertex 10.895000 4.555800 3.533270
    endloop
  endfacet
  facet normal 0 0 0
    outer loop
      vertex 10.895000 4.577520 3.554560
      vertex 10.895000 4.579610 3.555550
      vertex 10.895000 4.571690 3.551110
    endloop
  endfacet
  facet normal 0 0 0
    outer loop
      vertex 10.895000 4.560970 3.541150
      vertex 10.895000 4.554150 3.529850
      vertex 10.895000 4.554950 3.531590
    endloop
  endfacet
  facet normal 0 0 0
    outer loop
      vertex 10.895000 4.560970 3.541150
      vertex 10.895000 4.553410 3.528040
      vertex 10.895000 4.554150 3.529850
    endloop
  endfacet
  facet normal 0 0 0
    outer loop
      vertex 10.895000 4.562240 3.542680
      vertex 10.895000 4.553410 3.528040
      vertex 10.895000 4.560970 3.541150
    endloop
  endfacet
  facet normal 0 0 0
    outer loop
      vertex 10.895000 4.562240 3.542680
      vertex 10.895000 4.552720 3.526160
      vertex 10.895000 4.553410 3.528040
    endloop
  endfacet
  facet normal 0 0 0
    outer loop
      vertex 10.895000 4.581770 3.556460
      vertex 10.895000 4.583980 3.557260
      vertex 10.895000 4.579610 3.555550
    endloop
  endfacet
  facet normal 0 0 0
    outer loop
      vertex 10.895000 4.565050 3.545660
      vertex 10.895000 4.551550 3.522240
      vertex 10.895000 4.562240 3.542680
    endloop
  endfacet
  facet normal 0 0 0
    outer loop
      vertex 10.895000 4.562240 3.542680
      vertex 10.895000 4.551550 3.522240
      vertex 10.895000 4.552720 3.526160
    endloop
  endfacet
  facet normal 0 0 0
    outer loop
      vertex 10.895000 4.552720 3.526160
      vertex 10.895000 4.551550 3.522240
      vertex 10.895000 4.552100 3.524230
    endloop
  endfacet
  facet normal 0 0 0
    outer loop
      vertex 10.895000 4.586250 3.557970
      vertex 10.895000 4.588560 3.558570
      vertex 10.895000 4.583980 3.557260
    endloop
  endfacet
  facet normal 0 0 0
    outer loop
      vertex 10.895000 4.565050 3.545660
      vertex 10.895000 4.551070 3.520190
      vertex 10.895000 4.551550 3.522240
    endloop
  endfacet
  facet normal 0 0 0
    outer loop
      vertex 10.895000 4.551070 3.520190
      vertex 10.895000 4.550370 3.515940
      vertex 10.895000 4.550680 3.518090
    endloop
  endfacet
  facet normal 0 0 0
    outer loop
      vertex 10.895000 4.550370 3.515940
      vertex 10.895000 4.550030 3.511530
      vertex 10.895000 4.550150 3.513750
    endloop
  endfacet
  facet normal 0 0 0
    outer loop
      vertex 10.895000 4.571690 3.551110
      vertex 10.895000 4.550030 3.511530
      vertex 10.895000 4.565050 3.545660
    endloop
  endfacet
  facet normal 0 0 0
    outer loop
      vertex 10.895000 4.565050 3.545660
      vertex 10.895000 4.550030 3.511530
      vertex 10.895000 4.551070 3.520190
    endloop
  endfacet
  facet normal 0 0 0
    outer loop
      vertex 10.895000 4.551070 3.520190
      vertex 10.895000 4.550030 3.511530
      vertex 10.895000 4.550370 3.515940
    endloop
  endfacet
  facet normal 0 0 0
    outer loop
      vertex 10.895000 4.598130 3.559860
      vertex 10.895000 4.600560 3.559900
      vertex 10.895000 4.595700 3.559720
    endloop
  endfacet
  facet normal 0 0 0
    outer loop
      vertex 10.895000 4.550030 3.511530
      vertex 10.895000 4.550270 3.504670
      vertex 10.895000 4.550000 3.509260
    endloop
  endfacet
  facet normal 0 0 0
    outer loop
      vertex 10.895000 4.550000 3.509260
      vertex 10.895000 4.550270 3.504670
      vertex 10.895000 4.550090 3.506980
    endloop
  endfacet
  facet normal 0 0 0
    outer loop
      vertex 10.895000 4.602980 3.559810
      vertex 10.895000 4.605400 3.559610
      vertex 10.895000 4.600560 3.559900
    endloop
  endfacet
  facet normal 0 0 0
    outer loop
      vertex 10.895000 4.550270 3.504670
      vertex 10.895000 4.551510 3.497720
      vertex 10.895000 4.550570 3.502360
    endloop
  endfacet
  facet normal 0 0 0
    outer loop
      vertex 10.895000 4.550570 3.502360
      vertex 10.895000 4.551510 3.497720
      vertex 10.895000 4.550980 3.500040
    endloop
  endfacet
  facet normal 0 0 0
    outer loop
      vertex 10.895000 4.550030 3.511530
      vertex 10.895000 4.551510 3.497720
      vertex 10.895000 4.550270 3.504670
    endloop
  endfacet
  facet normal 0 0 0
    outer loop
      vertex 10.895000 4.610170 3.558860
      vertex 10.895000 4.612500 3.558310
      vertex 10.895000 4.607800 3.559290
    endloop
  endfacet
  facet normal 0 0 0
    outer loop
      vertex 10.895000 4.571690 3.551110
      vertex 10.895000 4.552140 3.495420
      vertex 10.895000 4.550030 3.511530
    endloop
  endfacet
  facet normal 0 0 0
    outer loop
      vertex 10.895000 4.550030 3.511530
      vertex 10.895000 4.552140 3.495420
      vertex 10.895000 4.551510 3.497720
    endloop
  endfacet
  facet normal 0 0 0
    outer loop
      vertex 10.895000 4.579610 3.555550
      vertex 10.895000 4.552140 3.495420
      vertex 10.895000 4.571690 3.551110
    endloop
  endfacet
  facet normal 0 0 0
    outer loop
      vertex 10.895000 4.552140 3.495420
      vertex 10.895000 4.554740 3.488660
      vertex 10.895000 4.552900 3.493130
    endloop
  endfacet
  facet normal 0 0 0
    outer loop
      vertex 10.895000 4.552900 3.493130
      vertex 10.895000 4.554740 3.488660
      vertex 10.895000 4.553760 3.490880
    endloop
  endfacet
  facet normal 0 0 0
    outer loop
      vertex 10.895000 4.579610 3.555550
      vertex 10.895000 4.554740 3.488660
      vertex 10.895000 4.552140 3.495420
    endloop
  endfacet
  facet normal 0 0 0
    outer loop
      vertex 10.895000 4.612500 3.558310
      vertex 10.895000 4.621350 3.555110
      vertex 10.895000 4.607800 3.559290
    endloop
  endfacet
  facet normal 0 0 0
    outer loop
      vertex 10.895000 4.619230 3.556060
      vertex 10.895000 4.621350 3.555110
      vertex 10.895000 4.617040 3.556910
    endloop
  endfacet
  facet normal 0 0 0
    outer loop
      vertex 10.895000 4.617040 3.556910
      vertex 10.895000 4.621350 3.555110
      vertex 10.895000 4.614800 3.557660
    endloop
  endfacet
  facet normal 0 0 0
    outer loop
      vertex 10.895000 4.614800 3.557660
      vertex 10.895000 4.621350 3.555110
      vertex 10.895000 4.612500 3.558310
    endloop
  endfacet
  facet normal 0 0 0
    outer loop
      vertex 10.895000 4.607800 3.559290
      vertex 10.895000 4.621350 3.555110
      vertex 10.895000 4.605400 3.559610
    endloop
  endfacet
  facet normal 0 0 0
    outer loop
      vertex 10.895000 4.621350 3.555110
      vertex 10.895000 4.623410 3.554080
      vertex 10.895000 4.605400 3.559610
    endloop
  endfacet
  facet normal 0 0 0
    outer loop
      vertex 10.895000 4.627300 3.551790
      vertex 10.895000 4.629130 3.550530
      vertex 10.895000 4.625390 3.552970
    endloop
  endfacet
  facet normal 0 0 0
    outer loop
      vertex 10.895000 4.625390 3.552970
      vertex 10.895000 4.630880 3.549220
      vertex 10.895000 4.623410 3.554080
    endloop
  endfacet
  facet normal 0 0 0
    outer loop
      vertex 10.895000 4.629130 3.550530
      vertex 10.895000 4.630880 3.549220
      vertex 10.895000 4.625390 3.552970
    endloop
  endfacet
  facet normal 0 0 0
    outer loop
      vertex 10.895000 4.554740 3.488660
      vertex 10.895000 4.561160 3.478410
      vertex 10.895000 4.555820 3.486490
    endloop
  endfacet
  facet normal 0 0 0
    outer loop
      vertex 10.895000 4.555820 3.486490
      vertex 10.895000 4.561160 3.478410
      vertex 10.895000 4.557010 3.484370
    endloop
  endfacet
  facet normal 0 0 0
    outer loop
      vertex 10.895000 4.557010 3.484370
      vertex 10.895000 4.561160 3.478410
      vertex 10.895000 4.558300 3.482310
    endloop
  endfacet
  facet normal 0 0 0
    outer loop
      vertex 10.895000 4.558300 3.482310
      vertex 10.895000 4.561160 3.478410
      vertex 10.895000 4.559690 3.480320
    endloop
  endfacet
  facet normal 0 0 0
    outer loop
      vertex 10.895000 4.579610 3.555550
      vertex 10.895000 4.561160 3.478410
      vertex 10.895000 4.554740 3.488660
    endloop
  endfacet
  facet normal 0 0 0
    outer loop
      vertex 10.895000 4.579610 3.555550
      vertex 10.895000 4.562730 3.476570
      vertex 10.895000 4.561160 3.478410
    endloop
  endfacet
  facet normal 0 0 0
    outer loop
      vertex 10.895000 4.583980 3.557260
      vertex 10.895000 4.562730 3.476570
      vertex 10.895000 4.579610 3.555550
    endloop
  endfacet
  facet normal 0 0 0
    outer loop
      vertex 10.895000 4.632550 3.547860
      vertex 10.895000 4.634130 3.546440
      vertex 10.895000 4.630880 3.549220
    endloop
  endfacet
  facet normal 0 0 0
    outer loop
      vertex 10.895000 4.562730 3.476570
      vertex 10.895000 4.566080 3.473170
      vertex 10.895000 4.564370 3.474820
    endloop
  endfacet
  facet normal 0 0 0
    outer loop
      vertex 10.895000 4.583980 3.557260
      vertex 10.895000 4.566080 3.473170
      vertex 10.895000 4.562730 3.476570
    endloop
  endfacet
  facet normal 0 0 0
    outer loop
      vertex 10.895000 4.588560 3.558570
      vertex 10.895000 4.566080 3.473170
      vertex 10.895000 4.583980 3.557260
    endloop
  endfacet
  facet normal 0 0 0
    outer loop
      vertex 10.895000 4.635620 3.544990
      vertex 10.895000 4.637030 3.543500
      vertex 10.895000 4.634130 3.546440
    endloop
  endfacet
  facet normal 0 0 0
    outer loop
      vertex 10.895000 4.634130 3.546440
      vertex 10.895000 4.637030 3.543500
      vertex 10.895000 4.630880 3.549220
    endloop
  endfacet
  facet normal 0 0 0
    outer loop
      vertex 10.895000 4.638350 3.541980
      vertex 10.895000 4.639590 3.540440
      vertex 10.895000 4.637030 3.543500
    endloop
  endfacet
  facet normal 0 0 0
    outer loop
      vertex 10.895000 4.566080 3.473170
      vertex 10.895000 4.569690 3.470140
      vertex 10.895000 4.567850 3.471600
    endloop
  endfacet
  facet normal 0 0 0
    outer loop
      vertex 10.895000 4.588560 3.558570
      vertex 10.895000 4.569690 3.470140
      vertex 10.895000 4.566080 3.473170
    endloop
  endfacet
  facet normal 0 0 0
    outer loop
      vertex 10.895000 4.639590 3.540440
      vertex 10.895000 4.640740 3.538880
      vertex 10.895000 4.637030 3.543500
    endloop
  endfacet
  facet normal 0 0 0
    outer loop
      vertex 10.895000 4.569690 3.470140
      vertex 10.895000 4.573490 3.467510
      vertex 10.895000 4.571570 3.468770
    endloop
  endfacet
  facet normal 0 0 0
    outer loop
      vertex 10.895000 4.593300 3.559450
      vertex 10.895000 4.573490 3.467510
      vertex 10.895000 4.590910 3.559070
    endloop
  endfacet
  facet normal 0 0 0
    outer loop
      vertex 10.895000 4.590910 3.559070
      vertex 10.895000 4.573490 3.467510
      vertex 10.895000 4.588560 3.558570
    endloop
  endfacet
  facet normal 0 0 0
    outer loop
      vertex 10.895000 4.588560 3.558570
      vertex 10.895000 4.573490 3.467510
      vertex 10.895000 4.569690 3.470140
    endloop
  endfacet
  facet normal 0 0 0
    outer loop
      vertex 10.895000 4.641820 3.537310
      vertex 10.895000 4.642810 3.535740
      vertex 10.895000 4.640740 3.538880
    endloop
  endfacet
  facet normal 0 0 0
    outer loop
      vertex 10.895000 4.593300 3.559450
      vertex 10.895000 4.575450 3.466340
      vertex 10.895000 4.573490 3.467510
    endloop
  endfacet
  facet normal 0 0 0
    outer loop
      vertex 10.895000 4.642810 3.535740
      vertex 10.895000 4.643720 3.534150
      vertex 10.895000 4.640740 3.538880
    endloop
  endfacet
  facet normal 0 0 0
    outer loop
      vertex 10.895000 4.643720 3.534150
      vertex 10.895000 4.645420 3.530800
      vertex 10.895000 4.640740 3.538880
    endloop
  endfacet
  facet normal 0 0 0
    outer loop
      vertex 10.895000 4.630880 3.549220
      vertex 10.895000 4.645420 3.530800
      vertex 10.895000 4.623410 3.554080
    endloop
  endfacet
  facet normal 0 0 0
    outer loop
      vertex 10.895000 4.644600 3.532510
      vertex 10.895000 4.645420 3.530800
      vertex 10.895000 4.643720 3.534150
    endloop
  endfacet
  facet normal 0 0 0
    outer loop
      vertex 10.895000 4.637030 3.543500
      vertex 10.895000 4.645420 3.530800
      vertex 10.895000 4.630880 3.549220
    endloop
  endfacet
  facet normal 0 0 0
    outer loop
      vertex 10.895000 4.640740 3.538880
      vertex 10.895000 4.645420 3.530800
      vertex 10.895000 4.637030 3.543500
    endloop
  endfacet
  facet normal 0 0 0
    outer loop
      vertex 10.895000 4.575450 3.466340
      vertex 10.895000 4.579430 3.464330
      vertex 10.895000 4.577430 3.465290
    endloop
  endfacet
  facet normal 0 0 0
    outer loop
      vertex 10.895000 4.645420 3.530800
      vertex 10.895000 4.646200 3.529030
      vertex 10.895000 4.623410 3.554080
    endloop
  endfacet
  facet normal 0 0 0
    outer loop
      vertex 10.895000 4.593300 3.559450
      vertex 10.895000 4.585470 3.462060
      vertex 10.895000 4.575450 3.466340
    endloop
  endfacet
  facet normal 0 0 0
    outer loop
      vertex 10.895000 4.600560 3.559900
      vertex 10.895000 4.585470 3.462060
      vertex 10.895000 4.595700 3.559720
    endloop
  endfacet
  facet normal 0 0 0
    outer loop
      vertex 10.895000 4.579430 3.464330
      vertex 10.895000 4.585470 3.462060
      vertex 10.895000 4.581440 3.463470
    endloop
  endfacet
  facet normal 0 0 0
    outer loop
      vertex 10.895000 4.581440 3.463470
      vertex 10.895000 4.585470 3.462060
      vertex 10.895000 4.583450 3.462720
    endloop
  endfacet
  facet normal 0 0 0
    outer loop
      vertex 10.895000 4.595700 3.559720
      vertex 10.895000 4.585470 3.462060
      vertex 10.895000 4.593300 3.559450
    endloop
  endfacet
  facet normal 0 0 0
    outer loop
      vertex 10.895000 4.575450 3.466340
      vertex 10.895000 4.585470 3.462060
      vertex 10.895000 4.579430 3.464330
    endloop
  endfacet
  facet normal 0 0 0
    outer loop
      vertex 10.895000 4.647570 3.525290
      vertex 10.895000 4.648160 3.523330
      vertex 10.895000 4.646920 3.527190
    endloop
  endfacet
  facet normal 0 0 0
    outer loop
      vertex 10.895000 4.646920 3.527190
      vertex 10.895000 4.648160 3.523330
      vertex 10.895000 4.646200 3.529030
    endloop
  endfacet
  facet normal 0 0 0
    outer loop
      vertex 10.895000 4.646200 3.529030
      vertex 10.895000 4.648680 3.521310
      vertex 10.895000 4.623410 3.554080
    endloop
  endfacet
  facet normal 0 0 0
    outer loop
      vertex 10.895000 4.648160 3.523330
      vertex 10.895000 4.648680 3.521310
      vertex 10.895000 4.646200 3.529030
    endloop
  endfacet
  facet normal 0 0 0
    outer loop
      vertex 10.895000 4.585470 3.462060
      vertex 10.895000 4.591440 3.460640
      vertex 10.895000 4.587470 3.461490
    endloop
  endfacet
  facet normal 0 0 0
    outer loop
      vertex 10.895000 4.587470 3.461490
      vertex 10.895000 4.591440 3.460640
      vertex 10.895000 4.589470 3.461020
    endloop
  endfacet
  facet normal 0 0 0
    outer loop
      vertex 10.895000 4.649120 3.519240
      vertex 10.895000 4.649480 3.517120
      vertex 10.895000 4.648680 3.521310
    endloop
  endfacet
  facet normal 0 0 0
    outer loop
      vertex 10.895000 4.585470 3.462060
      vertex 10.895000 4.593390 3.460340
      vertex 10.895000 4.591440 3.460640
    endloop
  endfacet
  facet normal 0 0 0
    outer loop
      vertex 10.895000 4.600560 3.559900
      vertex 10.895000 4.593390 3.460340
      vertex 10.895000 4.585470 3.462060
    endloop
  endfacet
  facet normal 0 0 0
    outer loop
      vertex 10.895000 4.593390 3.460340
      vertex 10.895000 4.597210 3.459980
      vertex 10.895000 4.595320 3.460120
    endloop
  endfacet
  facet normal 0 0 0
    outer loop
      vertex 10.895000 4.649480 3.517120
      vertex 10.895000 4.650000 3.510500
      vertex 10.895000 4.648680 3.521310
    endloop
  endfacet
  facet normal 0 0 0
    outer loop
      vertex 10.895000 4.649920 3.512740
      vertex 10.895000 4.650000 3.510500
      vertex 10.895000 4.649740 3.514950
    endloop
  endfacet
  facet normal 0 0 0
    outer loop
      vertex 10.895000 4.649740 3.514950
      vertex 10.895000 4.650000 3.510500
      vertex 10.895000 4.649480 3.517120
    endloop
  endfacet
  facet normal 0 0 0
    outer loop
      vertex 10.895000 4.597210 3.459980
      vertex 10.895000 4.600000 3.459900
      vertex 10.895000 4.598620 3.459920
    endloop
  endfacet
  facet normal 0 0 0
    outer loop
      vertex 10.895000 4.593390 3.460340
      vertex 10.895000 4.600000 3.459900
      vertex 10.895000 4.597210 3.459980
    endloop
  endfacet
  facet normal 0 0 0
    outer loop
      vertex 10.895000 4.600000 3.459900
      vertex 10.895000 4.604610 3.460110
      vertex 10.895000 4.602280 3.459950
    endloop
  endfacet
  facet normal 0 0 0
    outer loop
      vertex 10.895000 4.600560 3.559900
      vertex 10.895000 4.604610 3.460110
      vertex 10.895000 4.593390 3.460340
    endloop
  endfacet
  facet normal 0 0 0
    outer loop
      vertex 10.895000 4.593390 3.460340
      vertex 10.895000 4.604610 3.460110
      vertex 10.895000 4.600000 3.459900
    endloop
  endfacet
  facet normal 0 0 0
    outer loop
      vertex 10.895000 4.649600 3.503620
      vertex 10.895000 4.649250 3.501300
      vertex 10.895000 4.649840 3.505930
    endloop
  endfacet
  facet normal 0 0 0
    outer loop
      vertex 10.895000 4.649840 3.505930
      vertex 10.895000 4.649250 3.501300
      vertex 10.895000 4.649970 3.508220
    endloop
  endfacet
  facet normal 0 0 0
    outer loop
      vertex 10.895000 4.649970 3.508220
      vertex 10.895000 4.649250 3.501300
      vertex 10.895000 4.650000 3.510500
    endloop
  endfacet
  facet normal 0 0 0
    outer loop
      vertex 10.895000 4.604610 3.460110
      vertex 10.895000 4.609410 3.460790
      vertex 10.895000 4.606990 3.460390
    endloop
  endfacet
  facet normal 0 0 0
    outer loop
      vertex 10.895000 4.605400 3.559610
      vertex 10.895000 4.609410 3.460790
      vertex 10.895000 4.600560 3.559900
    endloop
  endfacet
  facet normal 0 0 0
    outer loop
      vertex 10.895000 4.600560 3.559900
      vertex 10.895000 4.609410 3.460790
      vertex 10.895000 4.604610 3.460110
    endloop
  endfacet
  facet normal 0 0 0
    outer loop
      vertex 10.895000 4.648790 3.498980
      vertex 10.895000 4.648220 3.496660
      vertex 10.895000 4.649250 3.501300
    endloop
  endfacet
  facet normal 0 0 0
    outer loop
      vertex 10.895000 4.648680 3.521310
      vertex 10.895000 4.648220 3.496660
      vertex 10.895000 4.623410 3.554080
    endloop
  endfacet
  facet normal 0 0 0
    outer loop
      vertex 10.895000 4.650000 3.510500
      vertex 10.895000 4.648220 3.496660
      vertex 10.895000 4.648680 3.521310
    endloop
  endfacet
  facet normal 0 0 0
    outer loop
      vertex 10.895000 4.649250 3.501300
      vertex 10.895000 4.648220 3.496660
      vertex 10.895000 4.650000 3.510500
    endloop
  endfacet
  facet normal 0 0 0
    outer loop
      vertex 10.895000 4.609410 3.460790
      vertex 10.895000 4.613610 3.461790
      vertex 10.895000 4.611610 3.461270
    endloop
  endfacet
  facet normal 0 0 0
    outer loop
      vertex 10.895000 4.647530 3.494370
      vertex 10.895000 4.646720 3.492100
      vertex 10.895000 4.648220 3.496660
    endloop
  endfacet
  facet normal 0 0 0
    outer loop
      vertex 10.895000 4.613610 3.461790
      vertex 10.895000 4.619660 3.463930
      vertex 10.895000 4.615630 3.462400
    endloop
  endfacet
  facet normal 0 0 0
    outer loop
      vertex 10.895000 4.615630 3.462400
      vertex 10.895000 4.619660 3.463930
      vertex 10.895000 4.617640 3.463120
    endloop
  endfacet
  facet normal 0 0 0
    outer loop
      vertex 10.895000 4.646720 3.492100
      vertex 10.895000 4.645810 3.489860
      vertex 10.895000 4.648220 3.496660
    endloop
  endfacet
  facet normal 0 0 0
    outer loop
      vertex 10.895000 4.648220 3.496660
      vertex 10.895000 4.644780 3.487660
      vertex 10.895000 4.623410 3.554080
    endloop
  endfacet
  facet normal 0 0 0
    outer loop
      vertex 10.895000 4.645810 3.489860
      vertex 10.895000 4.644780 3.487660
      vertex 10.895000 4.648220 3.496660
    endloop
  endfacet
  facet normal 0 0 0
    outer loop
      vertex 10.895000 4.619660 3.463930
      vertex 10.895000 4.623650 3.465850
      vertex 10.895000 4.621660 3.464840
    endloop
  endfacet
  facet normal 0 0 0
    outer loop
      vertex 10.895000 4.613610 3.461790
      vertex 10.895000 4.623650 3.465850
      vertex 10.895000 4.619660 3.463930
    endloop
  endfacet
  facet normal 0 0 0
    outer loop
      vertex 10.895000 4.613610 3.461790
      vertex 10.895000 4.625620 3.466960
      vertex 10.895000 4.623650 3.465850
    endloop
  endfacet
  facet normal 0 0 0
    outer loop
      vertex 10.895000 4.642410 3.483420
      vertex 10.895000 4.641080 3.481390
      vertex 10.895000 4.643650 3.485510
    endloop
  endfacet
  facet normal 0 0 0
    outer loop
      vertex 10.895000 4.643650 3.485510
      vertex 10.895000 4.641080 3.481390
      vertex 10.895000 4.644780 3.487660
    endloop
  endfacet
  facet normal 0 0 0
    outer loop
      vertex 10.895000 4.613610 3.461790
      vertex 10.895000 4.629460 3.469500
      vertex 10.895000 4.625620 3.466960
    endloop
  endfacet
  facet normal 0 0 0
    outer loop
      vertex 10.895000 4.625620 3.466960
      vertex 10.895000 4.629460 3.469500
      vertex 10.895000 4.627560 3.468180
    endloop
  endfacet
  facet normal 0 0 0
    outer loop
      vertex 10.895000 4.609410 3.460790
      vertex 10.895000 4.629460 3.469500
      vertex 10.895000 4.613610 3.461790
    endloop
  endfacet
  facet normal 0 0 0
    outer loop
      vertex 10.895000 4.641080 3.481390
      vertex 10.895000 4.639650 3.479440
      vertex 10.895000 4.644780 3.487660
    endloop
  endfacet
  facet normal 0 0 0
    outer loop
      vertex 10.895000 4.609410 3.460790
      vertex 10.895000 4.631310 3.470920
      vertex 10.895000 4.629460 3.469500
    endloop
  endfacet
  facet normal 0 0 0
    outer loop
      vertex 10.895000 4.605400 3.559610
      vertex 10.895000 4.631310 3.470920
      vertex 10.895000 4.609410 3.460790
    endloop
  endfacet
  facet normal 0 0 0
    outer loop
      vertex 10.895000 4.639650 3.479440
      vertex 10.895000 4.634860 3.474060
      vertex 10.895000 4.644780 3.487660
    endloop
  endfacet
  facet normal 0 0 0
    outer loop
      vertex 10.895000 4.631310 3.470920
      vertex 10.895000 4.634860 3.474060
      vertex 10.895000 4.633120 3.472440
    endloop
  endfacet
  facet normal 0 0 0
    outer loop
      vertex 10.895000 4.605400 3.559610
      vertex 10.895000 4.634860 3.474060
      vertex 10.895000 4.631310 3.470920
    endloop
  endfacet
  facet normal 0 0 0
    outer loop
      vertex 10.895000 4.636530 3.475760
      vertex 10.895000 4.634860 3.474060
      vertex 10.895000 4.638130 3.477560
    endloop
  endfacet
  facet normal 0 0 0
    outer loop
      vertex 10.895000 4.638130 3.477560
      vertex 10.895000 4.634860 3.474060
      vertex 10.895000 4.639650 3.479440
    endloop
  endfacet
  facet normal 0 0 0
    outer loop
      vertex 10.895000 4.623410 3.554080
      vertex 10.895000 4.634860 3.474060
      vertex 10.895000 4.605400 3.559610
    endloop
  endfacet
  facet normal 0 0 0
    outer loop
      vertex 10.895000 4.644780 3.487660
      vertex 10.895000 4.634860 3.474060
      vertex 10.895000 4.623410 3.554080
    endloop
  endfacet
  facet normal 0 0 0
    outer loop
      vertex 13.295000 4.562240 3.542680
      vertex 13.295000 4.565050 3.545660
      vertex 13.295000 4.563600 3.544180
    endloop
  endfacet
  facet normal 0 0 0
    outer loop
      vertex 13.295000 4.557640 3.536460
      vertex 13.295000 4.559770 3.539600
      vertex 13.295000 4.558660 3.538030
    endloop
  endfacet
  facet normal 0 0 0
    outer loop
      vertex 13.295000 4.573560 3.552340
      vertex 13.295000 4.571690 3.551110
      vertex 13.295000 4.569910 3.549830
    endloop
  endfacet
  facet normal 0 0 0
    outer loop
      vertex 13.295000 4.556690 3.534880
      vertex 13.295000 4.559770 3.539600
      vertex 13.295000 4.557640 3.536460
    endloop
  endfacet
  facet normal 0 0 0
    outer loop
      vertex 13.295000 4.577520 3.554560
      vertex 13.295000 4.575500 3.553490
      vertex 13.295000 4.573560 3.552340
    endloop
  endfacet
  facet normal 0 0 0
    outer loop
      vertex 13.295000 4.554950 3.531590
      vertex 13.295000 4.559770 3.539600
      vertex 13.295000 4.556690 3.534880
    endloop
  endfacet
  facet normal 0 0 0
    outer loop
      vertex 13.295000 4.554950 3.531590
      vertex 13.295000 4.556690 3.534880
      vertex 13.295000 4.555800 3.533270
    endloop
  endfacet
  facet normal 0 0 0
    outer loop
      vertex 13.295000 4.581770 3.556460
      vertex 13.295000 4.579610 3.555550
      vertex 13.295000 4.577520 3.554560
    endloop
  endfacet
  facet normal 0 0 0
    outer loop
      vertex 13.295000 4.552720 3.526160
      vertex 13.295000 4.559770 3.539600
      vertex 13.295000 4.554950 3.531590
    endloop
  endfacet
  facet normal 0 0 0
    outer loop
      vertex 13.295000 4.552720 3.526160
      vertex 13.295000 4.554950 3.531590
      vertex 13.295000 4.554150 3.529850
    endloop
  endfacet
  facet normal 0 0 0
    outer loop
      vertex 13.295000 4.552720 3.526160
      vertex 13.295000 4.554150 3.529850
      vertex 13.295000 4.553410 3.528040
    endloop
  endfacet
  facet normal 0 0 0
    outer loop
      vertex 13.295000 4.551550 3.522240
      vertex 13.295000 4.559770 3.539600
      vertex 13.295000 4.552720 3.526160
    endloop
  endfacet
  facet normal 0 0 0
    outer loop
      vertex 13.295000 4.551550 3.522240
      vertex 13.295000 4.562240 3.542680
      vertex 13.295000 4.560970 3.541150
    endloop
  endfacet
  facet normal 0 0 0
    outer loop
      vertex 13.295000 4.551550 3.522240
      vertex 13.295000 4.560970 3.541150
      vertex 13.295000 4.559770 3.539600
    endloop
  endfacet
  facet normal 0 0 0
    outer loop
      vertex 13.295000 4.551550 3.522240
      vertex 13.295000 4.552720 3.526160
      vertex 13.295000 4.552100 3.524230
    endloop
  endfacet
  facet normal 0 0 0
    outer loop
      vertex 13.295000 4.588560 3.558570
      vertex 13.295000 4.586250 3.557970
      vertex 13.295000 4.583980 3.557260
    endloop
  endfacet
  facet normal 0 0 0
    outer loop
      vertex 13.295000 4.588560 3.558570
      vertex 13.295000 4.583980 3.557260
      vertex 13.295000 4.581770 3.556460
    endloop
  endfacet
  facet normal 0 0 0
    outer loop
      vertex 13.295000 4.588560 3.558570
      vertex 13.295000 4.581770 3.556460
      vertex 13.295000 4.577520 3.554560
    endloop
  endfacet
  facet normal 0 0 0
    outer loop
      vertex 13.295000 4.550680 3.518090
      vertex 13.295000 4.551550 3.522240
      vertex 13.295000 4.551070 3.520190
    endloop
  endfacet
  facet normal 0 0 0
    outer loop
      vertex 13.295000 4.550370 3.515940
      vertex 13.295000 4.565050 3.545660
      vertex 13.295000 4.562240 3.542680
    endloop
  endfacet
  facet normal 0 0 0
    outer loop
      vertex 13.295000 4.550370 3.515940
      vertex 13.295000 4.562240 3.542680
      vertex 13.295000 4.551550 3.522240
    endloop
  endfacet
  facet normal 0 0 0
    outer loop
      vertex 13.295000 4.550370 3.515940
      vertex 13.295000 4.551550 3.522240
      vertex 13.295000 4.550680 3.518090
    endloop
  endfacet
  facet normal 0 0 0
    outer loop
      vertex 13.295000 4.550150 3.513750
      vertex 13.295000 4.565050 3.545660
      vertex 13.295000 4.550370 3.515940
    endloop
  endfacet
  facet normal 0 0 0
    outer loop
      vertex 13.295000 4.550150 3.513750
      vertex 13.295000 4.568200 3.548490
      vertex 13.295000 4.566580 3.547090
    endloop
  endfacet
  facet normal 0 0 0
    outer loop
      vertex 13.295000 4.550150 3.513750
      vertex 13.295000 4.566580 3.547090
      vertex 13.295000 4.565050 3.545660
    endloop
  endfacet
  facet normal 0 0 0
    outer loop
      vertex 13.295000 4.598130 3.559860
      vertex 13.295000 4.595700 3.559720
      vertex 13.295000 4.593300 3.559450
    endloop
  endfacet
  facet normal 0 0 0
    outer loop
      vertex 13.295000 4.598130 3.559860
      vertex 13.295000 4.593300 3.559450
      vertex 13.295000 4.590910 3.559070
    endloop
  endfacet
  facet normal 0 0 0
    outer loop
      vertex 13.295000 4.598130 3.559860
      vertex 13.295000 4.590910 3.559070
      vertex 13.295000 4.588560 3.558570
    endloop
  endfacet
  facet normal 0 0 0
    outer loop
      vertex 13.295000 4.550090 3.506980
      vertex 13.295000 4.550150 3.513750
      vertex 13.295000 4.550030 3.511530
    endloop
  endfacet
  facet normal 0 0 0
    outer loop
      vertex 13.295000 4.550090 3.506980
      vertex 13.295000 4.550030 3.511530
      vertex 13.295000 4.550000 3.509260
    endloop
  endfacet
  facet normal 0 0 0
    outer loop
      vertex 13.295000 4.550090 3.506980
      vertex 13.295000 4.568200 3.548490
      vertex 13.295000 4.550150 3.513750
    endloop
  endfacet
  facet normal 0 0 0
    outer loop
      vertex 13.295000 4.550090 3.506980
      vertex 13.295000 4.569910 3.549830
      vertex 13.295000 4.568200 3.548490
    endloop
  endfacet
  facet normal 0 0 0
    outer loop
      vertex 13.295000 4.602980 3.559810
      vertex 13.295000 4.600560 3.559900
      vertex 13.295000 4.598130 3.559860
    endloop
  endfacet
  facet normal 0 0 0
    outer loop
      vertex 13.295000 4.550570 3.502360
      vertex 13.295000 4.550090 3.506980
      vertex 13.295000 4.550270 3.504670
    endloop
  endfacet
  facet normal 0 0 0
    outer loop
      vertex 13.295000 4.607800 3.559290
      vertex 13.295000 4.605400 3.559610
      vertex 13.295000 4.602980 3.559810
    endloop
  endfacet
  facet normal 0 0 0
    outer loop
      vertex 13.295000 4.551510 3.497720
      vertex 13.295000 4.550570 3.502360
      vertex 13.295000 4.550980 3.500040
    endloop
  endfacet
  facet normal 0 0 0
    outer loop
      vertex 13.295000 4.551510 3.497720
      vertex 13.295000 4.569910 3.549830
      vertex 13.295000 4.550090 3.506980
    endloop
  endfacet
  facet normal 0 0 0
    outer loop
      vertex 13.295000 4.551510 3.497720
      vertex 13.295000 4.550090 3.506980
      vertex 13.295000 4.550570 3.502360
    endloop
  endfacet
  facet normal 0 0 0
    outer loop
      vertex 13.295000 4.551510 3.497720
      vertex 13.295000 4.573560 3.552340
      vertex 13.295000 4.569910 3.549830
    endloop
  endfacet
  facet normal 0 0 0
    outer loop
      vertex 13.295000 4.612500 3.558310
      vertex 13.295000 4.602980 3.559810
      vertex 13.295000 4.598130 3.559860
    endloop
  endfacet
  facet normal 0 0 0
    outer loop
      vertex 13.295000 4.612500 3.558310
      vertex 13.295000 4.607800 3.559290
      vertex 13.295000 4.602980 3.559810
    endloop
  endfacet
  facet normal 0 0 0
    outer loop
      vertex 13.295000 4.612500 3.558310
      vertex 13.295000 4.610170 3.558860
      vertex 13.295000 4.607800 3.559290
    endloop
  endfacet
  facet normal 0 0 0
    outer loop
      vertex 13.295000 4.617040 3.556910
      vertex 13.295000 4.614800 3.557660
      vertex 13.295000 4.612500 3.558310
    endloop
  endfacet
  facet normal 0 0 0
    outer loop
      vertex 13.295000 4.553760 3.490880
      vertex 13.295000 4.552140 3.495420
      vertex 13.295000 4.552900 3.493130
    endloop
  endfacet
  facet normal 0 0 0
    outer loop
      vertex 13.295000 4.554740 3.488660
      vertex 13.295000 4.551510 3.497720
      vertex 13.295000 4.552140 3.495420
    endloop
  endfacet
  facet normal 0 0 0
    outer loop
      vertex 13.295000 4.554740 3.488660
      vertex 13.295000 4.573560 3.552340
      vertex 13.295000 4.551510 3.497720
    endloop
  endfacet
  facet normal 0 0 0
    outer loop
      vertex 13.295000 4.554740 3.488660
      vertex 13.295000 4.552140 3.495420
      vertex 13.295000 4.553760 3.490880
    endloop
  endfacet
  facet normal 0 0 0
    outer loop
      vertex 13.295000 4.554740 3.488660
      vertex 13.295000 4.577520 3.554560
      vertex 13.295000 4.573560 3.552340
    endloop
  endfacet
  facet normal 0 0 0
    outer loop
      vertex 13.295000 4.621350 3.555110
      vertex 13.295000 4.617040 3.556910
      vertex 13.295000 4.612500 3.558310
    endloop
  endfacet
  facet normal 0 0 0
    outer loop
      vertex 13.295000 4.621350 3.555110
      vertex 13.295000 4.619230 3.556060
      vertex 13.295000 4.617040 3.556910
    endloop
  endfacet
  facet normal 0 0 0
    outer loop
      vertex 13.295000 4.558300 3.482310
      vertex 13.295000 4.554740 3.488660
      vertex 13.295000 4.555820 3.486490
    endloop
  endfacet
  facet normal 0 0 0
    outer loop
      vertex 13.295000 4.558300 3.482310
      vertex 13.295000 4.555820 3.486490
      vertex 13.295000 4.557010 3.484370
    endloop
  endfacet
  facet normal 0 0 0
    outer loop
      vertex 13.295000 4.629130 3.550530
      vertex 13.295000 4.627300 3.551790
      vertex 13.295000 4.625390 3.552970
    endloop
  endfacet
  facet normal 0 0 0
    outer loop
      vertex 13.295000 4.629130 3.550530
      vertex 13.295000 4.625390 3.552970
      vertex 13.295000 4.623410 3.554080
    endloop
  endfacet
  facet normal 0 0 0
    outer loop
      vertex 13.295000 4.629130 3.550530
      vertex 13.295000 4.623410 3.554080
      vertex 13.295000 4.621350 3.555110
    endloop
  endfacet
  facet normal 0 0 0
    outer loop
      vertex 13.295000 4.559690 3.480320
      vertex 13.295000 4.577520 3.554560
      vertex 13.295000 4.554740 3.488660
    endloop
  endfacet
  facet normal 0 0 0
    outer loop
      vertex 13.295000 4.559690 3.480320
      vertex 13.295000 4.554740 3.488660
      vertex 13.295000 4.558300 3.482310
    endloop
  endfacet
  facet normal 0 0 0
    outer loop
      vertex 13.295000 4.561160 3.478410
      vertex 13.295000 4.577520 3.554560
      vertex 13.295000 4.559690 3.480320
    endloop
  endfacet
  facet normal 0 0 0
    outer loop
      vertex 13.295000 4.632550 3.547860
      vertex 13.295000 4.630880 3.549220
      vertex 13.295000 4.629130 3.550530
    endloop
  endfacet
  facet normal 0 0 0
    outer loop
      vertex 13.295000 4.634130 3.546440
      vertex 13.295000 4.632550 3.547860
      vertex 13.295000 4.629130 3.550530
    endloop
  endfacet
  facet normal 0 0 0
    outer loop
      vertex 13.295000 4.566080 3.473170
      vertex 13.295000 4.561160 3.478410
      vertex 13.295000 4.562730 3.476570
    endloop
  endfacet
  facet normal 0 0 0
    outer loop
      vertex 13.295000 4.566080 3.473170
      vertex 13.295000 4.562730 3.476570
      vertex 13.295000 4.564370 3.474820
    endloop
  endfacet
  facet normal 0 0 0
    outer loop
      vertex 13.295000 4.566080 3.473170
      vertex 13.295000 4.577520 3.554560
      vertex 13.295000 4.561160 3.478410
    endloop
  endfacet
  facet normal 0 0 0
    outer loop
      vertex 13.295000 4.566080 3.473170
      vertex 13.295000 4.588560 3.558570
      vertex 13.295000 4.577520 3.554560
    endloop
  endfacet
  facet normal 0 0 0
    outer loop
      vertex 13.295000 4.637030 3.543500
      vertex 13.295000 4.635620 3.544990
      vertex 13.295000 4.634130 3.546440
    endloop
  endfacet
  facet normal 0 0 0
    outer loop
      vertex 13.295000 4.638350 3.541980
      vertex 13.295000 4.637030 3.543500
      vertex 13.295000 4.634130 3.546440
    endloop
  endfacet
  facet normal 0 0 0
    outer loop
      vertex 13.295000 4.640740 3.538880
      vertex 13.295000 4.639590 3.540440
      vertex 13.295000 4.638350 3.541980
    endloop
  endfacet
  facet normal 0 0 0
    outer loop
      vertex 13.295000 4.573490 3.467510
      vertex 13.295000 4.566080 3.473170
      vertex 13.295000 4.567850 3.471600
    endloop
  endfacet
  facet normal 0 0 0
    outer loop
      vertex 13.295000 4.573490 3.467510
      vertex 13.295000 4.567850 3.471600
      vertex 13.295000 4.569690 3.470140
    endloop
  endfacet
  facet normal 0 0 0
    outer loop
      vertex 13.295000 4.573490 3.467510
      vertex 13.295000 4.569690 3.470140
      vertex 13.295000 4.571570 3.468770
    endloop
  endfacet
  facet normal 0 0 0
    outer loop
      vertex 13.295000 4.642810 3.535740
      vertex 13.295000 4.641820 3.537310
      vertex 13.295000 4.640740 3.538880
    endloop
  endfacet
  facet normal 0 0 0
    outer loop
      vertex 13.295000 4.575450 3.466340
      vertex 13.295000 4.588560 3.558570
      vertex 13.295000 4.566080 3.473170
    endloop
  endfacet
  facet normal 0 0 0
    outer loop
      vertex 13.295000 4.575450 3.466340
      vertex 13.295000 4.566080 3.473170
      vertex 13.295000 4.573490 3.467510
    endloop
  endfacet
  facet normal 0 0 0
    outer loop
      vertex 13.295000 4.644600 3.532510
      vertex 13.295000 4.642810 3.535740
      vertex 13.295000 4.640740 3.538880
    endloop
  endfacet
  facet normal 0 0 0
    outer loop
      vertex 13.295000 4.644600 3.532510
      vertex 13.295000 4.643720 3.534150
      vertex 13.295000 4.642810 3.535740
    endloop
  endfacet
  facet normal 0 0 0
    outer loop
      vertex 13.295000 4.644600 3.532510
      vertex 13.295000 4.640740 3.538880
      vertex 13.295000 4.638350 3.541980
    endloop
  endfacet
  facet normal 0 0 0
    outer loop
      vertex 13.295000 4.644600 3.532510
      vertex 13.295000 4.638350 3.541980
      vertex 13.295000 4.634130 3.546440
    endloop
  endfacet
  facet normal 0 0 0
    outer loop
      vertex 13.295000 4.646200 3.529030
      vertex 13.295000 4.644600 3.532510
      vertex 13.295000 4.634130 3.546440
    endloop
  endfacet
  facet normal 0 0 0
    outer loop
      vertex 13.295000 4.646200 3.529030
      vertex 13.295000 4.645420 3.530800
      vertex 13.295000 4.644600 3.532510
    endloop
  endfacet
  facet normal 0 0 0
    outer loop
      vertex 13.295000 4.581440 3.463470
      vertex 13.295000 4.588560 3.558570
      vertex 13.295000 4.575450 3.466340
    endloop
  endfacet
  facet normal 0 0 0
    outer loop
      vertex 13.295000 4.581440 3.463470
      vertex 13.295000 4.575450 3.466340
      vertex 13.295000 4.577430 3.465290
    endloop
  endfacet
  facet normal 0 0 0
    outer loop
      vertex 13.295000 4.581440 3.463470
      vertex 13.295000 4.577430 3.465290
      vertex 13.295000 4.579430 3.464330
    endloop
  endfacet
  facet normal 0 0 0
    outer loop
      vertex 13.295000 4.585470 3.462060
      vertex 13.295000 4.598130 3.559860
      vertex 13.295000 4.588560 3.558570
    endloop
  endfacet
  facet normal 0 0 0
    outer loop
      vertex 13.295000 4.585470 3.462060
      vertex 13.295000 4.588560 3.558570
      vertex 13.295000 4.581440 3.463470
    endloop
  endfacet
  facet normal 0 0 0
    outer loop
      vertex 13.295000 4.585470 3.462060
      vertex 13.295000 4.612500 3.558310
      vertex 13.295000 4.598130 3.559860
    endloop
  endfacet
  facet normal 0 0 0
    outer loop
      vertex 13.295000 4.585470 3.462060
      vertex 13.295000 4.581440 3.463470
      vertex 13.295000 4.583450 3.462720
    endloop
  endfacet
  facet normal 0 0 0
    outer loop
      vertex 13.295000 4.648160 3.523330
      vertex 13.295000 4.647570 3.525290
      vertex 13.295000 4.646920 3.527190
    endloop
  endfacet
  facet normal 0 0 0
    outer loop
      vertex 13.295000 4.648160 3.523330
      vertex 13.295000 4.646920 3.527190
      vertex 13.295000 4.646200 3.529030
    endloop
  endfacet
  facet normal 0 0 0
    outer loop
      vertex 13.295000 4.648160 3.523330
      vertex 13.295000 4.646200 3.529030
      vertex 13.295000 4.634130 3.546440
    endloop
  endfacet
  facet normal 0 0 0
    outer loop
      vertex 13.295000 4.587470 3.461490
      vertex 13.295000 4.612500 3.558310
      vertex 13.295000 4.585470 3.462060
    endloop
  endfacet
  facet normal 0 0 0
    outer loop
      vertex 13.295000 4.649120 3.519240
      vertex 13.295000 4.648160 3.523330
      vertex 13.295000 4.634130 3.546440
    endloop
  endfacet
  facet normal 0 0 0
    outer loop
      vertex 13.295000 4.649120 3.519240
      vertex 13.295000 4.648680 3.521310
      vertex 13.295000 4.648160 3.523330
    endloop
  endfacet
  facet normal 0 0 0
    outer loop
      vertex 13.295000 4.591440 3.460640
      vertex 13.295000 4.587470 3.461490
      vertex 13.295000 4.589470 3.461020
    endloop
  endfacet
  facet normal 0 0 0
    outer loop
      vertex 13.295000 4.593390 3.460340
      vertex 13.295000 4.587470 3.461490
      vertex 13.295000 4.591440 3.460640
    endloop
  endfacet
  facet normal 0 0 0
    outer loop
      vertex 13.295000 4.597210 3.459980
      vertex 13.295000 4.593390 3.460340
      vertex 13.295000 4.595320 3.460120
    endloop
  endfacet
  facet normal 0 0 0
    outer loop
      vertex 13.295000 4.597210 3.459980
      vertex 13.295000 4.587470 3.461490
      vertex 13.295000 4.593390 3.460340
    endloop
  endfacet
  facet normal 0 0 0
    outer loop
      vertex 13.295000 4.598620 3.459920
      vertex 13.295000 4.587470 3.461490
      vertex 13.295000 4.597210 3.459980
    endloop
  endfacet
  facet normal 0 0 0
    outer loop
      vertex 13.295000 4.650000 3.510500
      vertex 13.295000 4.649920 3.512740
      vertex 13.295000 4.649740 3.514950
    endloop
  endfacet
  facet normal 0 0 0
    outer loop
      vertex 13.295000 4.650000 3.510500
      vertex 13.295000 4.649740 3.514950
      vertex 13.295000 4.649480 3.517120
    endloop
  endfacet
  facet normal 0 0 0
    outer loop
      vertex 13.295000 4.600000 3.459900
      vertex 13.295000 4.612500 3.558310
      vertex 13.295000 4.587470 3.461490
    endloop
  endfacet
  facet normal 0 0 0
    outer loop
      vertex 13.295000 4.600000 3.459900
      vertex 13.295000 4.587470 3.461490
      vertex 13.295000 4.598620 3.459920
    endloop
  endfacet
  facet normal 0 0 0
    outer loop
      vertex 13.295000 4.649840 3.505930
      vertex 13.295000 4.649970 3.508220
      vertex 13.295000 4.650000 3.510500
    endloop
  endfacet
  facet normal 0 0 0
    outer loop
      vertex 13.295000 4.649840 3.505930
      vertex 13.295000 4.649120 3.519240
      vertex 13.295000 4.634130 3.546440
    endloop
  endfacet
  facet normal 0 0 0
    outer loop
      vertex 13.295000 4.649840 3.505930
      vertex 13.295000 4.649480 3.517120
      vertex 13.295000 4.649120 3.519240
    endloop
  endfacet
  facet normal 0 0 0
    outer loop
      vertex 13.295000 4.649840 3.505930
      vertex 13.295000 4.650000 3.510500
      vertex 13.295000 4.649480 3.517120
    endloop
  endfacet
  facet normal 0 0 0
    outer loop
      vertex 13.295000 4.606990 3.460390
      vertex 13.295000 4.600000 3.459900
      vertex 13.295000 4.602280 3.459950
    endloop
  endfacet
  facet normal 0 0 0
    outer loop
      vertex 13.295000 4.606990 3.460390
      vertex 13.295000 4.602280 3.459950
      vertex 13.295000 4.604610 3.460110
    endloop
  endfacet
  facet normal 0 0 0
    outer loop
      vertex 13.295000 4.648790 3.498980
      vertex 13.295000 4.649250 3.501300
      vertex 13.295000 4.649600 3.503620
    endloop
  endfacet
  facet normal 0 0 0
    outer loop
      vertex 13.295000 4.648790 3.498980
      vertex 13.295000 4.649600 3.503620
      vertex 13.295000 4.649840 3.505930
    endloop
  endfacet
  facet normal 0 0 0
    outer loop
      vertex 13.295000 4.611610 3.461270
      vertex 13.295000 4.606990 3.460390
      vertex 13.295000 4.609410 3.460790
    endloop
  endfacet
  facet normal 0 0 0
    outer loop
      vertex 13.295000 4.611610 3.461270
      vertex 13.295000 4.600000 3.459900
      vertex 13.295000 4.606990 3.460390
    endloop
  endfacet
  facet normal 0 0 0
    outer loop
      vertex 13.295000 4.615630 3.462400
      vertex 13.295000 4.611610 3.461270
      vertex 13.295000 4.613610 3.461790
    endloop
  endfacet
  facet normal 0 0 0
    outer loop
      vertex 13.295000 4.646720 3.492100
      vertex 13.295000 4.647530 3.494370
      vertex 13.295000 4.648220 3.496660
    endloop
  endfacet
  facet normal 0 0 0
    outer loop
      vertex 13.295000 4.646720 3.492100
      vertex 13.295000 4.648220 3.496660
      vertex 13.295000 4.648790 3.498980
    endloop
  endfacet
  facet normal 0 0 0
    outer loop
      vertex 13.295000 4.645810 3.489860
      vertex 13.295000 4.634130 3.546440
      vertex 13.295000 4.629130 3.550530
    endloop
  endfacet
  facet normal 0 0 0
    outer loop
      vertex 13.295000 4.645810 3.489860
      vertex 13.295000 4.649840 3.505930
      vertex 13.295000 4.634130 3.546440
    endloop
  endfacet
  facet normal 0 0 0
    outer loop
      vertex 13.295000 4.645810 3.489860
      vertex 13.295000 4.648790 3.498980
      vertex 13.295000 4.649840 3.505930
    endloop
  endfacet
  facet normal 0 0 0
    outer loop
      vertex 13.295000 4.645810 3.489860
      vertex 13.295000 4.646720 3.492100
      vertex 13.295000 4.648790 3.498980
    endloop
  endfacet
  facet normal 0 0 0
    outer loop
      vertex 13.295000 4.625620 3.466960
      vertex 13.295000 4.621660 3.464840
      vertex 13.295000 4.623650 3.465850
    endloop
  endfacet
  facet normal 0 0 0
    outer loop
      vertex 13.295000 4.627560 3.468180
      vertex 13.295000 4.621660 3.464840
      vertex 13.295000 4.625620 3.466960
    endloop
  endfacet
  facet normal 0 0 0
    outer loop
      vertex 13.295000 4.627560 3.468180
      vertex 13.295000 4.615630 3.462400
      vertex 13.295000 4.617640 3.463120
    endloop
  endfacet
  facet normal 0 0 0
    outer loop
      vertex 13.295000 4.627560 3.468180
      vertex 13.295000 4.617640 3.463120
      vertex 13.295000 4.619660 3.463930
    endloop
  endfacet
  facet normal 0 0 0
    outer loop
      vertex 13.295000 4.627560 3.468180
      vertex 13.295000 4.619660 3.463930
      vertex 13.295000 4.621660 3.464840
    endloop
  endfacet
  facet normal 0 0 0
    outer loop
      vertex 13.295000 4.627560 3.468180
      vertex 13.295000 4.612500 3.558310
      vertex 13.295000 4.600000 3.459900
    endloop
  endfacet
  facet normal 0 0 0
    outer loop
      vertex 13.295000 4.627560 3.468180
      vertex 13.295000 4.600000 3.459900
      vertex 13.295000 4.611610 3.461270
    endloop
  endfacet
  facet normal 0 0 0
    outer loop
      vertex 13.295000 4.627560 3.468180
      vertex 13.295000 4.611610 3.461270
      vertex 13.295000 4.615630 3.462400
    endloop
  endfacet
  facet normal 0 0 0
    outer loop
      vertex 13.295000 4.641080 3.481390
      vertex 13.295000 4.642410 3.483420
      vertex 13.295000 4.643650 3.485510
    endloop
  endfacet
  facet normal 0 0 0
    outer loop
      vertex 13.295000 4.641080 3.481390
      vertex 13.295000 4.643650 3.485510
      vertex 13.295000 4.644780 3.487660
    endloop
  endfacet
  facet normal 0 0 0
    outer loop
      vertex 13.295000 4.641080 3.481390
      vertex 13.295000 4.644780 3.487660
      vertex 13.295000 4.645810 3.489860
    endloop
  endfacet
  facet normal 0 0 0
    outer loop
      vertex 13.295000 4.641080 3.481390
      vertex 13.295000 4.621350 3.555110
      vertex 13.295000 4.612500 3.558310
    endloop
  endfacet
  facet normal 0 0 0
    outer loop
      vertex 13.295000 4.641080 3.481390
      vertex 13.295000 4.645810 3.489860
      vertex 13.295000 4.629130 3.550530
    endloop
  endfacet
  facet normal 0 0 0
    outer loop
      vertex 13.295000 4.641080 3.481390
      vertex 13.295000 4.629130 3.550530
      vertex 13.295000 4.621350 3.555110
    endloop
  endfacet
  facet normal 0 0 0
    outer loop
      vertex 13.295000 4.638130 3.477560
      vertex 13.295000 4.639650 3.479440
      vertex 13.295000 4.641080 3.481390
    endloop
  endfacet
  facet normal 0 0 0
    outer loop
      vertex 13.295000 4.633120 3.472440
      vertex 13.295000 4.627560 3.468180
      vertex 13.295000 4.629460 3.469500
    endloop
  endfacet
  facet normal 0 0 0
    outer loop
      vertex 13.295000 4.633120 3.472440
      vertex 13.295000 4.629460 3.469500
      vertex 13.295000 4.631310 3.470920
    endloop
  endfacet
  facet normal 0 0 0
    outer loop
      vertex 13.295000 4.636530 3.475760
      vertex 13.295000 4.641080 3.481390
      vertex 13.295000 4.612500 3.558310
    endloop
  endfacet
  facet normal 0 0 0
    outer loop
      vertex 13.295000 4.636530 3.475760
      vertex 13.295000 4.638130 3.477560
      vertex 13.295000 4.641080 3.481390
    endloop
  endfacet
  facet normal 0 0 0
    outer loop
      vertex 13.295000 4.636530 3.475760
      vertex 13.295000 4.612500 3.558310
      vertex 13.295000 4.627560 3.468180
    endloop
  endfacet
  facet normal 0 0 0
    outer loop
      vertex 13.295000 4.634860 3.474060
      vertex 13.295000 4.627560 3.468180
      vertex 13.295000 4.633120 3.472440
    endloop
  endfacet
  facet normal 0 0 0
    outer loop
      vertex 13.295000 4.634860 3.474060
      vertex 13.295000 4.636530 3.475760
      vertex 13.295000 4.627560 3.468180
    endloop
  endfacet
  facet normal 0 0 0
    outer loop
      vertex 13.335000 3.600000 3.459900
      vertex 15.735000 3.600000 3.459900
      vertex 15.735000 3.598620 3.459920
    endloop
  endfacet
  facet normal 0 0 0
    outer loop
      vertex 13.335000 3.598620 3.459920
      vertex 15.735000 3.598620 3.459920
      vertex 15.735000 3.597210 3.459980
    endloop
  endfacet
  facet normal 0 0 0
    outer loop
      vertex 13.335000 3.598620 3.459920
      vertex 13.335000 3.600000 3.459900
      vertex 15.735000 3.598620 3.459920
    endloop
  endfacet
  facet normal 0 0 0
    outer loop
      vertex 13.335000 3.597210 3.459980
      vertex 15.735000 3.597210 3.459980
      vertex 15.735000 3.595320 3.460120
    endloop
  endfacet
  facet normal 0 0 0
    outer loop
      vertex 13.335000 3.597210 3.459980
      vertex 13.335000 3.598620 3.459920
      vertex 15.735000 3.597210 3.459980
    endloop
  endfacet
  facet normal 0 0 0
    outer loop
      vertex 13.335000 3.595320 3.460120
      vertex 15.735000 3.595320 3.460120
      vertex 15.735000 3.593390 3.460340
    endloop
  endfacet
  facet normal 0 0 0
    outer loop
      vertex 13.335000 3.595320 3.460120
      vertex 13.335000 3.597210 3.459980
      vertex 15.735000 3.595320 3.460120
    endloop
  endfacet
  facet normal 0 0 0
    outer loop
      vertex 13.335000 3.593390 3.460340
      vertex 15.735000 3.593390 3.460340
      vertex 15.735000 3.591440 3.460640
    endloop
  endfacet
  facet normal 0 0 0
    outer loop
      vertex 13.335000 3.593390 3.460340
      vertex 13.335000 3.595320 3.460120
      vertex 15.735000 3.593390 3.460340
    endloop
  endfacet
  facet normal 0 0 0
    outer loop
      vertex 13.335000 3.591440 3.460640
      vertex 15.735000 3.591440 3.460640
      vertex 15.735000 3.589470 3.461020
    endloop
  endfacet
  facet normal 0 0 0
    outer loop
      vertex 13.335000 3.591440 3.460640
      vertex 13.335000 3.593390 3.460340
      vertex 15.735000 3.591440 3.460640
    endloop
  endfacet
  facet normal 0 0 0
    outer loop
      vertex 13.335000 3.589470 3.461020
      vertex 15.735000 3.589470 3.461020
      vertex 15.735000 3.587470 3.461490
    endloop
  endfacet
  facet normal 0 0 0
    outer loop
      vertex 13.335000 3.589470 3.461020
      vertex 13.335000 3.591440 3.460640
      vertex 15.735000 3.589470 3.461020
    endloop
  endfacet
  facet normal 0 0 0
    outer loop
      vertex 13.335000 3.587470 3.461490
      vertex 13.335000 3.589470 3.461020
      vertex 15.735000 3.587470 3.461490
    endloop
  endfacet
  facet normal 0 0 0
    outer loop
      vertex 13.335000 3.585470 3.462060
      vertex 15.735000 3.587470 3.461490
      vertex 15.735000 3.585470 3.462060
    endloop
  endfacet
  facet normal 0 0 0
    outer loop
      vertex 13.335000 3.585470 3.462060
      vertex 13.335000 3.587470 3.461490
      vertex 15.735000 3.587470 3.461490
    endloop
  endfacet
  facet normal 0 0 0
    outer loop
      vertex 13.335000 3.583450 3.462720
      vertex 15.735000 3.583450 3.462720
      vertex 15.735000 3.581440 3.463470
    endloop
  endfacet
  facet normal 0 0 0
    outer loop
      vertex 13.335000 3.583450 3.462720
      vertex 15.735000 3.585470 3.462060
      vertex 15.735000 3.583450 3.462720
    endloop
  endfacet
  facet normal 0 0 0
    outer loop
      vertex 13.335000 3.583450 3.462720
      vertex 13.335000 3.585470 3.462060
      vertex 15.735000 3.585470 3.462060
    endloop
  endfacet
  facet normal 0 0 0
    outer loop
      vertex 13.335000 3.581440 3.463470
      vertex 13.335000 3.583450 3.462720
      vertex 15.735000 3.581440 3.463470
    endloop
  endfacet
  facet normal 0 0 0
    outer loop
      vertex 13.335000 3.579430 3.464330
      vertex 15.735000 3.579430 3.464330
      vertex 15.735000 3.577430 3.465290
    endloop
  endfacet
  facet normal 0 0 0
    outer loop
      vertex 13.335000 3.579430 3.464330
      vertex 15.735000 3.581440 3.463470
      vertex 15.735000 3.579430 3.464330
    endloop
  endfacet
  facet normal 0 0 0
    outer loop
      vertex 13.335000 3.579430 3.464330
      vertex 13.335000 3.581440 3.463470
      vertex 15.735000 3.581440 3.463470
    endloop
  endfacet
  facet normal 0 0 0
    outer loop
      vertex 13.335000 3.577430 3.465290
      vertex 15.735000 3.577430 3.465290
      vertex 15.735000 3.575450 3.466340
    endloop
  endfacet
  facet normal 0 0 0
    outer loop
      vertex 13.335000 3.577430 3.465290
      vertex 13.335000 3.579430 3.464330
      vertex 15.735000 3.577430 3.465290
    endloop
  endfacet
  facet normal 0 0 0
    outer loop
      vertex 13.335000 3.575450 3.466340
      vertex 15.735000 3.575450 3.466340
      vertex 15.735000 3.573490 3.467510
    endloop
  endfacet
  facet normal 0 0 0
    outer loop
      vertex 13.335000 3.575450 3.466340
      vertex 13.335000 3.577430 3.465290
      vertex 15.735000 3.575450 3.466340
    endloop
  endfacet
  facet normal 0 0 0
    outer loop
      vertex 13.335000 3.573490 3.467510
      vertex 15.735000 3.573490 3.467510
      vertex 15.735000 3.571570 3.468770
    endloop
  endfacet
  facet normal 0 0 0
    outer loop
      vertex 13.335000 3.573490 3.467510
      vertex 13.335000 3.575450 3.466340
      vertex 15.735000 3.573490 3.467510
    endloop
  endfacet
  facet normal 0 0 0
    outer loop
      vertex 13.335000 3.571570 3.468770
      vertex 15.735000 3.571570 3.468770
      vertex 15.735000 3.569690 3.470140
    endloop
  endfacet
  facet normal 0 0 0
    outer loop
      vertex 13.335000 3.571570 3.468770
      vertex 13.335000 3.573490 3.467510
      vertex 15.735000 3.571570 3.468770
    endloop
  endfacet
  facet normal 0 0 0
    outer loop
      vertex 13.335000 3.569690 3.470140
      vertex 13.335000 3.571570 3.468770
      vertex 15.735000 3.569690 3.470140
    endloop
  endfacet
  facet normal 0 0 0
    outer loop
      vertex 13.335000 3.567850 3.471600
      vertex 15.735000 3.567850 3.471600
      vertex 15.735000 3.566080 3.473170
    endloop
  endfacet
  facet normal 0 0 0
    outer loop
      vertex 13.335000 3.567850 3.471600
      vertex 15.735000 3.569690 3.470140
      vertex 15.735000 3.567850 3.471600
    endloop
  endfacet
  facet normal 0 0 0
    outer loop
      vertex 13.335000 3.567850 3.471600
      vertex 13.335000 3.569690 3.470140
      vertex 15.735000 3.569690 3.470140
    endloop
  endfacet
  facet normal 0 0 0
    outer loop
      vertex 13.335000 3.566080 3.473170
      vertex 15.735000 3.566080 3.473170
      vertex 15.735000 3.564370 3.474820
    endloop
  endfacet
  facet normal 0 0 0
    outer loop
      vertex 13.335000 3.566080 3.473170
      vertex 13.335000 3.567850 3.471600
      vertex 15.735000 3.566080 3.473170
    endloop
  endfacet
  facet normal 0 0 0
    outer loop
      vertex 13.335000 3.564370 3.474820
      vertex 13.335000 3.566080 3.473170
      vertex 15.735000 3.564370 3.474820
    endloop
  endfacet
  facet normal 0 0 0
    outer loop
      vertex 13.335000 3.562730 3.476570
      vertex 15.735000 3.562730 3.476570
      vertex 15.735000 3.561160 3.478410
    endloop
  endfacet
  facet normal 0 0 0
    outer loop
      vertex 13.335000 3.562730 3.476570
      vertex 15.735000 3.564370 3.474820
      vertex 15.735000 3.562730 3.476570
    endloop
  endfacet
  facet normal 0 0 0
    outer loop
      vertex 13.335000 3.562730 3.476570
      vertex 13.335000 3.564370 3.474820
      vertex 15.735000 3.564370 3.474820
    endloop
  endfacet
  facet normal 0 0 0
    outer loop
      vertex 13.335000 3.561160 3.478410
      vertex 13.335000 3.562730 3.476570
      vertex 15.735000 3.561160 3.478410
    endloop
  endfacet
  facet normal 0 0 0
    outer loop
      vertex 13.335000 3.559690 3.480320
      vertex 15.735000 3.561160 3.478410
      vertex 15.735000 3.559690 3.480320
    endloop
  endfacet
  facet normal 0 0 0
    outer loop
      vertex 13.335000 3.559690 3.480320
      vertex 13.335000 3.561160 3.478410
      vertex 15.735000 3.561160 3.478410
    endloop
  endfacet
  facet normal 0 0 0
    outer loop
      vertex 13.335000 3.558300 3.482310
      vertex 15.735000 3.558300 3.482310
      vertex 15.735000 3.557010 3.484370
    endloop
  endfacet
  facet normal 0 0 0
    outer loop
      vertex 13.335000 3.558300 3.482310
      vertex 15.735000 3.559690 3.480320
      vertex 15.735000 3.558300 3.482310
    endloop
  endfacet
  facet normal 0 0 0
    outer loop
      vertex 13.335000 3.558300 3.482310
      vertex 13.335000 3.559690 3.480320
      vertex 15.735000 3.559690 3.480320
    endloop
  endfacet
  facet normal 0 0 0
    outer loop
      vertex 13.335000 3.557010 3.484370
      vertex 15.735000 3.557010 3.484370
      vertex 15.735000 3.555820 3.486490
    endloop
  endfacet
  facet normal 0 0 0
    outer loop
      vertex 13.335000 3.557010 3.484370
      vertex 13.335000 3.558300 3.482310
      vertex 15.735000 3.557010 3.484370
    endloop
  endfacet
  facet normal 0 0 0
    outer loop
      vertex 13.335000 3.555820 3.486490
      vertex 13.335000 3.557010 3.484370
      vertex 15.735000 3.555820 3.486490
    endloop
  endfacet
  facet normal 0 0 0
    outer loop
      vertex 13.335000 3.554740 3.488660
      vertex 15.735000 3.555820 3.486490
      vertex 15.735000 3.554740 3.488660
    endloop
  endfacet
  facet normal 0 0 0
    outer loop
      vertex 13.335000 3.554740 3.488660
      vertex 13.335000 3.555820 3.486490
      vertex 15.735000 3.555820 3.486490
    endloop
  endfacet
  facet normal 0 0 0
    outer loop
      vertex 13.335000 3.553760 3.490880
      vertex 15.735000 3.553760 3.490880
      vertex 15.735000 3.552900 3.493130
    endloop
  endfacet
  facet normal 0 0 0
    outer loop
      vertex 13.335000 3.553760 3.490880
      vertex 15.735000 3.554740 3.488660
      vertex 15.735000 3.553760 3.490880
    endloop
  endfacet
  facet normal 0 0 0
    outer loop
      vertex 13.335000 3.553760 3.490880
      vertex 13.335000 3.554740 3.488660
      vertex 15.735000 3.554740 3.488660
    endloop
  endfacet
  facet normal 0 0 0
    outer loop
      vertex 13.335000 3.552900 3.493130
      vertex 15.735000 3.552900 3.493130
      vertex 15.735000 3.552140 3.495420
    endloop
  endfacet
  facet normal 0 0 0
    outer loop
      vertex 13.335000 3.552900 3.493130
      vertex 13.335000 3.553760 3.490880
      vertex 15.735000 3.552900 3.493130
    endloop
  endfacet
  facet normal 0 0 0
    outer loop
      vertex 13.335000 3.552140 3.495420
      vertex 13.335000 3.552900 3.493130
      vertex 15.735000 3.552140 3.495420
    endloop
  endfacet
  facet normal 0 0 0
    outer loop
      vertex 13.335000 3.551510 3.497720
      vertex 15.735000 3.552140 3.495420
      vertex 15.735000 3.551510 3.497720
    endloop
  endfacet
  facet normal 0 0 0
    outer loop
      vertex 13.335000 3.551510 3.497720
      vertex 13.335000 3.552140 3.495420
      vertex 15.735000 3.552140 3.495420
    endloop
  endfacet
  facet normal 0 0 0
    outer loop
      vertex 13.335000 3.550980 3.500040
      vertex 15.735000 3.550980 3.500040
      vertex 15.735000 3.550570 3.502360
    endloop
  endfacet
  facet normal 0 0 0
    outer loop
      vertex 13.335000 3.550980 3.500040
      vertex 15.735000 3.551510 3.497720
      vertex 15.735000 3.550980 3.500040
    endloop
  endfacet
  facet normal 0 0 0
    outer loop
      vertex 13.335000 3.550980 3.500040
      vertex 13.335000 3.551510 3.497720
      vertex 15.735000 3.551510 3.497720
    endloop
  endfacet
  facet normal 0 0 0
    outer loop
      vertex 13.335000 3.550570 3.502360
      vertex 13.335000 3.550980 3.500040
      vertex 15.735000 3.550570 3.502360
    endloop
  endfacet
  facet normal 0 0 0
    outer loop
      vertex 13.335000 3.550270 3.504670
      vertex 15.735000 3.550270 3.504670
      vertex 15.735000 3.550090 3.506980
    endloop
  endfacet
  facet normal 0 0 0
    outer loop
      vertex 13.335000 3.550270 3.504670
      vertex 15.735000 3.550570 3.502360
      vertex 15.735000 3.550270 3.504670
    endloop
  endfacet
  facet normal 0 0 0
    outer loop
      vertex 13.335000 3.550270 3.504670
      vertex 13.335000 3.550570 3.502360
      vertex 15.735000 3.550570 3.502360
    endloop
  endfacet
  facet normal 0 0 0
    outer loop
      vertex 13.335000 3.550090 3.506980
      vertex 13.335000 3.550270 3.504670
      vertex 15.735000 3.550090 3.506980
    endloop
  endfacet
  facet normal 0 0 0
    outer loop
      vertex 13.335000 3.550000 3.509260
      vertex 15.735000 3.550000 3.509260
      vertex 15.735000 3.550030 3.511530
    endloop
  endfacet
  facet normal 0 0 0
    outer loop
      vertex 13.335000 3.550000 3.509260
      vertex 15.735000 3.550090 3.506980
      vertex 15.735000 3.550000 3.509260
    endloop
  endfacet
  facet normal 0 0 0
    outer loop
      vertex 13.335000 3.550000 3.509260
      vertex 13.335000 3.550090 3.506980
      vertex 15.735000 3.550090 3.506980
    endloop
  endfacet
  facet normal 0 0 0
    outer loop
      vertex 13.335000 3.550030 3.511530
      vertex 13.335000 3.550000 3.509260
      vertex 15.735000 3.550030 3.511530
    endloop
  endfacet
  facet normal 0 0 0
    outer loop
      vertex 13.335000 3.550150 3.513750
      vertex 15.735000 3.550150 3.513750
      vertex 15.735000 3.550370 3.515940
    endloop
  endfacet
  facet normal 0 0 0
    outer loop
      vertex 13.335000 3.550150 3.513750
      vertex 15.735000 3.550030 3.511530
      vertex 15.735000 3.550150 3.513750
    endloop
  endfacet
  facet normal 0 0 0
    outer loop
      vertex 13.335000 3.550150 3.513750
      vertex 13.335000 3.550030 3.511530
      vertex 15.735000 3.550030 3.511530
    endloop
  endfacet
  facet normal 0 0 0
    outer loop
      vertex 13.335000 3.550370 3.515940
      vertex 15.735000 3.550370 3.515940
      vertex 15.735000 3.550680 3.518090
    endloop
  endfacet
  facet normal 0 0 0
    outer loop
      vertex 13.335000 3.550370 3.515940
      vertex 13.335000 3.550150 3.513750
      vertex 15.735000 3.550370 3.515940
    endloop
  endfacet
  facet normal 0 0 0
    outer loop
      vertex 13.335000 3.550680 3.518090
      vertex 15.735000 3.550680 3.518090
      vertex 15.735000 3.551070 3.520190
    endloop
  endfacet
  facet normal 0 0 0
    outer loop
      vertex 13.335000 3.550680 3.518090
      vertex 13.335000 3.550370 3.515940
      vertex 15.735000 3.550680 3.518090
    endloop
  endfacet
  facet normal 0 0 0
    outer loop
      vertex 13.335000 3.551070 3.520190
      vertex 13.335000 3.550680 3.518090
      vertex 15.735000 3.551070 3.520190
    endloop
  endfacet
  facet normal 0 0 0
    outer loop
      vertex 13.335000 3.551550 3.522240
      vertex 15.735000 3.551070 3.520190
      vertex 15.735000 3.551550 3.522240
    endloop
  endfacet
  facet normal 0 0 0
    outer loop
      vertex 13.335000 3.551550 3.522240
      vertex 13.335000 3.551070 3.520190
      vertex 15.735000 3.551070 3.520190
    endloop
  endfacet
  facet normal 0 0 0
    outer loop
      vertex 13.335000 3.552100 3.524230
      vertex 15.735000 3.552100 3.524230
      vertex 15.735000 3.552720 3.526160
    endloop
  endfacet
  facet normal 0 0 0
    outer loop
      vertex 13.335000 3.552100 3.524230
      vertex 15.735000 3.551550 3.522240
      vertex 15.735000 3.552100 3.524230
    endloop
  endfacet
  facet normal 0 0 0
    outer loop
      vertex 13.335000 3.552100 3.524230
      vertex 13.335000 3.551550 3.522240
      vertex 15.735000 3.551550 3.522240
    endloop
  endfacet
  facet normal 0 0 0
    outer loop
      vertex 13.335000 3.552720 3.526160
      vertex 15.735000 3.552720 3.526160
      vertex 15.735000 3.553410 3.528040
    endloop
  endfacet
  facet normal 0 0 0
    outer loop
      vertex 13.335000 3.552720 3.526160
      vertex 13.335000 3.552100 3.524230
      vertex 15.735000 3.552720 3.526160
    endloop
  endfacet
  facet normal 0 0 0
    outer loop
      vertex 13.335000 3.553410 3.528040
      vertex 13.335000 3.552720 3.526160
      vertex 15.735000 3.553410 3.528040
    endloop
  endfacet
  facet normal 0 0 0
    outer loop
      vertex 13.335000 3.554150 3.529850
      vertex 15.735000 3.553410 3.528040
      vertex 15.735000 3.554150 3.529850
    endloop
  endfacet
  facet normal 0 0 0
    outer loop
      vertex 13.335000 3.554150 3.529850
      vertex 13.335000 3.553410 3.528040
      vertex 15.735000 3.553410 3.528040
    endloop
  endfacet
  facet normal 0 0 0
    outer loop
      vertex 13.335000 3.554950 3.531590
      vertex 15.735000 3.554150 3.529850
      vertex 15.735000 3.554950 3.531590
    endloop
  endfacet
  facet normal 0 0 0
    outer loop
      vertex 13.335000 3.554950 3.531590
      vertex 13.335000 3.554150 3.529850
      vertex 15.735000 3.554150 3.529850
    endloop
  endfacet
  facet normal 0 0 0
    outer loop
      vertex 13.335000 3.555800 3.533270
      vertex 15.735000 3.555800 3.533270
      vertex 15.735000 3.556690 3.534880
    endloop
  endfacet
  facet normal 0 0 0
    outer loop
      vertex 13.335000 3.555800 3.533270
      vertex 15.735000 3.554950 3.531590
      vertex 15.735000 3.555800 3.533270
    endloop
  endfacet
  facet normal 0 0 0
    outer loop
      vertex 13.335000 3.555800 3.533270
      vertex 13.335000 3.554950 3.531590
      vertex 15.735000 3.554950 3.531590
    endloop
  endfacet
  facet normal 0 0 0
    outer loop
      vertex 13.335000 3.556690 3.534880
      vertex 15.735000 3.556690 3.534880
      vertex 15.735000 3.557640 3.536460
    endloop
  endfacet
  facet normal 0 0 0
    outer loop
      vertex 13.335000 3.556690 3.534880
      vertex 13.335000 3.555800 3.533270
      vertex 15.735000 3.556690 3.534880
    endloop
  endfacet
  facet normal 0 0 0
    outer loop
      vertex 13.335000 3.557640 3.536460
      vertex 13.335000 3.556690 3.534880
      vertex 15.735000 3.557640 3.536460
    endloop
  endfacet
  facet normal 0 0 0
    outer loop
      vertex 13.335000 3.558660 3.538030
      vertex 15.735000 3.557640 3.536460
      vertex 15.735000 3.558660 3.538030
    endloop
  endfacet
  facet normal 0 0 0
    outer loop
      vertex 13.335000 3.558660 3.538030
      vertex 13.335000 3.557640 3.536460
      vertex 15.735000 3.557640 3.536460
    endloop
  endfacet
  facet normal 0 0 0
    outer loop
      vertex 13.335000 3.559770 3.539600
      vertex 15.735000 3.559770 3.539600
      vertex 15.735000 3.560970 3.541150
    endloop
  endfacet
  facet normal 0 0 0
    outer loop
      vertex 13.335000 3.559770 3.539600
      vertex 15.735000 3.558660 3.538030
      vertex 15.735000 3.559770 3.539600
    endloop
  endfacet
  facet normal 0 0 0
    outer loop
      vertex 13.335000 3.559770 3.539600
      vertex 13.335000 3.558660 3.538030
      vertex 15.735000 3.558660 3.538030
    endloop
  endfacet
  facet normal 0 0 0
    outer loop
      vertex 13.335000 3.560970 3.541150
      vertex 13.335000 3.559770 3.539600
      vertex 15.735000 3.560970 3.541150
    endloop
  endfacet
  facet normal 0 0 0
    outer loop
      vertex 13.335000 3.562240 3.542680
      vertex 13.335000 3.560970 3.541150
      vertex 15.735000 3.560970 3.541150
    endloop
  endfacet
  facet normal 0 0 0
    outer loop
      vertex 13.335000 3.562240 3.542680
      vertex 15.735000 3.560970 3.541150
      vertex 15.735000 3.562240 3.542680
    endloop
  endfacet
  facet normal 0 0 0
    outer loop
      vertex 13.335000 3.563600 3.544180
      vertex 13.335000 3.562240 3.542680
      vertex 15.735000 3.562240 3.542680
    endloop
  endfacet
  facet normal 0 0 0
    outer loop
      vertex 13.335000 3.563600 3.544180
      vertex 15.735000 3.562240 3.542680
      vertex 15.735000 3.563600 3.544180
    endloop
  endfacet
  facet normal 0 0 0
    outer loop
      vertex 13.335000 3.565050 3.545660
      vertex 15.735000 3.563600 3.544180
      vertex 15.735000 3.565050 3.545660
    endloop
  endfacet
  facet normal 0 0 0
    outer loop
      vertex 13.335000 3.565050 3.545660
      vertex 13.335000 3.563600 3.544180
      vertex 15.735000 3.563600 3.544180
    endloop
  endfacet
  facet normal 0 0 0
    outer loop
      vertex 13.335000 3.566580 3.547090
      vertex 13.335000 3.565050 3.545660
      vertex 15.735000 3.565050 3.545660
    endloop
  endfacet
  facet normal 0 0 0
    outer loop
      vertex 13.335000 3.566580 3.547090
      vertex 15.735000 3.565050 3.545660
      vertex 15.735000 3.566580 3.547090
    endloop
  endfacet
  facet normal 0 0 0
    outer loop
      vertex 13.335000 3.568200 3.548490
      vertex 15.735000 3.566580 3.547090
      vertex 15.735000 3.568200 3.548490
    endloop
  endfacet
  facet normal 0 0 0
    outer loop
      vertex 13.335000 3.568200 3.548490
      vertex 13.335000 3.566580 3.547090
      vertex 15.735000 3.566580 3.547090
    endloop
  endfacet
  facet normal 0 0 0
    outer loop
      vertex 13.335000 3.569910 3.549830
      vertex 15.735000 3.568200 3.548490
      vertex 15.735000 3.569910 3.549830
    endloop
  endfacet
  facet normal 0 0 0
    outer loop
      vertex 13.335000 3.569910 3.549830
      vertex 13.335000 3.568200 3.548490
      vertex 15.735000 3.568200 3.548490
    endloop
  endfacet
  facet normal 0 0 0
    outer loop
      vertex 13.335000 3.571690 3.551110
      vertex 13.335000 3.569910 3.549830
      vertex 15.735000 3.569910 3.549830
    endloop
  endfacet
  facet normal 0 0 0
    outer loop
      vertex 13.335000 3.571690 3.551110
      vertex 15.735000 3.569910 3.549830
      vertex 15.735000 3.571690 3.551110
    endloop
  endfacet
  facet normal 0 0 0
    outer loop
      vertex 13.335000 3.573560 3.552340
      vertex 15.735000 3.571690 3.551110
      vertex 15.735000 3.573560 3.552340
    endloop
  endfacet
  facet normal 0 0 0
    outer loop
      vertex 13.335000 3.573560 3.552340
      vertex 13.335000 3.571690 3.551110
      vertex 15.735000 3.571690 3.551110
    endloop
  endfacet
  facet normal 0 0 0
    outer loop
      vertex 13.335000 3.575500 3.553490
      vertex 15.735000 3.575500 3.553490
      vertex 15.735000 3.577520 3.554560
    endloop
  endfacet
  facet normal 0 0 0
    outer loop
      vertex 13.335000 3.575500 3.553490
      vertex 15.735000 3.573560 3.552340
      vertex 15.735000 3.575500 3.553490
    endloop
  endfacet
  facet normal 0 0 0
    outer loop
      vertex 13.335000 3.575500 3.553490
      vertex 13.335000 3.573560 3.552340
      vertex 15.735000 3.573560 3.552340
    endloop
  endfacet
  facet normal 0 0 0
    outer loop
      vertex 13.335000 3.577520 3.554560
      vertex 15.735000 3.577520 3.554560
      vertex 15.735000 3.579610 3.555550
    endloop
  endfacet
  facet normal 0 0 0
    outer loop
      vertex 13.335000 3.577520 3.554560
      vertex 13.335000 3.575500 3.553490
      vertex 15.735000 3.577520 3.554560
    endloop
  endfacet
  facet normal 0 0 0
    outer loop
      vertex 13.335000 3.579610 3.555550
      vertex 13.335000 3.577520 3.554560
      vertex 15.735000 3.579610 3.555550
    endloop
  endfacet
  facet normal 0 0 0
    outer loop
      vertex 13.335000 3.581770 3.556460
      vertex 15.735000 3.579610 3.555550
      vertex 15.735000 3.581770 3.556460
    endloop
  endfacet
  facet normal 0 0 0
    outer loop
      vertex 13.335000 3.581770 3.556460
      vertex 13.335000 3.579610 3.555550
      vertex 15.735000 3.579610 3.555550
    endloop
  endfacet
  facet normal 0 0 0
    outer loop
      vertex 13.335000 3.583980 3.557260
      vertex 13.335000 3.581770 3.556460
      vertex 15.735000 3.581770 3.556460
    endloop
  endfacet
  facet normal 0 0 0
    outer loop
      vertex 13.335000 3.583980 3.557260
      vertex 15.735000 3.581770 3.556460
      vertex 15.735000 3.583980 3.557260
    endloop
  endfacet
  facet normal 0 0 0
    outer loop
      vertex 13.335000 3.586250 3.557970
      vertex 15.735000 3.583980 3.557260
      vertex 15.735000 3.586250 3.557970
    endloop
  endfacet
  facet normal 0 0 0
    outer loop
      vertex 13.335000 3.586250 3.557970
      vertex 13.335000 3.583980 3.557260
      vertex 15.735000 3.583980 3.557260
    endloop
  endfacet
  facet normal 0 0 0
    outer loop
      vertex 13.335000 3.588560 3.558570
      vertex 15.735000 3.588560 3.558570
      vertex 15.735000 3.590910 3.559070
    endloop
  endfacet
  facet normal 0 0 0
    outer loop
      vertex 13.335000 3.588560 3.558570
      vertex 15.735000 3.586250 3.557970
      vertex 15.735000 3.588560 3.558570
    endloop
  endfacet
  facet normal 0 0 0
    outer loop
      vertex 13.335000 3.588560 3.558570
      vertex 13.335000 3.586250 3.557970
      vertex 15.735000 3.586250 3.557970
    endloop
  endfacet
  facet normal 0 0 0
    outer loop
      vertex 13.335000 3.590910 3.559070
      vertex 13.335000 3.588560 3.558570
      vertex 15.735000 3.590910 3.559070
    endloop
  endfacet
  facet normal 0 0 0
    outer loop
      vertex 13.335000 3.593300 3.559450
      vertex 15.735000 3.593300 3.559450
      vertex 15.735000 3.595700 3.559720
    endloop
  endfacet
  facet normal 0 0 0
    outer loop
      vertex 13.335000 3.593300 3.559450
      vertex 15.735000 3.590910 3.559070
      vertex 15.735000 3.593300 3.559450
    endloop
  endfacet
  facet normal 0 0 0
    outer loop
      vertex 13.335000 3.593300 3.559450
      vertex 13.335000 3.590910 3.559070
      vertex 15.735000 3.590910 3.559070
    endloop
  endfacet
  facet normal 0 0 0
    outer loop
      vertex 13.335000 3.595700 3.559720
      vertex 13.335000 3.593300 3.559450
      vertex 15.735000 3.595700 3.559720
    endloop
  endfacet
  facet normal 0 0 0
    outer loop
      vertex 13.335000 3.598130 3.559860
      vertex 13.335000 3.595700 3.559720
      vertex 15.735000 3.595700 3.559720
    endloop
  endfacet
  facet normal 0 0 0
    outer loop
      vertex 13.335000 3.598130 3.559860
      vertex 15.735000 3.595700 3.559720
      vertex 15.735000 3.598130 3.559860
    endloop
  endfacet
  facet normal 0 0 0
    outer loop
      vertex 13.335000 3.600560 3.559900
      vertex 13.335000 3.598130 3.559860
      vertex 15.735000 3.598130 3.559860
    endloop
  endfacet
  facet normal 0 0 0
    outer loop
      vertex 13.335000 3.600560 3.559900
      vertex 15.735000 3.598130 3.559860
      vertex 15.735000 3.600560 3.559900
    endloop
  endfacet
  facet normal 0 0 0
    outer loop
      vertex 13.335000 3.602980 3.559810
      vertex 15.735000 3.602980 3.559810
      vertex 15.735000 3.605400 3.559610
    endloop
  endfacet
  facet normal 0 0 0
    outer loop
      vertex 13.335000 3.602980 3.559810
      vertex 15.735000 3.600560 3.559900
      vertex 15.735000 3.602980 3.559810
    endloop
  endfacet
  facet normal 0 0 0
    outer loop
      vertex 13.335000 3.602980 3.559810
      vertex 13.335000 3.600560 3.559900
      vertex 15.735000 3.600560 3.559900
    endloop
  endfacet
  facet normal 0 0 0
    outer loop
      vertex 13.335000 3.605400 3.559610
      vertex 13.335000 3.602980 3.559810
      vertex 15.735000 3.605400 3.559610
    endloop
  endfacet
  facet normal 0 0 0
    outer loop
      vertex 13.335000 3.607800 3.559290
      vertex 15.735000 3.605400 3.559610
      vertex 15.735000 3.607800 3.559290
    endloop
  endfacet
  facet normal 0 0 0
    outer loop
      vertex 13.335000 3.607800 3.559290
      vertex 13.335000 3.605400 3.559610
      vertex 15.735000 3.605400 3.559610
    endloop
  endfacet
  facet normal 0 0 0
    outer loop
      vertex 13.335000 3.610170 3.558860
      vertex 15.735000 3.607800 3.559290
      vertex 15.735000 3.610170 3.558860
    endloop
  endfacet
  facet normal 0 0 0
    outer loop
      vertex 13.335000 3.610170 3.558860
      vertex 13.335000 3.607800 3.559290
      vertex 15.735000 3.607800 3.559290
    endloop
  endfacet
  facet normal 0 0 0
    outer loop
      vertex 13.335000 3.612500 3.558310
      vertex 15.735000 3.612500 3.558310
      vertex 15.735000 3.614800 3.557660
    endloop
  endfacet
  facet normal 0 0 0
    outer loop
      vertex 13.335000 3.612500 3.558310
      vertex 15.735000 3.610170 3.558860
      vertex 15.735000 3.612500 3.558310
    endloop
  endfacet
  facet normal 0 0 0
    outer loop
      vertex 13.335000 3.612500 3.558310
      vertex 13.335000 3.610170 3.558860
      vertex 15.735000 3.610170 3.558860
    endloop
  endfacet
  facet normal 0 0 0
    outer loop
      vertex 13.335000 3.614800 3.557660
      vertex 13.335000 3.612500 3.558310
      vertex 15.735000 3.614800 3.557660
    endloop
  endfacet
  facet normal 0 0 0
    outer loop
      vertex 13.335000 3.614800 3.557660
      vertex 15.735000 3.614800 3.557660
      vertex 15.735000 3.617040 3.556910
    endloop
  endfacet
  facet normal 0 0 0
    outer loop
      vertex 13.335000 3.617040 3.556910
      vertex 13.335000 3.614800 3.557660
      vertex 15.735000 3.617040 3.556910
    endloop
  endfacet
  facet normal 0 0 0
    outer loop
      vertex 13.335000 3.619230 3.556060
      vertex 15.735000 3.619230 3.556060
      vertex 15.735000 3.621350 3.555110
    endloop
  endfacet
  facet normal 0 0 0
    outer loop
      vertex 13.335000 3.619230 3.556060
      vertex 15.735000 3.617040 3.556910
      vertex 15.735000 3.619230 3.556060
    endloop
  endfacet
  facet normal 0 0 0
    outer loop
      vertex 13.335000 3.619230 3.556060
      vertex 13.335000 3.617040 3.556910
      vertex 15.735000 3.617040 3.556910
    endloop
  endfacet
  facet normal 0 0 0
    outer loop
      vertex 13.335000 3.621350 3.555110
      vertex 13.335000 3.619230 3.556060
      vertex 15.735000 3.621350 3.555110
    endloop
  endfacet
  facet normal 0 0 0
    outer loop
      vertex 13.335000 3.623410 3.554080
      vertex 15.735000 3.621350 3.555110
      vertex 15.735000 3.623410 3.554080
    endloop
  endfacet
  facet normal 0 0 0
    outer loop
      vertex 13.335000 3.623410 3.554080
      vertex 13.335000 3.621350 3.555110
      vertex 15.735000 3.621350 3.555110
    endloop
  endfacet
  facet normal 0 0 0
    outer loop
      vertex 13.335000 3.625390 3.552970
      vertex 15.735000 3.625390 3.552970
      vertex 15.735000 3.627300 3.551790
    endloop
  endfacet
  facet normal 0 0 0
    outer loop
      vertex 13.335000 3.625390 3.552970
      vertex 15.735000 3.623410 3.554080
      vertex 15.735000 3.625390 3.552970
    endloop
  endfacet
  facet normal 0 0 0
    outer loop
      vertex 13.335000 3.625390 3.552970
      vertex 13.335000 3.623410 3.554080
      vertex 15.735000 3.623410 3.554080
    endloop
  endfacet
  facet normal 0 0 0
    outer loop
      vertex 13.335000 3.627300 3.551790
      vertex 13.335000 3.625390 3.552970
      vertex 15.735000 3.627300 3.551790
    endloop
  endfacet
  facet normal 0 0 0
    outer loop
      vertex 13.335000 3.629130 3.550530
      vertex 13.335000 3.627300 3.551790
      vertex 15.735000 3.627300 3.551790
    endloop
  endfacet
  facet normal 0 0 0
    outer loop
      vertex 13.335000 3.629130 3.550530
      vertex 15.735000 3.629130 3.550530
      vertex 15.735000 3.630880 3.549220
    endloop
  endfacet
  facet normal 0 0 0
    outer loop
      vertex 13.335000 3.629130 3.550530
      vertex 15.735000 3.627300 3.551790
      vertex 15.735000 3.629130 3.550530
    endloop
  endfacet
  facet normal 0 0 0
    outer loop
      vertex 13.335000 3.630880 3.549220
      vertex 13.335000 3.629130 3.550530
      vertex 15.735000 3.630880 3.549220
    endloop
  endfacet
  facet normal 0 0 0
    outer loop
      vertex 13.335000 3.630880 3.549220
      vertex 15.735000 3.630880 3.549220
      vertex 15.735000 3.632550 3.547860
    endloop
  endfacet
  facet normal 0 0 0
    outer loop
      vertex 13.335000 3.632550 3.547860
      vertex 13.335000 3.630880 3.549220
      vertex 15.735000 3.632550 3.547860
    endloop
  endfacet
  facet normal 0 0 0
    outer loop
      vertex 13.335000 3.634130 3.546440
      vertex 13.335000 3.632550 3.547860
      vertex 15.735000 3.632550 3.547860
    endloop
  endfacet
  facet normal 0 0 0
    outer loop
      vertex 13.335000 3.634130 3.546440
      vertex 15.735000 3.634130 3.546440
      vertex 15.735000 3.635620 3.544990
    endloop
  endfacet
  facet normal 0 0 0
    outer loop
      vertex 13.335000 3.634130 3.546440
      vertex 15.735000 3.632550 3.547860
      vertex 15.735000 3.634130 3.546440
    endloop
  endfacet
  facet normal 0 0 0
    outer loop
      vertex 13.335000 3.635620 3.544990
      vertex 13.335000 3.634130 3.546440
      vertex 15.735000 3.635620 3.544990
    endloop
  endfacet
  facet normal 0 0 0
    outer loop
      vertex 13.335000 3.635620 3.544990
      vertex 15.735000 3.635620 3.544990
      vertex 15.735000 3.637030 3.543500
    endloop
  endfacet
  facet normal 0 0 0
    outer loop
      vertex 13.335000 3.637030 3.543500
      vertex 13.335000 3.635620 3.544990
      vertex 15.735000 3.637030 3.543500
    endloop
  endfacet
  facet normal 0 0 0
    outer loop
      vertex 13.335000 3.638350 3.541980
      vertex 13.335000 3.637030 3.543500
      vertex 15.735000 3.637030 3.543500
    endloop
  endfacet
  facet normal 0 0 0
    outer loop
      vertex 13.335000 3.638350 3.541980
      vertex 15.735000 3.638350 3.541980
      vertex 15.735000 3.639590 3.540440
    endloop
  endfacet
  facet normal 0 0 0
    outer loop
      vertex 13.335000 3.638350 3.541980
      vertex 15.735000 3.637030 3.543500
      vertex 15.735000 3.638350 3.541980
    endloop
  endfacet
  facet normal 0 0 0
    outer loop
      vertex 13.335000 3.639590 3.540440
      vertex 13.335000 3.638350 3.541980
      vertex 15.735000 3.639590 3.540440
    endloop
  endfacet
  facet normal 0 0 0
    outer loop
      vertex 13.335000 3.640740 3.538880
      vertex 13.335000 3.639590 3.540440
      vertex 15.735000 3.639590 3.540440
    endloop
  endfacet
  facet normal 0 0 0
    outer loop
      vertex 13.335000 3.640740 3.538880
      vertex 15.735000 3.639590 3.540440
      vertex 15.735000 3.640740 3.538880
    endloop
  endfacet
  facet normal 0 0 0
    outer loop
      vertex 13.335000 3.641820 3.537310
      vertex 13.335000 3.640740 3.538880
      vertex 15.735000 3.640740 3.538880
    endloop
  endfacet
  facet normal 0 0 0
    outer loop
      vertex 13.335000 3.641820 3.537310
      vertex 15.735000 3.641820 3.537310
      vertex 15.735000 3.642810 3.535740
    endloop
  endfacet
  facet normal 0 0 0
    outer loop
      vertex 13.335000 3.641820 3.537310
      vertex 15.735000 3.640740 3.538880
      vertex 15.735000 3.641820 3.537310
    endloop
  endfacet
  facet normal 0 0 0
    outer loop
      vertex 13.335000 3.642810 3.535740
      vertex 13.335000 3.641820 3.537310
      vertex 15.735000 3.642810 3.535740
    endloop
  endfacet
  facet normal 0 0 0
    outer loop
      vertex 13.335000 3.642810 3.535740
      vertex 15.735000 3.642810 3.535740
      vertex 15.735000 3.643720 3.534150
    endloop
  endfacet
  facet normal 0 0 0
    outer loop
      vertex 13.335000 3.643720 3.534150
      vertex 13.335000 3.642810 3.535740
      vertex 15.735000 3.643720 3.534150
    endloop
  endfacet
  facet normal 0 0 0
    outer loop
      vertex 13.335000 3.644600 3.532510
      vertex 13.335000 3.643720 3.534150
      vertex 15.735000 3.643720 3.534150
    endloop
  endfacet
  facet normal 0 0 0
    outer loop
      vertex 13.335000 3.644600 3.532510
      vertex 15.735000 3.643720 3.534150
      vertex 15.735000 3.644600 3.532510
    endloop
  endfacet
  facet normal 0 0 0
    outer loop
      vertex 13.335000 3.645420 3.530800
      vertex 13.335000 3.644600 3.532510
      vertex 15.735000 3.644600 3.532510
    endloop
  endfacet
  facet normal 0 0 0
    outer loop
      vertex 13.335000 3.645420 3.530800
      vertex 15.735000 3.645420 3.530800
      vertex 15.735000 3.646200 3.529030
    endloop
  endfacet
  facet normal 0 0 0
    outer loop
      vertex 13.335000 3.645420 3.530800
      vertex 15.735000 3.644600 3.532510
      vertex 15.735000 3.645420 3.530800
    endloop
  endfacet
  facet normal 0 0 0
    outer loop
      vertex 13.335000 3.646200 3.529030
      vertex 13.335000 3.645420 3.530800
      vertex 15.735000 3.646200 3.529030
    endloop
  endfacet
  facet normal 0 0 0
    outer loop
      vertex 13.335000 3.646920 3.527190
      vertex 13.335000 3.646200 3.529030
      vertex 15.735000 3.646200 3.529030
    endloop
  endfacet
  facet normal 0 0 0
    outer loop
      vertex 13.335000 3.646920 3.527190
      vertex 15.735000 3.646920 3.527190
      vertex 15.735000 3.647570 3.525290
    endloop
  endfacet
  facet normal 0 0 0
    outer loop
      vertex 13.335000 3.646920 3.527190
      vertex 15.735000 3.646200 3.529030
      vertex 15.735000 3.646920 3.527190
    endloop
  endfacet
  facet normal 0 0 0
    outer loop
      vertex 13.335000 3.647570 3.525290
      vertex 13.335000 3.646920 3.527190
      vertex 15.735000 3.647570 3.525290
    endloop
  endfacet
  facet normal 0 0 0
    outer loop
      vertex 13.335000 3.648160 3.523330
      vertex 13.335000 3.647570 3.525290
      vertex 15.735000 3.647570 3.525290
    endloop
  endfacet
  facet normal 0 0 0
    outer loop
      vertex 13.335000 3.648160 3.523330
      vertex 15.735000 3.647570 3.525290
      vertex 15.735000 3.648160 3.523330
    endloop
  endfacet
  facet normal 0 0 0
    outer loop
      vertex 13.335000 3.648680 3.521310
      vertex 13.335000 3.648160 3.523330
      vertex 15.735000 3.648160 3.523330
    endloop
  endfacet
  facet normal 0 0 0
    outer loop
      vertex 13.335000 3.648680 3.521310
      vertex 15.735000 3.648680 3.521310
      vertex 15.735000 3.649120 3.519240
    endloop
  endfacet
  facet normal 0 0 0
    outer loop
      vertex 13.335000 3.648680 3.521310
      vertex 15.735000 3.648160 3.523330
      vertex 15.735000 3.648680 3.521310
    endloop
  endfacet
  facet normal 0 0 0
    outer loop
      vertex 13.335000 3.649120 3.519240
      vertex 13.335000 3.648680 3.521310
      vertex 15.735000 3.649120 3.519240
    endloop
  endfacet
  facet normal 0 0 0
    outer loop
      vertex 13.335000 3.649480 3.517120
      vertex 13.335000 3.649120 3.519240
      vertex 15.735000 3.649120 3.519240
    endloop
  endfacet
  facet normal 0 0 0
    outer loop
      vertex 13.335000 3.649480 3.517120
      vertex 15.735000 3.649120 3.519240
      vertex 15.735000 3.649480 3.517120
    endloop
  endfacet
  facet normal 0 0 0
    outer loop
      vertex 13.335000 3.649740 3.514950
      vertex 15.735000 3.649740 3.514950
      vertex 15.735000 3.649920 3.512740
    endloop
  endfacet
  facet normal 0 0 0
    outer loop
      vertex 13.335000 3.649740 3.514950
      vertex 15.735000 3.649480 3.517120
      vertex 15.735000 3.649740 3.514950
    endloop
  endfacet
  facet normal 0 0 0
    outer loop
      vertex 13.335000 3.649740 3.514950
      vertex 13.335000 3.649480 3.517120
      vertex 15.735000 3.649480 3.517120
    endloop
  endfacet
  facet normal 0 0 0
    outer loop
      vertex 13.335000 3.649920 3.512740
      vertex 15.735000 3.649920 3.512740
      vertex 15.735000 3.650000 3.510500
    endloop
  endfacet
  facet normal 0 0 0
    outer loop
      vertex 13.335000 3.649920 3.512740
      vertex 13.335000 3.649740 3.514950
      vertex 15.735000 3.649920 3.512740
    endloop
  endfacet
  facet normal 0 0 0
    outer loop
      vertex 13.335000 3.650000 3.510500
      vertex 13.335000 3.649920 3.512740
      vertex 15.735000 3.650000 3.510500
    endloop
  endfacet
  facet normal 0 0 0
    outer loop
      vertex 13.335000 3.649970 3.508220
      vertex 15.735000 3.650000 3.510500
      vertex 15.735000 3.649970 3.508220
    endloop
  endfacet
  facet normal 0 0 0
    outer loop
      vertex 13.335000 3.649970 3.508220
      vertex 13.335000 3.650000 3.510500
      vertex 15.735000 3.650000 3.510500
    endloop
  endfacet
  facet normal 0 0 0
    outer loop
      vertex 13.335000 3.649840 3.505930
      vertex 15.735000 3.649970 3.508220
      vertex 15.735000 3.649840 3.505930
    endloop
  endfacet
  facet normal 0 0 0
    outer loop
      vertex 13.335000 3.649840 3.505930
      vertex 13.335000 3.649970 3.508220
      vertex 15.735000 3.649970 3.508220
    endloop
  endfacet
  facet normal 0 0 0
    outer loop
      vertex 13.335000 3.649600 3.503620
      vertex 15.735000 3.649840 3.505930
      vertex 15.735000 3.649600 3.503620
    endloop
  endfacet
  facet normal 0 0 0
    outer loop
      vertex 13.335000 3.649600 3.503620
      vertex 13.335000 3.649840 3.505930
      vertex 15.735000 3.649840 3.505930
    endloop
  endfacet
  facet normal 0 0 0
    outer loop
      vertex 13.335000 3.649250 3.501300
      vertex 15.735000 3.649250 3.501300
      vertex 15.735000 3.648790 3.498980
    endloop
  endfacet
  facet normal 0 0 0
    outer loop
      vertex 13.335000 3.649250 3.501300
      vertex 15.735000 3.649600 3.503620
      vertex 15.735000 3.649250 3.501300
    endloop
  endfacet
  facet normal 0 0 0
    outer loop
      vertex 13.335000 3.649250 3.501300
      vertex 13.335000 3.649600 3.503620
      vertex 15.735000 3.649600 3.503620
    endloop
  endfacet
  facet normal 0 0 0
    outer loop
      vertex 13.335000 3.648790 3.498980
      vertex 15.735000 3.648790 3.498980
      vertex 15.735000 3.648220 3.496660
    endloop
  endfacet
  facet normal 0 0 0
    outer loop
      vertex 13.335000 3.648790 3.498980
      vertex 13.335000 3.649250 3.501300
      vertex 15.735000 3.648790 3.498980
    endloop
  endfacet
  facet normal 0 0 0
    outer loop
      vertex 13.335000 3.648220 3.496660
      vertex 13.335000 3.648790 3.498980
      vertex 15.735000 3.648220 3.496660
    endloop
  endfacet
  facet normal 0 0 0
    outer loop
      vertex 13.335000 3.647530 3.494370
      vertex 13.335000 3.648220 3.496660
      vertex 15.735000 3.648220 3.496660
    endloop
  endfacet
  facet normal 0 0 0
    outer loop
      vertex 13.335000 3.647530 3.494370
      vertex 15.735000 3.647530 3.494370
      vertex 15.735000 3.646720 3.492100
    endloop
  endfacet
  facet normal 0 0 0
    outer loop
      vertex 13.335000 3.647530 3.494370
      vertex 15.735000 3.648220 3.496660
      vertex 15.735000 3.647530 3.494370
    endloop
  endfacet
  facet normal 0 0 0
    outer loop
      vertex 13.335000 3.646720 3.492100
      vertex 13.335000 3.647530 3.494370
      vertex 15.735000 3.646720 3.492100
    endloop
  endfacet
  facet normal 0 0 0
    outer loop
      vertex 13.335000 3.645810 3.489860
      vertex 13.335000 3.646720 3.492100
      vertex 15.735000 3.646720 3.492100
    endloop
  endfacet
  facet normal 0 0 0
    outer loop
      vertex 13.335000 3.645810 3.489860
      vertex 15.735000 3.646720 3.492100
      vertex 15.735000 3.645810 3.489860
    endloop
  endfacet
  facet normal 0 0 0
    outer loop
      vertex 13.335000 3.644780 3.487660
      vertex 13.335000 3.645810 3.489860
      vertex 15.735000 3.645810 3.489860
    endloop
  endfacet
  facet normal 0 0 0
    outer loop
      vertex 13.335000 3.644780 3.487660
      vertex 15.735000 3.645810 3.489860
      vertex 15.735000 3.644780 3.487660
    endloop
  endfacet
  facet normal 0 0 0
    outer loop
      vertex 13.335000 3.643650 3.485510
      vertex 13.335000 3.644780 3.487660
      vertex 15.735000 3.644780 3.487660
    endloop
  endfacet
  facet normal 0 0 0
    outer loop
      vertex 13.335000 3.643650 3.485510
      vertex 15.735000 3.644780 3.487660
      vertex 15.735000 3.643650 3.485510
    endloop
  endfacet
  facet normal 0 0 0
    outer loop
      vertex 13.335000 3.642410 3.483420
      vertex 13.335000 3.643650 3.485510
      vertex 15.735000 3.643650 3.485510
    endloop
  endfacet
  facet normal 0 0 0
    outer loop
      vertex 13.335000 3.642410 3.483420
      vertex 15.735000 3.643650 3.485510
      vertex 15.735000 3.642410 3.483420
    endloop
  endfacet
  facet normal 0 0 0
    outer loop
      vertex 13.335000 3.641080 3.481390
      vertex 13.335000 3.642410 3.483420
      vertex 15.735000 3.642410 3.483420
    endloop
  endfacet
  facet normal 0 0 0
    outer loop
      vertex 13.335000 3.641080 3.481390
      vertex 15.735000 3.642410 3.483420
      vertex 15.735000 3.641080 3.481390
    endloop
  endfacet
  facet normal 0 0 0
    outer loop
      vertex 13.335000 3.639650 3.479440
      vertex 13.335000 3.641080 3.481390
      vertex 15.735000 3.641080 3.481390
    endloop
  endfacet
  facet normal 0 0 0
    outer loop
      vertex 13.335000 3.639650 3.479440
      vertex 15.735000 3.639650 3.479440
      vertex 15.735000 3.638130 3.477560
    endloop
  endfacet
  facet normal 0 0 0
    outer loop
      vertex 13.335000 3.639650 3.479440
      vertex 15.735000 3.641080 3.481390
      vertex 15.735000 3.639650 3.479440
    endloop
  endfacet
  facet normal 0 0 0
    outer loop
      vertex 13.335000 3.638130 3.477560
      vertex 15.735000 3.638130 3.477560
      vertex 15.735000 3.636530 3.475760
    endloop
  endfacet
  facet normal 0 0 0
    outer loop
      vertex 13.335000 3.638130 3.477560
      vertex 13.335000 3.639650 3.479440
      vertex 15.735000 3.638130 3.477560
    endloop
  endfacet
  facet normal 0 0 0
    outer loop
      vertex 13.335000 3.636530 3.475760
      vertex 15.735000 3.636530 3.475760
      vertex 15.735000 3.634860 3.474060
    endloop
  endfacet
  facet normal 0 0 0
    outer loop
      vertex 13.335000 3.636530 3.475760
      vertex 13.335000 3.638130 3.477560
      vertex 15.735000 3.636530 3.475760
    endloop
  endfacet
  facet normal 0 0 0
    outer loop
      vertex 13.335000 3.634860 3.474060
      vertex 13.335000 3.636530 3.475760
      vertex 15.735000 3.634860 3.474060
    endloop
  endfacet
  facet normal 0 0 0
    outer loop
      vertex 13.335000 3.633120 3.472440
      vertex 13.335000 3.634860 3.474060
      vertex 15.735000 3.634860 3.474060
    endloop
  endfacet
  facet normal 0 0 0
    outer loop
      vertex 13.335000 3.633120 3.472440
      vertex 15.735000 3.634860 3.474060
      vertex 15.735000 3.633120 3.472440
    endloop
  endfacet
  facet normal 0 0 0
    outer loop
      vertex 13.335000 3.631310 3.470920
      vertex 13.335000 3.633120 3.472440
      vertex 15.735000 3.633120 3.472440
    endloop
  endfacet
  facet normal 0 0 0
    outer loop
      vertex 13.335000 3.631310 3.470920
      vertex 15.735000 3.633120 3.472440
      vertex 15.735000 3.631310 3.470920
    endloop
  endfacet
  facet normal 0 0 0
    outer loop
      vertex 13.335000 3.629460 3.469500
      vertex 13.335000 3.631310 3.470920
      vertex 15.735000 3.631310 3.470920
    endloop
  endfacet
  facet normal 0 0 0
    outer loop
      vertex 13.335000 3.629460 3.469500
      vertex 15.735000 3.629460 3.469500
      vertex 15.735000 3.627560 3.468180
    endloop
  endfacet
  facet normal 0 0 0
    outer loop
      vertex 13.335000 3.629460 3.469500
      vertex 15.735000 3.631310 3.470920
      vertex 15.735000 3.629460 3.469500
    endloop
  endfacet
  facet normal 0 0 0
    outer loop
      vertex 13.335000 3.627560 3.468180
      vertex 15.735000 3.627560 3.468180
      vertex 15.735000 3.625620 3.466960
    endloop
  endfacet
  facet normal 0 0 0
    outer loop
      vertex 13.335000 3.627560 3.468180
      vertex 13.335000 3.629460 3.469500
      vertex 15.735000 3.627560 3.468180
    endloop
  endfacet
  facet normal 0 0 0
    outer loop
      vertex 13.335000 3.625620 3.466960
      vertex 15.735000 3.625620 3.466960
      vertex 15.735000 3.623650 3.465850
    endloop
  endfacet
  facet normal 0 0 0
    outer loop
      vertex 13.335000 3.625620 3.466960
      vertex 13.335000 3.627560 3.468180
      vertex 15.735000 3.625620 3.466960
    endloop
  endfacet
  facet normal 0 0 0
    outer loop
      vertex 13.335000 3.623650 3.465850
      vertex 13.335000 3.625620 3.466960
      vertex 15.735000 3.623650 3.465850
    endloop
  endfacet
  facet normal 0 0 0
    outer loop
      vertex 13.335000 3.621660 3.464840
      vertex 13.335000 3.623650 3.465850
      vertex 15.735000 3.623650 3.465850
    endloop
  endfacet
  facet normal 0 0 0
    outer loop
      vertex 13.335000 3.621660 3.464840
      vertex 15.735000 3.623650 3.465850
      vertex 15.735000 3.621660 3.464840
    endloop
  endfacet
  facet normal 0 0 0
    outer loop
      vertex 13.335000 3.619660 3.463930
      vertex 13.335000 3.621660 3.464840
      vertex 15.735000 3.621660 3.464840
    endloop
  endfacet
  facet normal 0 0 0
    outer loop
      vertex 13.335000 3.619660 3.463930
      vertex 15.735000 3.621660 3.464840
      vertex 15.735000 3.619660 3.463930
    endloop
  endfacet
  facet normal 0 0 0
    outer loop
      vertex 13.335000 3.617640 3.463120
      vertex 13.335000 3.619660 3.463930
      vertex 15.735000 3.619660 3.463930
    endloop
  endfacet
  facet normal 0 0 0
    outer loop
      vertex 13.335000 3.617640 3.463120
      vertex 15.735000 3.617640 3.463120
      vertex 15.735000 3.615630 3.462400
    endloop
  endfacet
  facet normal 0 0 0
    outer loop
      vertex 13.335000 3.617640 3.463120
      vertex 15.735000 3.619660 3.463930
      vertex 15.735000 3.617640 3.463120
    endloop
  endfacet
  facet normal 0 0 0
    outer loop
      vertex 13.335000 3.615630 3.462400
      vertex 13.335000 3.617640 3.463120
      vertex 15.735000 3.615630 3.462400
    endloop
  endfacet
  facet normal 0 0 0
    outer loop
      vertex 13.335000 3.615630 3.462400
      vertex 15.735000 3.615630 3.462400
      vertex 15.735000 3.613610 3.461790
    endloop
  endfacet
  facet normal 0 0 0
    outer loop
      vertex 13.335000 3.613610 3.461790
      vertex 13.335000 3.615630 3.462400
      vertex 15.735000 3.613610 3.461790
    endloop
  endfacet
  facet normal 0 0 0
    outer loop
      vertex 13.335000 3.613610 3.461790
      vertex 15.735000 3.613610 3.461790
      vertex 15.735000 3.611610 3.461270
    endloop
  endfacet
  facet normal 0 0 0
    outer loop
      vertex 13.335000 3.611610 3.461270
      vertex 13.335000 3.613610 3.461790
      vertex 15.735000 3.611610 3.461270
    endloop
  endfacet
  facet normal 0 0 0
    outer loop
      vertex 13.335000 3.609410 3.460790
      vertex 13.335000 3.611610 3.461270
      vertex 15.735000 3.611610 3.461270
    endloop
  endfacet
  facet normal 0 0 0
    outer loop
      vertex 13.335000 3.609410 3.460790
      vertex 15.735000 3.611610 3.461270
      vertex 15.735000 3.609410 3.460790
    endloop
  endfacet
  facet normal 0 0 0
    outer loop
      vertex 13.335000 3.606990 3.460390
      vertex 13.335000 3.609410 3.460790
      vertex 15.735000 3.609410 3.460790
    endloop
  endfacet
  facet normal 0 0 0
    outer loop
      vertex 13.335000 3.606990 3.460390
      vertex 15.735000 3.609410 3.460790
      vertex 15.735000 3.606990 3.460390
    endloop
  endfacet
  facet normal 0 0 0
    outer loop
      vertex 13.335000 3.604610 3.460110
      vertex 15.735000 3.606990 3.460390
      vertex 15.735000 3.604610 3.460110
    endloop
  endfacet
  facet normal 0 0 0
    outer loop
      vertex 13.335000 3.604610 3.460110
      vertex 13.335000 3.606990 3.460390
      vertex 15.735000 3.606990 3.460390
    endloop
  endfacet
  facet normal 0 0 0
    outer loop
      vertex 13.335000 3.602280 3.459950
      vertex 13.335000 3.604610 3.460110
      vertex 15.735000 3.604610 3.460110
    endloop
  endfacet
  facet normal 0 0 0
    outer loop
      vertex 13.335000 3.602280 3.459950
      vertex 15.735000 3.604610 3.460110
      vertex 15.735000 3.602280 3.459950
    endloop
  endfacet
  facet normal 0 0 0
    outer loop
      vertex 13.335000 3.600000 3.459900
      vertex 15.735000 3.602280 3.459950
      vertex 15.735000 3.600000 3.459900
    endloop
  endfacet
  facet normal 0 0 0
    outer loop
      vertex 13.335000 3.600000 3.459900
      vertex 13.335000 3.602280 3.459950
      vertex 15.735000 3.602280 3.459950
    endloop
  endfacet
  facet normal 0 0 0
    outer loop
      vertex 13.335000 3.563600 3.544180
      vertex 13.335000 3.560970 3.541150
      vertex 13.335000 3.562240 3.542680
    endloop
  endfacet
  facet normal 0 0 0
    outer loop
      vertex 13.335000 3.568200 3.548490
      vertex 13.335000 3.569910 3.549830
      vertex 13.335000 3.566580 3.547090
    endloop
  endfacet
  facet normal 0 0 0
    outer loop
      vertex 13.335000 3.566580 3.547090
      vertex 13.335000 3.569910 3.549830
      vertex 13.335000 3.565050 3.545660
    endloop
  endfacet
  facet normal 0 0 0
    outer loop
      vertex 13.335000 3.569910 3.549830
      vertex 13.335000 3.571690 3.551110
      vertex 13.335000 3.565050 3.545660
    endloop
  endfacet
  facet normal 0 0 0
    outer loop
      vertex 13.335000 3.563600 3.544180
      vertex 13.335000 3.558660 3.538030
      vertex 13.335000 3.560970 3.541150
    endloop
  endfacet
  facet normal 0 0 0
    outer loop
      vertex 13.335000 3.560970 3.541150
      vertex 13.335000 3.558660 3.538030
      vertex 13.335000 3.559770 3.539600
    endloop
  endfacet
  facet normal 0 0 0
    outer loop
      vertex 13.335000 3.563600 3.544180
      vertex 13.335000 3.554950 3.531590
      vertex 13.335000 3.558660 3.538030
    endloop
  endfacet
  facet normal 0 0 0
    outer loop
      vertex 13.335000 3.565050 3.545660
      vertex 13.335000 3.554950 3.531590
      vertex 13.335000 3.563600 3.544180
    endloop
  endfacet
  facet normal 0 0 0
    outer loop
      vertex 13.335000 3.558660 3.538030
      vertex 13.335000 3.554950 3.531590
      vertex 13.335000 3.557640 3.536460
    endloop
  endfacet
  facet normal 0 0 0
    outer loop
      vertex 13.335000 3.557640 3.536460
      vertex 13.335000 3.554950 3.531590
      vertex 13.335000 3.556690 3.534880
    endloop
  endfacet
  facet normal 0 0 0
    outer loop
      vertex 13.335000 3.556690 3.534880
      vertex 13.335000 3.554950 3.531590
      vertex 13.335000 3.555800 3.533270
    endloop
  endfacet
  facet normal 0 0 0
    outer loop
      vertex 13.335000 3.577520 3.554560
      vertex 13.335000 3.579610 3.555550
      vertex 13.335000 3.575500 3.553490
    endloop
  endfacet
  facet normal 0 0 0
    outer loop
      vertex 13.335000 3.575500 3.553490
      vertex 13.335000 3.579610 3.555550
      vertex 13.335000 3.573560 3.552340
    endloop
  endfacet
  facet normal 0 0 0
    outer loop
      vertex 13.335000 3.573560 3.552340
      vertex 13.335000 3.579610 3.555550
      vertex 13.335000 3.571690 3.551110
    endloop
  endfacet
  facet normal 0 0 0
    outer loop
      vertex 13.335000 3.579610 3.555550
      vertex 13.335000 3.581770 3.556460
      vertex 13.335000 3.571690 3.551110
    endloop
  endfacet
  facet normal 0 0 0
    outer loop
      vertex 13.335000 3.554950 3.531590
      vertex 13.335000 3.553410 3.528040
      vertex 13.335000 3.554150 3.529850
    endloop
  endfacet
  facet normal 0 0 0
    outer loop
      vertex 13.335000 3.553410 3.528040
      vertex 13.335000 3.552100 3.524230
      vertex 13.335000 3.552720 3.526160
    endloop
  endfacet
  facet normal 0 0 0
    outer loop
      vertex 13.335000 3.586250 3.557970
      vertex 13.335000 3.588560 3.558570
      vertex 13.335000 3.583980 3.557260
    endloop
  endfacet
  facet normal 0 0 0
    outer loop
      vertex 13.335000 3.551550 3.522240
      vertex 13.335000 3.550680 3.518090
      vertex 13.335000 3.551070 3.520190
    endloop
  endfacet
  facet normal 0 0 0
    outer loop
      vertex 13.335000 3.590910 3.559070
      vertex 13.335000 3.593300 3.559450
      vertex 13.335000 3.588560 3.558570
    endloop
  endfacet
  facet normal 0 0 0
    outer loop
      vertex 13.335000 3.588560 3.558570
      vertex 13.335000 3.593300 3.559450
      vertex 13.335000 3.583980 3.557260
    endloop
  endfacet
  facet normal 0 0 0
    outer loop
      vertex 13.335000 3.552100 3.524230
      vertex 13.335000 3.550370 3.515940
      vertex 13.335000 3.551550 3.522240
    endloop
  endfacet
  facet normal 0 0 0
    outer loop
      vertex 13.335000 3.551550 3.522240
      vertex 13.335000 3.550370 3.515940
      vertex 13.335000 3.550680 3.518090
    endloop
  endfacet
  facet normal 0 0 0
    outer loop
      vertex 13.335000 3.554950 3.531590
      vertex 13.335000 3.550370 3.515940
      vertex 13.335000 3.553410 3.528040
    endloop
  endfacet
  facet normal 0 0 0
    outer loop
      vertex 13.335000 3.553410 3.528040
      vertex 13.335000 3.550370 3.515940
      vertex 13.335000 3.552100 3.524230
    endloop
  endfacet
  facet normal 0 0 0
    outer loop
      vertex 13.335000 3.550370 3.515940
      vertex 13.335000 3.550030 3.511530
      vertex 13.335000 3.550150 3.513750
    endloop
  endfacet
  facet normal 0 0 0
    outer loop
      vertex 13.335000 3.600560 3.559900
      vertex 13.335000 3.602980 3.559810
      vertex 13.335000 3.598130 3.559860
    endloop
  endfacet
  facet normal 0 0 0
    outer loop
      vertex 13.335000 3.598130 3.559860
      vertex 13.335000 3.602980 3.559810
      vertex 13.335000 3.595700 3.559720
    endloop
  endfacet
  facet normal 0 0 0
    outer loop
      vertex 13.335000 3.595700 3.559720
      vertex 13.335000 3.602980 3.559810
      vertex 13.335000 3.593300 3.559450
    endloop
  endfacet
  facet normal 0 0 0
    outer loop
      vertex 13.335000 3.550000 3.509260
      vertex 13.335000 3.550270 3.504670
      vertex 13.335000 3.550090 3.506980
    endloop
  endfacet
  facet normal 0 0 0
    outer loop
      vertex 13.335000 3.550000 3.509260
      vertex 13.335000 3.550570 3.502360
      vertex 13.335000 3.550270 3.504670
    endloop
  endfacet
  facet normal 0 0 0
    outer loop
      vertex 13.335000 3.605400 3.559610
      vertex 13.335000 3.607800 3.559290
      vertex 13.335000 3.602980 3.559810
    endloop
  endfacet
  facet normal 0 0 0
    outer loop
      vertex 13.335000 3.550370 3.515940
      vertex 13.335000 3.550980 3.500040
      vertex 13.335000 3.550030 3.511530
    endloop
  endfacet
  facet normal 0 0 0
    outer loop
      vertex 13.335000 3.550030 3.511530
      vertex 13.335000 3.550980 3.500040
      vertex 13.335000 3.550000 3.509260
    endloop
  endfacet
  facet normal 0 0 0
    outer loop
      vertex 13.335000 3.550000 3.509260
      vertex 13.335000 3.550980 3.500040
      vertex 13.335000 3.550570 3.502360
    endloop
  endfacet
  facet normal 0 0 0
    outer loop
      vertex 13.335000 3.602980 3.559810
      vertex 13.335000 3.612500 3.558310
      vertex 13.335000 3.593300 3.559450
    endloop
  endfacet
  facet normal 0 0 0
    outer loop
      vertex 13.335000 3.607800 3.559290
      vertex 13.335000 3.612500 3.558310
      vertex 13.335000 3.602980 3.559810
    endloop
  endfacet
  facet normal 0 0 0
    outer loop
      vertex 13.335000 3.610170 3.558860
      vertex 13.335000 3.612500 3.558310
      vertex 13.335000 3.607800 3.559290
    endloop
  endfacet
  facet normal 0 0 0
    outer loop
      vertex 13.335000 3.550980 3.500040
      vertex 13.335000 3.552140 3.495420
      vertex 13.335000 3.551510 3.497720
    endloop
  endfacet
  facet normal 0 0 0
    outer loop
      vertex 13.335000 3.614800 3.557660
      vertex 13.335000 3.617040 3.556910
      vertex 13.335000 3.612500 3.558310
    endloop
  endfacet
  facet normal 0 0 0
    outer loop
      vertex 13.335000 3.617040 3.556910
      vertex 13.335000 3.619230 3.556060
      vertex 13.335000 3.612500 3.558310
    endloop
  endfacet
  facet normal 0 0 0
    outer loop
      vertex 13.335000 3.612500 3.558310
      vertex 13.335000 3.623410 3.554080
      vertex 13.335000 3.593300 3.559450
    endloop
  endfacet
  facet normal 0 0 0
    outer loop
      vertex 13.335000 3.619230 3.556060
      vertex 13.335000 3.623410 3.554080
      vertex 13.335000 3.612500 3.558310
    endloop
  endfacet
  facet normal 0 0 0
    outer loop
      vertex 13.335000 3.621350 3.555110
      vertex 13.335000 3.623410 3.554080
      vertex 13.335000 3.619230 3.556060
    endloop
  endfacet
  facet normal 0 0 0
    outer loop
      vertex 13.335000 3.553760 3.490880
      vertex 13.335000 3.555820 3.486490
      vertex 13.335000 3.554740 3.488660
    endloop
  endfacet
  facet normal 0 0 0
    outer loop
      vertex 13.335000 3.552140 3.495420
      vertex 13.335000 3.557010 3.484370
      vertex 13.335000 3.552900 3.493130
    endloop
  endfacet
  facet normal 0 0 0
    outer loop
      vertex 13.335000 3.552900 3.493130
      vertex 13.335000 3.557010 3.484370
      vertex 13.335000 3.553760 3.490880
    endloop
  endfacet
  facet normal 0 0 0
    outer loop
      vertex 13.335000 3.553760 3.490880
      vertex 13.335000 3.557010 3.484370
      vertex 13.335000 3.555820 3.486490
    endloop
  endfacet
  facet normal 0 0 0
    outer loop
      vertex 13.335000 3.550370 3.515940
      vertex 13.335000 3.558300 3.482310
      vertex 13.335000 3.550980 3.500040
    endloop
  endfacet
  facet normal 0 0 0
    outer loop
      vertex 13.335000 3.550980 3.500040
      vertex 13.335000 3.558300 3.482310
      vertex 13.335000 3.552140 3.495420
    endloop
  endfacet
  facet normal 0 0 0
    outer loop
      vertex 13.335000 3.552140 3.495420
      vertex 13.335000 3.558300 3.482310
      vertex 13.335000 3.557010 3.484370
    endloop
  endfacet
  facet normal 0 0 0
    outer loop
      vertex 13.335000 3.571690 3.551110
      vertex 13.335000 3.558300 3.482310
      vertex 13.335000 3.565050 3.545660
    endloop
  endfacet
  facet normal 0 0 0
    outer loop
      vertex 13.335000 3.565050 3.545660
      vertex 13.335000 3.558300 3.482310
      vertex 13.335000 3.554950 3.531590
    endloop
  endfacet
  facet normal 0 0 0
    outer loop
      vertex 13.335000 3.581770 3.556460
      vertex 13.335000 3.558300 3.482310
      vertex 13.335000 3.571690 3.551110
    endloop
  endfacet
  facet normal 0 0 0
    outer loop
      vertex 13.335000 3.554950 3.531590
      vertex 13.335000 3.558300 3.482310
      vertex 13.335000 3.550370 3.515940
    endloop
  endfacet
  facet normal 0 0 0
    outer loop
      vertex 13.335000 3.627300 3.551790
      vertex 13.335000 3.629130 3.550530
      vertex 13.335000 3.625390 3.552970
    endloop
  endfacet
  facet normal 0 0 0
    outer loop
      vertex 13.335000 3.625390 3.552970
      vertex 13.335000 3.629130 3.550530
      vertex 13.335000 3.623410 3.554080
    endloop
  endfacet
  facet normal 0 0 0
    outer loop
      vertex 13.335000 3.630880 3.549220
      vertex 13.335000 3.632550 3.547860
      vertex 13.335000 3.629130 3.550530
    endloop
  endfacet
  facet normal 0 0 0
    outer loop
      vertex 13.335000 3.629130 3.550530
      vertex 13.335000 3.632550 3.547860
      vertex 13.335000 3.623410 3.554080
    endloop
  endfacet
  facet normal 0 0 0
    outer loop
      vertex 13.335000 3.559690 3.480320
      vertex 13.335000 3.562730 3.476570
      vertex 13.335000 3.561160 3.478410
    endloop
  endfacet
  facet normal 0 0 0
    outer loop
      vertex 13.335000 3.558300 3.482310
      vertex 13.335000 3.566080 3.473170
      vertex 13.335000 3.559690 3.480320
    endloop
  endfacet
  facet normal 0 0 0
    outer loop
      vertex 13.335000 3.562730 3.476570
      vertex 13.335000 3.566080 3.473170
      vertex 13.335000 3.564370 3.474820
    endloop
  endfacet
  facet normal 0 0 0
    outer loop
      vertex 13.335000 3.559690 3.480320
      vertex 13.335000 3.566080 3.473170
      vertex 13.335000 3.562730 3.476570
    endloop
  endfacet
  facet normal 0 0 0
    outer loop
      vertex 13.335000 3.581770 3.556460
      vertex 13.335000 3.566080 3.473170
      vertex 13.335000 3.558300 3.482310
    endloop
  endfacet
  facet normal 0 0 0
    outer loop
      vertex 13.335000 3.583980 3.557260
      vertex 13.335000 3.566080 3.473170
      vertex 13.335000 3.581770 3.556460
    endloop
  endfacet
  facet normal 0 0 0
    outer loop
      vertex 13.335000 3.635620 3.544990
      vertex 13.335000 3.637030 3.543500
      vertex 13.335000 3.634130 3.546440
    endloop
  endfacet
  facet normal 0 0 0
    outer loop
      vertex 13.335000 3.634130 3.546440
      vertex 13.335000 3.638350 3.541980
      vertex 13.335000 3.632550 3.547860
    endloop
  endfacet
  facet normal 0 0 0
    outer loop
      vertex 13.335000 3.637030 3.543500
      vertex 13.335000 3.638350 3.541980
      vertex 13.335000 3.634130 3.546440
    endloop
  endfacet
  facet normal 0 0 0
    outer loop
      vertex 13.335000 3.639590 3.540440
      vertex 13.335000 3.640740 3.538880
      vertex 13.335000 3.638350 3.541980
    endloop
  endfacet
  facet normal 0 0 0
    outer loop
      vertex 13.335000 3.566080 3.473170
      vertex 13.335000 3.571570 3.468770
      vertex 13.335000 3.567850 3.471600
    endloop
  endfacet
  facet normal 0 0 0
    outer loop
      vertex 13.335000 3.567850 3.471600
      vertex 13.335000 3.571570 3.468770
      vertex 13.335000 3.569690 3.470140
    endloop
  endfacet
  facet normal 0 0 0
    outer loop
      vertex 13.335000 3.571570 3.468770
      vertex 13.335000 3.575450 3.466340
      vertex 13.335000 3.573490 3.467510
    endloop
  endfacet
  facet normal 0 0 0
    outer loop
      vertex 13.335000 3.583980 3.557260
      vertex 13.335000 3.575450 3.466340
      vertex 13.335000 3.566080 3.473170
    endloop
  endfacet
  facet normal 0 0 0
    outer loop
      vertex 13.335000 3.566080 3.473170
      vertex 13.335000 3.575450 3.466340
      vertex 13.335000 3.571570 3.468770
    endloop
  endfacet
  facet normal 0 0 0
    outer loop
      vertex 13.335000 3.642810 3.535740
      vertex 13.335000 3.643720 3.534150
      vertex 13.335000 3.641820 3.537310
    endloop
  endfacet
  facet normal 0 0 0
    outer loop
      vertex 13.335000 3.641820 3.537310
      vertex 13.335000 3.643720 3.534150
      vertex 13.335000 3.640740 3.538880
    endloop
  endfacet
  facet normal 0 0 0
    outer loop
      vertex 13.335000 3.644600 3.532510
      vertex 13.335000 3.645420 3.530800
      vertex 13.335000 3.643720 3.534150
    endloop
  endfacet
  facet normal 0 0 0
    outer loop
      vertex 13.335000 3.632550 3.547860
      vertex 13.335000 3.645420 3.530800
      vertex 13.335000 3.623410 3.554080
    endloop
  endfacet
  facet normal 0 0 0
    outer loop
      vertex 13.335000 3.643720 3.534150
      vertex 13.335000 3.645420 3.530800
      vertex 13.335000 3.640740 3.538880
    endloop
  endfacet
  facet normal 0 0 0
    outer loop
      vertex 13.335000 3.638350 3.541980
      vertex 13.335000 3.645420 3.530800
      vertex 13.335000 3.632550 3.547860
    endloop
  endfacet
  facet normal 0 0 0
    outer loop
      vertex 13.335000 3.640740 3.538880
      vertex 13.335000 3.645420 3.530800
      vertex 13.335000 3.638350 3.541980
    endloop
  endfacet
  facet normal 0 0 0
    outer loop
      vertex 13.335000 3.583980 3.557260
      vertex 13.335000 3.581440 3.463470
      vertex 13.335000 3.575450 3.466340
    endloop
  endfacet
  facet normal 0 0 0
    outer loop
      vertex 13.335000 3.575450 3.466340
      vertex 13.335000 3.581440 3.463470
      vertex 13.335000 3.577430 3.465290
    endloop
  endfacet
  facet normal 0 0 0
    outer loop
      vertex 13.335000 3.577430 3.465290
      vertex 13.335000 3.581440 3.463470
      vertex 13.335000 3.579430 3.464330
    endloop
  endfacet
  facet normal 0 0 0
    outer loop
      vertex 13.335000 3.646200 3.529030
      vertex 13.335000 3.646920 3.527190
      vertex 13.335000 3.645420 3.530800
    endloop
  endfacet
  facet normal 0 0 0
    outer loop
      vertex 13.335000 3.646920 3.527190
      vertex 13.335000 3.648160 3.523330
      vertex 13.335000 3.645420 3.530800
    endloop
  endfacet
  facet normal 0 0 0
    outer loop
      vertex 13.335000 3.647570 3.525290
      vertex 13.335000 3.648160 3.523330
      vertex 13.335000 3.646920 3.527190
    endloop
  endfacet
  facet normal 0 0 0
    outer loop
      vertex 13.335000 3.583980 3.557260
      vertex 13.335000 3.587470 3.461490
      vertex 13.335000 3.581440 3.463470
    endloop
  endfacet
  facet normal 0 0 0
    outer loop
      vertex 13.335000 3.581440 3.463470
      vertex 13.335000 3.587470 3.461490
      vertex 13.335000 3.583450 3.462720
    endloop
  endfacet
  facet normal 0 0 0
    outer loop
      vertex 13.335000 3.583450 3.462720
      vertex 13.335000 3.587470 3.461490
      vertex 13.335000 3.585470 3.462060
    endloop
  endfacet
  facet normal 0 0 0
    outer loop
      vertex 13.335000 3.648160 3.523330
      vertex 13.335000 3.649120 3.519240
      vertex 13.335000 3.645420 3.530800
    endloop
  endfacet
  facet normal 0 0 0
    outer loop
      vertex 13.335000 3.648680 3.521310
      vertex 13.335000 3.649120 3.519240
      vertex 13.335000 3.648160 3.523330
    endloop
  endfacet
  facet normal 0 0 0
    outer loop
      vertex 13.335000 3.587470 3.461490
      vertex 13.335000 3.591440 3.460640
      vertex 13.335000 3.589470 3.461020
    endloop
  endfacet
  facet normal 0 0 0
    outer loop
      vertex 13.335000 3.649920 3.512740
      vertex 13.335000 3.650000 3.510500
      vertex 13.335000 3.649740 3.514950
    endloop
  endfacet
  facet normal 0 0 0
    outer loop
      vertex 13.335000 3.649740 3.514950
      vertex 13.335000 3.650000 3.510500
      vertex 13.335000 3.649480 3.517120
    endloop
  endfacet
  facet normal 0 0 0
    outer loop
      vertex 13.335000 3.649480 3.517120
      vertex 13.335000 3.650000 3.510500
      vertex 13.335000 3.649120 3.519240
    endloop
  endfacet
  facet normal 0 0 0
    outer loop
      vertex 13.335000 3.597210 3.459980
      vertex 13.335000 3.600000 3.459900
      vertex 13.335000 3.598620 3.459920
    endloop
  endfacet
  facet normal 0 0 0
    outer loop
      vertex 13.335000 3.593300 3.559450
      vertex 13.335000 3.602280 3.459950
      vertex 13.335000 3.583980 3.557260
    endloop
  endfacet
  facet normal 0 0 0
    outer loop
      vertex 13.335000 3.583980 3.557260
      vertex 13.335000 3.602280 3.459950
      vertex 13.335000 3.587470 3.461490
    endloop
  endfacet
  facet normal 0 0 0
    outer loop
      vertex 13.335000 3.591440 3.460640
      vertex 13.335000 3.602280 3.459950
      vertex 13.335000 3.593390 3.460340
    endloop
  endfacet
  facet normal 0 0 0
    outer loop
      vertex 13.335000 3.593390 3.460340
      vertex 13.335000 3.602280 3.459950
      vertex 13.335000 3.595320 3.460120
    endloop
  endfacet
  facet normal 0 0 0
    outer loop
      vertex 13.335000 3.595320 3.460120
      vertex 13.335000 3.602280 3.459950
      vertex 13.335000 3.597210 3.459980
    endloop
  endfacet
  facet normal 0 0 0
    outer loop
      vertex 13.335000 3.587470 3.461490
      vertex 13.335000 3.602280 3.459950
      vertex 13.335000 3.591440 3.460640
    endloop
  endfacet
  facet normal 0 0 0
    outer loop
      vertex 13.335000 3.597210 3.459980
      vertex 13.335000 3.602280 3.459950
      vertex 13.335000 3.600000 3.459900
    endloop
  endfacet
  facet normal 0 0 0
    outer loop
      vertex 13.335000 3.623410 3.554080
      vertex 13.335000 3.604610 3.460110
      vertex 13.335000 3.593300 3.559450
    endloop
  endfacet
  facet normal 0 0 0
    outer loop
      vertex 13.335000 3.593300 3.559450
      vertex 13.335000 3.604610 3.460110
      vertex 13.335000 3.602280 3.459950
    endloop
  endfacet
  facet normal 0 0 0
    outer loop
      vertex 13.335000 3.649840 3.505930
      vertex 13.335000 3.649600 3.503620
      vertex 13.335000 3.649970 3.508220
    endloop
  endfacet
  facet normal 0 0 0
    outer loop
      vertex 13.335000 3.649970 3.508220
      vertex 13.335000 3.649600 3.503620
      vertex 13.335000 3.650000 3.510500
    endloop
  endfacet
  facet normal 0 0 0
    outer loop
      vertex 13.335000 3.650000 3.510500
      vertex 13.335000 3.649600 3.503620
      vertex 13.335000 3.649120 3.519240
    endloop
  endfacet
  facet normal 0 0 0
    outer loop
      vertex 13.335000 3.604610 3.460110
      vertex 13.335000 3.609410 3.460790
      vertex 13.335000 3.606990 3.460390
    endloop
  endfacet
  facet normal 0 0 0
    outer loop
      vertex 13.335000 3.604610 3.460110
      vertex 13.335000 3.611610 3.461270
      vertex 13.335000 3.609410 3.460790
    endloop
  endfacet
  facet normal 0 0 0
    outer loop
      vertex 13.335000 3.623410 3.554080
      vertex 13.335000 3.611610 3.461270
      vertex 13.335000 3.604610 3.460110
    endloop
  endfacet
  facet normal 0 0 0
    outer loop
      vertex 13.335000 3.648790 3.498980
      vertex 13.335000 3.648220 3.496660
      vertex 13.335000 3.649250 3.501300
    endloop
  endfacet
  facet normal 0 0 0
    outer loop
      vertex 13.335000 3.649250 3.501300
      vertex 13.335000 3.648220 3.496660
      vertex 13.335000 3.649600 3.503620
    endloop
  endfacet
  facet normal 0 0 0
    outer loop
      vertex 13.335000 3.611610 3.461270
      vertex 13.335000 3.615630 3.462400
      vertex 13.335000 3.613610 3.461790
    endloop
  endfacet
  facet normal 0 0 0
    outer loop
      vertex 13.335000 3.623410 3.554080
      vertex 13.335000 3.617640 3.463120
      vertex 13.335000 3.611610 3.461270
    endloop
  endfacet
  facet normal 0 0 0
    outer loop
      vertex 13.335000 3.611610 3.461270
      vertex 13.335000 3.617640 3.463120
      vertex 13.335000 3.615630 3.462400
    endloop
  endfacet
  facet normal 0 0 0
    outer loop
      vertex 13.335000 3.647530 3.494370
      vertex 13.335000 3.646720 3.492100
      vertex 13.335000 3.648220 3.496660
    endloop
  endfacet
  facet normal 0 0 0
    outer loop
      vertex 13.335000 3.645810 3.489860
      vertex 13.335000 3.644780 3.487660
      vertex 13.335000 3.646720 3.492100
    endloop
  endfacet
  facet normal 0 0 0
    outer loop
      vertex 13.335000 3.646720 3.492100
      vertex 13.335000 3.644780 3.487660
      vertex 13.335000 3.648220 3.496660
    endloop
  endfacet
  facet normal 0 0 0
    outer loop
      vertex 13.335000 3.621660 3.464840
      vertex 13.335000 3.625620 3.466960
      vertex 13.335000 3.623650 3.465850
    endloop
  endfacet
  facet normal 0 0 0
    outer loop
      vertex 13.335000 3.643650 3.485510
      vertex 13.335000 3.642410 3.483420
      vertex 13.335000 3.644780 3.487660
    endloop
  endfacet
  facet normal 0 0 0
    outer loop
      vertex 13.335000 3.649120 3.519240
      vertex 13.335000 3.642410 3.483420
      vertex 13.335000 3.645420 3.530800
    endloop
  endfacet
  facet normal 0 0 0
    outer loop
      vertex 13.335000 3.649600 3.503620
      vertex 13.335000 3.642410 3.483420
      vertex 13.335000 3.649120 3.519240
    endloop
  endfacet
  facet normal 0 0 0
    outer loop
      vertex 13.335000 3.648220 3.496660
      vertex 13.335000 3.642410 3.483420
      vertex 13.335000 3.649600 3.503620
    endloop
  endfacet
  facet normal 0 0 0
    outer loop
      vertex 13.335000 3.645420 3.530800
      vertex 13.335000 3.642410 3.483420
      vertex 13.335000 3.623410 3.554080
    endloop
  endfacet
  facet normal 0 0 0
    outer loop
      vertex 13.335000 3.644780 3.487660
      vertex 13.335000 3.642410 3.483420
      vertex 13.335000 3.648220 3.496660
    endloop
  endfacet
  facet normal 0 0 0
    outer loop
      vertex 13.335000 3.621660 3.464840
      vertex 13.335000 3.627560 3.468180
      vertex 13.335000 3.625620 3.466960
    endloop
  endfacet
  facet normal 0 0 0
    outer loop
      vertex 13.335000 3.617640 3.463120
      vertex 13.335000 3.629460 3.469500
      vertex 13.335000 3.619660 3.463930
    endloop
  endfacet
  facet normal 0 0 0
    outer loop
      vertex 13.335000 3.619660 3.463930
      vertex 13.335000 3.629460 3.469500
      vertex 13.335000 3.621660 3.464840
    endloop
  endfacet
  facet normal 0 0 0
    outer loop
      vertex 13.335000 3.621660 3.464840
      vertex 13.335000 3.629460 3.469500
      vertex 13.335000 3.627560 3.468180
    endloop
  endfacet
  facet normal 0 0 0
    outer loop
      vertex 13.335000 3.639650 3.479440
      vertex 13.335000 3.638130 3.477560
      vertex 13.335000 3.641080 3.481390
    endloop
  endfacet
  facet normal 0 0 0
    outer loop
      vertex 13.335000 3.642410 3.483420
      vertex 13.335000 3.633120 3.472440
      vertex 13.335000 3.623410 3.554080
    endloop
  endfacet
  facet normal 0 0 0
    outer loop
      vertex 13.335000 3.617640 3.463120
      vertex 13.335000 3.633120 3.472440
      vertex 13.335000 3.629460 3.469500
    endloop
  endfacet
  facet normal 0 0 0
    outer loop
      vertex 13.335000 3.629460 3.469500
      vertex 13.335000 3.633120 3.472440
      vertex 13.335000 3.631310 3.470920
    endloop
  endfacet
  facet normal 0 0 0
    outer loop
      vertex 13.335000 3.623410 3.554080
      vertex 13.335000 3.633120 3.472440
      vertex 13.335000 3.617640 3.463120
    endloop
  endfacet
  facet normal 0 0 0
    outer loop
      vertex 13.335000 3.638130 3.477560
      vertex 13.335000 3.636530 3.475760
      vertex 13.335000 3.641080 3.481390
    endloop
  endfacet
  facet normal 0 0 0
    outer loop
      vertex 13.335000 3.642410 3.483420
      vertex 13.335000 3.634860 3.474060
      vertex 13.335000 3.633120 3.472440
    endloop
  endfacet
  facet normal 0 0 0
    outer loop
      vertex 13.335000 3.641080 3.481390
      vertex 13.335000 3.634860 3.474060
      vertex 13.335000 3.642410 3.483420
    endloop
  endfacet
  facet normal 0 0 0
    outer loop
      vertex 13.335000 3.636530 3.475760
      vertex 13.335000 3.634860 3.474060
      vertex 13.335000 3.641080 3.481390
    endloop
  endfacet
  facet normal 0 0 0
    outer loop
      vertex 15.735000 3.562240 3.542680
      vertex 15.735000 3.565050 3.545660
      vertex 15.735000 3.563600 3.544180
    endloop
  endfacet
  facet normal 0 0 0
    outer loop
      vertex 15.735000 3.568200 3.548490
      vertex 15.735000 3.566580 3.547090
      vertex 15.735000 3.565050 3.545660
    endloop
  endfacet
  facet normal 0 0 0
    outer loop
      vertex 15.735000 3.559770 3.539600
      vertex 15.735000 3.565050 3.545660
      vertex 15.735000 3.562240 3.542680
    endloop
  endfacet
  facet normal 0 0 0
    outer loop
      vertex 15.735000 3.559770 3.539600
      vertex 15.735000 3.568200 3.548490
      vertex 15.735000 3.565050 3.545660
    endloop
  endfacet
  facet normal 0 0 0
    outer loop
      vertex 15.735000 3.559770 3.539600
      vertex 15.735000 3.562240 3.542680
      vertex 15.735000 3.560970 3.541150
    endloop
  endfacet
  facet normal 0 0 0
    outer loop
      vertex 15.735000 3.557640 3.536460
      vertex 15.735000 3.559770 3.539600
      vertex 15.735000 3.558660 3.538030
    endloop
  endfacet
  facet normal 0 0 0
    outer loop
      vertex 15.735000 3.573560 3.552340
      vertex 15.735000 3.571690 3.551110
      vertex 15.735000 3.569910 3.549830
    endloop
  endfacet
  facet normal 0 0 0
    outer loop
      vertex 15.735000 3.577520 3.554560
      vertex 15.735000 3.573560 3.552340
      vertex 15.735000 3.569910 3.549830
    endloop
  endfacet
  facet normal 0 0 0
    outer loop
      vertex 15.735000 3.577520 3.554560
      vertex 15.735000 3.575500 3.553490
      vertex 15.735000 3.573560 3.552340
    endloop
  endfacet
  facet normal 0 0 0
    outer loop
      vertex 15.735000 3.554950 3.531590
      vertex 15.735000 3.559770 3.539600
      vertex 15.735000 3.557640 3.536460
    endloop
  endfacet
  facet normal 0 0 0
    outer loop
      vertex 15.735000 3.554950 3.531590
      vertex 15.735000 3.557640 3.536460
      vertex 15.735000 3.556690 3.534880
    endloop
  endfacet
  facet normal 0 0 0
    outer loop
      vertex 15.735000 3.554950 3.531590
      vertex 15.735000 3.556690 3.534880
      vertex 15.735000 3.555800 3.533270
    endloop
  endfacet
  facet normal 0 0 0
    outer loop
      vertex 15.735000 3.552720 3.526160
      vertex 15.735000 3.559770 3.539600
      vertex 15.735000 3.554950 3.531590
    endloop
  endfacet
  facet normal 0 0 0
    outer loop
      vertex 15.735000 3.552720 3.526160
      vertex 15.735000 3.554950 3.531590
      vertex 15.735000 3.554150 3.529850
    endloop
  endfacet
  facet normal 0 0 0
    outer loop
      vertex 15.735000 3.552720 3.526160
      vertex 15.735000 3.554150 3.529850
      vertex 15.735000 3.553410 3.528040
    endloop
  endfacet
  facet normal 0 0 0
    outer loop
      vertex 15.735000 3.583980 3.557260
      vertex 15.735000 3.581770 3.556460
      vertex 15.735000 3.579610 3.555550
    endloop
  endfacet
  facet normal 0 0 0
    outer loop
      vertex 15.735000 3.583980 3.557260
      vertex 15.735000 3.579610 3.555550
      vertex 15.735000 3.577520 3.554560
    endloop
  endfacet
  facet normal 0 0 0
    outer loop
      vertex 15.735000 3.551550 3.522240
      vertex 15.735000 3.559770 3.539600
      vertex 15.735000 3.552720 3.526160
    endloop
  endfacet
  facet normal 0 0 0
    outer loop
      vertex 15.735000 3.551550 3.522240
      vertex 15.735000 3.552720 3.526160
      vertex 15.735000 3.552100 3.524230
    endloop
  endfacet
  facet normal 0 0 0
    outer loop
      vertex 15.735000 3.588560 3.558570
      vertex 15.735000 3.586250 3.557970
      vertex 15.735000 3.583980 3.557260
    endloop
  endfacet
  facet normal 0 0 0
    outer loop
      vertex 15.735000 3.588560 3.558570
      vertex 15.735000 3.583980 3.557260
      vertex 15.735000 3.577520 3.554560
    endloop
  endfacet
  facet normal 0 0 0
    outer loop
      vertex 15.735000 3.550680 3.518090
      vertex 15.735000 3.551550 3.522240
      vertex 15.735000 3.551070 3.520190
    endloop
  endfacet
  facet normal 0 0 0
    outer loop
      vertex 15.735000 3.550370 3.515940
      vertex 15.735000 3.551550 3.522240
      vertex 15.735000 3.550680 3.518090
    endloop
  endfacet
  facet normal 0 0 0
    outer loop
      vertex 15.735000 3.550150 3.513750
      vertex 15.735000 3.551550 3.522240
      vertex 15.735000 3.550370 3.515940
    endloop
  endfacet
  facet normal 0 0 0
    outer loop
      vertex 15.735000 3.550150 3.513750
      vertex 15.735000 3.568200 3.548490
      vertex 15.735000 3.559770 3.539600
    endloop
  endfacet
  facet normal 0 0 0
    outer loop
      vertex 15.735000 3.550150 3.513750
      vertex 15.735000 3.569910 3.549830
      vertex 15.735000 3.568200 3.548490
    endloop
  endfacet
  facet normal 0 0 0
    outer loop
      vertex 15.735000 3.550150 3.513750
      vertex 15.735000 3.559770 3.539600
      vertex 15.735000 3.551550 3.522240
    endloop
  endfacet
  facet normal 0 0 0
    outer loop
      vertex 15.735000 3.598130 3.559860
      vertex 15.735000 3.595700 3.559720
      vertex 15.735000 3.593300 3.559450
    endloop
  endfacet
  facet normal 0 0 0
    outer loop
      vertex 15.735000 3.598130 3.559860
      vertex 15.735000 3.593300 3.559450
      vertex 15.735000 3.590910 3.559070
    endloop
  endfacet
  facet normal 0 0 0
    outer loop
      vertex 15.735000 3.550090 3.506980
      vertex 15.735000 3.550030 3.511530
      vertex 15.735000 3.550000 3.509260
    endloop
  endfacet
  facet normal 0 0 0
    outer loop
      vertex 15.735000 3.602980 3.559810
      vertex 15.735000 3.600560 3.559900
      vertex 15.735000 3.598130 3.559860
    endloop
  endfacet
  facet normal 0 0 0
    outer loop
      vertex 15.735000 3.550570 3.502360
      vertex 15.735000 3.550150 3.513750
      vertex 15.735000 3.550030 3.511530
    endloop
  endfacet
  facet normal 0 0 0
    outer loop
      vertex 15.735000 3.550570 3.502360
      vertex 15.735000 3.550090 3.506980
      vertex 15.735000 3.550270 3.504670
    endloop
  endfacet
  facet normal 0 0 0
    outer loop
      vertex 15.735000 3.550570 3.502360
      vertex 15.735000 3.569910 3.549830
      vertex 15.735000 3.550150 3.513750
    endloop
  endfacet
  facet normal 0 0 0
    outer loop
      vertex 15.735000 3.550570 3.502360
      vertex 15.735000 3.577520 3.554560
      vertex 15.735000 3.569910 3.549830
    endloop
  endfacet
  facet normal 0 0 0
    outer loop
      vertex 15.735000 3.550570 3.502360
      vertex 15.735000 3.588560 3.558570
      vertex 15.735000 3.577520 3.554560
    endloop
  endfacet
  facet normal 0 0 0
    outer loop
      vertex 15.735000 3.550570 3.502360
      vertex 15.735000 3.550030 3.511530
      vertex 15.735000 3.550090 3.506980
    endloop
  endfacet
  facet normal 0 0 0
    outer loop
      vertex 15.735000 3.607800 3.559290
      vertex 15.735000 3.605400 3.559610
      vertex 15.735000 3.602980 3.559810
    endloop
  endfacet
  facet normal 0 0 0
    outer loop
      vertex 15.735000 3.551510 3.497720
      vertex 15.735000 3.550570 3.502360
      vertex 15.735000 3.550980 3.500040
    endloop
  endfacet
  facet normal 0 0 0
    outer loop
      vertex 15.735000 3.612500 3.558310
      vertex 15.735000 3.602980 3.559810
      vertex 15.735000 3.598130 3.559860
    endloop
  endfacet
  facet normal 0 0 0
    outer loop
      vertex 15.735000 3.612500 3.558310
      vertex 15.735000 3.598130 3.559860
      vertex 15.735000 3.590910 3.559070
    endloop
  endfacet
  facet normal 0 0 0
    outer loop
      vertex 15.735000 3.612500 3.558310
      vertex 15.735000 3.607800 3.559290
      vertex 15.735000 3.602980 3.559810
    endloop
  endfacet
  facet normal 0 0 0
    outer loop
      vertex 15.735000 3.612500 3.558310
      vertex 15.735000 3.610170 3.558860
      vertex 15.735000 3.607800 3.559290
    endloop
  endfacet
  facet normal 0 0 0
    outer loop
      vertex 15.735000 3.612500 3.558310
      vertex 15.735000 3.590910 3.559070
      vertex 15.735000 3.588560 3.558570
    endloop
  endfacet
  facet normal 0 0 0
    outer loop
      vertex 15.735000 3.552900 3.493130
      vertex 15.735000 3.551510 3.497720
      vertex 15.735000 3.552140 3.495420
    endloop
  endfacet
  facet normal 0 0 0
    outer loop
      vertex 15.735000 3.617040 3.556910
      vertex 15.735000 3.614800 3.557660
      vertex 15.735000 3.612500 3.558310
    endloop
  endfacet
  facet normal 0 0 0
    outer loop
      vertex 15.735000 3.553760 3.490880
      vertex 15.735000 3.588560 3.558570
      vertex 15.735000 3.550570 3.502360
    endloop
  endfacet
  facet normal 0 0 0
    outer loop
      vertex 15.735000 3.553760 3.490880
      vertex 15.735000 3.550570 3.502360
      vertex 15.735000 3.551510 3.497720
    endloop
  endfacet
  facet normal 0 0 0
    outer loop
      vertex 15.735000 3.553760 3.490880
      vertex 15.735000 3.612500 3.558310
      vertex 15.735000 3.588560 3.558570
    endloop
  endfacet
  facet normal 0 0 0
    outer loop
      vertex 15.735000 3.553760 3.490880
      vertex 15.735000 3.551510 3.497720
      vertex 15.735000 3.552900 3.493130
    endloop
  endfacet
  facet normal 0 0 0
    outer loop
      vertex 15.735000 3.623410 3.554080
      vertex 15.735000 3.621350 3.555110
      vertex 15.735000 3.619230 3.556060
    endloop
  endfacet
  facet normal 0 0 0
    outer loop
      vertex 15.735000 3.623410 3.554080
      vertex 15.735000 3.619230 3.556060
      vertex 15.735000 3.617040 3.556910
    endloop
  endfacet
  facet normal 0 0 0
    outer loop
      vertex 15.735000 3.625390 3.552970
      vertex 15.735000 3.553760 3.490880
      vertex 15.735000 3.554740 3.488660
    endloop
  endfacet
  facet normal 0 0 0
    outer loop
      vertex 15.735000 3.625390 3.552970
      vertex 15.735000 3.612500 3.558310
      vertex 15.735000 3.553760 3.490880
    endloop
  endfacet
  facet normal 0 0 0
    outer loop
      vertex 15.735000 3.625390 3.552970
      vertex 15.735000 3.617040 3.556910
      vertex 15.735000 3.612500 3.558310
    endloop
  endfacet
  facet normal 0 0 0
    outer loop
      vertex 15.735000 3.625390 3.552970
      vertex 15.735000 3.623410 3.554080
      vertex 15.735000 3.617040 3.556910
    endloop
  endfacet
  facet normal 0 0 0
    outer loop
      vertex 15.735000 3.557010 3.484370
      vertex 15.735000 3.554740 3.488660
      vertex 15.735000 3.555820 3.486490
    endloop
  endfacet
  facet normal 0 0 0
    outer loop
      vertex 15.735000 3.558300 3.482310
      vertex 15.735000 3.554740 3.488660
      vertex 15.735000 3.557010 3.484370
    endloop
  endfacet
  facet normal 0 0 0
    outer loop
      vertex 15.735000 3.629130 3.550530
      vertex 15.735000 3.627300 3.551790
      vertex 15.735000 3.625390 3.552970
    endloop
  endfacet
  facet normal 0 0 0
    outer loop
      vertex 15.735000 3.559690 3.480320
      vertex 15.735000 3.625390 3.552970
      vertex 15.735000 3.554740 3.488660
    endloop
  endfacet
  facet normal 0 0 0
    outer loop
      vertex 15.735000 3.559690 3.480320
      vertex 15.735000 3.554740 3.488660
      vertex 15.735000 3.558300 3.482310
    endloop
  endfacet
  facet normal 0 0 0
    outer loop
      vertex 15.735000 3.632550 3.547860
      vertex 15.735000 3.630880 3.549220
      vertex 15.735000 3.629130 3.550530
    endloop
  endfacet
  facet normal 0 0 0
    outer loop
      vertex 15.735000 3.562730 3.476570
      vertex 15.735000 3.559690 3.480320
      vertex 15.735000 3.561160 3.478410
    endloop
  endfacet
  facet normal 0 0 0
    outer loop
      vertex 15.735000 3.637030 3.543500
      vertex 15.735000 3.635620 3.544990
      vertex 15.735000 3.634130 3.546440
    endloop
  endfacet
  facet normal 0 0 0
    outer loop
      vertex 15.735000 3.567850 3.471600
      vertex 15.735000 3.562730 3.476570
      vertex 15.735000 3.564370 3.474820
    endloop
  endfacet
  facet normal 0 0 0
    outer loop
      vertex 15.735000 3.567850 3.471600
      vertex 15.735000 3.564370 3.474820
      vertex 15.735000 3.566080 3.473170
    endloop
  endfacet
  facet normal 0 0 0
    outer loop
      vertex 15.735000 3.567850 3.471600
      vertex 15.735000 3.559690 3.480320
      vertex 15.735000 3.562730 3.476570
    endloop
  endfacet
  facet normal 0 0 0
    outer loop
      vertex 15.735000 3.638350 3.541980
      vertex 15.735000 3.634130 3.546440
      vertex 15.735000 3.632550 3.547860
    endloop
  endfacet
  facet normal 0 0 0
    outer loop
      vertex 15.735000 3.638350 3.541980
      vertex 15.735000 3.632550 3.547860
      vertex 15.735000 3.629130 3.550530
    endloop
  endfacet
  facet normal 0 0 0
    outer loop
      vertex 15.735000 3.638350 3.541980
      vertex 15.735000 3.637030 3.543500
      vertex 15.735000 3.634130 3.546440
    endloop
  endfacet
  facet normal 0 0 0
    outer loop
      vertex 15.735000 3.639590 3.540440
      vertex 15.735000 3.638350 3.541980
      vertex 15.735000 3.629130 3.550530
    endloop
  endfacet
  facet normal 0 0 0
    outer loop
      vertex 15.735000 3.642810 3.535740
      vertex 15.735000 3.641820 3.537310
      vertex 15.735000 3.640740 3.538880
    endloop
  endfacet
  facet normal 0 0 0
    outer loop
      vertex 15.735000 3.642810 3.535740
      vertex 15.735000 3.640740 3.538880
      vertex 15.735000 3.639590 3.540440
    endloop
  endfacet
  facet normal 0 0 0
    outer loop
      vertex 15.735000 3.642810 3.535740
      vertex 15.735000 3.639590 3.540440
      vertex 15.735000 3.629130 3.550530
    endloop
  endfacet
  facet normal 0 0 0
    outer loop
      vertex 15.735000 3.575450 3.466340
      vertex 15.735000 3.567850 3.471600
      vertex 15.735000 3.569690 3.470140
    endloop
  endfacet
  facet normal 0 0 0
    outer loop
      vertex 15.735000 3.575450 3.466340
      vertex 15.735000 3.569690 3.470140
      vertex 15.735000 3.571570 3.468770
    endloop
  endfacet
  facet normal 0 0 0
    outer loop
      vertex 15.735000 3.575450 3.466340
      vertex 15.735000 3.571570 3.468770
      vertex 15.735000 3.573490 3.467510
    endloop
  endfacet
  facet normal 0 0 0
    outer loop
      vertex 15.735000 3.575450 3.466340
      vertex 15.735000 3.559690 3.480320
      vertex 15.735000 3.567850 3.471600
    endloop
  endfacet
  facet normal 0 0 0
    outer loop
      vertex 15.735000 3.643720 3.534150
      vertex 15.735000 3.642810 3.535740
      vertex 15.735000 3.629130 3.550530
    endloop
  endfacet
  facet normal 0 0 0
    outer loop
      vertex 15.735000 3.644600 3.532510
      vertex 15.735000 3.643720 3.534150
      vertex 15.735000 3.629130 3.550530
    endloop
  endfacet
  facet normal 0 0 0
    outer loop
      vertex 15.735000 3.581440 3.463470
      vertex 15.735000 3.575450 3.466340
      vertex 15.735000 3.577430 3.465290
    endloop
  endfacet
  facet normal 0 0 0
    outer loop
      vertex 15.735000 3.581440 3.463470
      vertex 15.735000 3.577430 3.465290
      vertex 15.735000 3.579430 3.464330
    endloop
  endfacet
  facet normal 0 0 0
    outer loop
      vertex 15.735000 3.647570 3.525290
      vertex 15.735000 3.646920 3.527190
      vertex 15.735000 3.646200 3.529030
    endloop
  endfacet
  facet normal 0 0 0
    outer loop
      vertex 15.735000 3.647570 3.525290
      vertex 15.735000 3.646200 3.529030
      vertex 15.735000 3.645420 3.530800
    endloop
  endfacet
  facet normal 0 0 0
    outer loop
      vertex 15.735000 3.585470 3.462060
      vertex 15.735000 3.581440 3.463470
      vertex 15.735000 3.583450 3.462720
    endloop
  endfacet
  facet normal 0 0 0
    outer loop
      vertex 15.735000 3.587470 3.461490
      vertex 15.735000 3.581440 3.463470
      vertex 15.735000 3.585470 3.462060
    endloop
  endfacet
  facet normal 0 0 0
    outer loop
      vertex 15.735000 3.649120 3.519240
      vertex 15.735000 3.647570 3.525290
      vertex 15.735000 3.645420 3.530800
    endloop
  endfacet
  facet normal 0 0 0
    outer loop
      vertex 15.735000 3.649120 3.519240
      vertex 15.735000 3.648680 3.521310
      vertex 15.735000 3.648160 3.523330
    endloop
  endfacet
  facet normal 0 0 0
    outer loop
      vertex 15.735000 3.649120 3.519240
      vertex 15.735000 3.648160 3.523330
      vertex 15.735000 3.647570 3.525290
    endloop
  endfacet
  facet normal 0 0 0
    outer loop
      vertex 15.735000 3.591440 3.460640
      vertex 15.735000 3.587470 3.461490
      vertex 15.735000 3.589470 3.461020
    endloop
  endfacet
  facet normal 0 0 0
    outer loop
      vertex 15.735000 3.649740 3.514950
      vertex 15.735000 3.649120 3.519240
      vertex 15.735000 3.645420 3.530800
    endloop
  endfacet
  facet normal 0 0 0
    outer loop
      vertex 15.735000 3.649740 3.514950
      vertex 15.735000 3.649480 3.517120
      vertex 15.735000 3.649120 3.519240
    endloop
  endfacet
  facet normal 0 0 0
    outer loop
      vertex 15.735000 3.595320 3.460120
      vertex 15.735000 3.591440 3.460640
      vertex 15.735000 3.593390 3.460340
    endloop
  endfacet
  facet normal 0 0 0
    outer loop
      vertex 15.735000 3.595320 3.460120
      vertex 15.735000 3.587470 3.461490
      vertex 15.735000 3.591440 3.460640
    endloop
  endfacet
  facet normal 0 0 0
    outer loop
      vertex 15.735000 3.597210 3.459980
      vertex 15.735000 3.559690 3.480320
      vertex 15.735000 3.575450 3.466340
    endloop
  endfacet
  facet normal 0 0 0
    outer loop
      vertex 15.735000 3.597210 3.459980
      vertex 15.735000 3.581440 3.463470
      vertex 15.735000 3.587470 3.461490
    endloop
  endfacet
  facet normal 0 0 0
    outer loop
      vertex 15.735000 3.597210 3.459980
      vertex 15.735000 3.575450 3.466340
      vertex 15.735000 3.581440 3.463470
    endloop
  endfacet
  facet normal 0 0 0
    outer loop
      vertex 15.735000 3.597210 3.459980
      vertex 15.735000 3.587470 3.461490
      vertex 15.735000 3.595320 3.460120
    endloop
  endfacet
  facet normal 0 0 0
    outer loop
      vertex 15.735000 3.597210 3.459980
      vertex 15.735000 3.625390 3.552970
      vertex 15.735000 3.559690 3.480320
    endloop
  endfacet
  facet normal 0 0 0
    outer loop
      vertex 15.735000 3.597210 3.459980
      vertex 15.735000 3.629130 3.550530
      vertex 15.735000 3.625390 3.552970
    endloop
  endfacet
  facet normal 0 0 0
    outer loop
      vertex 15.735000 3.650000 3.510500
      vertex 15.735000 3.649920 3.512740
      vertex 15.735000 3.649740 3.514950
    endloop
  endfacet
  facet normal 0 0 0
    outer loop
      vertex 15.735000 3.649840 3.505930
      vertex 15.735000 3.649970 3.508220
      vertex 15.735000 3.650000 3.510500
    endloop
  endfacet
  facet normal 0 0 0
    outer loop
      vertex 15.735000 3.604610 3.460110
      vertex 15.735000 3.600000 3.459900
      vertex 15.735000 3.602280 3.459950
    endloop
  endfacet
  facet normal 0 0 0
    outer loop
      vertex 15.735000 3.604610 3.460110
      vertex 15.735000 3.597210 3.459980
      vertex 15.735000 3.598620 3.459920
    endloop
  endfacet
  facet normal 0 0 0
    outer loop
      vertex 15.735000 3.604610 3.460110
      vertex 15.735000 3.598620 3.459920
      vertex 15.735000 3.600000 3.459900
    endloop
  endfacet
  facet normal 0 0 0
    outer loop
      vertex 15.735000 3.649600 3.503620
      vertex 15.735000 3.649840 3.505930
      vertex 15.735000 3.650000 3.510500
    endloop
  endfacet
  facet normal 0 0 0
    outer loop
      vertex 15.735000 3.609410 3.460790
      vertex 15.735000 3.604610 3.460110
      vertex 15.735000 3.606990 3.460390
    endloop
  endfacet
  facet normal 0 0 0
    outer loop
      vertex 15.735000 3.609410 3.460790
      vertex 15.735000 3.597210 3.459980
      vertex 15.735000 3.604610 3.460110
    endloop
  endfacet
  facet normal 0 0 0
    outer loop
      vertex 15.735000 3.611610 3.461270
      vertex 15.735000 3.644600 3.532510
      vertex 15.735000 3.629130 3.550530
    endloop
  endfacet
  facet normal 0 0 0
    outer loop
      vertex 15.735000 3.611610 3.461270
      vertex 15.735000 3.629130 3.550530
      vertex 15.735000 3.597210 3.459980
    endloop
  endfacet
  facet normal 0 0 0
    outer loop
      vertex 15.735000 3.611610 3.461270
      vertex 15.735000 3.597210 3.459980
      vertex 15.735000 3.609410 3.460790
    endloop
  endfacet
  facet normal 0 0 0
    outer loop
      vertex 15.735000 3.648220 3.496660
      vertex 15.735000 3.650000 3.510500
      vertex 15.735000 3.649740 3.514950
    endloop
  endfacet
  facet normal 0 0 0
    outer loop
      vertex 15.735000 3.648220 3.496660
      vertex 15.735000 3.648790 3.498980
      vertex 15.735000 3.649250 3.501300
    endloop
  endfacet
  facet normal 0 0 0
    outer loop
      vertex 15.735000 3.648220 3.496660
      vertex 15.735000 3.649250 3.501300
      vertex 15.735000 3.649600 3.503620
    endloop
  endfacet
  facet normal 0 0 0
    outer loop
      vertex 15.735000 3.648220 3.496660
      vertex 15.735000 3.649600 3.503620
      vertex 15.735000 3.650000 3.510500
    endloop
  endfacet
  facet normal 0 0 0
    outer loop
      vertex 15.735000 3.647530 3.494370
      vertex 15.735000 3.648220 3.496660
      vertex 15.735000 3.649740 3.514950
    endloop
  endfacet
  facet normal 0 0 0
    outer loop
      vertex 15.735000 3.615630 3.462400
      vertex 15.735000 3.611610 3.461270
      vertex 15.735000 3.613610 3.461790
    endloop
  endfacet
  facet normal 0 0 0
    outer loop
      vertex 15.735000 3.615630 3.462400
      vertex 15.735000 3.645420 3.530800
      vertex 15.735000 3.644600 3.532510
    endloop
  endfacet
  facet normal 0 0 0
    outer loop
      vertex 15.735000 3.615630 3.462400
      vertex 15.735000 3.644600 3.532510
      vertex 15.735000 3.611610 3.461270
    endloop
  endfacet
  facet normal 0 0 0
    outer loop
      vertex 15.735000 3.645810 3.489860
      vertex 15.735000 3.649740 3.514950
      vertex 15.735000 3.645420 3.530800
    endloop
  endfacet
  facet normal 0 0 0
    outer loop
      vertex 15.735000 3.645810 3.489860
      vertex 15.735000 3.646720 3.492100
      vertex 15.735000 3.647530 3.494370
    endloop
  endfacet
  facet normal 0 0 0
    outer loop
      vertex 15.735000 3.645810 3.489860
      vertex 15.735000 3.647530 3.494370
      vertex 15.735000 3.649740 3.514950
    endloop
  endfacet
  facet normal 0 0 0
    outer loop
      vertex 15.735000 3.621660 3.464840
      vertex 15.735000 3.615630 3.462400
      vertex 15.735000 3.617640 3.463120
    endloop
  endfacet
  facet normal 0 0 0
    outer loop
      vertex 15.735000 3.621660 3.464840
      vertex 15.735000 3.617640 3.463120
      vertex 15.735000 3.619660 3.463930
    endloop
  endfacet
  facet normal 0 0 0
    outer loop
      vertex 15.735000 3.642410 3.483420
      vertex 15.735000 3.643650 3.485510
      vertex 15.735000 3.644780 3.487660
    endloop
  endfacet
  facet normal 0 0 0
    outer loop
      vertex 15.735000 3.642410 3.483420
      vertex 15.735000 3.644780 3.487660
      vertex 15.735000 3.645810 3.489860
    endloop
  endfacet
  facet normal 0 0 0
    outer loop
      vertex 15.735000 3.642410 3.483420
      vertex 15.735000 3.645810 3.489860
      vertex 15.735000 3.645420 3.530800
    endloop
  endfacet
  facet normal 0 0 0
    outer loop
      vertex 15.735000 3.642410 3.483420
      vertex 15.735000 3.645420 3.530800
      vertex 15.735000 3.615630 3.462400
    endloop
  endfacet
  facet normal 0 0 0
    outer loop
      vertex 15.735000 3.627560 3.468180
      vertex 15.735000 3.621660 3.464840
      vertex 15.735000 3.623650 3.465850
    endloop
  endfacet
  facet normal 0 0 0
    outer loop
      vertex 15.735000 3.627560 3.468180
      vertex 15.735000 3.623650 3.465850
      vertex 15.735000 3.625620 3.466960
    endloop
  endfacet
  facet normal 0 0 0
    outer loop
      vertex 15.735000 3.631310 3.470920
      vertex 15.735000 3.621660 3.464840
      vertex 15.735000 3.627560 3.468180
    endloop
  endfacet
  facet normal 0 0 0
    outer loop
      vertex 15.735000 3.631310 3.470920
      vertex 15.735000 3.627560 3.468180
      vertex 15.735000 3.629460 3.469500
    endloop
  endfacet
  facet normal 0 0 0
    outer loop
      vertex 15.735000 3.631310 3.470920
      vertex 15.735000 3.615630 3.462400
      vertex 15.735000 3.621660 3.464840
    endloop
  endfacet
  facet normal 0 0 0
    outer loop
      vertex 15.735000 3.638130 3.477560
      vertex 15.735000 3.639650 3.479440
      vertex 15.735000 3.641080 3.481390
    endloop
  endfacet
  facet normal 0 0 0
    outer loop
      vertex 15.735000 3.636530 3.475760
      vertex 15.735000 3.642410 3.483420
      vertex 15.735000 3.615630 3.462400
    endloop
  endfacet
  facet normal 0 0 0
    outer loop
      vertex 15.735000 3.636530 3.475760
      vertex 15.735000 3.615630 3.462400
      vertex 15.735000 3.631310 3.470920
    endloop
  endfacet
  facet normal 0 0 0
    outer loop
      vertex 15.735000 3.636530 3.475760
      vertex 15.735000 3.638130 3.477560
      vertex 15.735000 3.641080 3.481390
    endloop
  endfacet
  facet normal 0 0 0
    outer loop
      vertex 15.735000 3.636530 3.475760
      vertex 15.735000 3.641080 3.481390
      vertex 15.735000 3.642410 3.483420
    endloop
  endfacet
  facet normal 0 0 0
    outer loop
      vertex 15.735000 3.634860 3.474060
      vertex 15.735000 3.631310 3.470920
      vertex 15.735000 3.633120 3.472440
    endloop
  endfacet
  facet normal 0 0 0
    outer loop
      vertex 15.735000 3.634860 3.474060
      vertex 15.735000 3.636530 3.475760
      vertex 15.735000 3.631310 3.470920
    endloop
  endfacet
  facet normal 0 0 0
    outer loop
      vertex 13.335000 4.600000 3.459900
      vertex 15.735000 4.600000 3.459900
      vertex 15.735000 4.598620 3.459920
    endloop
  endfacet
  facet normal 0 0 0
    outer loop
      vertex 13.335000 4.598620 3.459920
      vertex 13.335000 4.600000 3.459900
      vertex 15.735000 4.598620 3.459920
    endloop
  endfacet
  facet normal 0 0 0
    outer loop
      vertex 13.335000 4.597210 3.459980
      vertex 15.735000 4.597210 3.459980
      vertex 15.735000 4.595320 3.460120
    endloop
  endfacet
  facet normal 0 0 0
    outer loop
      vertex 13.335000 4.597210 3.459980
      vertex 15.735000 4.598620 3.459920
      vertex 15.735000 4.597210 3.459980
    endloop
  endfacet
  facet normal 0 0 0
    outer loop
      vertex 13.335000 4.597210 3.459980
      vertex 13.335000 4.598620 3.459920
      vertex 15.735000 4.598620 3.459920
    endloop
  endfacet
  facet normal 0 0 0
    outer loop
      vertex 13.335000 4.595320 3.460120
      vertex 15.735000 4.595320 3.460120
      vertex 15.735000 4.593390 3.460340
    endloop
  endfacet
  facet normal 0 0 0
    outer loop
      vertex 13.335000 4.595320 3.460120
      vertex 13.335000 4.597210 3.459980
      vertex 15.735000 4.595320 3.460120
    endloop
  endfacet
  facet normal 0 0 0
    outer loop
      vertex 13.335000 4.593390 3.460340
      vertex 15.735000 4.593390 3.460340
      vertex 15.735000 4.591440 3.460640
    endloop
  endfacet
  facet normal 0 0 0
    outer loop
      vertex 13.335000 4.593390 3.460340
      vertex 13.335000 4.595320 3.460120
      vertex 15.735000 4.593390 3.460340
    endloop
  endfacet
  facet normal 0 0 0
    outer loop
      vertex 13.335000 4.591440 3.460640
      vertex 15.735000 4.591440 3.460640
      vertex 15.735000 4.589470 3.461020
    endloop
  endfacet
  facet normal 0 0 0
    outer loop
      vertex 13.335000 4.591440 3.460640
      vertex 13.335000 4.593390 3.460340
      vertex 15.735000 4.591440 3.460640
    endloop
  endfacet
  facet normal 0 0 0
    outer loop
      vertex 13.335000 4.589470 3.461020
      vertex 15.735000 4.589470 3.461020
      vertex 15.735000 4.587470 3.461490
    endloop
  endfacet
  facet normal 0 0 0
    outer loop
      vertex 13.335000 4.589470 3.461020
      vertex 13.335000 4.591440 3.460640
      vertex 15.735000 4.589470 3.461020
    endloop
  endfacet
  facet normal 0 0 0
    outer loop
      vertex 13.335000 4.587470 3.461490
      vertex 15.735000 4.587470 3.461490
      vertex 15.735000 4.585470 3.462060
    endloop
  endfacet
  facet normal 0 0 0
    outer loop
      vertex 13.335000 4.587470 3.461490
      vertex 13.335000 4.589470 3.461020
      vertex 15.735000 4.587470 3.461490
    endloop
  endfacet
  facet normal 0 0 0
    outer loop
      vertex 13.335000 4.585470 3.462060
      vertex 15.735000 4.585470 3.462060
      vertex 15.735000 4.583450 3.462720
    endloop
  endfacet
  facet normal 0 0 0
    outer loop
      vertex 13.335000 4.585470 3.462060
      vertex 13.335000 4.587470 3.461490
      vertex 15.735000 4.585470 3.462060
    endloop
  endfacet
  facet normal 0 0 0
    outer loop
      vertex 13.335000 4.583450 3.462720
      vertex 15.735000 4.583450 3.462720
      vertex 15.735000 4.581440 3.463470
    endloop
  endfacet
  facet normal 0 0 0
    outer loop
      vertex 13.335000 4.583450 3.462720
      vertex 13.335000 4.585470 3.462060
      vertex 15.735000 4.583450 3.462720
    endloop
  endfacet
  facet normal 0 0 0
    outer loop
      vertex 13.335000 4.581440 3.463470
      vertex 13.335000 4.583450 3.462720
      vertex 15.735000 4.581440 3.463470
    endloop
  endfacet
  facet normal 0 0 0
    outer loop
      vertex 13.335000 4.579430 3.464330
      vertex 15.735000 4.579430 3.464330
      vertex 15.735000 4.577430 3.465290
    endloop
  endfacet
  facet normal 0 0 0
    outer loop
      vertex 13.335000 4.579430 3.464330
      vertex 15.735000 4.581440 3.463470
      vertex 15.735000 4.579430 3.464330
    endloop
  endfacet
  facet normal 0 0 0
    outer loop
      vertex 13.335000 4.579430 3.464330
      vertex 13.335000 4.581440 3.463470
      vertex 15.735000 4.581440 3.463470
    endloop
  endfacet
  facet normal 0 0 0
    outer loop
      vertex 13.335000 4.577430 3.465290
      vertex 13.335000 4.579430 3.464330
      vertex 15.735000 4.577430 3.465290
    endloop
  endfacet
  facet normal 0 0 0
    outer loop
      vertex 13.335000 4.575450 3.466340
      vertex 15.735000 4.577430 3.465290
      vertex 15.735000 4.575450 3.466340
    endloop
  endfacet
  facet normal 0 0 0
    outer loop
      vertex 13.335000 4.575450 3.466340
      vertex 13.335000 4.577430 3.465290
      vertex 15.735000 4.577430 3.465290
    endloop
  endfacet
  facet normal 0 0 0
    outer loop
      vertex 13.335000 4.573490 3.467510
      vertex 15.735000 4.575450 3.466340
      vertex 15.735000 4.573490 3.467510
    endloop
  endfacet
  facet normal 0 0 0
    outer loop
      vertex 13.335000 4.573490 3.467510
      vertex 13.335000 4.575450 3.466340
      vertex 15.735000 4.575450 3.466340
    endloop
  endfacet
  facet normal 0 0 0
    outer loop
      vertex 13.335000 4.571570 3.468770
      vertex 15.735000 4.573490 3.467510
      vertex 15.735000 4.571570 3.468770
    endloop
  endfacet
  facet normal 0 0 0
    outer loop
      vertex 13.335000 4.571570 3.468770
      vertex 13.335000 4.573490 3.467510
      vertex 15.735000 4.573490 3.467510
    endloop
  endfacet
  facet normal 0 0 0
    outer loop
      vertex 13.335000 4.569690 3.470140
      vertex 15.735000 4.569690 3.470140
      vertex 15.735000 4.567850 3.471600
    endloop
  endfacet
  facet normal 0 0 0
    outer loop
      vertex 13.335000 4.569690 3.470140
      vertex 15.735000 4.571570 3.468770
      vertex 15.735000 4.569690 3.470140
    endloop
  endfacet
  facet normal 0 0 0
    outer loop
      vertex 13.335000 4.569690 3.470140
      vertex 13.335000 4.571570 3.468770
      vertex 15.735000 4.571570 3.468770
    endloop
  endfacet
  facet normal 0 0 0
    outer loop
      vertex 13.335000 4.567850 3.471600
      vertex 15.735000 4.567850 3.471600
      vertex 15.735000 4.566080 3.473170
    endloop
  endfacet
  facet normal 0 0 0
    outer loop
      vertex 13.335000 4.567850 3.471600
      vertex 13.335000 4.569690 3.470140
      vertex 15.735000 4.567850 3.471600
    endloop
  endfacet
  facet normal 0 0 0
    outer loop
      vertex 13.335000 4.566080 3.473170
      vertex 13.335000 4.567850 3.471600
      vertex 15.735000 4.566080 3.473170
    endloop
  endfacet
  facet normal 0 0 0
    outer loop
      vertex 13.335000 4.564370 3.474820
      vertex 15.735000 4.564370 3.474820
      vertex 15.735000 4.562730 3.476570
    endloop
  endfacet
  facet normal 0 0 0
    outer loop
      vertex 13.335000 4.564370 3.474820
      vertex 15.735000 4.566080 3.473170
      vertex 15.735000 4.564370 3.474820
    endloop
  endfacet
  facet normal 0 0 0
    outer loop
      vertex 13.335000 4.564370 3.474820
      vertex 13.335000 4.566080 3.473170
      vertex 15.735000 4.566080 3.473170
    endloop
  endfacet
  facet normal 0 0 0
    outer loop
      vertex 13.335000 4.562730 3.476570
      vertex 13.335000 4.564370 3.474820
      vertex 15.735000 4.562730 3.476570
    endloop
  endfacet
  facet normal 0 0 0
    outer loop
      vertex 13.335000 4.561160 3.478410
      vertex 15.735000 4.561160 3.478410
      vertex 15.735000 4.559690 3.480320
    endloop
  endfacet
  facet normal 0 0 0
    outer loop
      vertex 13.335000 4.561160 3.478410
      vertex 15.735000 4.562730 3.476570
      vertex 15.735000 4.561160 3.478410
    endloop
  endfacet
  facet normal 0 0 0
    outer loop
      vertex 13.335000 4.561160 3.478410
      vertex 13.335000 4.562730 3.476570
      vertex 15.735000 4.562730 3.476570
    endloop
  endfacet
  facet normal 0 0 0
    outer loop
      vertex 13.335000 4.559690 3.480320
      vertex 15.735000 4.559690 3.480320
      vertex 15.735000 4.558300 3.482310
    endloop
  endfacet
  facet normal 0 0 0
    outer loop
      vertex 13.335000 4.559690 3.480320
      vertex 13.335000 4.561160 3.478410
      vertex 15.735000 4.559690 3.480320
    endloop
  endfacet
  facet normal 0 0 0
    outer loop
      vertex 13.335000 4.558300 3.482310
      vertex 13.335000 4.559690 3.480320
      vertex 15.735000 4.558300 3.482310
    endloop
  endfacet
  facet normal 0 0 0
    outer loop
      vertex 13.335000 4.557010 3.484370
      vertex 15.735000 4.557010 3.484370
      vertex 15.735000 4.555820 3.486490
    endloop
  endfacet
  facet normal 0 0 0
    outer loop
      vertex 13.335000 4.557010 3.484370
      vertex 15.735000 4.558300 3.482310
      vertex 15.735000 4.557010 3.484370
    endloop
  endfacet
  facet normal 0 0 0
    outer loop
      vertex 13.335000 4.557010 3.484370
      vertex 13.335000 4.558300 3.482310
      vertex 15.735000 4.558300 3.482310
    endloop
  endfacet
  facet normal 0 0 0
    outer loop
      vertex 13.335000 4.555820 3.486490
      vertex 15.735000 4.555820 3.486490
      vertex 15.735000 4.554740 3.488660
    endloop
  endfacet
  facet normal 0 0 0
    outer loop
      vertex 13.335000 4.555820 3.486490
      vertex 13.335000 4.557010 3.484370
      vertex 15.735000 4.555820 3.486490
    endloop
  endfacet
  facet normal 0 0 0
    outer loop
      vertex 13.335000 4.554740 3.488660
      vertex 13.335000 4.555820 3.486490
      vertex 15.735000 4.554740 3.488660
    endloop
  endfacet
  facet normal 0 0 0
    outer loop
      vertex 13.335000 4.553760 3.490880
      vertex 15.735000 4.553760 3.490880
      vertex 15.735000 4.552900 3.493130
    endloop
  endfacet
  facet normal 0 0 0
    outer loop
      vertex 13.335000 4.553760 3.490880
      vertex 15.735000 4.554740 3.488660
      vertex 15.735000 4.553760 3.490880
    endloop
  endfacet
  facet normal 0 0 0
    outer loop
      vertex 13.335000 4.553760 3.490880
      vertex 13.335000 4.554740 3.488660
      vertex 15.735000 4.554740 3.488660
    endloop
  endfacet
  facet normal 0 0 0
    outer loop
      vertex 13.335000 4.552900 3.493130
      vertex 13.335000 4.553760 3.490880
      vertex 15.735000 4.552900 3.493130
    endloop
  endfacet
  facet normal 0 0 0
    outer loop
      vertex 13.335000 4.552140 3.495420
      vertex 15.735000 4.552140 3.495420
      vertex 15.735000 4.551510 3.497720
    endloop
  endfacet
  facet normal 0 0 0
    outer loop
      vertex 13.335000 4.552140 3.495420
      vertex 15.735000 4.552900 3.493130
      vertex 15.735000 4.552140 3.495420
    endloop
  endfacet
  facet normal 0 0 0
    outer loop
      vertex 13.335000 4.552140 3.495420
      vertex 13.335000 4.552900 3.493130
      vertex 15.735000 4.552900 3.493130
    endloop
  endfacet
  facet normal 0 0 0
    outer loop
      vertex 13.335000 4.551510 3.497720
      vertex 15.735000 4.551510 3.497720
      vertex 15.735000 4.550980 3.500040
    endloop
  endfacet
  facet normal 0 0 0
    outer loop
      vertex 13.335000 4.551510 3.497720
      vertex 13.335000 4.552140 3.495420
      vertex 15.735000 4.551510 3.497720
    endloop
  endfacet
  facet normal 0 0 0
    outer loop
      vertex 13.335000 4.550980 3.500040
      vertex 15.735000 4.550980 3.500040
      vertex 15.735000 4.550570 3.502360
    endloop
  endfacet
  facet normal 0 0 0
    outer loop
      vertex 13.335000 4.550980 3.500040
      vertex 13.335000 4.551510 3.497720
      vertex 15.735000 4.550980 3.500040
    endloop
  endfacet
  facet normal 0 0 0
    outer loop
      vertex 13.335000 4.550570 3.502360
      vertex 15.735000 4.550570 3.502360
      vertex 15.735000 4.550270 3.504670
    endloop
  endfacet
  facet normal 0 0 0
    outer loop
      vertex 13.335000 4.550570 3.502360
      vertex 13.335000 4.550980 3.500040
      vertex 15.735000 4.550570 3.502360
    endloop
  endfacet
  facet normal 0 0 0
    outer loop
      vertex 13.335000 4.550270 3.504670
      vertex 15.735000 4.550270 3.504670
      vertex 15.735000 4.550090 3.506980
    endloop
  endfacet
  facet normal 0 0 0
    outer loop
      vertex 13.335000 4.550270 3.504670
      vertex 13.335000 4.550570 3.502360
      vertex 15.735000 4.550270 3.504670
    endloop
  endfacet
  facet normal 0 0 0
    outer loop
      vertex 13.335000 4.550090 3.506980
      vertex 15.735000 4.550090 3.506980
      vertex 15.735000 4.550000 3.509260
    endloop
  endfacet
  facet normal 0 0 0
    outer loop
      vertex 13.335000 4.550090 3.506980
      vertex 13.335000 4.550270 3.504670
      vertex 15.735000 4.550090 3.506980
    endloop
  endfacet
  facet normal 0 0 0
    outer loop
      vertex 13.335000 4.550000 3.509260
      vertex 15.735000 4.550000 3.509260
      vertex 15.735000 4.550030 3.511530
    endloop
  endfacet
  facet normal 0 0 0
    outer loop
      vertex 13.335000 4.550000 3.509260
      vertex 13.335000 4.550090 3.506980
      vertex 15.735000 4.550000 3.509260
    endloop
  endfacet
  facet normal 0 0 0
    outer loop
      vertex 13.335000 4.550030 3.511530
      vertex 13.335000 4.550000 3.509260
      vertex 15.735000 4.550030 3.511530
    endloop
  endfacet
  facet normal 0 0 0
    outer loop
      vertex 13.335000 4.550150 3.513750
      vertex 15.735000 4.550030 3.511530
      vertex 15.735000 4.550150 3.513750
    endloop
  endfacet
  facet normal 0 0 0
    outer loop
      vertex 13.335000 4.550150 3.513750
      vertex 13.335000 4.550030 3.511530
      vertex 15.735000 4.550030 3.511530
    endloop
  endfacet
  facet normal 0 0 0
    outer loop
      vertex 13.335000 4.550370 3.515940
      vertex 15.735000 4.550150 3.513750
      vertex 15.735000 4.550370 3.515940
    endloop
  endfacet
  facet normal 0 0 0
    outer loop
      vertex 13.335000 4.550370 3.515940
      vertex 13.335000 4.550150 3.513750
      vertex 15.735000 4.550150 3.513750
    endloop
  endfacet
  facet normal 0 0 0
    outer loop
      vertex 13.335000 4.550680 3.518090
      vertex 15.735000 4.550370 3.515940
      vertex 15.735000 4.550680 3.518090
    endloop
  endfacet
  facet normal 0 0 0
    outer loop
      vertex 13.335000 4.550680 3.518090
      vertex 13.335000 4.550370 3.515940
      vertex 15.735000 4.550370 3.515940
    endloop
  endfacet
  facet normal 0 0 0
    outer loop
      vertex 13.335000 4.551070 3.520190
      vertex 15.735000 4.550680 3.518090
      vertex 15.735000 4.551070 3.520190
    endloop
  endfacet
  facet normal 0 0 0
    outer loop
      vertex 13.335000 4.551070 3.520190
      vertex 13.335000 4.550680 3.518090
      vertex 15.735000 4.550680 3.518090
    endloop
  endfacet
  facet normal 0 0 0
    outer loop
      vertex 13.335000 4.551550 3.522240
      vertex 15.735000 4.551070 3.520190
      vertex 15.735000 4.551550 3.522240
    endloop
  endfacet
  facet normal 0 0 0
    outer loop
      vertex 13.335000 4.551550 3.522240
      vertex 13.335000 4.551070 3.520190
      vertex 15.735000 4.551070 3.520190
    endloop
  endfacet
  facet normal 0 0 0
    outer loop
      vertex 13.335000 4.552100 3.524230
      vertex 15.735000 4.551550 3.522240
      vertex 15.735000 4.552100 3.524230
    endloop
  endfacet
  facet normal 0 0 0
    outer loop
      vertex 13.335000 4.552100 3.524230
      vertex 13.335000 4.551550 3.522240
      vertex 15.735000 4.551550 3.522240
    endloop
  endfacet
  facet normal 0 0 0
    outer loop
      vertex 13.335000 4.552720 3.526160
      vertex 15.735000 4.552100 3.524230
      vertex 15.735000 4.552720 3.526160
    endloop
  endfacet
  facet normal 0 0 0
    outer loop
      vertex 13.335000 4.552720 3.526160
      vertex 13.335000 4.552100 3.524230
      vertex 15.735000 4.552100 3.524230
    endloop
  endfacet
  facet normal 0 0 0
    outer loop
      vertex 13.335000 4.553410 3.528040
      vertex 15.735000 4.553410 3.528040
      vertex 15.735000 4.554150 3.529850
    endloop
  endfacet
  facet normal 0 0 0
    outer loop
      vertex 13.335000 4.553410 3.528040
      vertex 15.735000 4.552720 3.526160
      vertex 15.735000 4.553410 3.528040
    endloop
  endfacet
  facet normal 0 0 0
    outer loop
      vertex 13.335000 4.553410 3.528040
      vertex 13.335000 4.552720 3.526160
      vertex 15.735000 4.552720 3.526160
    endloop
  endfacet
  facet normal 0 0 0
    outer loop
      vertex 13.335000 4.554150 3.529850
      vertex 15.735000 4.554150 3.529850
      vertex 15.735000 4.554950 3.531590
    endloop
  endfacet
  facet normal 0 0 0
    outer loop
      vertex 13.335000 4.554150 3.529850
      vertex 13.335000 4.553410 3.528040
      vertex 15.735000 4.554150 3.529850
    endloop
  endfacet
  facet normal 0 0 0
    outer loop
      vertex 13.335000 4.554950 3.531590
      vertex 15.735000 4.554950 3.531590
      vertex 15.735000 4.555800 3.533270
    endloop
  endfacet
  facet normal 0 0 0
    outer loop
      vertex 13.335000 4.554950 3.531590
      vertex 13.335000 4.554150 3.529850
      vertex 15.735000 4.554950 3.531590
    endloop
  endfacet
  facet normal 0 0 0
    outer loop
      vertex 13.335000 4.555800 3.533270
      vertex 15.735000 4.555800 3.533270
      vertex 15.735000 4.556690 3.534880
    endloop
  endfacet
  facet normal 0 0 0
    outer loop
      vertex 13.335000 4.555800 3.533270
      vertex 13.335000 4.554950 3.531590
      vertex 15.735000 4.555800 3.533270
    endloop
  endfacet
  facet normal 0 0 0
    outer loop
      vertex 13.335000 4.556690 3.534880
      vertex 15.735000 4.556690 3.534880
      vertex 15.735000 4.557640 3.536460
    endloop
  endfacet
  facet normal 0 0 0
    outer loop
      vertex 13.335000 4.556690 3.534880
      vertex 13.335000 4.555800 3.533270
      vertex 15.735000 4.556690 3.534880
    endloop
  endfacet
  facet normal 0 0 0
    outer loop
      vertex 13.335000 4.557640 3.536460
      vertex 13.335000 4.556690 3.534880
      vertex 15.735000 4.557640 3.536460
    endloop
  endfacet
  facet normal 0 0 0
    outer loop
      vertex 13.335000 4.558660 3.538030
      vertex 15.735000 4.558660 3.538030
      vertex 15.735000 4.559770 3.539600
    endloop
  endfacet
  facet normal 0 0 0
    outer loop
      vertex 13.335000 4.558660 3.538030
      vertex 15.735000 4.557640 3.536460
      vertex 15.735000 4.558660 3.538030
    endloop
  endfacet
  facet normal 0 0 0
    outer loop
      vertex 13.335000 4.558660 3.538030
      vertex 13.335000 4.557640 3.536460
      vertex 15.735000 4.557640 3.536460
    endloop
  endfacet
  facet normal 0 0 0
    outer loop
      vertex 13.335000 4.559770 3.539600
      vertex 15.735000 4.559770 3.539600
      vertex 15.735000 4.560970 3.541150
    endloop
  endfacet
  facet normal 0 0 0
    outer loop
      vertex 13.335000 4.559770 3.539600
      vertex 13.335000 4.558660 3.538030
      vertex 15.735000 4.559770 3.539600
    endloop
  endfacet
  facet normal 0 0 0
    outer loop
      vertex 13.335000 4.560970 3.541150
      vertex 13.335000 4.559770 3.539600
      vertex 15.735000 4.560970 3.541150
    endloop
  endfacet
  facet normal 0 0 0
    outer loop
      vertex 13.335000 4.562240 3.542680
      vertex 15.735000 4.560970 3.541150
      vertex 15.735000 4.562240 3.542680
    endloop
  endfacet
  facet normal 0 0 0
    outer loop
      vertex 13.335000 4.562240 3.542680
      vertex 13.335000 4.560970 3.541150
      vertex 15.735000 4.560970 3.541150
    endloop
  endfacet
  facet normal 0 0 0
    outer loop
      vertex 13.335000 4.563600 3.544180
      vertex 15.735000 4.563600 3.544180
      vertex 15.735000 4.565050 3.545660
    endloop
  endfacet
  facet normal 0 0 0
    outer loop
      vertex 13.335000 4.563600 3.544180
      vertex 15.735000 4.562240 3.542680
      vertex 15.735000 4.563600 3.544180
    endloop
  endfacet
  facet normal 0 0 0
    outer loop
      vertex 13.335000 4.563600 3.544180
      vertex 13.335000 4.562240 3.542680
      vertex 15.735000 4.562240 3.542680
    endloop
  endfacet
  facet normal 0 0 0
    outer loop
      vertex 13.335000 4.565050 3.545660
      vertex 15.735000 4.565050 3.545660
      vertex 15.735000 4.566580 3.547090
    endloop
  endfacet
  facet normal 0 0 0
    outer loop
      vertex 13.335000 4.565050 3.545660
      vertex 13.335000 4.563600 3.544180
      vertex 15.735000 4.565050 3.545660
    endloop
  endfacet
  facet normal 0 0 0
    outer loop
      vertex 13.335000 4.566580 3.547090
      vertex 15.735000 4.566580 3.547090
      vertex 15.735000 4.568200 3.548490
    endloop
  endfacet
  facet normal 0 0 0
    outer loop
      vertex 13.335000 4.566580 3.547090
      vertex 13.335000 4.565050 3.545660
      vertex 15.735000 4.566580 3.547090
    endloop
  endfacet
  facet normal 0 0 0
    outer loop
      vertex 13.335000 4.568200 3.548490
      vertex 13.335000 4.566580 3.547090
      vertex 15.735000 4.568200 3.548490
    endloop
  endfacet
  facet normal 0 0 0
    outer loop
      vertex 13.335000 4.569910 3.549830
      vertex 13.335000 4.568200 3.548490
      vertex 15.735000 4.568200 3.548490
    endloop
  endfacet
  facet normal 0 0 0
    outer loop
      vertex 13.335000 4.569910 3.549830
      vertex 15.735000 4.569910 3.549830
      vertex 15.735000 4.571690 3.551110
    endloop
  endfacet
  facet normal 0 0 0
    outer loop
      vertex 13.335000 4.569910 3.549830
      vertex 15.735000 4.568200 3.548490
      vertex 15.735000 4.569910 3.549830
    endloop
  endfacet
  facet normal 0 0 0
    outer loop
      vertex 13.335000 4.571690 3.551110
      vertex 13.335000 4.569910 3.549830
      vertex 15.735000 4.571690 3.551110
    endloop
  endfacet
  facet normal 0 0 0
    outer loop
      vertex 13.335000 4.571690 3.551110
      vertex 15.735000 4.571690 3.551110
      vertex 15.735000 4.573560 3.552340
    endloop
  endfacet
  facet normal 0 0 0
    outer loop
      vertex 13.335000 4.573560 3.552340
      vertex 13.335000 4.571690 3.551110
      vertex 15.735000 4.573560 3.552340
    endloop
  endfacet
  facet normal 0 0 0
    outer loop
      vertex 13.335000 4.575500 3.553490
      vertex 15.735000 4.575500 3.553490
      vertex 15.735000 4.577520 3.554560
    endloop
  endfacet
  facet normal 0 0 0
    outer loop
      vertex 13.335000 4.575500 3.553490
      vertex 15.735000 4.573560 3.552340
      vertex 15.735000 4.575500 3.553490
    endloop
  endfacet
  facet normal 0 0 0
    outer loop
      vertex 13.335000 4.575500 3.553490
      vertex 13.335000 4.573560 3.552340
      vertex 15.735000 4.573560 3.552340
    endloop
  endfacet
  facet normal 0 0 0
    outer loop
      vertex 13.335000 4.577520 3.554560
      vertex 15.735000 4.577520 3.554560
      vertex 15.735000 4.579610 3.555550
    endloop
  endfacet
  facet normal 0 0 0
    outer loop
      vertex 13.335000 4.577520 3.554560
      vertex 13.335000 4.575500 3.553490
      vertex 15.735000 4.577520 3.554560
    endloop
  endfacet
  facet normal 0 0 0
    outer loop
      vertex 13.335000 4.579610 3.555550
      vertex 15.735000 4.579610 3.555550
      vertex 15.735000 4.581770 3.556460
    endloop
  endfacet
  facet normal 0 0 0
    outer loop
      vertex 13.335000 4.579610 3.555550
      vertex 13.335000 4.577520 3.554560
      vertex 15.735000 4.579610 3.555550
    endloop
  endfacet
  facet normal 0 0 0
    outer loop
      vertex 13.335000 4.581770 3.556460
      vertex 15.735000 4.581770 3.556460
      vertex 15.735000 4.583980 3.557260
    endloop
  endfacet
  facet normal 0 0 0
    outer loop
      vertex 13.335000 4.581770 3.556460
      vertex 13.335000 4.579610 3.555550
      vertex 15.735000 4.581770 3.556460
    endloop
  endfacet
  facet normal 0 0 0
    outer loop
      vertex 13.335000 4.583980 3.557260
      vertex 13.335000 4.581770 3.556460
      vertex 15.735000 4.583980 3.557260
    endloop
  endfacet
  facet normal 0 0 0
    outer loop
      vertex 13.335000 4.583980 3.557260
      vertex 15.735000 4.583980 3.557260
      vertex 15.735000 4.586250 3.557970
    endloop
  endfacet
  facet normal 0 0 0
    outer loop
      vertex 13.335000 4.586250 3.557970
      vertex 13.335000 4.583980 3.557260
      vertex 15.735000 4.586250 3.557970
    endloop
  endfacet
  facet normal 0 0 0
    outer loop
      vertex 13.335000 4.586250 3.557970
      vertex 15.735000 4.586250 3.557970
      vertex 15.735000 4.588560 3.558570
    endloop
  endfacet
  facet normal 0 0 0
    outer loop
      vertex 13.335000 4.588560 3.558570
      vertex 15.735000 4.588560 3.558570
      vertex 15.735000 4.590910 3.559070
    endloop
  endfacet
  facet normal 0 0 0
    outer loop
      vertex 13.335000 4.588560 3.558570
      vertex 13.335000 4.586250 3.557970
      vertex 15.735000 4.588560 3.558570
    endloop
  endfacet
  facet normal 0 0 0
    outer loop
      vertex 13.335000 4.590910 3.559070
      vertex 15.735000 4.590910 3.559070
      vertex 15.735000 4.593300 3.559450
    endloop
  endfacet
  facet normal 0 0 0
    outer loop
      vertex 13.335000 4.590910 3.559070
      vertex 13.335000 4.588560 3.558570
      vertex 15.735000 4.590910 3.559070
    endloop
  endfacet
  facet normal 0 0 0
    outer loop
      vertex 13.335000 4.593300 3.559450
      vertex 13.335000 4.590910 3.559070
      vertex 15.735000 4.593300 3.559450
    endloop
  endfacet
  facet normal 0 0 0
    outer loop
      vertex 13.335000 4.595700 3.559720
      vertex 15.735000 4.595700 3.559720
      vertex 15.735000 4.598130 3.559860
    endloop
  endfacet
  facet normal 0 0 0
    outer loop
      vertex 13.335000 4.595700 3.559720
      vertex 15.735000 4.593300 3.559450
      vertex 15.735000 4.595700 3.559720
    endloop
  endfacet
  facet normal 0 0 0
    outer loop
      vertex 13.335000 4.595700 3.559720
      vertex 13.335000 4.593300 3.559450
      vertex 15.735000 4.593300 3.559450
    endloop
  endfacet
  facet normal 0 0 0
    outer loop
      vertex 13.335000 4.598130 3.559860
      vertex 13.335000 4.595700 3.559720
      vertex 15.735000 4.598130 3.559860
    endloop
  endfacet
  facet normal 0 0 0
    outer loop
      vertex 13.335000 4.600560 3.559900
      vertex 15.735000 4.600560 3.559900
      vertex 15.735000 4.602980 3.559810
    endloop
  endfacet
  facet normal 0 0 0
    outer loop
      vertex 13.335000 4.600560 3.559900
      vertex 15.735000 4.598130 3.559860
      vertex 15.735000 4.600560 3.559900
    endloop
  endfacet
  facet normal 0 0 0
    outer loop
      vertex 13.335000 4.600560 3.559900
      vertex 13.335000 4.598130 3.559860
      vertex 15.735000 4.598130 3.559860
    endloop
  endfacet
  facet normal 0 0 0
    outer loop
      vertex 13.335000 4.602980 3.559810
      vertex 15.735000 4.602980 3.559810
      vertex 15.735000 4.605400 3.559610
    endloop
  endfacet
  facet normal 0 0 0
    outer loop
      vertex 13.335000 4.602980 3.559810
      vertex 13.335000 4.600560 3.559900
      vertex 15.735000 4.602980 3.559810
    endloop
  endfacet
  facet normal 0 0 0
    outer loop
      vertex 13.335000 4.605400 3.559610
      vertex 15.735000 4.605400 3.559610
      vertex 15.735000 4.607800 3.559290
    endloop
  endfacet
  facet normal 0 0 0
    outer loop
      vertex 13.335000 4.605400 3.559610
      vertex 13.335000 4.602980 3.559810
      vertex 15.735000 4.605400 3.559610
    endloop
  endfacet
  facet normal 0 0 0
    outer loop
      vertex 13.335000 4.607800 3.559290
      vertex 13.335000 4.605400 3.559610
      vertex 15.735000 4.607800 3.559290
    endloop
  endfacet
  facet normal 0 0 0
    outer loop
      vertex 13.335000 4.610170 3.558860
      vertex 15.735000 4.610170 3.558860
      vertex 15.735000 4.612500 3.558310
    endloop
  endfacet
  facet normal 0 0 0
    outer loop
      vertex 13.335000 4.610170 3.558860
      vertex 15.735000 4.607800 3.559290
      vertex 15.735000 4.610170 3.558860
    endloop
  endfacet
  facet normal 0 0 0
    outer loop
      vertex 13.335000 4.610170 3.558860
      vertex 13.335000 4.607800 3.559290
      vertex 15.735000 4.607800 3.559290
    endloop
  endfacet
  facet normal 0 0 0
    outer loop
      vertex 13.335000 4.612500 3.558310
      vertex 13.335000 4.610170 3.558860
      vertex 15.735000 4.612500 3.558310
    endloop
  endfacet
  facet normal 0 0 0
    outer loop
      vertex 13.335000 4.614800 3.557660
      vertex 15.735000 4.614800 3.557660
      vertex 15.735000 4.617040 3.556910
    endloop
  endfacet
  facet normal 0 0 0
    outer loop
      vertex 13.335000 4.614800 3.557660
      vertex 15.735000 4.612500 3.558310
      vertex 15.735000 4.614800 3.557660
    endloop
  endfacet
  facet normal 0 0 0
    outer loop
      vertex 13.335000 4.614800 3.557660
      vertex 13.335000 4.612500 3.558310
      vertex 15.735000 4.612500 3.558310
    endloop
  endfacet
  facet normal 0 0 0
    outer loop
      vertex 13.335000 4.617040 3.556910
      vertex 13.335000 4.614800 3.557660
      vertex 15.735000 4.617040 3.556910
    endloop
  endfacet
  facet normal 0 0 0
    outer loop
      vertex 13.335000 4.619230 3.556060
      vertex 15.735000 4.619230 3.556060
      vertex 15.735000 4.621350 3.555110
    endloop
  endfacet
  facet normal 0 0 0
    outer loop
      vertex 13.335000 4.619230 3.556060
      vertex 15.735000 4.617040 3.556910
      vertex 15.735000 4.619230 3.556060
    endloop
  endfacet
  facet normal 0 0 0
    outer loop
      vertex 13.335000 4.619230 3.556060
      vertex 13.335000 4.617040 3.556910
      vertex 15.735000 4.617040 3.556910
    endloop
  endfacet
  facet normal 0 0 0
    outer loop
      vertex 13.335000 4.621350 3.555110
      vertex 13.335000 4.619230 3.556060
      vertex 15.735000 4.621350 3.555110
    endloop
  endfacet
  facet normal 0 0 0
    outer loop
      vertex 13.335000 4.623410 3.554080
      vertex 15.735000 4.623410 3.554080
      vertex 15.735000 4.625390 3.552970
    endloop
  endfacet
  facet normal 0 0 0
    outer loop
      vertex 13.335000 4.623410 3.554080
      vertex 15.735000 4.621350 3.555110
      vertex 15.735000 4.623410 3.554080
    endloop
  endfacet
  facet normal 0 0 0
    outer loop
      vertex 13.335000 4.623410 3.554080
      vertex 13.335000 4.621350 3.555110
      vertex 15.735000 4.621350 3.555110
    endloop
  endfacet
  facet normal 0 0 0
    outer loop
      vertex 13.335000 4.625390 3.552970
      vertex 13.335000 4.623410 3.554080
      vertex 15.735000 4.625390 3.552970
    endloop
  endfacet
  facet normal 0 0 0
    outer loop
      vertex 13.335000 4.627300 3.551790
      vertex 15.735000 4.625390 3.552970
      vertex 15.735000 4.627300 3.551790
    endloop
  endfacet
  facet normal 0 0 0
    outer loop
      vertex 13.335000 4.627300 3.551790
      vertex 13.335000 4.625390 3.552970
      vertex 15.735000 4.625390 3.552970
    endloop
  endfacet
  facet normal 0 0 0
    outer loop
      vertex 13.335000 4.629130 3.550530
      vertex 13.335000 4.627300 3.551790
      vertex 15.735000 4.627300 3.551790
    endloop
  endfacet
  facet normal 0 0 0
    outer loop
      vertex 13.335000 4.629130 3.550530
      vertex 15.735000 4.627300 3.551790
      vertex 15.735000 4.629130 3.550530
    endloop
  endfacet
  facet normal 0 0 0
    outer loop
      vertex 13.335000 4.630880 3.549220
      vertex 13.335000 4.629130 3.550530
      vertex 15.735000 4.629130 3.550530
    endloop
  endfacet
  facet normal 0 0 0
    outer loop
      vertex 13.335000 4.630880 3.549220
      vertex 15.735000 4.629130 3.550530
      vertex 15.735000 4.630880 3.549220
    endloop
  endfacet
  facet normal 0 0 0
    outer loop
      vertex 13.335000 4.632550 3.547860
      vertex 13.335000 4.630880 3.549220
      vertex 15.735000 4.630880 3.549220
    endloop
  endfacet
  facet normal 0 0 0
    outer loop
      vertex 13.335000 4.632550 3.547860
      vertex 15.735000 4.630880 3.549220
      vertex 15.735000 4.632550 3.547860
    endloop
  endfacet
  facet normal 0 0 0
    outer loop
      vertex 13.335000 4.634130 3.546440
      vertex 13.335000 4.632550 3.547860
      vertex 15.735000 4.632550 3.547860
    endloop
  endfacet
  facet normal 0 0 0
    outer loop
      vertex 13.335000 4.634130 3.546440
      vertex 15.735000 4.632550 3.547860
      vertex 15.735000 4.634130 3.546440
    endloop
  endfacet
  facet normal 0 0 0
    outer loop
      vertex 13.335000 4.635620 3.544990
      vertex 13.335000 4.634130 3.546440
      vertex 15.735000 4.634130 3.546440
    endloop
  endfacet
  facet normal 0 0 0
    outer loop
      vertex 13.335000 4.635620 3.544990
      vertex 15.735000 4.635620 3.544990
      vertex 15.735000 4.637030 3.543500
    endloop
  endfacet
  facet normal 0 0 0
    outer loop
      vertex 13.335000 4.635620 3.544990
      vertex 15.735000 4.634130 3.546440
      vertex 15.735000 4.635620 3.544990
    endloop
  endfacet
  facet normal 0 0 0
    outer loop
      vertex 13.335000 4.637030 3.543500
      vertex 13.335000 4.635620 3.544990
      vertex 15.735000 4.637030 3.543500
    endloop
  endfacet
  facet normal 0 0 0
    outer loop
      vertex 13.335000 4.638350 3.541980
      vertex 13.335000 4.637030 3.543500
      vertex 15.735000 4.637030 3.543500
    endloop
  endfacet
  facet normal 0 0 0
    outer loop
      vertex 13.335000 4.638350 3.541980
      vertex 15.735000 4.638350 3.541980
      vertex 15.735000 4.639590 3.540440
    endloop
  endfacet
  facet normal 0 0 0
    outer loop
      vertex 13.335000 4.638350 3.541980
      vertex 15.735000 4.637030 3.543500
      vertex 15.735000 4.638350 3.541980
    endloop
  endfacet
  facet normal 0 0 0
    outer loop
      vertex 13.335000 4.639590 3.540440
      vertex 13.335000 4.638350 3.541980
      vertex 15.735000 4.639590 3.540440
    endloop
  endfacet
  facet normal 0 0 0
    outer loop
      vertex 13.335000 4.640740 3.538880
      vertex 13.335000 4.639590 3.540440
      vertex 15.735000 4.639590 3.540440
    endloop
  endfacet
  facet normal 0 0 0
    outer loop
      vertex 13.335000 4.640740 3.538880
      vertex 15.735000 4.640740 3.538880
      vertex 15.735000 4.641820 3.537310
    endloop
  endfacet
  facet normal 0 0 0
    outer loop
      vertex 13.335000 4.640740 3.538880
      vertex 15.735000 4.639590 3.540440
      vertex 15.735000 4.640740 3.538880
    endloop
  endfacet
  facet normal 0 0 0
    outer loop
      vertex 13.335000 4.641820 3.537310
      vertex 13.335000 4.640740 3.538880
      vertex 15.735000 4.641820 3.537310
    endloop
  endfacet
  facet normal 0 0 0
    outer loop
      vertex 13.335000 4.642810 3.535740
      vertex 13.335000 4.641820 3.537310
      vertex 15.735000 4.641820 3.537310
    endloop
  endfacet
  facet normal 0 0 0
    outer loop
      vertex 13.335000 4.642810 3.535740
      vertex 15.735000 4.642810 3.535740
      vertex 15.735000 4.643720 3.534150
    endloop
  endfacet
  facet normal 0 0 0
    outer loop
      vertex 13.335000 4.642810 3.535740
      vertex 15.735000 4.641820 3.537310
      vertex 15.735000 4.642810 3.535740
    endloop
  endfacet
  facet normal 0 0 0
    outer loop
      vertex 13.335000 4.643720 3.534150
      vertex 13.335000 4.642810 3.535740
      vertex 15.735000 4.643720 3.534150
    endloop
  endfacet
  facet normal 0 0 0
    outer loop
      vertex 13.335000 4.644600 3.532510
      vertex 13.335000 4.643720 3.534150
      vertex 15.735000 4.643720 3.534150
    endloop
  endfacet
  facet normal 0 0 0
    outer loop
      vertex 13.335000 4.644600 3.532510
      vertex 15.735000 4.644600 3.532510
      vertex 15.735000 4.645420 3.530800
    endloop
  endfacet
  facet normal 0 0 0
    outer loop
      vertex 13.335000 4.644600 3.532510
      vertex 15.735000 4.643720 3.534150
      vertex 15.735000 4.644600 3.532510
    endloop
  endfacet
  facet normal 0 0 0
    outer loop
      vertex 13.335000 4.645420 3.530800
      vertex 13.335000 4.644600 3.532510
      vertex 15.735000 4.645420 3.530800
    endloop
  endfacet
  facet normal 0 0 0
    outer loop
      vertex 13.335000 4.645420 3.530800
      vertex 15.735000 4.645420 3.530800
      vertex 15.735000 4.646200 3.529030
    endloop
  endfacet
  facet normal 0 0 0
    outer loop
      vertex 13.335000 4.646200 3.529030
      vertex 13.335000 4.645420 3.530800
      vertex 15.735000 4.646200 3.529030
    endloop
  endfacet
  facet normal 0 0 0
    outer loop
      vertex 13.335000 4.646200 3.529030
      vertex 15.735000 4.646200 3.529030
      vertex 15.735000 4.646920 3.527190
    endloop
  endfacet
  facet normal 0 0 0
    outer loop
      vertex 13.335000 4.646920 3.527190
      vertex 13.335000 4.646200 3.529030
      vertex 15.735000 4.646920 3.527190
    endloop
  endfacet
  facet normal 0 0 0
    outer loop
      vertex 13.335000 4.647570 3.525290
      vertex 13.335000 4.646920 3.527190
      vertex 15.735000 4.646920 3.527190
    endloop
  endfacet
  facet normal 0 0 0
    outer loop
      vertex 13.335000 4.647570 3.525290
      vertex 15.735000 4.646920 3.527190
      vertex 15.735000 4.647570 3.525290
    endloop
  endfacet
  facet normal 0 0 0
    outer loop
      vertex 13.335000 4.648160 3.523330
      vertex 13.335000 4.647570 3.525290
      vertex 15.735000 4.647570 3.525290
    endloop
  endfacet
  facet normal 0 0 0
    outer loop
      vertex 13.335000 4.648160 3.523330
      vertex 15.735000 4.647570 3.525290
      vertex 15.735000 4.648160 3.523330
    endloop
  endfacet
  facet normal 0 0 0
    outer loop
      vertex 13.335000 4.648680 3.521310
      vertex 13.335000 4.648160 3.523330
      vertex 15.735000 4.648160 3.523330
    endloop
  endfacet
  facet normal 0 0 0
    outer loop
      vertex 13.335000 4.648680 3.521310
      vertex 15.735000 4.648680 3.521310
      vertex 15.735000 4.649120 3.519240
    endloop
  endfacet
  facet normal 0 0 0
    outer loop
      vertex 13.335000 4.648680 3.521310
      vertex 15.735000 4.648160 3.523330
      vertex 15.735000 4.648680 3.521310
    endloop
  endfacet
  facet normal 0 0 0
    outer loop
      vertex 13.335000 4.649120 3.519240
      vertex 13.335000 4.648680 3.521310
      vertex 15.735000 4.649120 3.519240
    endloop
  endfacet
  facet normal 0 0 0
    outer loop
      vertex 13.335000 4.649480 3.517120
      vertex 13.335000 4.649120 3.519240
      vertex 15.735000 4.649120 3.519240
    endloop
  endfacet
  facet normal 0 0 0
    outer loop
      vertex 13.335000 4.649480 3.517120
      vertex 15.735000 4.649120 3.519240
      vertex 15.735000 4.649480 3.517120
    endloop
  endfacet
  facet normal 0 0 0
    outer loop
      vertex 13.335000 4.649740 3.514950
      vertex 15.735000 4.649480 3.517120
      vertex 15.735000 4.649740 3.514950
    endloop
  endfacet
  facet normal 0 0 0
    outer loop
      vertex 13.335000 4.649740 3.514950
      vertex 13.335000 4.649480 3.517120
      vertex 15.735000 4.649480 3.517120
    endloop
  endfacet
  facet normal 0 0 0
    outer loop
      vertex 13.335000 4.649920 3.512740
      vertex 15.735000 4.649920 3.512740
      vertex 15.735000 4.650000 3.510500
    endloop
  endfacet
  facet normal 0 0 0
    outer loop
      vertex 13.335000 4.649920 3.512740
      vertex 15.735000 4.649740 3.514950
      vertex 15.735000 4.649920 3.512740
    endloop
  endfacet
  facet normal 0 0 0
    outer loop
      vertex 13.335000 4.649920 3.512740
      vertex 13.335000 4.649740 3.514950
      vertex 15.735000 4.649740 3.514950
    endloop
  endfacet
  facet normal 0 0 0
    outer loop
      vertex 13.335000 4.650000 3.510500
      vertex 13.335000 4.649920 3.512740
      vertex 15.735000 4.650000 3.510500
    endloop
  endfacet
  facet normal 0 0 0
    outer loop
      vertex 13.335000 4.649970 3.508220
      vertex 15.735000 4.649970 3.508220
      vertex 15.735000 4.649840 3.505930
    endloop
  endfacet
  facet normal 0 0 0
    outer loop
      vertex 13.335000 4.649970 3.508220
      vertex 15.735000 4.650000 3.510500
      vertex 15.735000 4.649970 3.508220
    endloop
  endfacet
  facet normal 0 0 0
    outer loop
      vertex 13.335000 4.649970 3.508220
      vertex 13.335000 4.650000 3.510500
      vertex 15.735000 4.650000 3.510500
    endloop
  endfacet
  facet normal 0 0 0
    outer loop
      vertex 13.335000 4.649840 3.505930
      vertex 15.735000 4.649840 3.505930
      vertex 15.735000 4.649600 3.503620
    endloop
  endfacet
  facet normal 0 0 0
    outer loop
      vertex 13.335000 4.649840 3.505930
      vertex 13.335000 4.649970 3.508220
      vertex 15.735000 4.649840 3.505930
    endloop
  endfacet
  facet normal 0 0 0
    outer loop
      vertex 13.335000 4.649600 3.503620
      vertex 13.335000 4.649840 3.505930
      vertex 15.735000 4.649600 3.503620
    endloop
  endfacet
  facet normal 0 0 0
    outer loop
      vertex 13.335000 4.649250 3.501300
      vertex 15.735000 4.649600 3.503620
      vertex 15.735000 4.649250 3.501300
    endloop
  endfacet
  facet normal 0 0 0
    outer loop
      vertex 13.335000 4.649250 3.501300
      vertex 13.335000 4.649600 3.503620
      vertex 15.735000 4.649600 3.503620
    endloop
  endfacet
  facet normal 0 0 0
    outer loop
      vertex 13.335000 4.648790 3.498980
      vertex 15.735000 4.649250 3.501300
      vertex 15.735000 4.648790 3.498980
    endloop
  endfacet
  facet normal 0 0 0
    outer loop
      vertex 13.335000 4.648790 3.498980
      vertex 13.335000 4.649250 3.501300
      vertex 15.735000 4.649250 3.501300
    endloop
  endfacet
  facet normal 0 0 0
    outer loop
      vertex 13.335000 4.648220 3.496660
      vertex 15.735000 4.648220 3.496660
      vertex 15.735000 4.647530 3.494370
    endloop
  endfacet
  facet normal 0 0 0
    outer loop
      vertex 13.335000 4.648220 3.496660
      vertex 15.735000 4.648790 3.498980
      vertex 15.735000 4.648220 3.496660
    endloop
  endfacet
  facet normal 0 0 0
    outer loop
      vertex 13.335000 4.648220 3.496660
      vertex 13.335000 4.648790 3.498980
      vertex 15.735000 4.648790 3.498980
    endloop
  endfacet
  facet normal 0 0 0
    outer loop
      vertex 13.335000 4.647530 3.494370
      vertex 13.335000 4.648220 3.496660
      vertex 15.735000 4.647530 3.494370
    endloop
  endfacet
  facet normal 0 0 0
    outer loop
      vertex 13.335000 4.646720 3.492100
      vertex 15.735000 4.646720 3.492100
      vertex 15.735000 4.645810 3.489860
    endloop
  endfacet
  facet normal 0 0 0
    outer loop
      vertex 13.335000 4.646720 3.492100
      vertex 15.735000 4.647530 3.494370
      vertex 15.735000 4.646720 3.492100
    endloop
  endfacet
  facet normal 0 0 0
    outer loop
      vertex 13.335000 4.646720 3.492100
      vertex 13.335000 4.647530 3.494370
      vertex 15.735000 4.647530 3.494370
    endloop
  endfacet
  facet normal 0 0 0
    outer loop
      vertex 13.335000 4.645810 3.489860
      vertex 13.335000 4.646720 3.492100
      vertex 15.735000 4.645810 3.489860
    endloop
  endfacet
  facet normal 0 0 0
    outer loop
      vertex 13.335000 4.645810 3.489860
      vertex 15.735000 4.645810 3.489860
      vertex 15.735000 4.644780 3.487660
    endloop
  endfacet
  facet normal 0 0 0
    outer loop
      vertex 13.335000 4.644780 3.487660
      vertex 13.335000 4.645810 3.489860
      vertex 15.735000 4.644780 3.487660
    endloop
  endfacet
  facet normal 0 0 0
    outer loop
      vertex 13.335000 4.644780 3.487660
      vertex 15.735000 4.644780 3.487660
      vertex 15.735000 4.643650 3.485510
    endloop
  endfacet
  facet normal 0 0 0
    outer loop
      vertex 13.335000 4.643650 3.485510
      vertex 13.335000 4.644780 3.487660
      vertex 15.735000 4.643650 3.485510
    endloop
  endfacet
  facet normal 0 0 0
    outer loop
      vertex 13.335000 4.642410 3.483420
      vertex 13.335000 4.643650 3.485510
      vertex 15.735000 4.643650 3.485510
    endloop
  endfacet
  facet normal 0 0 0
    outer loop
      vertex 13.335000 4.642410 3.483420
      vertex 15.735000 4.643650 3.485510
      vertex 15.735000 4.642410 3.483420
    endloop
  endfacet
  facet normal 0 0 0
    outer loop
      vertex 13.335000 4.641080 3.481390
      vertex 13.335000 4.642410 3.483420
      vertex 15.735000 4.642410 3.483420
    endloop
  endfacet
  facet normal 0 0 0
    outer loop
      vertex 13.335000 4.641080 3.481390
      vertex 15.735000 4.642410 3.483420
      vertex 15.735000 4.641080 3.481390
    endloop
  endfacet
  facet normal 0 0 0
    outer loop
      vertex 13.335000 4.639650 3.479440
      vertex 13.335000 4.641080 3.481390
      vertex 15.735000 4.641080 3.481390
    endloop
  endfacet
  facet normal 0 0 0
    outer loop
      vertex 13.335000 4.639650 3.479440
      vertex 15.735000 4.639650 3.479440
      vertex 15.735000 4.638130 3.477560
    endloop
  endfacet
  facet normal 0 0 0
    outer loop
      vertex 13.335000 4.639650 3.479440
      vertex 15.735000 4.641080 3.481390
      vertex 15.735000 4.639650 3.479440
    endloop
  endfacet
  facet normal 0 0 0
    outer loop
      vertex 13.335000 4.638130 3.477560
      vertex 13.335000 4.639650 3.479440
      vertex 15.735000 4.638130 3.477560
    endloop
  endfacet
  facet normal 0 0 0
    outer loop
      vertex 13.335000 4.638130 3.477560
      vertex 15.735000 4.638130 3.477560
      vertex 15.735000 4.636530 3.475760
    endloop
  endfacet
  facet normal 0 0 0
    outer loop
      vertex 13.335000 4.636530 3.475760
      vertex 13.335000 4.638130 3.477560
      vertex 15.735000 4.636530 3.475760
    endloop
  endfacet
  facet normal 0 0 0
    outer loop
      vertex 13.335000 4.636530 3.475760
      vertex 15.735000 4.636530 3.475760
      vertex 15.735000 4.634860 3.474060
    endloop
  endfacet
  facet normal 0 0 0
    outer loop
      vertex 13.335000 4.634860 3.474060
      vertex 13.335000 4.636530 3.475760
      vertex 15.735000 4.634860 3.474060
    endloop
  endfacet
  facet normal 0 0 0
    outer loop
      vertex 13.335000 4.634860 3.474060
      vertex 15.735000 4.634860 3.474060
      vertex 15.735000 4.633120 3.472440
    endloop
  endfacet
  facet normal 0 0 0
    outer loop
      vertex 13.335000 4.633120 3.472440
      vertex 13.335000 4.634860 3.474060
      vertex 15.735000 4.633120 3.472440
    endloop
  endfacet
  facet normal 0 0 0
    outer loop
      vertex 13.335000 4.631310 3.470920
      vertex 13.335000 4.633120 3.472440
      vertex 15.735000 4.633120 3.472440
    endloop
  endfacet
  facet normal 0 0 0
    outer loop
      vertex 13.335000 4.631310 3.470920
      vertex 15.735000 4.633120 3.472440
      vertex 15.735000 4.631310 3.470920
    endloop
  endfacet
  facet normal 0 0 0
    outer loop
      vertex 13.335000 4.629460 3.469500
      vertex 13.335000 4.631310 3.470920
      vertex 15.735000 4.631310 3.470920
    endloop
  endfacet
  facet normal 0 0 0
    outer loop
      vertex 13.335000 4.629460 3.469500
      vertex 15.735000 4.631310 3.470920
      vertex 15.735000 4.629460 3.469500
    endloop
  endfacet
  facet normal 0 0 0
    outer loop
      vertex 13.335000 4.627560 3.468180
      vertex 13.335000 4.629460 3.469500
      vertex 15.735000 4.629460 3.469500
    endloop
  endfacet
  facet normal 0 0 0
    outer loop
      vertex 13.335000 4.627560 3.468180
      vertex 15.735000 4.627560 3.468180
      vertex 15.735000 4.625620 3.466960
    endloop
  endfacet
  facet normal 0 0 0
    outer loop
      vertex 13.335000 4.627560 3.468180
      vertex 15.735000 4.629460 3.469500
      vertex 15.735000 4.627560 3.468180
    endloop
  endfacet
  facet normal 0 0 0
    outer loop
      vertex 13.335000 4.625620 3.466960
      vertex 13.335000 4.627560 3.468180
      vertex 15.735000 4.625620 3.466960
    endloop
  endfacet
  facet normal 0 0 0
    outer loop
      vertex 13.335000 4.625620 3.466960
      vertex 15.735000 4.625620 3.466960
      vertex 15.735000 4.623650 3.465850
    endloop
  endfacet
  facet normal 0 0 0
    outer loop
      vertex 13.335000 4.623650 3.465850
      vertex 13.335000 4.625620 3.466960
      vertex 15.735000 4.623650 3.465850
    endloop
  endfacet
  facet normal 0 0 0
    outer loop
      vertex 13.335000 4.621660 3.464840
      vertex 13.335000 4.623650 3.465850
      vertex 15.735000 4.623650 3.465850
    endloop
  endfacet
  facet normal 0 0 0
    outer loop
      vertex 13.335000 4.621660 3.464840
      vertex 15.735000 4.623650 3.465850
      vertex 15.735000 4.621660 3.464840
    endloop
  endfacet
  facet normal 0 0 0
    outer loop
      vertex 13.335000 4.619660 3.463930
      vertex 13.335000 4.621660 3.464840
      vertex 15.735000 4.621660 3.464840
    endloop
  endfacet
  facet normal 0 0 0
    outer loop
      vertex 13.335000 4.619660 3.463930
      vertex 15.735000 4.621660 3.464840
      vertex 15.735000 4.619660 3.463930
    endloop
  endfacet
  facet normal 0 0 0
    outer loop
      vertex 13.335000 4.617640 3.463120
      vertex 13.335000 4.619660 3.463930
      vertex 15.735000 4.619660 3.463930
    endloop
  endfacet
  facet normal 0 0 0
    outer loop
      vertex 13.335000 4.617640 3.463120
      vertex 15.735000 4.619660 3.463930
      vertex 15.735000 4.617640 3.463120
    endloop
  endfacet
  facet normal 0 0 0
    outer loop
      vertex 13.335000 4.615630 3.462400
      vertex 13.335000 4.617640 3.463120
      vertex 15.735000 4.617640 3.463120
    endloop
  endfacet
  facet normal 0 0 0
    outer loop
      vertex 13.335000 4.615630 3.462400
      vertex 15.735000 4.615630 3.462400
      vertex 15.735000 4.613610 3.461790
    endloop
  endfacet
  facet normal 0 0 0
    outer loop
      vertex 13.335000 4.615630 3.462400
      vertex 15.735000 4.617640 3.463120
      vertex 15.735000 4.615630 3.462400
    endloop
  endfacet
  facet normal 0 0 0
    outer loop
      vertex 13.335000 4.613610 3.461790
      vertex 13.335000 4.615630 3.462400
      vertex 15.735000 4.613610 3.461790
    endloop
  endfacet
  facet normal 0 0 0
    outer loop
      vertex 13.335000 4.613610 3.461790
      vertex 15.735000 4.613610 3.461790
      vertex 15.735000 4.611610 3.461270
    endloop
  endfacet
  facet normal 0 0 0
    outer loop
      vertex 13.335000 4.611610 3.461270
      vertex 13.335000 4.613610 3.461790
      vertex 15.735000 4.611610 3.461270
    endloop
  endfacet
  facet normal 0 0 0
    outer loop
      vertex 13.335000 4.611610 3.461270
      vertex 15.735000 4.611610 3.461270
      vertex 15.735000 4.609410 3.460790
    endloop
  endfacet
  facet normal 0 0 0
    outer loop
      vertex 13.335000 4.609410 3.460790
      vertex 13.335000 4.611610 3.461270
      vertex 15.735000 4.609410 3.460790
    endloop
  endfacet
  facet normal 0 0 0
    outer loop
      vertex 13.335000 4.606990 3.460390
      vertex 13.335000 4.609410 3.460790
      vertex 15.735000 4.609410 3.460790
    endloop
  endfacet
  facet normal 0 0 0
    outer loop
      vertex 13.335000 4.606990 3.460390
      vertex 15.735000 4.609410 3.460790
      vertex 15.735000 4.606990 3.460390
    endloop
  endfacet
  facet normal 0 0 0
    outer loop
      vertex 13.335000 4.604610 3.460110
      vertex 15.735000 4.604610 3.460110
      vertex 15.735000 4.602280 3.459950
    endloop
  endfacet
  facet normal 0 0 0
    outer loop
      vertex 13.335000 4.604610 3.460110
      vertex 15.735000 4.606990 3.460390
      vertex 15.735000 4.604610 3.460110
    endloop
  endfacet
  facet normal 0 0 0
    outer loop
      vertex 13.335000 4.604610 3.460110
      vertex 13.335000 4.606990 3.460390
      vertex 15.735000 4.606990 3.460390
    endloop
  endfacet
  facet normal 0 0 0
    outer loop
      vertex 13.335000 4.602280 3.459950
      vertex 13.335000 4.604610 3.460110
      vertex 15.735000 4.602280 3.459950
    endloop
  endfacet
  facet normal 0 0 0
    outer loop
      vertex 13.335000 4.600000 3.459900
      vertex 15.735000 4.602280 3.459950
      vertex 15.735000 4.600000 3.459900
    endloop
  endfacet
  facet normal 0 0 0
    outer loop
      vertex 13.335000 4.600000 3.459900
      vertex 13.335000 4.602280 3.459950
      vertex 15.735000 4.602280 3.459950
    endloop
  endfacet
  facet normal 0 0 0
    outer loop
      vertex 13.335000 4.565050 3.545660
      vertex 13.335000 4.562240 3.542680
      vertex 13.335000 4.563600 3.544180
    endloop
  endfacet
  facet normal 0 0 0
    outer loop
      vertex 13.335000 4.566580 3.547090
      vertex 13.335000 4.568200 3.548490
      vertex 13.335000 4.565050 3.545660
    endloop
  endfacet
  facet normal 0 0 0
    outer loop
      vertex 13.335000 4.568200 3.548490
      vertex 13.335000 4.569910 3.549830
      vertex 13.335000 4.565050 3.545660
    endloop
  endfacet
  facet normal 0 0 0
    outer loop
      vertex 13.335000 4.569910 3.549830
      vertex 13.335000 4.571690 3.551110
      vertex 13.335000 4.565050 3.545660
    endloop
  endfacet
  facet normal 0 0 0
    outer loop
      vertex 13.335000 4.560970 3.541150
      vertex 13.335000 4.558660 3.538030
      vertex 13.335000 4.559770 3.539600
    endloop
  endfacet
  facet normal 0 0 0
    outer loop
      vertex 13.335000 4.560970 3.541150
      vertex 13.335000 4.555800 3.533270
      vertex 13.335000 4.558660 3.538030
    endloop
  endfacet
  facet normal 0 0 0
    outer loop
      vertex 13.335000 4.558660 3.538030
      vertex 13.335000 4.555800 3.533270
      vertex 13.335000 4.557640 3.536460
    endloop
  endfacet
  facet normal 0 0 0
    outer loop
      vertex 13.335000 4.557640 3.536460
      vertex 13.335000 4.555800 3.533270
      vertex 13.335000 4.556690 3.534880
    endloop
  endfacet
  facet normal 0 0 0
    outer loop
      vertex 13.335000 4.575500 3.553490
      vertex 13.335000 4.577520 3.554560
      vertex 13.335000 4.573560 3.552340
    endloop
  endfacet
  facet normal 0 0 0
    outer loop
      vertex 13.335000 4.573560 3.552340
      vertex 13.335000 4.577520 3.554560
      vertex 13.335000 4.571690 3.551110
    endloop
  endfacet
  facet normal 0 0 0
    outer loop
      vertex 13.335000 4.560970 3.541150
      vertex 13.335000 4.554950 3.531590
      vertex 13.335000 4.555800 3.533270
    endloop
  endfacet
  facet normal 0 0 0
    outer loop
      vertex 13.335000 4.577520 3.554560
      vertex 13.335000 4.579610 3.555550
      vertex 13.335000 4.571690 3.551110
    endloop
  endfacet
  facet normal 0 0 0
    outer loop
      vertex 13.335000 4.560970 3.541150
      vertex 13.335000 4.554150 3.529850
      vertex 13.335000 4.554950 3.531590
    endloop
  endfacet
  facet normal 0 0 0
    outer loop
      vertex 13.335000 4.560970 3.541150
      vertex 13.335000 4.553410 3.528040
      vertex 13.335000 4.554150 3.529850
    endloop
  endfacet
  facet normal 0 0 0
    outer loop
      vertex 13.335000 4.562240 3.542680
      vertex 13.335000 4.553410 3.528040
      vertex 13.335000 4.560970 3.541150
    endloop
  endfacet
  facet normal 0 0 0
    outer loop
      vertex 13.335000 4.562240 3.542680
      vertex 13.335000 4.552720 3.526160
      vertex 13.335000 4.553410 3.528040
    endloop
  endfacet
  facet normal 0 0 0
    outer loop
      vertex 13.335000 4.581770 3.556460
      vertex 13.335000 4.583980 3.557260
      vertex 13.335000 4.579610 3.555550
    endloop
  endfacet
  facet normal 0 0 0
    outer loop
      vertex 13.335000 4.565050 3.545660
      vertex 13.335000 4.551550 3.522240
      vertex 13.335000 4.562240 3.542680
    endloop
  endfacet
  facet normal 0 0 0
    outer loop
      vertex 13.335000 4.562240 3.542680
      vertex 13.335000 4.551550 3.522240
      vertex 13.335000 4.552720 3.526160
    endloop
  endfacet
  facet normal 0 0 0
    outer loop
      vertex 13.335000 4.552720 3.526160
      vertex 13.335000 4.551550 3.522240
      vertex 13.335000 4.552100 3.524230
    endloop
  endfacet
  facet normal 0 0 0
    outer loop
      vertex 13.335000 4.586250 3.557970
      vertex 13.335000 4.588560 3.558570
      vertex 13.335000 4.583980 3.557260
    endloop
  endfacet
  facet normal 0 0 0
    outer loop
      vertex 13.335000 4.565050 3.545660
      vertex 13.335000 4.551070 3.520190
      vertex 13.335000 4.551550 3.522240
    endloop
  endfacet
  facet normal 0 0 0
    outer loop
      vertex 13.335000 4.551070 3.520190
      vertex 13.335000 4.550370 3.515940
      vertex 13.335000 4.550680 3.518090
    endloop
  endfacet
  facet normal 0 0 0
    outer loop
      vertex 13.335000 4.550370 3.515940
      vertex 13.335000 4.550030 3.511530
      vertex 13.335000 4.550150 3.513750
    endloop
  endfacet
  facet normal 0 0 0
    outer loop
      vertex 13.335000 4.571690 3.551110
      vertex 13.335000 4.550030 3.511530
      vertex 13.335000 4.565050 3.545660
    endloop
  endfacet
  facet normal 0 0 0
    outer loop
      vertex 13.335000 4.565050 3.545660
      vertex 13.335000 4.550030 3.511530
      vertex 13.335000 4.551070 3.520190
    endloop
  endfacet
  facet normal 0 0 0
    outer loop
      vertex 13.335000 4.551070 3.520190
      vertex 13.335000 4.550030 3.511530
      vertex 13.335000 4.550370 3.515940
    endloop
  endfacet
  facet normal 0 0 0
    outer loop
      vertex 13.335000 4.598130 3.559860
      vertex 13.335000 4.600560 3.559900
      vertex 13.335000 4.595700 3.559720
    endloop
  endfacet
  facet normal 0 0 0
    outer loop
      vertex 13.335000 4.550030 3.511530
      vertex 13.335000 4.550270 3.504670
      vertex 13.335000 4.550000 3.509260
    endloop
  endfacet
  facet normal 0 0 0
    outer loop
      vertex 13.335000 4.550000 3.509260
      vertex 13.335000 4.550270 3.504670
      vertex 13.335000 4.550090 3.506980
    endloop
  endfacet
  facet normal 0 0 0
    outer loop
      vertex 13.335000 4.602980 3.559810
      vertex 13.335000 4.605400 3.559610
      vertex 13.335000 4.600560 3.559900
    endloop
  endfacet
  facet normal 0 0 0
    outer loop
      vertex 13.335000 4.550270 3.504670
      vertex 13.335000 4.551510 3.497720
      vertex 13.335000 4.550570 3.502360
    endloop
  endfacet
  facet normal 0 0 0
    outer loop
      vertex 13.335000 4.550570 3.502360
      vertex 13.335000 4.551510 3.497720
      vertex 13.335000 4.550980 3.500040
    endloop
  endfacet
  facet normal 0 0 0
    outer loop
      vertex 13.335000 4.550030 3.511530
      vertex 13.335000 4.551510 3.497720
      vertex 13.335000 4.550270 3.504670
    endloop
  endfacet
  facet normal 0 0 0
    outer loop
      vertex 13.335000 4.610170 3.558860
      vertex 13.335000 4.612500 3.558310
      vertex 13.335000 4.607800 3.559290
    endloop
  endfacet
  facet normal 0 0 0
    outer loop
      vertex 13.335000 4.571690 3.551110
      vertex 13.335000 4.552140 3.495420
      vertex 13.335000 4.550030 3.511530
    endloop
  endfacet
  facet normal 0 0 0
    outer loop
      vertex 13.335000 4.550030 3.511530
      vertex 13.335000 4.552140 3.495420
      vertex 13.335000 4.551510 3.497720
    endloop
  endfacet
  facet normal 0 0 0
    outer loop
      vertex 13.335000 4.579610 3.555550
      vertex 13.335000 4.552140 3.495420
      vertex 13.335000 4.571690 3.551110
    endloop
  endfacet
  facet normal 0 0 0
    outer loop
      vertex 13.335000 4.552140 3.495420
      vertex 13.335000 4.554740 3.488660
      vertex 13.335000 4.552900 3.493130
    endloop
  endfacet
  facet normal 0 0 0
    outer loop
      vertex 13.335000 4.552900 3.493130
      vertex 13.335000 4.554740 3.488660
      vertex 13.335000 4.553760 3.490880
    endloop
  endfacet
  facet normal 0 0 0
    outer loop
      vertex 13.335000 4.579610 3.555550
      vertex 13.335000 4.554740 3.488660
      vertex 13.335000 4.552140 3.495420
    endloop
  endfacet
  facet normal 0 0 0
    outer loop
      vertex 13.335000 4.612500 3.558310
      vertex 13.335000 4.621350 3.555110
      vertex 13.335000 4.607800 3.559290
    endloop
  endfacet
  facet normal 0 0 0
    outer loop
      vertex 13.335000 4.619230 3.556060
      vertex 13.335000 4.621350 3.555110
      vertex 13.335000 4.617040 3.556910
    endloop
  endfacet
  facet normal 0 0 0
    outer loop
      vertex 13.335000 4.617040 3.556910
      vertex 13.335000 4.621350 3.555110
      vertex 13.335000 4.614800 3.557660
    endloop
  endfacet
  facet normal 0 0 0
    outer loop
      vertex 13.335000 4.614800 3.557660
      vertex 13.335000 4.621350 3.555110
      vertex 13.335000 4.612500 3.558310
    endloop
  endfacet
  facet normal 0 0 0
    outer loop
      vertex 13.335000 4.607800 3.559290
      vertex 13.335000 4.621350 3.555110
      vertex 13.335000 4.605400 3.559610
    endloop
  endfacet
  facet normal 0 0 0
    outer loop
      vertex 13.335000 4.621350 3.555110
      vertex 13.335000 4.623410 3.554080
      vertex 13.335000 4.605400 3.559610
    endloop
  endfacet
  facet normal 0 0 0
    outer loop
      vertex 13.335000 4.627300 3.551790
      vertex 13.335000 4.629130 3.550530
      vertex 13.335000 4.625390 3.552970
    endloop
  endfacet
  facet normal 0 0 0
    outer loop
      vertex 13.335000 4.625390 3.552970
      vertex 13.335000 4.630880 3.549220
      vertex 13.335000 4.623410 3.554080
    endloop
  endfacet
  facet normal 0 0 0
    outer loop
      vertex 13.335000 4.629130 3.550530
      vertex 13.335000 4.630880 3.549220
      vertex 13.335000 4.625390 3.552970
    endloop
  endfacet
  facet normal 0 0 0
    outer loop
      vertex 13.335000 4.554740 3.488660
      vertex 13.335000 4.561160 3.478410
      vertex 13.335000 4.555820 3.486490
    endloop
  endfacet
  facet normal 0 0 0
    outer loop
      vertex 13.335000 4.555820 3.486490
      vertex 13.335000 4.561160 3.478410
      vertex 13.335000 4.557010 3.484370
    endloop
  endfacet
  facet normal 0 0 0
    outer loop
      vertex 13.335000 4.557010 3.484370
      vertex 13.335000 4.561160 3.478410
      vertex 13.335000 4.558300 3.482310
    endloop
  endfacet
  facet normal 0 0 0
    outer loop
      vertex 13.335000 4.558300 3.482310
      vertex 13.335000 4.561160 3.478410
      vertex 13.335000 4.559690 3.480320
    endloop
  endfacet
  facet normal 0 0 0
    outer loop
      vertex 13.335000 4.579610 3.555550
      vertex 13.335000 4.561160 3.478410
      vertex 13.335000 4.554740 3.488660
    endloop
  endfacet
  facet normal 0 0 0
    outer loop
      vertex 13.335000 4.579610 3.555550
      vertex 13.335000 4.562730 3.476570
      vertex 13.335000 4.561160 3.478410
    endloop
  endfacet
  facet normal 0 0 0
    outer loop
      vertex 13.335000 4.583980 3.557260
      vertex 13.335000 4.562730 3.476570
      vertex 13.335000 4.579610 3.555550
    endloop
  endfacet
  facet normal 0 0 0
    outer loop
      vertex 13.335000 4.632550 3.547860
      vertex 13.335000 4.634130 3.546440
      vertex 13.335000 4.630880 3.549220
    endloop
  endfacet
  facet normal 0 0 0
    outer loop
      vertex 13.335000 4.562730 3.476570
      vertex 13.335000 4.566080 3.473170
      vertex 13.335000 4.564370 3.474820
    endloop
  endfacet
  facet normal 0 0 0
    outer loop
      vertex 13.335000 4.583980 3.557260
      vertex 13.335000 4.566080 3.473170
      vertex 13.335000 4.562730 3.476570
    endloop
  endfacet
  facet normal 0 0 0
    outer loop
      vertex 13.335000 4.588560 3.558570
      vertex 13.335000 4.566080 3.473170
      vertex 13.335000 4.583980 3.557260
    endloop
  endfacet
  facet normal 0 0 0
    outer loop
      vertex 13.335000 4.635620 3.544990
      vertex 13.335000 4.637030 3.543500
      vertex 13.335000 4.634130 3.546440
    endloop
  endfacet
  facet normal 0 0 0
    outer loop
      vertex 13.335000 4.634130 3.546440
      vertex 13.335000 4.637030 3.543500
      vertex 13.335000 4.630880 3.549220
    endloop
  endfacet
  facet normal 0 0 0
    outer loop
      vertex 13.335000 4.638350 3.541980
      vertex 13.335000 4.639590 3.540440
      vertex 13.335000 4.637030 3.543500
    endloop
  endfacet
  facet normal 0 0 0
    outer loop
      vertex 13.335000 4.566080 3.473170
      vertex 13.335000 4.569690 3.470140
      vertex 13.335000 4.567850 3.471600
    endloop
  endfacet
  facet normal 0 0 0
    outer loop
      vertex 13.335000 4.588560 3.558570
      vertex 13.335000 4.569690 3.470140
      vertex 13.335000 4.566080 3.473170
    endloop
  endfacet
  facet normal 0 0 0
    outer loop
      vertex 13.335000 4.639590 3.540440
      vertex 13.335000 4.640740 3.538880
      vertex 13.335000 4.637030 3.543500
    endloop
  endfacet
  facet normal 0 0 0
    outer loop
      vertex 13.335000 4.569690 3.470140
      vertex 13.335000 4.573490 3.467510
      vertex 13.335000 4.571570 3.468770
    endloop
  endfacet
  facet normal 0 0 0
    outer loop
      vertex 13.335000 4.593300 3.559450
      vertex 13.335000 4.573490 3.467510
      vertex 13.335000 4.590910 3.559070
    endloop
  endfacet
  facet normal 0 0 0
    outer loop
      vertex 13.335000 4.590910 3.559070
      vertex 13.335000 4.573490 3.467510
      vertex 13.335000 4.588560 3.558570
    endloop
  endfacet
  facet normal 0 0 0
    outer loop
      vertex 13.335000 4.588560 3.558570
      vertex 13.335000 4.573490 3.467510
      vertex 13.335000 4.569690 3.470140
    endloop
  endfacet
  facet normal 0 0 0
    outer loop
      vertex 13.335000 4.641820 3.537310
      vertex 13.335000 4.642810 3.535740
      vertex 13.335000 4.640740 3.538880
    endloop
  endfacet
  facet normal 0 0 0
    outer loop
      vertex 13.335000 4.593300 3.559450
      vertex 13.335000 4.575450 3.466340
      vertex 13.335000 4.573490 3.467510
    endloop
  endfacet
  facet normal 0 0 0
    outer loop
      vertex 13.335000 4.642810 3.535740
      vertex 13.335000 4.643720 3.534150
      vertex 13.335000 4.640740 3.538880
    endloop
  endfacet
  facet normal 0 0 0
    outer loop
      vertex 13.335000 4.643720 3.534150
      vertex 13.335000 4.645420 3.530800
      vertex 13.335000 4.640740 3.538880
    endloop
  endfacet
  facet normal 0 0 0
    outer loop
      vertex 13.335000 4.630880 3.549220
      vertex 13.335000 4.645420 3.530800
      vertex 13.335000 4.623410 3.554080
    endloop
  endfacet
  facet normal 0 0 0
    outer loop
      vertex 13.335000 4.644600 3.532510
      vertex 13.335000 4.645420 3.530800
      vertex 13.335000 4.643720 3.534150
    endloop
  endfacet
  facet normal 0 0 0
    outer loop
      vertex 13.335000 4.637030 3.543500
      vertex 13.335000 4.645420 3.530800
      vertex 13.335000 4.630880 3.549220
    endloop
  endfacet
  facet normal 0 0 0
    outer loop
      vertex 13.335000 4.640740 3.538880
      vertex 13.335000 4.645420 3.530800
      vertex 13.335000 4.637030 3.543500
    endloop
  endfacet
  facet normal 0 0 0
    outer loop
      vertex 13.335000 4.575450 3.466340
      vertex 13.335000 4.579430 3.464330
      vertex 13.335000 4.577430 3.465290
    endloop
  endfacet
  facet normal 0 0 0
    outer loop
      vertex 13.335000 4.645420 3.530800
      vertex 13.335000 4.646200 3.529030
      vertex 13.335000 4.623410 3.554080
    endloop
  endfacet
  facet normal 0 0 0
    outer loop
      vertex 13.335000 4.593300 3.559450
      vertex 13.335000 4.585470 3.462060
      vertex 13.335000 4.575450 3.466340
    endloop
  endfacet
  facet normal 0 0 0
    outer loop
      vertex 13.335000 4.600560 3.559900
      vertex 13.335000 4.585470 3.462060
      vertex 13.335000 4.595700 3.559720
    endloop
  endfacet
  facet normal 0 0 0
    outer loop
      vertex 13.335000 4.579430 3.464330
      vertex 13.335000 4.585470 3.462060
      vertex 13.335000 4.581440 3.463470
    endloop
  endfacet
  facet normal 0 0 0
    outer loop
      vertex 13.335000 4.581440 3.463470
      vertex 13.335000 4.585470 3.462060
      vertex 13.335000 4.583450 3.462720
    endloop
  endfacet
  facet normal 0 0 0
    outer loop
      vertex 13.335000 4.595700 3.559720
      vertex 13.335000 4.585470 3.462060
      vertex 13.335000 4.593300 3.559450
    endloop
  endfacet
  facet normal 0 0 0
    outer loop
      vertex 13.335000 4.575450 3.466340
      vertex 13.335000 4.585470 3.462060
      vertex 13.335000 4.579430 3.464330
    endloop
  endfacet
  facet normal 0 0 0
    outer loop
      vertex 13.335000 4.647570 3.525290
      vertex 13.335000 4.648160 3.523330
      vertex 13.335000 4.646920 3.527190
    endloop
  endfacet
  facet normal 0 0 0
    outer loop
      vertex 13.335000 4.646920 3.527190
      vertex 13.335000 4.648160 3.523330
      vertex 13.335000 4.646200 3.529030
    endloop
  endfacet
  facet normal 0 0 0
    outer loop
      vertex 13.335000 4.646200 3.529030
      vertex 13.335000 4.648680 3.521310
      vertex 13.335000 4.623410 3.554080
    endloop
  endfacet
  facet normal 0 0 0
    outer loop
      vertex 13.335000 4.648160 3.523330
      vertex 13.335000 4.648680 3.521310
      vertex 13.335000 4.646200 3.529030
    endloop
  endfacet
  facet normal 0 0 0
    outer loop
      vertex 13.335000 4.585470 3.462060
      vertex 13.335000 4.591440 3.460640
      vertex 13.335000 4.587470 3.461490
    endloop
  endfacet
  facet normal 0 0 0
    outer loop
      vertex 13.335000 4.587470 3.461490
      vertex 13.335000 4.591440 3.460640
      vertex 13.335000 4.589470 3.461020
    endloop
  endfacet
  facet normal 0 0 0
    outer loop
      vertex 13.335000 4.649120 3.519240
      vertex 13.335000 4.649480 3.517120
      vertex 13.335000 4.648680 3.521310
    endloop
  endfacet
  facet normal 0 0 0
    outer loop
      vertex 13.335000 4.585470 3.462060
      vertex 13.335000 4.593390 3.460340
      vertex 13.335000 4.591440 3.460640
    endloop
  endfacet
  facet normal 0 0 0
    outer loop
      vertex 13.335000 4.600560 3.559900
      vertex 13.335000 4.593390 3.460340
      vertex 13.335000 4.585470 3.462060
    endloop
  endfacet
  facet normal 0 0 0
    outer loop
      vertex 13.335000 4.593390 3.460340
      vertex 13.335000 4.597210 3.459980
      vertex 13.335000 4.595320 3.460120
    endloop
  endfacet
  facet normal 0 0 0
    outer loop
      vertex 13.335000 4.649480 3.517120
      vertex 13.335000 4.650000 3.510500
      vertex 13.335000 4.648680 3.521310
    endloop
  endfacet
  facet normal 0 0 0
    outer loop
      vertex 13.335000 4.649920 3.512740
      vertex 13.335000 4.650000 3.510500
      vertex 13.335000 4.649740 3.514950
    endloop
  endfacet
  facet normal 0 0 0
    outer loop
      vertex 13.335000 4.649740 3.514950
      vertex 13.335000 4.650000 3.510500
      vertex 13.335000 4.649480 3.517120
    endloop
  endfacet
  facet normal 0 0 0
    outer loop
      vertex 13.335000 4.597210 3.459980
      vertex 13.335000 4.600000 3.459900
      vertex 13.335000 4.598620 3.459920
    endloop
  endfacet
  facet normal 0 0 0
    outer loop
      vertex 13.335000 4.593390 3.460340
      vertex 13.335000 4.600000 3.459900
      vertex 13.335000 4.597210 3.459980
    endloop
  endfacet
  facet normal 0 0 0
    outer loop
      vertex 13.335000 4.600000 3.459900
      vertex 13.335000 4.604610 3.460110
      vertex 13.335000 4.602280 3.459950
    endloop
  endfacet
  facet normal 0 0 0
    outer loop
      vertex 13.335000 4.600560 3.559900
      vertex 13.335000 4.604610 3.460110
      vertex 13.335000 4.593390 3.460340
    endloop
  endfacet
  facet normal 0 0 0
    outer loop
      vertex 13.335000 4.593390 3.460340
      vertex 13.335000 4.604610 3.460110
      vertex 13.335000 4.600000 3.459900
    endloop
  endfacet
  facet normal 0 0 0
    outer loop
      vertex 13.335000 4.649600 3.503620
      vertex 13.335000 4.649250 3.501300
      vertex 13.335000 4.649840 3.505930
    endloop
  endfacet
  facet normal 0 0 0
    outer loop
      vertex 13.335000 4.649840 3.505930
      vertex 13.335000 4.649250 3.501300
      vertex 13.335000 4.649970 3.508220
    endloop
  endfacet
  facet normal 0 0 0
    outer loop
      vertex 13.335000 4.649970 3.508220
      vertex 13.335000 4.649250 3.501300
      vertex 13.335000 4.650000 3.510500
    endloop
  endfacet
  facet normal 0 0 0
    outer loop
      vertex 13.335000 4.604610 3.460110
      vertex 13.335000 4.609410 3.460790
      vertex 13.335000 4.606990 3.460390
    endloop
  endfacet
  facet normal 0 0 0
    outer loop
      vertex 13.335000 4.605400 3.559610
      vertex 13.335000 4.609410 3.460790
      vertex 13.335000 4.600560 3.559900
    endloop
  endfacet
  facet normal 0 0 0
    outer loop
      vertex 13.335000 4.600560 3.559900
      vertex 13.335000 4.609410 3.460790
      vertex 13.335000 4.604610 3.460110
    endloop
  endfacet
  facet normal 0 0 0
    outer loop
      vertex 13.335000 4.648790 3.498980
      vertex 13.335000 4.648220 3.496660
      vertex 13.335000 4.649250 3.501300
    endloop
  endfacet
  facet normal 0 0 0
    outer loop
      vertex 13.335000 4.648680 3.521310
      vertex 13.335000 4.648220 3.496660
      vertex 13.335000 4.623410 3.554080
    endloop
  endfacet
  facet normal 0 0 0
    outer loop
      vertex 13.335000 4.650000 3.510500
      vertex 13.335000 4.648220 3.496660
      vertex 13.335000 4.648680 3.521310
    endloop
  endfacet
  facet normal 0 0 0
    outer loop
      vertex 13.335000 4.649250 3.501300
      vertex 13.335000 4.648220 3.496660
      vertex 13.335000 4.650000 3.510500
    endloop
  endfacet
  facet normal 0 0 0
    outer loop
      vertex 13.335000 4.609410 3.460790
      vertex 13.335000 4.613610 3.461790
      vertex 13.335000 4.611610 3.461270
    endloop
  endfacet
  facet normal 0 0 0
    outer loop
      vertex 13.335000 4.647530 3.494370
      vertex 13.335000 4.646720 3.492100
      vertex 13.335000 4.648220 3.496660
    endloop
  endfacet
  facet normal 0 0 0
    outer loop
      vertex 13.335000 4.613610 3.461790
      vertex 13.335000 4.619660 3.463930
      vertex 13.335000 4.615630 3.462400
    endloop
  endfacet
  facet normal 0 0 0
    outer loop
      vertex 13.335000 4.615630 3.462400
      vertex 13.335000 4.619660 3.463930
      vertex 13.335000 4.617640 3.463120
    endloop
  endfacet
  facet normal 0 0 0
    outer loop
      vertex 13.335000 4.646720 3.492100
      vertex 13.335000 4.645810 3.489860
      vertex 13.335000 4.648220 3.496660
    endloop
  endfacet
  facet normal 0 0 0
    outer loop
      vertex 13.335000 4.648220 3.496660
      vertex 13.335000 4.644780 3.487660
      vertex 13.335000 4.623410 3.554080
    endloop
  endfacet
  facet normal 0 0 0
    outer loop
      vertex 13.335000 4.645810 3.489860
      vertex 13.335000 4.644780 3.487660
      vertex 13.335000 4.648220 3.496660
    endloop
  endfacet
  facet normal 0 0 0
    outer loop
      vertex 13.335000 4.619660 3.463930
      vertex 13.335000 4.623650 3.465850
      vertex 13.335000 4.621660 3.464840
    endloop
  endfacet
  facet normal 0 0 0
    outer loop
      vertex 13.335000 4.613610 3.461790
      vertex 13.335000 4.623650 3.465850
      vertex 13.335000 4.619660 3.463930
    endloop
  endfacet
  facet normal 0 0 0
    outer loop
      vertex 13.335000 4.613610 3.461790
      vertex 13.335000 4.625620 3.466960
      vertex 13.335000 4.623650 3.465850
    endloop
  endfacet
  facet normal 0 0 0
    outer loop
      vertex 13.335000 4.642410 3.483420
      vertex 13.335000 4.641080 3.481390
      vertex 13.335000 4.643650 3.485510
    endloop
  endfacet
  facet normal 0 0 0
    outer loop
      vertex 13.335000 4.643650 3.485510
      vertex 13.335000 4.641080 3.481390
      vertex 13.335000 4.644780 3.487660
    endloop
  endfacet
  facet normal 0 0 0
    outer loop
      vertex 13.335000 4.613610 3.461790
      vertex 13.335000 4.629460 3.469500
      vertex 13.335000 4.625620 3.466960
    endloop
  endfacet
  facet normal 0 0 0
    outer loop
      vertex 13.335000 4.625620 3.466960
      vertex 13.335000 4.629460 3.469500
      vertex 13.335000 4.627560 3.468180
    endloop
  endfacet
  facet normal 0 0 0
    outer loop
      vertex 13.335000 4.609410 3.460790
      vertex 13.335000 4.629460 3.469500
      vertex 13.335000 4.613610 3.461790
    endloop
  endfacet
  facet normal 0 0 0
    outer loop
      vertex 13.335000 4.641080 3.481390
      vertex 13.335000 4.639650 3.479440
      vertex 13.335000 4.644780 3.487660
    endloop
  endfacet
  facet normal 0 0 0
    outer loop
      vertex 13.335000 4.609410 3.460790
      vertex 13.335000 4.631310 3.470920
      vertex 13.335000 4.629460 3.469500
    endloop
  endfacet
  facet normal 0 0 0
    outer loop
      vertex 13.335000 4.605400 3.559610
      vertex 13.335000 4.631310 3.470920
      vertex 13.335000 4.609410 3.460790
    endloop
  endfacet
  facet normal 0 0 0
    outer loop
      vertex 13.335000 4.639650 3.479440
      vertex 13.335000 4.634860 3.474060
      vertex 13.335000 4.644780 3.487660
    endloop
  endfacet
  facet normal 0 0 0
    outer loop
      vertex 13.335000 4.631310 3.470920
      vertex 13.335000 4.634860 3.474060
      vertex 13.335000 4.633120 3.472440
    endloop
  endfacet
  facet normal 0 0 0
    outer loop
      vertex 13.335000 4.605400 3.559610
      vertex 13.335000 4.634860 3.474060
      vertex 13.335000 4.631310 3.470920
    endloop
  endfacet
  facet normal 0 0 0
    outer loop
      vertex 13.335000 4.636530 3.475760
      vertex 13.335000 4.634860 3.474060
      vertex 13.335000 4.638130 3.477560
    endloop
  endfacet
  facet normal 0 0 0
    outer loop
      vertex 13.335000 4.638130 3.477560
      vertex 13.335000 4.634860 3.474060
      vertex 13.335000 4.639650 3.479440
    endloop
  endfacet
  facet normal 0 0 0
    outer loop
      vertex 13.335000 4.623410 3.554080
      vertex 13.335000 4.634860 3.474060
      vertex 13.335000 4.605400 3.559610
    endloop
  endfacet
  facet normal 0 0 0
    outer loop
      vertex 13.335000 4.644780 3.487660
      vertex 13.335000 4.634860 3.474060
      vertex 13.335000 4.623410 3.554080
    endloop
  endfacet
  facet normal 0 0 0
    outer loop
      vertex 15.735000 4.562240 3.542680
      vertex 15.735000 4.565050 3.545660
      vertex 15.735000 4.563600 3.544180
    endloop
  endfacet
  facet normal 0 0 0
    outer loop
      vertex 15.735000 4.557640 3.536460
      vertex 15.735000 4.559770 3.539600
      vertex 15.735000 4.558660 3.538030
    endloop
  endfacet
  facet normal 0 0 0
    outer loop
      vertex 15.735000 4.573560 3.552340
      vertex 15.735000 4.571690 3.551110
      vertex 15.735000 4.569910 3.549830
    endloop
  endfacet
  facet normal 0 0 0
    outer loop
      vertex 15.735000 4.556690 3.534880
      vertex 15.735000 4.559770 3.539600
      vertex 15.735000 4.557640 3.536460
    endloop
  endfacet
  facet normal 0 0 0
    outer loop
      vertex 15.735000 4.577520 3.554560
      vertex 15.735000 4.575500 3.553490
      vertex 15.735000 4.573560 3.552340
    endloop
  endfacet
  facet normal 0 0 0
    outer loop
      vertex 15.735000 4.554950 3.531590
      vertex 15.735000 4.559770 3.539600
      vertex 15.735000 4.556690 3.534880
    endloop
  endfacet
  facet normal 0 0 0
    outer loop
      vertex 15.735000 4.554950 3.531590
      vertex 15.735000 4.556690 3.534880
      vertex 15.735000 4.555800 3.533270
    endloop
  endfacet
  facet normal 0 0 0
    outer loop
      vertex 15.735000 4.581770 3.556460
      vertex 15.735000 4.579610 3.555550
      vertex 15.735000 4.577520 3.554560
    endloop
  endfacet
  facet normal 0 0 0
    outer loop
      vertex 15.735000 4.552720 3.526160
      vertex 15.735000 4.559770 3.539600
      vertex 15.735000 4.554950 3.531590
    endloop
  endfacet
  facet normal 0 0 0
    outer loop
      vertex 15.735000 4.552720 3.526160
      vertex 15.735000 4.554950 3.531590
      vertex 15.735000 4.554150 3.529850
    endloop
  endfacet
  facet normal 0 0 0
    outer loop
      vertex 15.735000 4.552720 3.526160
      vertex 15.735000 4.554150 3.529850
      vertex 15.735000 4.553410 3.528040
    endloop
  endfacet
  facet normal 0 0 0
    outer loop
      vertex 15.735000 4.551550 3.522240
      vertex 15.735000 4.559770 3.539600
      vertex 15.735000 4.552720 3.526160
    endloop
  endfacet
  facet normal 0 0 0
    outer loop
      vertex 15.735000 4.551550 3.522240
      vertex 15.735000 4.562240 3.542680
      vertex 15.735000 4.560970 3.541150
    endloop
  endfacet
  facet normal 0 0 0
    outer loop
      vertex 15.735000 4.551550 3.522240
      vertex 15.735000 4.560970 3.541150
      vertex 15.735000 4.559770 3.539600
    endloop
  endfacet
  facet normal 0 0 0
    outer loop
      vertex 15.735000 4.551550 3.522240
      vertex 15.735000 4.552720 3.526160
      vertex 15.735000 4.552100 3.524230
    endloop
  endfacet
  facet normal 0 0 0
    outer loop
      vertex 15.735000 4.588560 3.558570
      vertex 15.735000 4.586250 3.557970
      vertex 15.735000 4.583980 3.557260
    endloop
  endfacet
  facet normal 0 0 0
    outer loop
      vertex 15.735000 4.588560 3.558570
      vertex 15.735000 4.583980 3.557260
      vertex 15.735000 4.581770 3.556460
    endloop
  endfacet
  facet normal 0 0 0
    outer loop
      vertex 15.735000 4.588560 3.558570
      vertex 15.735000 4.581770 3.556460
      vertex 15.735000 4.577520 3.554560
    endloop
  endfacet
  facet normal 0 0 0
    outer loop
      vertex 15.735000 4.550680 3.518090
      vertex 15.735000 4.551550 3.522240
      vertex 15.735000 4.551070 3.520190
    endloop
  endfacet
  facet normal 0 0 0
    outer loop
      vertex 15.735000 4.550370 3.515940
      vertex 15.735000 4.565050 3.545660
      vertex 15.735000 4.562240 3.542680
    endloop
  endfacet
  facet normal 0 0 0
    outer loop
      vertex 15.735000 4.550370 3.515940
      vertex 15.735000 4.562240 3.542680
      vertex 15.735000 4.551550 3.522240
    endloop
  endfacet
  facet normal 0 0 0
    outer loop
      vertex 15.735000 4.550370 3.515940
      vertex 15.735000 4.551550 3.522240
      vertex 15.735000 4.550680 3.518090
    endloop
  endfacet
  facet normal 0 0 0
    outer loop
      vertex 15.735000 4.550150 3.513750
      vertex 15.735000 4.565050 3.545660
      vertex 15.735000 4.550370 3.515940
    endloop
  endfacet
  facet normal 0 0 0
    outer loop
      vertex 15.735000 4.550150 3.513750
      vertex 15.735000 4.568200 3.548490
      vertex 15.735000 4.566580 3.547090
    endloop
  endfacet
  facet normal 0 0 0
    outer loop
      vertex 15.735000 4.550150 3.513750
      vertex 15.735000 4.566580 3.547090
      vertex 15.735000 4.565050 3.545660
    endloop
  endfacet
  facet normal 0 0 0
    outer loop
      vertex 15.735000 4.598130 3.559860
      vertex 15.735000 4.595700 3.559720
      vertex 15.735000 4.593300 3.559450
    endloop
  endfacet
  facet normal 0 0 0
    outer loop
      vertex 15.735000 4.598130 3.559860
      vertex 15.735000 4.593300 3.559450
      vertex 15.735000 4.590910 3.559070
    endloop
  endfacet
  facet normal 0 0 0
    outer loop
      vertex 15.735000 4.598130 3.559860
      vertex 15.735000 4.590910 3.559070
      vertex 15.735000 4.588560 3.558570
    endloop
  endfacet
  facet normal 0 0 0
    outer loop
      vertex 15.735000 4.550090 3.506980
      vertex 15.735000 4.550150 3.513750
      vertex 15.735000 4.550030 3.511530
    endloop
  endfacet
  facet normal 0 0 0
    outer loop
      vertex 15.735000 4.550090 3.506980
      vertex 15.735000 4.550030 3.511530
      vertex 15.735000 4.550000 3.509260
    endloop
  endfacet
  facet normal 0 0 0
    outer loop
      vertex 15.735000 4.550090 3.506980
      vertex 15.735000 4.568200 3.548490
      vertex 15.735000 4.550150 3.513750
    endloop
  endfacet
  facet normal 0 0 0
    outer loop
      vertex 15.735000 4.550090 3.506980
      vertex 15.735000 4.569910 3.549830
      vertex 15.735000 4.568200 3.548490
    endloop
  endfacet
  facet normal 0 0 0
    outer loop
      vertex 15.735000 4.602980 3.559810
      vertex 15.735000 4.600560 3.559900
      vertex 15.735000 4.598130 3.559860
    endloop
  endfacet
  facet normal 0 0 0
    outer loop
      vertex 15.735000 4.550570 3.502360
      vertex 15.735000 4.550090 3.506980
      vertex 15.735000 4.550270 3.504670
    endloop
  endfacet
  facet normal 0 0 0
    outer loop
      vertex 15.735000 4.607800 3.559290
      vertex 15.735000 4.605400 3.559610
      vertex 15.735000 4.602980 3.559810
    endloop
  endfacet
  facet normal 0 0 0
    outer loop
      vertex 15.735000 4.551510 3.497720
      vertex 15.735000 4.550570 3.502360
      vertex 15.735000 4.550980 3.500040
    endloop
  endfacet
  facet normal 0 0 0
    outer loop
      vertex 15.735000 4.551510 3.497720
      vertex 15.735000 4.569910 3.549830
      vertex 15.735000 4.550090 3.506980
    endloop
  endfacet
  facet normal 0 0 0
    outer loop
      vertex 15.735000 4.551510 3.497720
      vertex 15.735000 4.550090 3.506980
      vertex 15.735000 4.550570 3.502360
    endloop
  endfacet
  facet normal 0 0 0
    outer loop
      vertex 15.735000 4.551510 3.497720
      vertex 15.735000 4.573560 3.552340
      vertex 15.735000 4.569910 3.549830
    endloop
  endfacet
  facet normal 0 0 0
    outer loop
      vertex 15.735000 4.612500 3.558310
      vertex 15.735000 4.602980 3.559810
      vertex 15.735000 4.598130 3.559860
    endloop
  endfacet
  facet normal 0 0 0
    outer loop
      vertex 15.735000 4.612500 3.558310
      vertex 15.735000 4.607800 3.559290
      vertex 15.735000 4.602980 3.559810
    endloop
  endfacet
  facet normal 0 0 0
    outer loop
      vertex 15.735000 4.612500 3.558310
      vertex 15.735000 4.610170 3.558860
      vertex 15.735000 4.607800 3.559290
    endloop
  endfacet
  facet normal 0 0 0
    outer loop
      vertex 15.735000 4.617040 3.556910
      vertex 15.735000 4.614800 3.557660
      vertex 15.735000 4.612500 3.558310
    endloop
  endfacet
  facet normal 0 0 0
    outer loop
      vertex 15.735000 4.553760 3.490880
      vertex 15.735000 4.552140 3.495420
      vertex 15.735000 4.552900 3.493130
    endloop
  endfacet
  facet normal 0 0 0
    outer loop
      vertex 15.735000 4.554740 3.488660
      vertex 15.735000 4.551510 3.497720
      vertex 15.735000 4.552140 3.495420
    endloop
  endfacet
  facet normal 0 0 0
    outer loop
      vertex 15.735000 4.554740 3.488660
      vertex 15.735000 4.573560 3.552340
      vertex 15.735000 4.551510 3.497720
    endloop
  endfacet
  facet normal 0 0 0
    outer loop
      vertex 15.735000 4.554740 3.488660
      vertex 15.735000 4.552140 3.495420
      vertex 15.735000 4.553760 3.490880
    endloop
  endfacet
  facet normal 0 0 0
    outer loop
      vertex 15.735000 4.554740 3.488660
      vertex 15.735000 4.577520 3.554560
      vertex 15.735000 4.573560 3.552340
    endloop
  endfacet
  facet normal 0 0 0
    outer loop
      vertex 15.735000 4.621350 3.555110
      vertex 15.735000 4.617040 3.556910
      vertex 15.735000 4.612500 3.558310
    endloop
  endfacet
  facet normal 0 0 0
    outer loop
      vertex 15.735000 4.621350 3.555110
      vertex 15.735000 4.619230 3.556060
      vertex 15.735000 4.617040 3.556910
    endloop
  endfacet
  facet normal 0 0 0
    outer loop
      vertex 15.735000 4.558300 3.482310
      vertex 15.735000 4.554740 3.488660
      vertex 15.735000 4.555820 3.486490
    endloop
  endfacet
  facet normal 0 0 0
    outer loop
      vertex 15.735000 4.558300 3.482310
      vertex 15.735000 4.555820 3.486490
      vertex 15.735000 4.557010 3.484370
    endloop
  endfacet
  facet normal 0 0 0
    outer loop
      vertex 15.735000 4.629130 3.550530
      vertex 15.735000 4.627300 3.551790
      vertex 15.735000 4.625390 3.552970
    endloop
  endfacet
  facet normal 0 0 0
    outer loop
      vertex 15.735000 4.629130 3.550530
      vertex 15.735000 4.625390 3.552970
      vertex 15.735000 4.623410 3.554080
    endloop
  endfacet
  facet normal 0 0 0
    outer loop
      vertex 15.735000 4.629130 3.550530
      vertex 15.735000 4.623410 3.554080
      vertex 15.735000 4.621350 3.555110
    endloop
  endfacet
  facet normal 0 0 0
    outer loop
      vertex 15.735000 4.559690 3.480320
      vertex 15.735000 4.577520 3.554560
      vertex 15.735000 4.554740 3.488660
    endloop
  endfacet
  facet normal 0 0 0
    outer loop
      vertex 15.735000 4.559690 3.480320
      vertex 15.735000 4.554740 3.488660
      vertex 15.735000 4.558300 3.482310
    endloop
  endfacet
  facet normal 0 0 0
    outer loop
      vertex 15.735000 4.561160 3.478410
      vertex 15.735000 4.577520 3.554560
      vertex 15.735000 4.559690 3.480320
    endloop
  endfacet
  facet normal 0 0 0
    outer loop
      vertex 15.735000 4.632550 3.547860
      vertex 15.735000 4.630880 3.549220
      vertex 15.735000 4.629130 3.550530
    endloop
  endfacet
  facet normal 0 0 0
    outer loop
      vertex 15.735000 4.634130 3.546440
      vertex 15.735000 4.632550 3.547860
      vertex 15.735000 4.629130 3.550530
    endloop
  endfacet
  facet normal 0 0 0
    outer loop
      vertex 15.735000 4.566080 3.473170
      vertex 15.735000 4.561160 3.478410
      vertex 15.735000 4.562730 3.476570
    endloop
  endfacet
  facet normal 0 0 0
    outer loop
      vertex 15.735000 4.566080 3.473170
      vertex 15.735000 4.562730 3.476570
      vertex 15.735000 4.564370 3.474820
    endloop
  endfacet
  facet normal 0 0 0
    outer loop
      vertex 15.735000 4.566080 3.473170
      vertex 15.735000 4.577520 3.554560
      vertex 15.735000 4.561160 3.478410
    endloop
  endfacet
  facet normal 0 0 0
    outer loop
      vertex 15.735000 4.566080 3.473170
      vertex 15.735000 4.588560 3.558570
      vertex 15.735000 4.577520 3.554560
    endloop
  endfacet
  facet normal 0 0 0
    outer loop
      vertex 15.735000 4.637030 3.543500
      vertex 15.735000 4.635620 3.544990
      vertex 15.735000 4.634130 3.546440
    endloop
  endfacet
  facet normal 0 0 0
    outer loop
      vertex 15.735000 4.638350 3.541980
      vertex 15.735000 4.637030 3.543500
      vertex 15.735000 4.634130 3.546440
    endloop
  endfacet
  facet normal 0 0 0
    outer loop
      vertex 15.735000 4.640740 3.538880
      vertex 15.735000 4.639590 3.540440
      vertex 15.735000 4.638350 3.541980
    endloop
  endfacet
  facet normal 0 0 0
    outer loop
      vertex 15.735000 4.573490 3.467510
      vertex 15.735000 4.566080 3.473170
      vertex 15.735000 4.567850 3.471600
    endloop
  endfacet
  facet normal 0 0 0
    outer loop
      vertex 15.735000 4.573490 3.467510
      vertex 15.735000 4.567850 3.471600
      vertex 15.735000 4.569690 3.470140
    endloop
  endfacet
  facet normal 0 0 0
    outer loop
      vertex 15.735000 4.573490 3.467510
      vertex 15.735000 4.569690 3.470140
      vertex 15.735000 4.571570 3.468770
    endloop
  endfacet
  facet normal 0 0 0
    outer loop
      vertex 15.735000 4.642810 3.535740
      vertex 15.735000 4.641820 3.537310
      vertex 15.735000 4.640740 3.538880
    endloop
  endfacet
  facet normal 0 0 0
    outer loop
      vertex 15.735000 4.575450 3.466340
      vertex 15.735000 4.588560 3.558570
      vertex 15.735000 4.566080 3.473170
    endloop
  endfacet
  facet normal 0 0 0
    outer loop
      vertex 15.735000 4.575450 3.466340
      vertex 15.735000 4.566080 3.473170
      vertex 15.735000 4.573490 3.467510
    endloop
  endfacet
  facet normal 0 0 0
    outer loop
      vertex 15.735000 4.644600 3.532510
      vertex 15.735000 4.642810 3.535740
      vertex 15.735000 4.640740 3.538880
    endloop
  endfacet
  facet normal 0 0 0
    outer loop
      vertex 15.735000 4.644600 3.532510
      vertex 15.735000 4.643720 3.534150
      vertex 15.735000 4.642810 3.535740
    endloop
  endfacet
  facet normal 0 0 0
    outer loop
      vertex 15.735000 4.644600 3.532510
      vertex 15.735000 4.640740 3.538880
      vertex 15.735000 4.638350 3.541980
    endloop
  endfacet
  facet normal 0 0 0
    outer loop
      vertex 15.735000 4.644600 3.532510
      vertex 15.735000 4.638350 3.541980
      vertex 15.735000 4.634130 3.546440
    endloop
  endfacet
  facet normal 0 0 0
    outer loop
      vertex 15.735000 4.646200 3.529030
      vertex 15.735000 4.644600 3.532510
      vertex 15.735000 4.634130 3.546440
    endloop
  endfacet
  facet normal 0 0 0
    outer loop
      vertex 15.735000 4.646200 3.529030
      vertex 15.735000 4.645420 3.530800
      vertex 15.735000 4.644600 3.532510
    endloop
  endfacet
  facet normal 0 0 0
    outer loop
      vertex 15.735000 4.581440 3.463470
      vertex 15.735000 4.588560 3.558570
      vertex 15.735000 4.575450 3.466340
    endloop
  endfacet
  facet normal 0 0 0
    outer loop
      vertex 15.735000 4.581440 3.463470
      vertex 15.735000 4.575450 3.466340
      vertex 15.735000 4.577430 3.465290
    endloop
  endfacet
  facet normal 0 0 0
    outer loop
      vertex 15.735000 4.581440 3.463470
      vertex 15.735000 4.577430 3.465290
      vertex 15.735000 4.579430 3.464330
    endloop
  endfacet
  facet normal 0 0 0
    outer loop
      vertex 15.735000 4.585470 3.462060
      vertex 15.735000 4.598130 3.559860
      vertex 15.735000 4.588560 3.558570
    endloop
  endfacet
  facet normal 0 0 0
    outer loop
      vertex 15.735000 4.585470 3.462060
      vertex 15.735000 4.588560 3.558570
      vertex 15.735000 4.581440 3.463470
    endloop
  endfacet
  facet normal 0 0 0
    outer loop
      vertex 15.735000 4.585470 3.462060
      vertex 15.735000 4.612500 3.558310
      vertex 15.735000 4.598130 3.559860
    endloop
  endfacet
  facet normal 0 0 0
    outer loop
      vertex 15.735000 4.585470 3.462060
      vertex 15.735000 4.581440 3.463470
      vertex 15.735000 4.583450 3.462720
    endloop
  endfacet
  facet normal 0 0 0
    outer loop
      vertex 15.735000 4.648160 3.523330
      vertex 15.735000 4.647570 3.525290
      vertex 15.735000 4.646920 3.527190
    endloop
  endfacet
  facet normal 0 0 0
    outer loop
      vertex 15.735000 4.648160 3.523330
      vertex 15.735000 4.646920 3.527190
      vertex 15.735000 4.646200 3.529030
    endloop
  endfacet
  facet normal 0 0 0
    outer loop
      vertex 15.735000 4.648160 3.523330
      vertex 15.735000 4.646200 3.529030
      vertex 15.735000 4.634130 3.546440
    endloop
  endfacet
  facet normal 0 0 0
    outer loop
      vertex 15.735000 4.587470 3.461490
      vertex 15.735000 4.612500 3.558310
      vertex 15.735000 4.585470 3.462060
    endloop
  endfacet
  facet normal 0 0 0
    outer loop
      vertex 15.735000 4.649120 3.519240
      vertex 15.735000 4.648160 3.523330
      vertex 15.735000 4.634130 3.546440
    endloop
  endfacet
  facet normal 0 0 0
    outer loop
      vertex 15.735000 4.649120 3.519240
      vertex 15.735000 4.648680 3.521310
      vertex 15.735000 4.648160 3.523330
    endloop
  endfacet
  facet normal 0 0 0
    outer loop
      vertex 15.735000 4.591440 3.460640
      vertex 15.735000 4.587470 3.461490
      vertex 15.735000 4.589470 3.461020
    endloop
  endfacet
  facet normal 0 0 0
    outer loop
      vertex 15.735000 4.593390 3.460340
      vertex 15.735000 4.587470 3.461490
      vertex 15.735000 4.591440 3.460640
    endloop
  endfacet
  facet normal 0 0 0
    outer loop
      vertex 15.735000 4.597210 3.459980
      vertex 15.735000 4.593390 3.460340
      vertex 15.735000 4.595320 3.460120
    endloop
  endfacet
  facet normal 0 0 0
    outer loop
      vertex 15.735000 4.597210 3.459980
      vertex 15.735000 4.587470 3.461490
      vertex 15.735000 4.593390 3.460340
    endloop
  endfacet
  facet normal 0 0 0
    outer loop
      vertex 15.735000 4.598620 3.459920
      vertex 15.735000 4.587470 3.461490
      vertex 15.735000 4.597210 3.459980
    endloop
  endfacet
  facet normal 0 0 0
    outer loop
      vertex 15.735000 4.650000 3.510500
      vertex 15.735000 4.649920 3.512740
      vertex 15.735000 4.649740 3.514950
    endloop
  endfacet
  facet normal 0 0 0
    outer loop
      vertex 15.735000 4.650000 3.510500
      vertex 15.735000 4.649740 3.514950
      vertex 15.735000 4.649480 3.517120
    endloop
  endfacet
  facet normal 0 0 0
    outer loop
      vertex 15.735000 4.600000 3.459900
      vertex 15.735000 4.612500 3.558310
      vertex 15.735000 4.587470 3.461490
    endloop
  endfacet
  facet normal 0 0 0
    outer loop
      vertex 15.735000 4.600000 3.459900
      vertex 15.735000 4.587470 3.461490
      vertex 15.735000 4.598620 3.459920
    endloop
  endfacet
  facet normal 0 0 0
    outer loop
      vertex 15.735000 4.649840 3.505930
      vertex 15.735000 4.649970 3.508220
      vertex 15.735000 4.650000 3.510500
    endloop
  endfacet
  facet normal 0 0 0
    outer loop
      vertex 15.735000 4.649840 3.505930
      vertex 15.735000 4.649120 3.519240
      vertex 15.735000 4.634130 3.546440
    endloop
  endfacet
  facet normal 0 0 0
    outer loop
      vertex 15.735000 4.649840 3.505930
      vertex 15.735000 4.649480 3.517120
      vertex 15.735000 4.649120 3.519240
    endloop
  endfacet
  facet normal 0 0 0
    outer loop
      vertex 15.735000 4.649840 3.505930
      vertex 15.735000 4.650000 3.510500
      vertex 15.735000 4.649480 3.517120
    endloop
  endfacet
  facet normal 0 0 0
    outer loop
      vertex 15.735000 4.606990 3.460390
      vertex 15.735000 4.600000 3.459900
      vertex 15.735000 4.602280 3.459950
    endloop
  endfacet
  facet normal 0 0 0
    outer loop
      vertex 15.735000 4.606990 3.460390
      vertex 15.735000 4.602280 3.459950
      vertex 15.735000 4.604610 3.460110
    endloop
  endfacet
  facet normal 0 0 0
    outer loop
      vertex 15.735000 4.648790 3.498980
      vertex 15.735000 4.649250 3.501300
      vertex 15.735000 4.649600 3.503620
    endloop
  endfacet
  facet normal 0 0 0
    outer loop
      vertex 15.735000 4.648790 3.498980
      vertex 15.735000 4.649600 3.503620
      vertex 15.735000 4.649840 3.505930
    endloop
  endfacet
  facet normal 0 0 0
    outer loop
      vertex 15.735000 4.611610 3.461270
      vertex 15.735000 4.606990 3.460390
      vertex 15.735000 4.609410 3.460790
    endloop
  endfacet
  facet normal 0 0 0
    outer loop
      vertex 15.735000 4.611610 3.461270
      vertex 15.735000 4.600000 3.459900
      vertex 15.735000 4.606990 3.460390
    endloop
  endfacet
  facet normal 0 0 0
    outer loop
      vertex 15.735000 4.615630 3.462400
      vertex 15.735000 4.611610 3.461270
      vertex 15.735000 4.613610 3.461790
    endloop
  endfacet
  facet normal 0 0 0
    outer loop
      vertex 15.735000 4.646720 3.492100
      vertex 15.735000 4.647530 3.494370
      vertex 15.735000 4.648220 3.496660
    endloop
  endfacet
  facet normal 0 0 0
    outer loop
      vertex 15.735000 4.646720 3.492100
      vertex 15.735000 4.648220 3.496660
      vertex 15.735000 4.648790 3.498980
    endloop
  endfacet
  facet normal 0 0 0
    outer loop
      vertex 15.735000 4.645810 3.489860
      vertex 15.735000 4.634130 3.546440
      vertex 15.735000 4.629130 3.550530
    endloop
  endfacet
  facet normal 0 0 0
    outer loop
      vertex 15.735000 4.645810 3.489860
      vertex 15.735000 4.649840 3.505930
      vertex 15.735000 4.634130 3.546440
    endloop
  endfacet
  facet normal 0 0 0
    outer loop
      vertex 15.735000 4.645810 3.489860
      vertex 15.735000 4.648790 3.498980
      vertex 15.735000 4.649840 3.505930
    endloop
  endfacet
  facet normal 0 0 0
    outer loop
      vertex 15.735000 4.645810 3.489860
      vertex 15.735000 4.646720 3.492100
      vertex 15.735000 4.648790 3.498980
    endloop
  endfacet
  facet normal 0 0 0
    outer loop
      vertex 15.735000 4.625620 3.466960
      vertex 15.735000 4.621660 3.464840
      vertex 15.735000 4.623650 3.465850
    endloop
  endfacet
  facet normal 0 0 0
    outer loop
      vertex 15.735000 4.627560 3.468180
      vertex 15.735000 4.621660 3.464840
      vertex 15.735000 4.625620 3.466960
    endloop
  endfacet
  facet normal 0 0 0
    outer loop
      vertex 15.735000 4.627560 3.468180
      vertex 15.735000 4.615630 3.462400
      vertex 15.735000 4.617640 3.463120
    endloop
  endfacet
  facet normal 0 0 0
    outer loop
      vertex 15.735000 4.627560 3.468180
      vertex 15.735000 4.617640 3.463120
      vertex 15.735000 4.619660 3.463930
    endloop
  endfacet
  facet normal 0 0 0
    outer loop
      vertex 15.735000 4.627560 3.468180
      vertex 15.735000 4.619660 3.463930
      vertex 15.735000 4.621660 3.464840
    endloop
  endfacet
  facet normal 0 0 0
    outer loop
      vertex 15.735000 4.627560 3.468180
      vertex 15.735000 4.612500 3.558310
      vertex 15.735000 4.600000 3.459900
    endloop
  endfacet
  facet normal 0 0 0
    outer loop
      vertex 15.735000 4.627560 3.468180
      vertex 15.735000 4.600000 3.459900
      vertex 15.735000 4.611610 3.461270
    endloop
  endfacet
  facet normal 0 0 0
    outer loop
      vertex 15.735000 4.627560 3.468180
      vertex 15.735000 4.611610 3.461270
      vertex 15.735000 4.615630 3.462400
    endloop
  endfacet
  facet normal 0 0 0
    outer loop
      vertex 15.735000 4.641080 3.481390
      vertex 15.735000 4.642410 3.483420
      vertex 15.735000 4.643650 3.485510
    endloop
  endfacet
  facet normal 0 0 0
    outer loop
      vertex 15.735000 4.641080 3.481390
      vertex 15.735000 4.643650 3.485510
      vertex 15.735000 4.644780 3.487660
    endloop
  endfacet
  facet normal 0 0 0
    outer loop
      vertex 15.735000 4.641080 3.481390
      vertex 15.735000 4.644780 3.487660
      vertex 15.735000 4.645810 3.489860
    endloop
  endfacet
  facet normal 0 0 0
    outer loop
      vertex 15.735000 4.641080 3.481390
      vertex 15.735000 4.621350 3.555110
      vertex 15.735000 4.612500 3.558310
    endloop
  endfacet
  facet normal 0 0 0
    outer loop
      vertex 15.735000 4.641080 3.481390
      vertex 15.735000 4.645810 3.489860
      vertex 15.735000 4.629130 3.550530
    endloop
  endfacet
  facet normal 0 0 0
    outer loop
      vertex 15.735000 4.641080 3.481390
      vertex 15.735000 4.629130 3.550530
      vertex 15.735000 4.621350 3.555110
    endloop
  endfacet
  facet normal 0 0 0
    outer loop
      vertex 15.735000 4.638130 3.477560
      vertex 15.735000 4.639650 3.479440
      vertex 15.735000 4.641080 3.481390
    endloop
  endfacet
  facet normal 0 0 0
    outer loop
      vertex 15.735000 4.633120 3.472440
      vertex 15.735000 4.627560 3.468180
      vertex 15.735000 4.629460 3.469500
    endloop
  endfacet
  facet normal 0 0 0
    outer loop
      vertex 15.735000 4.633120 3.472440
      vertex 15.735000 4.629460 3.469500
      vertex 15.735000 4.631310 3.470920
    endloop
  endfacet
  facet normal 0 0 0
    outer loop
      vertex 15.735000 4.636530 3.475760
      vertex 15.735000 4.641080 3.481390
      vertex 15.735000 4.612500 3.558310
    endloop
  endfacet
  facet normal 0 0 0
    outer loop
      vertex 15.735000 4.636530 3.475760
      vertex 15.735000 4.638130 3.477560
      vertex 15.735000 4.641080 3.481390
    endloop
  endfacet
  facet normal 0 0 0
    outer loop
      vertex 15.735000 4.636530 3.475760
      vertex 15.735000 4.612500 3.558310
      vertex 15.735000 4.627560 3.468180
    endloop
  endfacet
  facet normal 0 0 0
    outer loop
      vertex 15.735000 4.634860 3.474060
      vertex 15.735000 4.627560 3.468180
      vertex 15.735000 4.633120 3.472440
    endloop
  endfacet
  facet normal 0 0 0
    outer loop
      vertex 15.735000 4.634860 3.474060
      vertex 15.735000 4.636530 3.475760
      vertex 15.735000 4.627560 3.468180
    endloop
  endfacet
endsolid gantry
